T_K,J_exp,J_calc,J_sink,J_trap1,J_trap2,J_trap3,J_trap4,J_trap5
3.004299926757810226e+02,0.000000000000000000e+00,7.755261097942634821e+08,1.595510584592063599e+11,3.326681987647966720e+17,1.936081105139722250e+15,1.805994670224614062e+13,1.605661643889726162e+09,0.000000000000000000e+00
3.009100036621089771e+02,7.099770663641900000e+14,1.325738708442149162e+09,2.525109755196228943e+11,6.767415302279827200e+16,4.205374451623371250e+14,4.170003873856904297e+12,4.024629309589128494e+08,-5.452514468741333985e+04
3.011600036621089771e+02,7.670466790461978750e+14,1.452706071436878681e+09,2.962288362174039307e+11,3.328803824894160000e+16,2.244215762607731875e+14,2.385211492253686035e+12,2.500496521556020081e+08,0.000000000000000000e+00
3.016399841308589771e+02,0.000000000000000000e+00,1.627417541803965092e+09,3.763268088022437134e+11,1.394311390313597400e+16,1.153681335928918125e+14,1.412696507194801270e+12,1.696560307619931698e+08,0.000000000000000000e+00
3.023322941706740039e+02,0.000000000000000000e+00,1.859344125460587263e+09,4.875495615247945557e+11,9.604418814969480000e+15,9.263542704484606250e+13,1.236901793641823486e+12,1.604196395432323813e+08,0.000000000000000000e+00
3.030799865722660229e+02,4.284585599276850000e+14,2.131253256800612688e+09,6.062247817145512695e+11,9.165196154846494000e+15,9.199552675223968750e+13,1.260814789556377930e+12,1.680659308595175147e+08,0.000000000000000000e+00
3.035796069335939933e+02,5.626533218038269375e+14,2.335117161890820980e+09,6.868646689481052246e+11,9.196724478260536000e+15,9.333481429054314062e+13,1.292104860420658936e+12,1.746369481979430914e+08,0.000000000000000000e+00
3.042899780273439774e+02,2.065635692988660000e+14,2.655005367106599808e+09,8.055041376377780762e+11,9.291473132717214000e+15,9.551274204020845312e+13,1.339415803618873047e+12,1.844652193180463612e+08,0.000000000000000000e+00
3.050100097656250000e+02,1.368544287745640000e+14,3.023785836104374409e+09,9.336311292272484131e+11,9.404777637485224000e+15,9.783987269590526562e+13,1.389381139946716797e+12,1.951179665782283843e+08,0.000000000000000000e+00
3.059700012207030113e+02,4.384481537340809375e+13,3.588218217748342514e+09,1.119896995499929443e+12,9.565086640609300000e+15,1.010956301340574531e+14,1.459885303229250000e+12,2.102590859301178753e+08,0.000000000000000000e+00
3.066999816894530113e+02,1.087770669720789844e+14,4.079265272187488556e+09,1.275928576772202881e+12,9.693163512099978000e+15,1.037153186807392188e+14,1.517309000348503906e+12,2.226229032780073881e+08,0.000000000000000000e+00
3.076600036621089771e+02,0.000000000000000000e+00,4.826411409089741707e+09,1.506030072675875488e+12,9.868923123699830000e+15,1.073586219488315938e+14,1.598334265322089355e+12,2.403469860382070541e+08,0.000000000000000000e+00
3.086199951171880116e+02,5.998060371931750000e+14,5.703793885712224960e+09,1.769265767256507080e+12,1.004780359914714000e+16,1.111332159138411094e+14,1.683722700378360596e+12,2.596350536898036301e+08,0.000000000000000000e+00
3.093500061035160229e+02,1.240872922903170000e+14,6.463711660848333359e+09,1.993401514311848633e+12,1.018540571547572200e+16,1.140767697544020156e+14,1.751240056337089844e+12,2.756285146848011017e+08,0.000000000000000000e+00
3.101756030273439819e+02,0.000000000000000000e+00,7.465129935381655693e+09,2.283809836945929199e+12,1.034298894997178800e+16,1.174999981461982188e+14,1.831030049675620117e+12,2.945813769000865221e+08,0.000000000000000000e+00
3.106246032714850003e+02,3.853552664514129395e+12,8.061940694323885918e+09,2.455289522147274414e+12,1.042931251579607400e+16,1.193923217190467500e+14,1.875558818724208008e+12,3.052781800880687237e+08,0.000000000000000000e+00
3.122399902343750000e+02,7.637489455330565000e+14,1.061511075146116638e+10,3.177101351306591797e+12,1.074421256389010000e+16,1.264176059234002031e+14,2.043928279876591553e+12,3.466644137004864812e+08,0.000000000000000000e+00
3.136799926757810226e+02,3.059901775186556250e+14,1.354612994753388977e+10,3.987489140513439941e+12,1.103051052865527200e+16,1.329717102392502031e+14,2.205276073239251953e+12,3.883589757742563486e+08,0.000000000000000000e+00
3.147747888183590135e+02,1.390956755922590000e+14,1.627863087766216087e+10,4.729919987120350586e+12,1.125160996659513800e+16,1.381411460388397656e+14,2.335341617459225098e+12,4.228116786929010153e+08,1.383516759164881660e+04
3.156746063232429833e+02,6.160590927246770000e+14,1.889719560120247269e+10,5.432073635196449219e+12,1.143544252841226800e+16,1.425082878472512188e+14,2.447040284611135742e+12,4.532674074220965505e+08,2.915538755830590890e+04
3.168200073242189774e+02,0.000000000000000000e+00,2.284874589125248718e+10,6.476134595519293945e+12,1.167240833514677800e+16,1.482382313188705312e+14,2.596288676688757324e+12,4.950007373053767085e+08,0.000000000000000000e+00
3.182600097656250000e+02,8.512724211413221250e+14,2.888789078951352692e+10,8.044710168708136719e+12,1.197458979574461400e+16,1.556960084598917188e+14,2.794658081876662109e+12,5.523153793039398193e+08,0.000000000000000000e+00
3.192299804687500000e+02,1.088628768686796000e+15,3.383174456056619263e+10,9.306921824238619141e+12,1.218102371496748400e+16,1.608969366669914062e+14,2.935941650715980957e+12,5.943687819020451307e+08,1.054072123055430711e+04
3.204299926757810226e+02,5.457367415978469375e+14,4.099520686524781799e+10,1.111003084262747266e+13,1.243928730956685000e+16,1.675132212698080000e+14,3.118761366049559082e+12,6.498584363542273045e+08,0.000000000000000000e+00
3.211600036621089771e+02,2.885934461456758125e+14,4.619377760570722198e+10,1.239793205613316211e+13,1.259836660829704600e+16,1.716660922518160000e+14,3.235731188023831543e+12,6.869039322142186165e+08,0.000000000000000000e+00
3.226000061035160229e+02,1.827358569572040000e+14,5.808788494190821075e+10,1.530375203050760156e+13,1.291531773825163400e+16,1.800696348313277500e+14,3.476200776538663086e+12,7.633486112729057074e+08,0.000000000000000000e+00
3.238099975585939774e+02,6.214465162955020000e+14,7.040785918132092285e+10,1.825577559486005859e+13,1.318549181745145400e+16,1.873953630880844688e+14,3.690642875548320312e+12,8.351622881157683134e+08,5.070326230557275267e+03
3.252600097656250000e+02,4.973486259993280000e+14,8.826572860053005981e+10,2.245840595565642188e+13,1.351343184634587400e+16,1.964704906307764688e+14,3.961829990298668457e+12,9.274623847650760412e+08,2.093418769445677754e+03
3.259799804687500000e+02,0.000000000000000000e+00,9.886992767239167786e+10,2.491170649889123828e+13,1.367822367048722800e+16,2.011197020612782188e+14,4.103491109134684570e+12,9.773298858523770571e+08,0.000000000000000000e+00
3.274299926757810226e+02,1.198526752072270000e+15,1.233982172521282196e+11,3.051021792348466406e+13,1.401314405905165200e+16,2.107103823111070938e+14,4.400140496354511719e+12,1.083584698088048220e+09,1.206562305513585045e+02
3.291199951171880116e+02,6.321072450442270000e+14,1.602226205986560669e+11,3.870713281639321875e+13,1.440998218984761600e+16,2.223892702720638438e+14,4.771459179526555664e+12,1.222867482089398861e+09,3.917148769439023454e+03
3.300899963378910229e+02,3.939516152933542500e+14,1.856918724547183228e+11,4.427082733481565625e+13,1.464050664578989400e+16,2.293124505780650312e+14,4.996097445422759766e+12,1.309092996382779598e+09,6.102172111391661747e+04
3.312899780273439774e+02,1.339547618669628750e+15,2.223068795532247009e+11,5.214667366653744531e+13,1.492843060339731400e+16,2.381019903222075625e+14,5.286005785909362305e+12,1.423795296371798754e+09,1.192151638609904330e+04
3.325000000000000000e+02,7.427993067888988750e+14,2.664103769727770081e+11,6.145811017612399219e+13,1.522204184286005200e+16,2.472406438325483125e+14,5.593333298712203125e+12,1.547798879317564487e+09,1.199275876944569973e+04
3.338669081467850219e+02,7.069057968515200000e+14,3.270526687163063965e+11,7.399248180749782812e+13,1.555780388963745400e+16,2.579175556130505625e+14,5.960166024499842773e+12,1.701593418287327290e+09,1.162320515342067847e+04
3.351984020996089839e+02,7.105404039908960000e+14,3.976895653070101929e+11,8.830625035654598438e+13,1.588849514691613400e+16,2.686409748168350000e+14,6.335861861543467773e+12,1.863348694803709030e+09,5.791751738901555655e+03
3.361300048828130116e+02,7.523797753682012500e+14,4.560001614696869507e+11,9.990252988508118750e+13,1.612223057235259800e+16,2.763595658404484375e+14,6.611225632376467773e+12,1.985051534832347393e+09,9.238511230560998229e+03
3.378200073242189774e+02,1.686893937676170000e+15,5.832017718960236816e+11,1.246485427528393125e+14,1.655095284312450000e+16,2.908044480627470000e+14,7.136983644978959961e+12,2.223916882059262276e+09,1.822598623055731150e+04
3.390299987792969887e+02,5.254228620948360000e+14,6.942482793245078125e+11,1.457368392106825000e+14,1.686160428434612200e+16,3.015036883957030625e+14,7.534988317862192383e+12,2.410941715164390087e+09,7.366598238333492191e+04
3.402399902343750000e+02,1.132129488782966500e+15,8.247258377134039307e+11,1.700106217465305938e+14,1.717525031515307200e+16,3.125003741736938125e+14,7.951352462696936523e+12,2.610966107239077091e+09,2.950453138611980830e+04
3.414500122070310226e+02,1.290132021554470000e+15,9.783361429456098633e+11,1.979749388283914375e+14,1.749194165548623200e+16,3.238065346165559375e+14,8.387171237993076172e+12,2.827131758214838028e+09,2.605056000000004133e+04
3.424199829101560226e+02,1.622851579770834000e+15,1.121597789573252197e+12,2.235164240687609688e+14,1.774807958940526200e+16,3.331065972620319375e+14,8.751688514152596680e+12,3.010756348974838257e+09,2.605056000000004133e+04
3.436300048828130116e+02,1.354596746712879000e+15,1.331186335919838135e+12,2.599539799014172500e+14,1.807054242634768400e+16,3.450222457661115000e+14,9.226914717233705078e+12,3.258043280485816956e+09,6.300460492224403424e+04
3.450799865722660229e+02,1.657183823827782500e+15,1.629617362869530762e+12,3.105154499637541250e+14,1.846077535892768800e+16,3.597200049195655625e+14,9.824261022903812500e+12,3.576710916531430244e+09,5.268018761664306658e+04
3.465299987792969887e+02,1.231933378729119000e+15,1.988441750471985596e+12,3.694911212190239375e+14,1.885511837254852800e+16,3.748799131122548750e+14,1.045296218568825195e+13,3.921450535201594830e+09,2.841414453888844582e+05
3.477500000000000000e+02,2.082548576731557750e+15,2.352620323550561035e+12,4.274001959019267500e+14,1.919044255315079600e+16,3.880440747504895625e+14,1.101027461088096289e+13,4.237401537520486832e+09,4.781227876944575837e+04
3.489599914550780113e+02,7.888709602356420000e+14,2.773952227067071777e+12,4.924633112650973125e+14,1.952587822837640000e+16,4.014405464480114375e+14,1.158707987138354883e+13,4.571901313148959160e+09,1.233643047666342754e+05
3.501699829101560226e+02,1.008956094898965875e+15,3.264530425709415527e+12,5.659278861015047500e+14,1.986415409234351200e+16,4.151823712614901875e+14,1.218873079716360938e+13,4.929068603947738647e+09,1.368237826166920713e+05
3.514339965820309999e+02,1.495082218992655000e+15,3.861872297357695801e+12,6.524836264720110000e+14,2.022053080836766400e+16,4.299105908292888125e+14,1.284453410731022070e+13,5.328226496987581253e+09,4.063111407495962339e+04
3.525999755859380116e+02,1.180269251522942000e+15,4.515862810752277344e+12,7.435679007908137500e+14,2.055235778974793200e+16,4.438904018907518125e+14,1.347885181945067969e+13,5.725418434493391991e+09,1.469644350777562940e+05
3.540499877929689774e+02,1.746410572326296000e+15,5.473525242444260742e+12,8.715898414598503750e+14,2.096866078209670000e+16,4.617522142756318750e+14,1.430394883484967773e+13,6.254721226432973862e+09,1.287910386916734424e+05
3.553346099853520172e+02,2.286957321675034000e+15,6.469788841562319336e+12,9.991853261955671250e+14,2.134068174139782800e+16,4.780051094346151250e+14,1.506811325701856055e+13,6.758209879385760307e+09,3.456384296695372905e+05
3.564799804687500000e+02,1.196283491830432000e+15,7.509773696570075195e+12,1.126520458127422250e+15,2.167518777917791600e+16,4.928811130756095000e+14,1.577979267701177148e+13,7.238864603128728867e+09,2.298244726166700129e+05
3.577000122070310226e+02,2.944950628730335000e+15,8.804473256241294922e+12,1.277634804287960250e+15,2.203444764898646000e+16,5.091399971082743125e+14,1.657105581529134766e+13,7.786329785038516998e+09,1.781297773833128740e+05
3.589100036621089771e+02,2.664810871658361500e+15,1.028948049383063281e+13,1.442931251794367000e+15,2.239348365540797200e+16,5.256561135542661250e+14,1.738776344485742773e+13,8.365041645973554611e+09,2.599467749221999256e+05
3.593999938964839771e+02,3.527008204629619500e+15,1.093531065226628906e+13,1.513146070554886000e+15,2.253943602200589600e+16,5.324253260465940000e+14,1.772516825730782812e+13,8.606699538613554001e+09,2.854758149221999338e+05
3.610999755859380116e+02,1.956182041929338000e+15,1.359417132352120508e+13,1.785007367524485000e+15,2.305031024606550000e+16,5.565761727041727500e+14,1.895165027919146484e+13,9.509432014678970337e+09,2.836068378498894162e+05
3.625599975585939774e+02,2.409255308955667500e+15,1.632901261526732812e+13,2.046242457967410000e+15,2.349320953199496400e+16,5.779424990162998750e+14,2.005842246014781641e+13,1.034811110187598801e+10,3.582841121500449954e+05
3.640199890136719887e+02,4.178477936808469000e+15,1.961539179588378125e+13,2.338017217664901000e+15,2.394035630599718800e+16,5.999651194053078750e+14,2.122247833440323828e+13,1.125630596368847656e+10,4.351986603110960568e+05
3.642600097656250000e+02,4.041318074192786500e+15,2.019406581475542188e+13,2.387986101596204500e+15,2.401413528288991600e+16,6.036275670310252500e+14,2.141755146498404688e+13,1.141010926333840370e+10,3.851772603111196659e+05
3.663059997558589771e+02,4.128796226346109500e+15,2.600100391962814844e+13,2.855299530512139000e+15,2.464830436476384400e+16,6.356830650568793750e+14,2.315549534785031641e+13,1.281656745121882248e+10,4.477668752334021847e+05
3.679100036621089771e+02,4.214002950825336500e+15,3.167631346722987109e+13,3.269379169270512500e+15,2.515121348519835600e+16,6.617411284612655000e+14,2.460290112274133984e+13,1.402969813180171204e+10,5.694799569942976814e+05
3.690007629394530113e+02,3.025365579943372500e+15,3.616353168365228906e+13,3.574813943072364000e+15,2.549591041490574000e+16,6.799060628578093750e+14,2.562872236388019531e+13,1.491006307866442680e+10,7.424409600000012433e+05
3.701099853515630116e+02,3.831686652977548000e+15,4.133930646267225000e+13,3.906773037836768000e+15,2.584876556426500400e+16,6.987643632764047500e+14,2.670850266289428906e+13,1.585619216760002136e+10,6.347079452332602814e+05
3.714961547851569890e+02,4.743025541995780000e+15,4.877236499456069531e+13,4.352616902994327000e+15,2.629296552367013600e+16,7.228745686478386250e+14,2.811015350580309375e+13,1.711072075941818810e+10,9.039101101554839406e+05
3.726053701547480159e+02,6.237060291136980000e+15,5.569581080679092969e+13,4.738181380312437000e+15,2.665131398248525600e+16,7.426563127621858750e+14,2.927946564832198047e+13,1.818386184366589355e+10,8.003523690006274264e+05
3.735199890136719887e+02,5.472417814574492000e+15,6.204681351920265625e+13,5.073645184997004000e+15,2.694849973837688000e+16,7.592562624841907500e+14,3.027220149492155469e+13,1.910988404364329147e+10,7.930563108805755619e+05
3.749899902343750000e+02,6.814589805286150000e+15,7.384705199398014062e+13,5.652985045966185000e+15,2.742991825022228400e+16,7.865763340466210000e+14,3.193197578161071875e+13,2.069441862822117615e+10,1.053045746152776992e+06
3.764500122070310226e+02,5.398872832590340000e+15,8.745987571370715625e+13,6.272349335376452000e+15,2.791206181525453200e+16,8.143879938120525000e+14,3.364936320930704688e+13,2.237294351923149490e+10,1.148513137383314315e+06
3.779199829101560226e+02,4.539570527188420000e+15,1.038546202042514375e+14,6.952711221516479000e+15,2.840247024990773200e+16,8.432295148854067500e+14,3.546531789244082031e+13,2.419997440358898163e+10,1.263393817383314716e+06
3.783999938964839771e+02,5.469590195377635000e+15,1.096052452222807344e+14,7.182772685573974000e+15,2.856328838280096400e+16,8.527613974506577500e+14,3.607019527946962500e+13,2.481516099592376709e+10,1.300907482383301249e+06
3.802730288298239998e+02,6.899727198304489000e+15,1.359353186048780938e+14,8.151632681107924000e+15,2.919677560009686000e+16,8.909462578004715000e+14,3.853530796823878125e+13,2.738724236115211105e+10,1.506485792632472236e+06
3.810899963378910229e+02,7.788275994385250000e+15,1.492644014954035938e+14,8.605381228537107000e+15,2.947564796647788000e+16,9.080212864233958750e+14,3.965549334182698438e+13,2.858332531375728989e+10,1.663639192072328180e+06
3.824926898662860140e+02,6.806396431940370000e+15,1.747674519196440000e+14,9.425307275577824000e+15,2.995776912002506800e+16,9.378713294600002500e+14,4.163656711536222656e+13,3.073611069714826584e+10,1.791121478533955989e+06
3.839496107835039993e+02,7.684072777408950000e+15,2.060401919457875312e+14,1.034621908860925400e+16,3.046409115702969600e+16,9.697528832399267500e+14,4.379032850912675781e+13,3.313830585608611298e+10,2.148301373650725465e+06
3.850000000000000000e+02,8.452447125984769000e+15,2.316320117555914375e+14,1.105074011023330200e+16,3.083237138512205600e+16,9.932359950523656250e+14,4.539822011900883594e+13,3.496776506847309875e+10,2.278073966152783018e+06
3.862299804687500000e+02,7.648066487579640000e+15,2.653193145033141562e+14,1.192200831863683800e+16,3.126731519400356400e+16,1.021287836154650500e+15,4.734285151736964844e+13,3.722189928133816528e+10,2.431963214766673744e+06
3.874596275916459831e+02,8.922357830556690000e+15,3.035926449142618125e+14,1.284639541995070400e+16,3.170642020384804000e+16,1.049955038881496500e+15,4.935706938598917969e+13,3.960352223116411591e+10,2.584219895068938378e+06
3.886799926757810226e+02,1.018141087154101000e+16,3.472650742639976875e+14,1.382489581897195600e+16,3.214715915653942400e+16,1.079101232131080125e+15,5.143497287249455469e+13,4.211499267652188110e+10,3.082167907227744814e+06
3.901883923339839839e+02,9.304068928226840000e+15,4.090368688325461875e+14,1.511155847888883200e+16,3.269827668587756000e+16,1.115984444009552625e+15,5.410133559811335938e+13,4.540633853844949341e+10,3.287237328913860023e+06
3.913699951171880116e+02,9.933387412374810000e+15,4.642966898147939375e+14,1.618275523813753400e+16,3.313530296094093600e+16,1.145566106158819000e+15,5.626922593829519531e+13,4.813821279285752106e+10,3.629896851994629949e+06
3.926767822265629775e+02,8.761697776740800000e+15,5.344970537250096875e+14,1.744454396261554000e+16,3.362527397122300000e+16,1.179104940129018000e+15,5.876185297396439062e+13,5.134750453141337585e+10,3.949498052300238982e+06
3.935799865722660229e+02,1.035662891738076800e+16,5.882886947136947500e+14,1.835849245218572000e+16,3.396762432483752000e+16,1.202726190471541500e+15,6.053568563274753125e+13,5.366831997588587189e+10,4.329457930958421901e+06
3.950499877929689774e+02,9.773600136958670000e+15,6.876635240153521250e+14,1.993339631653837200e+16,3.453278929359989200e+16,1.242079020036940000e+15,6.352812577343650000e+13,5.766082227775386810e+10,4.665843190841741860e+06
3.965199890136719887e+02,1.109396422182457000e+16,8.018624802350372500e+14,2.160979937785332400e+16,3.510757275650544000e+16,1.282474972547639250e+15,6.664180722356185156e+13,6.190395358981517792e+10,5.337489704455612227e+06
3.977500000000000000e+02,1.183605192476103000e+16,9.121953932351185000e+14,2.310585456653897600e+16,3.559776279124896800e+16,1.317227171185839000e+15,6.935768193341960938e+13,6.568759217344468689e+10,5.773217830763904378e+06
3.989700012207030113e+02,1.178135364216229000e+16,1.035182129713507625e+15,2.466877540803261600e+16,3.609217385598627200e+16,1.352498070438756000e+15,7.214442094760671875e+13,6.963911617034146118e+10,6.149026012072205544e+06
4.001232055664059999e+02,1.242158714314298800e+16,1.165390048889304000e+15,2.622225651475327200e+16,3.656776949144112000e+16,1.386608902529889250e+15,7.486777134091264062e+13,7.356731177372264099e+10,6.708232526835980825e+06
4.012569157527040034e+02,1.176065537445608800e+16,1.308208030016091750e+15,2.782515547378479200e+16,3.704390280399308800e+16,1.420910618461916750e+15,7.763352898422217188e+13,7.762246185403152466e+10,7.489408966526503675e+06
4.026599731445310226e+02,1.327095921157384000e+16,1.508976117748195500e+15,2.992279790167111600e+16,3.764677187153457600e+16,1.464522835849828250e+15,8.118942521550682812e+13,8.293600342604899597e+10,8.021644960530445911e+06
4.036100146484379820e+02,1.351213072089198000e+16,1.660605892594170750e+15,3.141281010904738400e+16,3.806373091416919200e+16,1.494768631358279000e+15,8.367863684893715625e+13,8.671585905810966492e+10,8.531278904172519222e+06
4.051099853515630116e+02,1.440810878550553800e+16,1.930582425136053000e+15,3.389134170094857600e+16,3.873880457518951200e+16,1.543830994307905750e+15,8.775659065158818750e+13,9.301779954028070068e+10,9.673433882603092119e+06
4.060999755859380116e+02,1.498353843055525800e+16,2.130600939701289500e+15,3.561119090135746400e+16,3.919616201518389600e+16,1.577097300077868000e+15,9.054716830595735938e+13,9.740288698337008667e+10,1.030152241414462589e+07
4.075700073242189774e+02,1.572489874064972800e+16,2.462963048604161000e+15,3.829147353844434400e+16,3.989416784070434400e+16,1.627851616127231750e+15,9.484135441588764062e+13,1.042597977216602631e+11,1.126299950498616323e+07
4.087999877929689774e+02,1.680655541356503800e+16,2.780268879025606000e+15,4.066473495280618400e+16,4.049891008621876800e+16,1.671750912106865750e+15,9.859142230690575000e+13,1.103602189512828522e+11,1.226483453514168970e+07
4.096719066913310030e+02,1.894095620737394800e+16,3.026436843460084000e+15,4.241308794742567200e+16,4.093872172471612000e+16,1.703612263954367500e+15,1.013301690777666094e+14,1.148716462882467651e+11,1.298415922750204057e+07
4.109699890136719773e+02,1.867683835264844800e+16,3.433067658182219500e+15,4.513326828253984800e+16,4.161437305073544000e+16,1.752397903602841000e+15,1.055523840679598750e+14,1.219264016191542358e+11,1.426980238059986942e+07
4.124899902343750000e+02,2.045824664112812800e+16,3.970110053778034500e+15,4.848440237028132000e+16,4.243699083886594400e+16,1.811496721531835500e+15,1.107051354468602344e+14,1.306767248774861603e+11,1.589106467137199827e+07
4.132299804687500000e+02,2.088326062310385600e+16,4.262362546724709500e+15,5.019445747007933600e+16,4.285330002799847200e+16,1.841233565202980500e+15,1.133145285281728594e+14,1.351737007622861176e+11,1.645010231137199327e+07
4.149500122070310226e+02,2.276598764950876000e+16,5.019112723418082000e+15,5.435095855066459200e+16,4.386055912323874400e+16,1.912690648195443000e+15,1.196198384682411875e+14,1.461928841554810181e+11,1.867731730305495486e+07
4.159400024414060226e+02,2.380270271206658000e+16,5.508555972526924000e+15,5.686236544744436000e+16,4.446777398922891200e+16,1.955406583395030250e+15,1.234100890092624688e+14,1.529152704520474854e+11,1.987211583582722396e+07
4.171699829101560226e+02,2.502186950103166000e+16,6.177068648129788000e+15,6.010712612500828000e+16,4.525291608414688000e+16,2.010214069348271750e+15,1.282929239384456719e+14,1.616776510736473694e+11,2.145485203666872904e+07
4.186499938964839771e+02,2.508245964512460800e+16,7.083453869820234000e+15,6.420731845315895200e+16,4.624944611116655200e+16,2.079030204852222250e+15,1.344512021715914219e+14,1.728888641459463501e+11,2.370943405243216082e+07
4.198800048828130116e+02,2.548059769652931200e+16,7.931403530364213000e+15,6.778392688310687200e+16,4.712568610163735200e+16,2.138833327105606250e+15,1.398231419268866250e+14,1.828047157446661072e+11,2.572254015151418000e+07
4.211099853515630116e+02,2.854148299084890400e+16,8.868876108268702000e+15,7.150911911331956800e+16,4.804735627094345600e+16,2.201066126347950250e+15,1.454280714483639062e+14,1.932690921987222900e+11,2.787915804458376765e+07
4.225899963378910229e+02,2.954916841283765600e+16,1.013127701434427800e+16,7.619946919202040000e+16,4.922466420712796800e+16,2.279553913787027000e+15,1.525135347953600000e+14,2.066613932655668640e+11,3.057161260927233845e+07
4.238299865722660229e+02,3.159830799052586800e+16,1.132055997403173600e+16,8.031868678333390400e+16,5.027806709079382400e+16,2.348811317718311500e+15,1.587769314281074062e+14,2.186472650113521118e+11,3.329002995038621873e+07
4.248099975585939774e+02,3.280332455858458000e+16,1.234587997418252600e+16,8.368903569251350400e+16,5.115421799695538400e+16,2.405804196333307500e+15,1.639356730899327188e+14,2.286068646474077454e+11,3.550343100411636382e+07
4.260499877929689774e+02,3.448449314933498000e+16,1.376451382384625400e+16,8.810739993514232000e+16,5.232494617852688800e+16,2.481113167590160500e+15,1.707558671540207188e+14,2.418903840169004822e+11,3.833013581657744944e+07
4.272799987792969887e+02,3.658619860850218400e+16,1.531127467274709400e+16,9.265702772264756800e+16,5.355802097158151200e+16,2.559490806319824500e+15,1.778551021057376250e+14,2.558420683077698364e+11,4.159756256579933316e+07
4.287600097656250000e+02,3.795335202832606400e+16,1.739421485412870400e+16,9.837830102076883200e+16,5.515644566240691200e+16,2.659651947506412000e+15,1.869244273687908125e+14,2.738487363514270935e+11,4.574500001933504641e+07
4.299899902343750000e+02,3.888428220881475200e+16,1.931126611119486000e+16,1.033264903700858400e+17,5.658167082591978400e+16,2.747824161523666000e+15,1.949025131776655625e+14,2.898302094311511230e+11,4.961900369871259481e+07
4.309799804687500000e+02,4.286898075770608000e+16,2.098850683038798800e+16,1.074404015875587680e+17,5.779918370251726400e+16,2.822376685226812500e+15,2.016424969312295938e+14,3.034261384001372681e+11,5.283494797779309750e+07
4.322200012207030113e+02,4.477624144979313600e+16,2.326537422473384000e+16,1.127563381438162080e+17,5.941710772609902400e+16,2.920496141220325000e+15,2.105040592910031250e+14,3.214186205715194092e+11,5.737869447535628080e+07
4.336230891301079851e+02,4.710491106771748000e+16,2.611111153642228800e+16,1.190061442553022240e+17,6.139130990763520800e+16,3.038856869695169500e+15,2.211779583243036562e+14,3.432602184960740967e+11,6.272888703231548518e+07
4.346799926757810226e+02,5.063317690148481600e+16,2.845443390363170800e+16,1.238780121700055040e+17,6.298583692678888800e+16,3.133528792943200000e+15,2.297031795497126562e+14,3.608229993556585693e+11,6.714871355315238237e+07
4.354576838566709966e+02,5.262113189313137600e+16,3.027864466390859200e+16,1.275413114813828320e+17,6.421332928913726400e+16,3.205983768097149500e+15,2.362214983326515625e+14,3.743072939534874878e+11,7.072590092730359733e+07
4.371499938964839771e+02,5.583346942402541600e+16,3.464878547030548800e+16,1.358100051082798720e+17,6.710431862864697600e+16,3.375054433745590500e+15,2.514064133651608438e+14,4.059402435890183105e+11,7.903299603014568985e+07
4.383900146484380116e+02,5.908687839258692800e+16,3.815613177473985600e+16,1.420829256114273120e+17,6.939244978170595200e+16,3.507811931752819500e+15,2.633117717161209062e+14,4.309027834232661133e+11,8.569381673929466307e+07
4.393800048828130116e+02,6.210359918237372000e+16,4.118321123014484000e+16,1.472421495217174080e+17,7.134728583031691200e+16,3.620550517570792000e+15,2.734097757040703438e+14,4.521933146762035522e+11,9.146033015128910542e+07
4.409080622746399740e+02,6.614846489290923200e+16,4.627050301967245600e+16,1.554666786178611520e+17,7.460301587023204800e+16,3.807268857576156000e+15,2.901157548424366250e+14,4.876315774784665527e+11,1.012482419457320571e+08
4.423399963378910229e+02,7.031031465099823200e+16,5.145461928293100800e+16,1.634241853144793280e+17,7.789763811208120000e+16,3.995371177443091000e+15,3.069318032183595625e+14,5.235220736498321533e+11,1.112453613195768297e+08
4.433299865722660229e+02,7.527981283668195200e+16,5.532427247642632000e+16,1.690896580414090880e+17,8.034557076571060800e+16,4.134697935556494000e+15,3.193819317451835000e+14,5.502470841113483887e+11,1.190215907169073373e+08
4.447600073242189751e+02,7.936467216346676800e+16,6.133870455088979200e+16,1.775062024943479680e+17,8.414065161297875200e+16,4.350296752664545500e+15,3.386474616140859375e+14,5.918422436846309814e+11,1.309981921651217788e+08
4.455599975585939774e+02,8.325874701223012800e+16,6.489824776433281600e+16,1.823183666587895360e+17,8.638470785068091200e+16,4.477683284384926000e+15,3.500333509011065625e+14,6.165384270731724854e+11,1.384213930397661328e+08
4.470399780273439774e+02,8.920418264196604800e+16,7.194637651404384000e+16,1.914591800947728000e+17,9.083039132847030400e+16,4.730072740977179000e+15,3.726089615194542500e+14,6.657975915452814941e+11,1.527898219122908413e+08
4.481765505034350099e+02,9.333562857248974400e+16,7.772469174109286400e+16,1.986619286699608640e+17,9.448260142909328000e+16,4.937651431213545000e+15,3.911985545944510625e+14,7.066081656587747803e+11,1.653019407523826361e+08
4.497600097656250000e+02,9.755084186132243200e+16,8.635866453068073600e+16,2.089810355746468800e+17,9.996272853376353600e+16,5.249940559611222000e+15,4.192203299080101875e+14,7.685694088024140625e+11,1.842062315357815027e+08
4.507500000000000000e+02,1.036489433376977760e+17,9.209478317465924800e+16,2.155943119644392000e+17,1.036226360373772640e+17,5.459217975495317000e+15,4.380415906182361875e+14,8.104689513044594727e+11,1.972551893043809831e+08
4.519899902343750000e+02,1.124080760122833280e+17,9.965819757373212800e+16,2.240564486565799680e+17,1.084770626646798080e+17,5.737913173272491000e+15,4.631686806611996250e+14,8.667605917976468506e+11,2.150057389089775383e+08
4.529030573918270193e+02,1.180182988239762080e+17,1.054932180373845920e+17,2.304123291911623040e+17,1.122468394874907840e+17,5.955328057467698000e+15,4.828249774159480000e+14,9.110716970485957031e+11,2.292639833991099894e+08
4.545561453012319930e+02,1.236707044031349920e+17,1.166146825736283840e+17,2.421814841616473920e+17,1.194955227974208000e+17,6.376016591862387000e+15,5.210008258605650625e+14,9.977893194483557129e+11,2.573854876416818798e+08
4.557000122070310226e+02,1.316582241848041600e+17,1.247653286956706400e+17,2.505410690350031360e+17,1.248706242352311680e+17,6.690659576675015000e+15,5.496966552115351250e+14,1.063589350680018188e+12,2.791590443550381064e+08
4.568100024414060272e+02,1.365019781310852800e+17,1.330006790501166560e+17,2.588107093933193280e+17,1.303554105584466560e+17,7.014118008733427000e+15,5.793229765697097500e+14,1.132034468617467773e+12,3.020935535566691756e+08
4.579199829101560226e+02,1.451916294899028800e+17,1.415539413000363840e+17,2.672376675816932160e+17,1.361121138571175040e+17,7.356377656890992000e+15,6.108169717181922500e+14,1.205360557742094482e+12,3.269563149779066443e+08
4.598999938964839771e+02,1.524016375054032000e+17,1.575815449309948480e+17,2.826671782677714560e+17,1.470727361450600960e+17,8.016387263247924000e+15,6.719897653642930000e+14,1.349435174577271973e+12,3.769683378049153686e+08
4.608900146484380116e+02,1.600902597359410880e+17,1.659531609524655040e+17,2.905763084891617280e+17,1.528907670619338880e+17,8.371413711342124000e+15,7.051413365444326250e+14,1.428409552473871338e+12,4.048224031845866442e+08
4.618800048828130116e+02,1.682568137166908800e+17,1.745527270338137600e+17,2.986169171159066880e+17,1.589352233475788480e+17,8.743844860340758000e+15,7.401060063720076250e+14,1.512372676642419434e+12,4.349322634744029641e+08
4.633699951171880116e+02,1.753777514740552000e+17,1.878861385322394560e+17,3.109574231362983040e+17,1.684371846020074240e+17,9.336487933165412000e+15,7.961203401600497500e+14,1.648207679418992920e+12,4.843062909952800870e+08
4.643503699669479943e+02,1.854181405072669760e+17,1.969322445832796160e+17,3.192566121676536320e+17,1.749860779265269440e+17,9.750876070457164000e+15,8.355966182941120000e+14,1.745019374051811523e+12,5.201488921087897420e+08
4.654749755859380116e+02,1.939278630847981120e+17,2.075425480518438080e+17,3.289438343474226560e+17,1.827658659635455360e+17,1.024920696560822200e+16,8.833853390651551250e+14,1.863311165706481201e+12,5.644995440025210381e+08
4.663684575007520152e+02,2.021092514804008960e+17,2.161450219767242560e+17,3.367726246266116480e+17,1.891527360908312000e+17,1.066341765804259400e+16,9.233722453594296250e+14,1.963206903806524170e+12,6.026367853846489191e+08
4.680700073242189774e+02,2.106570361165632960e+17,2.329348449584406400e+17,3.520280899590332160e+17,2.018293718171700480e+17,1.150021198194404400e+16,1.004917091663976375e+15,2.169561337612226318e+12,6.826077046740895510e+08
4.695599975585939774e+02,2.204507317567461120e+17,2.480058023359618240e+17,3.657357031897523840e+17,2.134206356112817280e+17,1.228131500175691200e+16,1.081860604234754375e+15,2.367131241719558594e+12,7.610891322009538412e+08
4.705499877929689774e+02,2.309734036400147840e+17,2.582106483137946240e+17,3.750450800401844480e+17,2.213904545304172800e+17,1.282822823162284400e+16,1.136240741921846250e+15,2.508519346074441895e+12,8.182057016193403006e+08
4.720299987792969887e+02,2.393600692849690880e+17,2.737311002220008640e+17,3.892753838461174400e+17,2.336959524608628160e+17,1.368917166713261800e+16,1.222689063853849250e+15,2.736230421945869141e+12,9.119983039789493084e+08
4.732599890136719978e+02,2.484629614630208960e+17,2.868323614460619520e+17,4.013662113721685760e+17,2.442346748583675520e+17,1.444130434864533400e+16,1.298962956961386250e+15,2.939779234336601562e+12,9.973801179133408070e+08
4.743800097656250045e+02,2.575887374991569920e+17,2.989214421168305920e+17,4.126035164671031040e+17,2.540848589939151360e+17,1.515777923687010000e+16,1.372299885728029250e+15,3.137889868656161133e+12,1.081840065899367094e+09
4.755000000000000000e+02,2.697771780516264000e+17,3.111596715382761600e+17,4.240732159801142400e+17,2.641799437435945600e+17,1.590671822617350800e+16,1.449692764930289000e+15,3.349568596919526367e+12,1.173973609991102457e+09
4.769799804687500000e+02,2.802706993311591040e+17,3.275426920214668160e+17,4.395865019556515200e+17,2.778736764256441600e+17,1.694668515550229200e+16,1.558355147470413250e+15,3.651079702622664551e+12,1.307711767629143953e+09
4.780084627591650133e+02,2.928315824601493120e+17,3.390514407123858560e+17,4.505904561511980800e+17,2.875993148815897920e+17,1.770125016310455800e+16,1.637981522673095250e+15,3.874874106678514648e+12,1.408842327588555574e+09
4.792099914550780113e+02,3.054105573655534080e+17,3.526228173479541120e+17,4.636853323289442560e+17,2.991751332080185600e+17,1.861744527206260400e+16,1.735544820604489000e+15,4.152310367810648438e+12,1.536240261107961416e+09
4.804500122070310226e+02,3.165235100710456960e+17,3.667681065222001280e+17,4.774740362111601280e+17,3.113553387989646720e+17,1.960342900986004800e+16,1.841600110389885000e+15,4.457823457022864258e+12,1.678983846195808411e+09
4.814861544095550130e+02,3.306074994373861760e+17,3.787023963866179200e+17,4.892283554153705600e+17,3.217217999701992960e+17,2.046236560907517200e+16,1.934935279486548250e+15,4.730234159525554688e+12,1.809016235610038519e+09
4.831699829101560226e+02,3.448274044303914880e+17,3.983063251924059520e+17,5.087632285453887360e+17,3.389012212661043840e+17,2.192549859635580400e+16,2.095806336489836750e+15,5.206912747710189453e+12,2.040837381491336584e+09
4.844099731445310226e+02,3.561647805783828480e+17,4.128934287140876800e+17,5.234609705033287040e+17,3.517815073001000960e+17,2.305298633426034000e+16,2.221199114994075750e+15,5.583950096385913086e+12,2.228279755256080151e+09
4.856400146484380116e+02,3.746309680486691200e+17,4.275158663241310720e+17,5.383538345760235520e+17,3.647776729678108800e+17,2.422353961036267600e+16,2.352901159830177000e+15,5.985890614829859375e+12,2.432222875508440971e+09
4.871300048828130116e+02,3.856351082703360000e+17,4.454068614043215360e+17,5.567536378651599360e+17,3.807612700339336960e+17,2.570379536155545600e+16,2.521298538875724500e+15,6.507145106013763672e+12,2.701918151007618427e+09
4.878699951171880116e+02,4.014258475631441920e+17,4.543703060588807040e+17,5.660455738051783680e+17,3.887988213175577600e+17,2.646661898941600400e+16,2.608907129500055500e+15,6.781642376074612305e+12,2.846486683871855736e+09
4.891099853515630116e+02,4.148757230915934720e+17,4.695019411155068800e+17,5.818310232126551040e+17,4.024020962505912320e+17,2.778491137204102800e+16,2.761516206397168000e+15,7.264679845573937500e+12,3.104555985377617836e+09
4.901738281250010232e+02,4.286755366882115200e+17,4.826027625208243840e+17,5.955968530808400640e+17,4.142087125261271040e+17,2.895888903188331200e+16,2.898725994602869000e+15,7.704323154041391602e+12,3.343510654825794697e+09
4.914899865722659911e+02,4.463254377313722240e+17,4.989618138697603200e+17,6.129023678874950400e+17,4.289778122496563200e+17,3.046655004228930800e+16,3.076629434085991500e+15,8.281375062859934570e+12,3.662584169689833164e+09
4.928200073242189774e+02,4.615002101013490560e+17,5.156874846091080960e+17,6.307314327060291840e+17,4.440974444524590080e+17,3.206204743719968000e+16,3.267125880613602500e+15,8.908640225719234375e+12,4.017131054917278767e+09
4.939251928710939978e+02,4.775928854268396160e+17,5.297192286534152960e+17,6.457726618551257600e+17,4.567861319864494720e+17,3.343797399554888400e+16,3.432960031219675500e+15,9.461309837824738281e+12,4.334787111442822456e+09
4.950399780273439774e+02,4.934082901312854400e+17,5.440034750716003840e+17,6.611592075022667520e+17,4.697004637450675200e+17,3.487561315227889200e+16,3.607775779118750000e+15,1.005055271622018555e+13,4.679004303436763763e+09
4.965299987792969887e+02,5.108000630159499520e+17,5.633003758624326400e+17,6.820505627479491840e+17,4.871317152945294080e+17,3.687649777791343200e+16,3.853555902433106000e+15,1.088977113126680469e+13,5.178554234309735298e+09
4.980100097656250000e+02,5.280740597271802880e+17,5.827272058608716800e+17,7.032005442021751040e+17,5.046467666227059840e+17,3.896705945624697600e+16,4.113584753450488000e+15,1.179192870788693750e+13,5.727976446833889961e+09
4.987500000000000000e+02,5.450981754694829440e+17,5.925277636071594240e+17,7.139053238977336320e+17,5.134672290446044800e+17,4.004796946883185600e+16,4.249140984510127500e+15,1.226719135507160352e+13,6.021791674174367905e+09
5.002399902343750000e+02,5.648009767216506880e+17,6.124489067674672640e+17,7.357320058012456960e+17,5.313555555125227520e+17,4.230286763979247200e+16,4.534372754440203000e+15,1.327824971981837305e+13,6.657036746663405418e+09
5.014700012207030113e+02,5.836331192471421440e+17,6.290837302312066560e+17,7.540187773761480960e+17,5.462441361795018240e+17,4.424621321003821600e+16,4.782757199736703000e+15,1.417037540294948828e+13,7.228213082053307533e+09
5.027965299166169757e+02,6.010847486638805760e+17,6.472364352348897280e+17,7.740332910456212480e+17,5.624267780951777280e+17,4.643777636567194400e+16,5.065870231087383000e+15,1.520109035149294727e+13,7.901318903021213531e+09
5.041900024414060226e+02,6.219617996553776640e+17,6.665089111382533120e+17,7.953317131461856000e+17,5.795370691559818240e+17,4.883585771118913600e+16,5.378668638679944000e+15,1.635388703966430273e+13,8.667773607865018845e+09
5.053049926757810226e+02,6.398275723593889280e+17,6.820884848556567040e+17,8.125828205049459200e+17,5.933075244748377600e+17,5.083281844400072800e+16,5.641592794646230000e+15,1.733436828759906445e+13,9.330936640886131287e+09
5.064292133037860140e+02,6.567077329503790080e+17,6.979390663891051520e+17,8.301606422995040000e+17,6.072570171901987840e+17,5.291969135273428800e+16,5.918652088765668000e+15,1.837843419711576562e+13,1.004811774346890259e+10
5.078999938964839771e+02,6.731408569397459200e+17,7.189098200334423040e+17,8.534546475290319360e+17,6.256014616769797120e+17,5.577821713044821600e+16,6.302214573517574000e+15,1.984324061721417578e+13,1.107412022334055710e+10
5.091300048828130116e+02,6.896796477815678720e+17,7.366163217592359680e+17,8.731465712362661120e+17,6.410018196927008000e+17,5.826743918173340800e+16,6.639337982535624000e+15,2.114569147796630078e+13,1.200217538591464424e+10
5.102985665457600248e+02,7.043610818441588480e+17,7.535852183278689280e+17,8.920364383076615680e+17,6.556760124330658560e+17,6.072382359435853600e+16,6.974906702402464000e+15,2.245613925215505469e+13,1.295082776861315536e+10
5.111899853515629957e+02,7.212069219620506880e+17,7.666328911901352960e+17,9.065725432574112000e+17,6.668942381586364160e+17,6.266625790901744800e+16,7.242438676924380000e+15,2.351147518782242969e+13,1.372629456906918526e+10
5.128399658203129547e+02,7.414463349612275200e+17,7.909903724491417600e+17,9.337286381372377600e+17,6.876912358861818880e+17,6.641097310086406400e+16,7.762988787614613000e+15,2.558837209657732812e+13,1.527842656021686172e+10
5.140700073242189774e+02,7.585087557896331520e+17,8.093155932202063360e+17,9.541738736258489600e+17,7.032080353731974400e+17,6.933341278364608000e+16,8.173442597304105000e+15,2.724671207519593359e+13,1.654101716009707451e+10
5.153099975585939774e+02,7.801731064276474880e+17,8.279230698565550080e+17,9.749444568695386880e+17,7.188465888862666240e+17,7.239538380835425600e+16,8.607237567615339000e+15,2.901785132634579297e+13,1.791086928420494461e+10
5.160499877929689774e+02,7.941795703518296320e+17,8.390995382900614400e+17,9.874254057299324160e+17,7.281694330096604160e+17,7.429111160957774400e+16,8.878031856170839000e+15,3.013448947633468359e+13,1.878723613790992355e+10
5.175300292968750000e+02,8.119431129174983680e+17,8.615691958591932160e+17,1.012525671387100288e+18,7.467848788352317440e+17,7.820484696244252800e+16,9.441091620191858000e+15,3.247619933679912891e+13,2.064873747143489456e+10
5.185100097656250000e+02,8.286023956390979840e+17,8.765409446623889920e+17,1.029256647772266752e+18,7.590735475123703040e+17,8.090493760543169600e+16,9.833133108455678000e+15,3.412450597323137891e+13,2.198053068897246170e+10
5.199899902343750000e+02,8.466352370667703040e+17,8.992813739661797120e+17,1.054678313020315520e+18,7.775495533482693120e+17,8.515806443790142400e+16,1.045655315967791600e+16,3.677499774772263281e+13,2.415805390431977844e+10
5.210953650841349827e+02,8.628408161546856960e+17,9.163482392004666880e+17,1.073763743981324928e+18,7.912747161538401280e+17,8.846371993103688000e+16,1.094545663316386200e+16,3.887537076058483594e+13,2.591074207241006088e+10
5.220977942425270157e+02,8.835226145250909440e+17,9.318830323986435840e+17,1.091140824793890304e+18,8.036507182356025600e+17,9.156700811546208000e+16,1.140802589810463200e+16,4.088055574578826562e+13,2.760674751236492538e+10
5.236900024414060226e+02,9.011921083535182080e+17,9.566514068016840960e+17,1.118856214424417536e+18,8.231443451580203520e+17,9.670746856874988800e+16,1.218159454791554600e+16,4.427057411930244531e+13,3.052116082066429520e+10
5.251699829101560226e+02,9.212528850239398400e+17,9.797571164806257920e+17,1.144722381651053056e+18,8.410489541450553600e+17,1.017299952249110240e+17,1.294604220990281200e+16,4.766368282897877344e+13,3.349467895068909836e+10
5.261599731445310226e+02,9.375936757492051200e+17,9.952453295123340800e+17,1.162067461685591808e+18,8.528899266415685120e+17,1.052273117809616640e+17,1.348326888156616200e+16,5.007273794033255469e+13,3.563848483677746582e+10
5.272746300330529721e+02,9.541635145498466560e+17,1.012703956866936576e+18,1.181625549399337728e+18,8.660806598600129280e+17,1.092970467413390560e+17,1.411320490627412800e+16,5.292124896631940625e+13,3.820523213662943268e+10
5.286199951171879547e+02,9.667954176404647680e+17,1.033790467471342464e+18,1.205257999950233600e+18,8.817633247165969920e+17,1.144156138391603520e+17,1.491312843389401200e+16,5.657630851794150000e+13,4.155099674885650635e+10
5.298499755859379547e+02,9.831833982756268800e+17,1.053065733019884160e+18,1.226870747007896832e+18,8.958512482465825280e+17,1.192969197537867200e+17,1.568357760514510000e+16,6.013423965663676562e+13,4.485987552717797852e+10
5.310899658203129547e+02,9.997175577819541760e+17,1.072479773769636096e+18,1.248649029637344000e+18,9.098002641763210240e+17,1.244101548843084000e+17,1.649801938583012400e+16,6.393163016606479688e+13,4.844283647741005707e+10
5.320700073242189774e+02,1.016671403269624064e+18,1.087799794491903488e+18,1.265842452789646080e+18,9.206192227641120000e+17,1.285996869448980160e+17,1.717113051499158800e+16,6.709841866290096094e+13,5.147145971028455353e+10
5.332999877929689774e+02,1.033359843788452096e+18,1.106986322957342592e+18,1.287384594008280576e+18,9.339358514149381120e+17,1.340377627904799200e+17,1.805201572259879600e+16,7.127765891763012500e+13,5.551898162065859985e+10
5.347800292968750000e+02,1.051217588345039488e+18,1.129982237766996736e+18,1.313219725456485888e+18,9.494886338995804160e+17,1.408907681802150080e+17,1.917483217987350400e+16,7.666643710557723438e+13,6.082885199719908905e+10
5.360100097656250000e+02,1.070893164903107584e+18,1.149004532855678720e+18,1.334602769118358272e+18,9.620261279058944000e+17,1.468293434197536000e+17,2.015808198018452400e+16,8.143471390644548438e+13,6.560104569566297150e+10
5.372399902343750000e+02,1.085357605119841920e+18,1.167930795016632576e+18,1.355888651340316928e+18,9.741879809492113920e+17,1.529951234073328640e+17,2.118876625651322400e+16,8.647987664165603125e+13,7.072129960210784912e+10
5.384122783954329634e+02,1.095506817656163200e+18,1.185863979985488640e+18,1.376067519502662400e+18,9.854001918674214400e+17,1.590939627639915840e+17,2.221810756680388000e+16,9.156512161538496875e+13,7.595375683319717407e+10
5.395268742487979807e+02,1.112396392437843840e+18,1.202793830017010176e+18,1.395126644154167552e+18,9.956559573660698880e+17,1.651227347685759360e+17,2.324613921865580000e+16,9.669334516254428125e+13,8.130732252635862732e+10
5.409299926757810226e+02,1.131451702608753024e+18,1.223928793227378432e+18,1.418930336820566528e+18,1.008008351808234368e+18,1.730202529914241600e+17,2.460742993311047600e+16,1.035520577238146406e+14,8.857468178571258545e+10
5.417756054687499727e+02,1.149171310049224192e+18,1.236568759281931008e+18,1.433170870184596736e+18,1.015159249494616192e+18,1.779382466260928960e+17,2.546283435232286000e+16,1.078974392038795781e+14,9.323557244501873779e+10
5.428900146484379547e+02,1.166187911177711616e+18,1.253095053151568896e+18,1.451794362907938560e+18,1.024199883112880768e+18,1.846225991281679360e+17,2.663559985549461600e+16,1.139013898922403594e+14,9.975007860626571655e+10
5.446099853515629547e+02,1.182383333731021824e+18,1.278296609640939264e+18,1.480200013269718016e+18,1.037294682018018432e+18,1.953846117520928000e+17,2.854699178356581600e+16,1.237921500270150469e+14,1.106538558367610931e+11
5.458399658203129547e+02,1.198094853174828032e+18,1.296054052093039104e+18,1.500216035873102080e+18,1.045937284727878272e+18,2.034476467969853760e+17,2.999893425833504800e+16,1.313948056674648594e+14,1.191830141880430298e+11
5.470700073242189774e+02,1.212867017860710656e+18,1.313591677703012352e+18,1.519981216365675008e+18,1.053994404899153664e+18,2.118033922451400320e+17,3.152011719983782800e+16,1.394332541913751875e+14,1.283235063182547302e+11
5.483600006103520172e+02,1.226359862589740800e+18,1.331736285557774592e+18,1.540423318846230272e+18,1.061798116789380096e+18,2.208843418006072320e+17,3.319200448127717200e+16,1.483499318568644688e+14,1.386009882389118958e+11
5.495300292968750000e+02,1.239439134790125056e+18,1.347933541666928384e+18,1.558659549421010688e+18,1.068209047137669248e+18,2.294447225205450880e+17,3.478797205161884000e+16,1.569480235518315312e+14,1.486589729729323120e+11
5.507500000000000000e+02,1.251258897350065152e+18,1.364555225034153728e+18,1.577356324204487168e+18,1.074217816038410368e+18,2.386946538755991040e+17,3.653341666656958400e+16,1.664408934604218750e+14,1.599184760010677795e+11
5.517299804687500000e+02,1.268356529475242240e+18,1.377717283259773440e+18,1.592145962414955264e+18,1.078568293860049280e+18,2.463512668566756480e+17,3.799340784467800000e+16,1.744455182685253438e+14,1.695249163481929016e+11
5.529599609375000000e+02,1.280278716759242752e+18,1.393972417459109888e+18,1.610384713235704320e+18,1.083369191961432704e+18,2.562719465395385920e+17,3.990695385369085600e+16,1.850281009227854688e+14,1.823859300646362000e+11
5.541900024414060226e+02,1.295908670125011456e+18,1.409939699310848512e+18,1.628265958063013888e+18,1.087454929710522240e+18,2.665277689021247360e+17,4.190979866330844000e+16,1.962064012378515625e+14,1.961520447215901794e+11
5.554100341796879547e+02,1.308869052882117888e+18,1.425483101528822016e+18,1.645631049613607680e+18,1.090781576749472384e+18,2.770373440956291520e+17,4.398829518197482400e+16,2.079134011629045000e+14,2.107603623357642212e+11
5.568800048828129547e+02,1.326391918639214848e+18,1.443751870198863872e+18,1.665963602640269824e+18,1.093658889092881152e+18,2.902215160464629120e+17,4.663901461943165600e+16,2.230176825112551562e+14,2.299245708740297852e+11
5.580299853515630275e+02,1.338640886301510144e+18,1.457743304362158080e+18,1.681476163398388224e+18,1.095169265063091328e+18,3.008752120428364160e+17,4.881086818684770400e+16,2.355117593803396875e+14,2.459940499652236938e+11
5.591638089693519760e+02,1.357928807109024512e+18,1.471262084642625024e+18,1.696402571741438208e+18,1.095976835722119552e+18,3.116902675418286720e+17,5.104456950909356000e+16,2.484748075427010625e+14,2.628757966399786987e+11
5.605599975585939774e+02,1.375793631040589568e+18,1.487524592543632384e+18,1.714260291726271744e+18,1.096018724412841472e+18,3.254407374466076800e+17,5.392758251139521600e+16,2.653722188839871250e+14,2.851913686771341553e+11
5.617800292968750000e+02,1.391300357095573760e+18,1.501365636915797760e+18,1.729352097451613696e+18,1.095134761669829376e+18,3.378729260833464960e+17,5.657860132954606400e+16,2.810788958870795312e+14,3.062523623310668335e+11
5.627600097656250000e+02,1.403708999649889536e+18,1.512256672969577728e+18,1.741153414147719424e+18,1.093856365678636288e+18,3.481152710934112640e+17,5.879188262077810400e+16,2.943015403366168125e+14,3.241901781087866821e+11
5.639799804687500000e+02,1.412230649051451136e+18,1.525517458729637888e+18,1.755415682703553280e+18,1.091513770803658368e+18,3.612036110814208640e+17,6.166123886594667200e+16,3.115957736602383125e+14,3.479420236890884399e+11
5.654499511718750000e+02,1.425974647991259648e+18,1.541092464744932352e+18,1.772006632539027200e+18,1.087663143718361856e+18,3.774348273870010240e+17,6.527994295576070400e+16,3.336269898313552500e+14,3.786243840824801025e+11
5.671600341796879547e+02,1.447310431381861888e+18,1.558585704939389952e+18,1.790360282179749632e+18,1.081565229533880832e+18,3.970398660451285760e+17,6.975555067597606400e+16,3.612525512189418750e+14,4.178329573929395142e+11
5.681400146484379547e+02,1.464695328455037696e+18,1.568344278484866304e+18,1.800463797565566720e+18,1.077371191399074304e+18,4.085857805055263360e+17,7.244097743124083200e+16,3.780035300433208750e+14,4.419514495225316772e+11
5.693599853515629547e+02,1.481632811642927104e+18,1.580235598641300480e+18,1.812632171779185152e+18,1.071463918022801920e+18,4.232631795037184640e+17,7.590738833872139200e+16,3.998091611938276250e+14,4.737092120653319702e+11
5.703399658203129547e+02,1.484270779598807808e+18,1.589561150856977152e+18,1.822038313258983424e+18,1.066104690480402304e+18,4.353242934412143360e+17,7.880673640848320000e+16,4.182223567989739375e+14,5.008735600086746826e+11
5.715599975585939774e+02,1.489698788792555008e+18,1.600913161884158720e+18,1.833318252229188608e+18,1.058719360898885632e+18,4.506531354845626880e+17,8.255648396536094400e+16,4.422563319319043125e+14,5.367707747919874268e+11
5.725400390625000000e+02,1.500411388674271232e+18,1.609838851106353152e+18,1.842049974766587904e+18,1.052242217503270528e+18,4.632047234072279040e+17,8.568028917402009600e+16,4.624571784454438125e+14,5.673030315215745850e+11
5.742500000000000000e+02,1.515738712142605312e+18,1.625006795411056128e+18,1.856574434550146816e+18,1.039767556297274368e+18,4.856137865733715200e+17,9.138579594845598400e+16,4.997782280733777500e+14,6.245750467121813965e+11
5.753776667668270193e+02,1.537819928720216576e+18,1.634758123815192576e+18,1.865699652038043904e+18,1.030791050923787392e+18,5.007145002050956160e+17,9.532168334855264000e+16,5.258206216176104375e+14,6.651460705072968750e+11
5.766900024414060226e+02,1.551955862841750784e+18,1.645844323347080192e+18,1.875831312344265216e+18,1.019532230429970176e+18,5.186334369599550080e+17,1.001041337208942560e+17,5.578237914835733750e+14,7.157446892895017090e+11
5.776699829101560226e+02,1.568406382823588864e+18,1.653974795782033920e+18,1.883113473703442688e+18,1.010648284727612928e+18,5.322143849168084480e+17,1.038018148457463520e+17,5.827983932241495000e+14,7.557085084625122070e+11
5.789638577974769760e+02,1.578486012074103552e+18,1.664516523832782592e+18,1.892347647528976640e+18,9.982707198968462080e+17,5.504134535306402560e+17,1.088680193069026240e+17,6.173629396843611250e+14,8.117416913858682861e+11
5.793699951171879547e+02,1.582334835482639616e+18,1.667796899954841856e+18,1.895188836105208320e+18,9.942869013051960320e+17,5.561663943361168000e+17,1.104874129600892320e+17,6.284662669637418750e+14,8.298558990779478760e+11
5.813200073242189774e+02,1.593983424958455296e+18,1.683247747326481664e+18,1.908207295206765568e+18,9.740584205370053120e+17,5.842284615857196800e+17,1.186180446699272320e+17,6.849230200429986250e+14,9.234602455697753906e+11
5.827804236778849827e+02,1.601323238223305216e+18,1.694589455410131456e+18,1.917456175801570048e+18,9.579841940516303360e+17,6.056015886320298240e+17,1.250395944058922880e+17,7.302031547452992500e+14,1.000006203652278564e+12
5.840000000000000000e+02,1.621717356096446464e+18,1.703945401933864192e+18,1.924913444318549504e+18,9.440364792438009600e+17,6.236425922069916160e+17,1.306146818974925280e+17,7.699712399773162500e+14,1.068213147980654175e+12
5.852787695312499636e+02,1.641577313004561152e+18,1.713666356170141184e+18,1.932514108622226432e+18,9.289473076445605120e+17,6.427206377065475840e+17,1.366703888364336160e+17,8.136333207652155000e+14,1.144103466392322998e+12
5.864400024414060226e+02,1.655409359775619072e+18,1.722430953362901504e+18,1.939249225188786176e+18,9.148517860682682880e+17,6.601724590762840320e+17,1.423686582490452480e+17,8.551736083539397500e+14,1.217294464982652344e+12
5.876600341796879547e+02,1.667087512144583424e+18,1.731593700648268288e+18,1.946185328339848704e+18,8.996511180848142080e+17,6.786213348688387840e+17,1.485831947451839040e+17,9.010176491990690000e+14,1.299250357874175049e+12
5.888699951171879547e+02,1.672613748373375488e+18,1.740660964049933824e+18,1.952980083079025920e+18,8.842673969119285760e+17,6.969939150524701440e+17,1.549546962652503040e+17,9.485291797249200000e+14,1.385309210337473389e+12
5.903299560546879547e+02,1.675997142920100608e+18,1.751601161664326144e+18,1.961121475266355968e+18,8.653593628939340800e+17,7.192288995941597440e+17,1.629156042918851200e+17,1.008580876119755250e+15,1.495607090952872559e+12
5.915399877929689865e+02,1.687810419571703296e+18,1.760693037346188032e+18,1.967868431205795584e+18,8.494190694651884800e+17,7.376865208870076160e+17,1.697724140025747200e+17,1.060978681208166875e+15,1.593352891355857178e+12
5.922111816406250000e+02,1.698984500154128384e+18,1.765753824335960832e+18,1.971628078091624704e+18,8.404901085434530560e+17,7.479251401275252480e+17,1.736777286965571840e+17,1.091092984918979875e+15,1.650136643505024658e+12
5.937299804687500000e+02,1.722884636773714688e+18,1.777270835408350464e+18,1.980226052986843136e+18,8.201170941051238400e+17,7.710638475627732480e+17,1.827717635644533440e+17,1.161927828648789000e+15,1.785307554566629395e+12
5.950607604980469887e+02,1.738962599687825152e+18,1.787458276496446720e+18,1.987910430690289920e+18,8.021141942026167040e+17,7.912744817123964160e+17,1.910442852718405120e+17,1.227224411724313750e+15,1.911865777823962402e+12
5.962200341796880139e+02,1.756118416553438976e+18,1.796422523592434688e+18,1.994758210513070080e+18,7.863585643919201280e+17,8.088058408003642880e+17,1.984820579230867520e+17,1.286604812130651750e+15,2.028494753726868164e+12
5.973800048828129547e+02,1.761472744909821184e+18,1.805490732854391040e+18,2.001787572000713216e+18,7.705564917321114880e+17,8.262554139730366720e+17,2.061464775591885120e+17,1.348456060667153500e+15,2.151496687727368408e+12
5.988299560546879547e+02,1.772465705803489792e+18,1.817004487925262592e+18,2.010908987631060992e+18,7.508012958771896320e+17,8.478827492089098240e+17,2.160834281681456640e+17,1.429744117117149250e+15,2.315696735657485352e+12
6.002900390625000000e+02,1.776473931583345664e+18,1.828788640782192896e+18,2.020460715494199296e+18,7.309547440769511680e+17,8.694500509421198080e+17,2.264350901511905280e+17,1.515514675772991250e+15,2.491492805515039551e+12
6.012600097656250000e+02,1.791347419722527744e+18,1.836747883352142336e+18,2.027063673595137280e+18,7.178267530396832000e+17,8.836239848541835520e+17,2.335339492480251520e+17,1.575050177449934750e+15,2.615196800621641113e+12
6.024699707031250000e+02,1.804410771369623296e+18,1.846820488536976384e+18,2.035588557976473600e+18,7.015339815349914880e+17,9.011269737804472320e+17,2.426215444927565760e+17,1.652031276775421750e+15,2.776956159944831543e+12
6.038461397611180246e+02,1.822288319371801088e+18,1.858510725174071552e+18,2.045758096648616960e+18,6.831659883543326720e+17,9.207325909820437760e+17,2.533204671828193920e+17,1.743891967330735000e+15,2.972900334307749512e+12
6.048900146484379547e+02,1.835175334480804864e+18,1.867530519949234176e+18,2.053783343394631168e+18,6.693548121657372160e+17,9.353993236060408320e+17,2.616653113510539520e+17,1.816332588686762250e+15,3.129307282514276367e+12
6.062923779296879729e+02,1.842671182787674624e+18,1.879866633882352128e+18,2.065014573791057408e+18,6.509922643081218560e+17,9.547979045454703360e+17,2.731992358533036480e+17,1.917595587295305500e+15,3.350669275706636230e+12
6.074123112605169581e+02,1.841094102640079616e+18,1.889913123614551040e+18,2.074386707863188736e+18,6.365121167146726400e+17,9.700079915717399040e+17,2.826948122664785280e+17,2.001984392392908250e+15,3.537600380965184082e+12
6.087134821965149740e+02,1.845766501484372992e+18,1.901831800272448512e+18,2.085787161836754176e+18,6.199391601496510720e+17,9.873078242507676160e+17,2.940849340777418880e+17,2.104528649718573500e+15,3.767936978280083008e+12
6.097399902343750000e+02,1.850850233312538368e+18,1.911397221806573056e+18,2.095119707128751360e+18,6.070386868254958080e+17,1.000701337511027456e+18,3.033074055251081600e+17,2.188443653086958750e+15,3.958577082632070312e+12
6.109499511718750000e+02,1.866888507203696896e+18,1.922872664039359232e+18,2.106538176630898176e+18,5.920563315882986240e+17,1.016163743875050112e+18,3.144718513617293440e+17,2.291148426871512500e+15,4.194630042875016602e+12
6.122984900841349827e+02,1.884363688718237696e+18,1.935905709957450496e+18,2.119771994453634048e+18,5.756396036661388160e+17,1.032988654264012800e+18,3.272755534782935680e+17,2.410333747534503000e+15,4.471982288928891602e+12
6.133599853515629547e+02,1.902541246090569984e+18,1.946360584197166848e+18,2.130597774691684096e+18,5.629518356715702400e+17,1.045890718833310208e+18,3.376491249345915520e+17,2.508065426483664000e+15,4.702269893145409180e+12
6.145700073242189774e+02,1.900703788973020416e+18,1.958493901917496576e+18,2.143387739958828032e+18,5.487553973296254080e+17,1.060206183870412416e+18,3.498063512656088320e+17,2.623944616559809500e+15,4.978619985096054688e+12
6.159624218750000182e+02,1.907265086106769408e+18,1.972730099337559040e+18,2.158676019465684224e+18,5.327677785232111360e+17,1.076160076155524224e+18,3.642295582966665600e+17,2.763214411133263500e+15,5.315168011282838867e+12
6.169899902343750000e+02,1.913728841189330176e+18,1.983413906509683712e+18,2.170328032989698816e+18,5.212015799924705280e+17,1.087582009341258240e+18,3.751633387985237760e+17,2.870010442130103000e+15,5.576251373531671875e+12
6.181999511718750000e+02,1.925054995049841408e+18,1.996188213954201856e+18,2.184450968941101312e+18,5.078416341881774720e+17,1.100631917518368640e+18,3.883638947562759040e+17,3.000344763838609500e+15,5.898327478843291016e+12
6.196215538611779721e+02,1.943618720407733248e+18,2.011473865585191680e+18,2.201617093645755136e+18,4.925234052676990080e+17,1.115368032141726976e+18,4.043560977276162560e+17,3.160365018630237000e+15,6.299014461369238281e+12
6.208499755859379547e+02,1.961457718210078720e+18,2.024921080909820160e+18,2.216942731829839616e+18,4.796209233149434240e+17,1.127561522957213312e+18,4.186090667552973440e+17,3.304935187628310000e+15,6.665846409815541016e+12
6.218099975585939774e+02,1.977364728027974400e+18,2.035571735778141696e+18,2.229210595183567616e+18,4.697400291804067840e+17,1.136754712680254080e+18,4.300164486162474240e+17,3.421876253656326000e+15,6.965621562524323242e+12
6.231123234675479807e+02,1.990105530808156160e+18,2.050220400029353472e+18,2.246262805344601600e+18,4.566282172975662080e+17,1.148728611383926528e+18,4.458870127207570560e+17,3.586430628846148500e+15,7.392045764965659180e+12
6.245253530649040385e+02,1.996372849321514240e+18,2.066363543547802624e+18,2.265272055036060416e+18,4.427730054346210560e+17,1.161069812342530816e+18,4.636228163485800960e+17,3.772818244896811000e+15,7.881207244415467773e+12
6.254299926757810226e+02,2.006228500780126720e+18,2.076834051684877056e+18,2.277716350142619136e+18,4.341083389528094080e+17,1.168600210394604544e+18,4.752709013732012800e+17,3.896674164266818000e+15,8.209814790865294922e+12
6.271199951171879547e+02,2.013202087844221696e+18,2.096690625771050496e+18,2.301558698371798784e+18,4.183825105373353600e+17,1.181804526012868608e+18,4.977136375574055680e+17,4.138809802195709000e+15,8.860853468409234375e+12
6.285599975585939774e+02,2.030866353173892096e+18,2.113864686503189504e+18,2.322380766983275008e+18,4.053895034991264640e+17,1.192265379740628736e+18,5.174601600371264000e+17,4.355157334421151500e+15,9.450660632374865234e+12
6.297748144531250318e+02,2.040177416656820224e+18,2.128549291016675584e+18,2.340332021250955776e+18,3.947491919535143040e+17,1.200442291466117120e+18,5.346301033148000000e+17,4.546072313488310000e+15,9.977970040456248047e+12
6.307299804687500000e+02,2.057100238154039808e+18,2.140204186818158080e+18,2.354657460962636288e+18,3.865653917690189440e+17,1.206490128153884416e+18,5.484311273286046720e+17,4.701223121507179000e+15,1.041062020088889844e+13
6.318531958007810090e+02,2.066952211546416128e+18,2.154036683821620736e+18,2.371746077277297152e+18,3.771585947091027840e+17,1.213134664195568128e+18,5.650291585823069440e+17,4.889957077016164000e+15,1.094210324169134570e+13
6.330838529146640212e+02,2.075046759137502208e+18,2.169337910706869504e+18,2.390742692304981504e+18,3.671056409560906240e+17,1.219850649565435648e+18,5.836604505180628480e+17,5.104479301791870000e+15,1.155264948072754297e+13
6.343399658203129547e+02,2.079683377492854272e+18,2.185102959689889792e+18,2.410402980878933504e+18,3.571071507485448960e+17,1.226102592345952256e+18,6.031537583837058560e+17,5.331878694654886000e+15,1.220693869630546289e+13
6.355400390625000000e+02,2.086167330419578880e+18,2.200310986887304960e+18,2.429447344026279936e+18,3.478217668872506240e+17,1.231439751185703424e+18,6.222806236563383040e+17,5.558246844519993000e+15,1.286601871918110938e+13
6.367399902343750000e+02,2.093394595434394880e+18,2.215649536908134912e+18,2.448716993612700160e+18,3.387845194462903040e+17,1.236166017996992000e+18,6.418892528993145600e+17,5.793565393731387000e+15,1.355888096533124805e+13
6.374599609375000000e+02,2.111418764518336256e+18,2.224901518553699328e+18,2.460360259450079232e+18,3.334552482144371840e+17,1.238766075287898880e+18,6.538414325719363840e+17,5.938286398338651000e+15,1.398802300459868359e+13
6.391400146484379547e+02,2.126482254456681472e+18,2.246680115660739584e+18,2.487829302429897728e+18,3.213883260036803840e+17,1.243866800946050560e+18,6.824999756784006400e+17,6.290856366156131000e+15,1.504660040953305859e+13
6.404691913311299913e+02,2.155507118749866496e+18,2.264054728825921536e+18,2.509775240406040064e+18,3.121304460790040320e+17,1.247118686033488384e+18,7.057971177399939840e+17,6.582196584264511000e+15,1.593238441876610742e+13
6.415400390625000000e+02,2.168655205200153344e+18,2.278154274387474432e+18,2.527594099980705792e+18,3.048801967246455680e+17,1.249154028731749632e+18,7.250327918080480000e+17,6.826451268270459000e+15,1.668359138339965234e+13
6.429319824218749773e+02,2.182171825388043520e+18,2.296604027023628032e+18,2.550904012796216320e+18,2.957125876935369600e+17,1.251054598801519616e+18,7.506322090088131840e+17,7.156512961841956000e+15,1.771019559288767969e+13
6.442567895507810363e+02,2.189041713412527360e+18,2.314275970691339776e+18,2.573208238535062016e+18,2.872264719413685440e+17,1.252148440518230016e+18,7.755700760648893440e+17,7.483090413239979000e+15,1.873746877345587500e+13
6.451400146484379547e+02,2.199739357790373376e+18,2.326124548210802688e+18,2.588137803484200960e+18,2.817144023970064320e+17,1.252431114613543424e+18,7.925544873906471680e+17,7.708827023435363000e+15,1.945503376627584766e+13
6.465799560546879547e+02,2.201810228883534848e+18,2.345539013966202880e+18,2.612545746511616000e+18,2.729425805050916800e+17,1.252215276806020352e+18,8.207896153655109120e+17,8.089415937882862000e+15,2.067677836361228516e+13
6.477700195312500000e+02,2.227730522661334272e+18,2.361681664811525120e+18,2.632766881731498496e+18,2.659092617947909440e+17,1.251339130184326656e+18,8.446884520882475520e+17,8.417347925265897000e+15,2.174238861717303125e+13
6.492099609375000000e+02,2.247896662888962816e+18,2.381316824538398720e+18,2.657259362769008640e+18,2.576301911972140480e+17,1.249514419195849984e+18,8.742246961930167040e+17,8.829416747797069000e+15,2.309635725702116406e+13
6.501699829101560226e+02,2.277501721183617792e+18,2.394473259764035584e+18,2.673589324816819200e+18,2.522577177497869440e+17,1.247800507495317760e+18,8.943208400284044800e+17,9.114465858816044000e+15,2.404319400781086719e+13
6.513699951171879547e+02,2.279336942044900096e+18,2.410984109391290880e+18,2.693986402834670080e+18,2.456892846801160960e+17,1.245152520957357568e+18,9.198526857666476800e+17,9.481663425970242000e+15,2.527381905905881641e+13
6.525599975585939774e+02,2.284356421033790208e+18,2.427438130120129536e+18,2.714174769133181952e+18,2.393561400895482880e+17,1.241896320875517952e+18,9.456867143930049280e+17,9.859913919666934000e+15,2.655589793389021484e+13
6.540000000000000000e+02,2.283677196237897472e+18,2.447448415809399808e+18,2.738527799431303680e+18,2.319118110109181440e+17,1.237178046976167424e+18,9.775863253031504640e+17,1.033590324332561600e+16,2.818826627415578125e+13
6.551900024414060226e+02,2.296468576320132096e+18,2.464060985748483584e+18,2.758573552767585792e+18,2.259250583726748160e+17,1.232685886065097472e+18,1.004436143848274688e+18,1.074384778463494800e+16,2.960265857584509375e+13
6.561500244140629547e+02,2.309944464048536064e+18,2.477517813635874816e+18,2.774674778327911424e+18,2.212115073301440000e+17,1.228640944572978176e+18,1.026444816847762560e+18,1.108378889737738400e+16,3.079283744158451953e+13
6.575799560546879547e+02,2.340143922090477568e+18,2.497646737958421504e+18,2.798526740118168064e+18,2.143667974799866560e+17,1.221974279634063872e+18,1.059758710954846336e+18,1.160747623543024800e+16,3.264519184402924219e+13
6.587800292968750000e+02,2.362816092929131520e+18,2.514625206801295872e+18,2.818394851135758848e+18,2.087929599177193280e+17,1.215754871373855232e+18,1.088237546272789376e+18,1.206473915066972000e+16,3.428220082393860938e+13
6.599699707031250000e+02,2.380572741022830080e+18,2.531532361793345536e+18,2.837952022636564480e+18,2.034049413720812480e+17,1.209079543459717120e+18,1.116901374394366208e+18,1.253347089608409800e+16,3.597745283249028125e+13
6.611107741135820106e+02,2.387592948670583296e+18,2.547810134302994432e+18,2.856552476525855232e+18,1.983671937385492480e+17,1.202212618275818752e+18,1.144774118502211200e+18,1.299769638648032000e+16,3.767328255989412500e+13
6.625999755859379547e+02,2.401388841590103552e+18,2.569163572262069760e+18,2.880588377021222400e+18,1.919767052245945280e+17,1.192572943607632128e+18,1.181729412282602752e+18,1.362652783201311800e+16,3.999688020265347656e+13
6.635499877929689774e+02,2.407568272347979776e+18,2.582849195641556992e+18,2.895763547828977152e+18,1.880083225879164480e+17,1.186032622249759232e+18,1.205635823290126336e+18,1.404168730334371400e+16,4.154733317787407812e+13
6.649707812499999591e+02,2.424503345275589120e+18,2.603416273947130880e+18,2.918196649248321024e+18,1.822344426951906880e+17,1.175677928495619328e+18,1.241877795912922880e+18,1.468468539477478200e+16,4.397510316270252344e+13
6.661799926757810226e+02,2.443067177801194496e+18,2.621006438137416192e+18,2.937053581764539392e+18,1.774530853337747200e+17,1.166400185143202048e+18,1.273120971976270080e+18,1.525111098331907600e+16,4.613700139757832812e+13
6.671300048828129547e+02,2.471577577554291712e+18,2.634888311449005056e+18,2.951692456326716928e+18,1.737884620088116480e+17,1.158795207061623040e+18,1.297938913949775872e+18,1.571007703742320600e+16,4.790587111698787500e+13
6.687999877929689774e+02,2.495852617122707456e+18,2.659421675061574144e+18,2.977044351220417024e+18,1.675302734923316800e+17,1.144810615607421056e+18,1.342098180295749120e+18,1.654640067386847200e+16,5.116608021295874219e+13
6.699899902343750000e+02,2.520654111154559488e+18,2.677008063825430016e+18,2.994800042112706560e+18,1.632101845427526720e+17,1.134390842708061952e+18,1.373960456676197376e+18,1.716596794929176800e+16,5.361127300466192969e+13
6.711799926757810226e+02,2.533014013732489728e+18,2.694681422257143296e+18,3.012293035551462912e+18,1.590005890894595200e+17,1.123623315294784640e+18,1.406126541970957568e+18,1.780534748023409200e+16,5.616011764889289844e+13
6.723699951171879547e+02,2.535455609781445120e+18,2.712443453721315328e+18,3.029515125558251520e+18,1.548990825452769920e+17,1.112527243349714432e+18,1.438580828893704704e+18,1.846506337512067200e+16,5.881648657615350000e+13
6.735599975585939774e+02,2.540489258441252864e+18,2.730305006664837632e+18,3.046430221137693184e+18,1.509137570384127040e+17,1.101092976171897344e+18,1.471332981276414720e+18,1.914781835872342400e+16,6.159607647225639844e+13
6.747500000000000000e+02,2.563056056871324672e+18,2.748261894603599360e+18,3.063048997116431360e+18,1.470352287269060480e+17,1.089362890912605568e+18,1.504346573755853056e+18,1.985290958209119200e+16,6.449650940760171875e+13
6.759400024414060226e+02,2.578787892547257856e+18,2.766311968745289728e+18,3.079376492204177920e+18,1.432574095879863200e+17,1.077368093405398528e+18,1.537594665998661120e+18,2.058014143348052000e+16,6.751801035685117188e+13
6.769853985126210318e+02,2.612110134819320320e+18,2.782247328062427648e+18,3.093472834052053504e+18,1.400210988342977760e+17,1.066625811181226624e+18,1.566984393221560832e+18,2.123799884489948800e+16,7.027726075471501562e+13
6.783200073242189774e+02,2.640973972224626176e+18,2.802695160487890432e+18,3.111141429983003648e+18,1.359952827305552320e+17,1.052663908628355712e+18,1.604724541905976064e+18,2.210341339359167200e+16,7.394240146045859375e+13
6.799445988581729807e+02,2.676392743201103872e+18,2.827763593080082432e+18,3.132085852346307072e+18,1.312702652731396000e+17,1.035291820568217728e+18,1.650997577533204992e+18,2.320186425165682400e+16,7.865794470744492188e+13
6.809299926757810226e+02,2.691503920535784448e+18,2.843054062582614528e+18,3.144517969231791104e+18,1.284864278751580480e+17,1.024594976777755008e+18,1.679204579057130752e+18,2.389044604878572800e+16,8.164562522295210938e+13
6.821199951171879547e+02,2.705395452116388352e+18,2.861606693517248000e+18,3.159251828015363072e+18,1.252071516716346400e+17,1.011531072910514560e+18,1.713394968285601280e+18,2.474563265680644800e+16,8.538997820177279688e+13
6.835499877929689774e+02,2.715212293047752192e+18,2.884025955141325312e+18,3.176552910764583424e+18,1.213835730854776800e+17,9.956476192700005120e+17,1.754637562920364800e+18,2.580855392024034800e+16,9.009497503715168750e+13
6.847299804687500000e+02,2.738976690694284800e+18,2.902634100036089344e+18,3.190475432924528640e+18,1.183291443466580320e+17,9.824025781389017600e+17,1.788783201256492288e+18,2.671774426681737200e+16,9.416642792230215625e+13
6.859199829101560226e+02,2.759271109215911424e+18,2.921489236837544448e+18,3.204220727826158592e+18,1.153316441909242400e+17,9.689492179610131200e+17,1.823292176183992064e+18,2.766263975735476400e+16,9.843903741672401562e+13
6.871099853515629547e+02,2.786591817397938688e+18,2.940431055842066944e+18,3.217674193092797440e+18,1.124152720814162400e+17,9.554171882906265600e+17,1.857855928601431040e+18,2.863637113056537200e+16,1.028848439686621406e+14
6.879953848031849475e+02,2.808258455322422784e+18,2.954581755915682816e+18,3.227486950475469824e+18,1.102998508925348480e+17,9.453062686531834880e+17,1.883597277456584192e+18,2.938119728760936000e+16,1.063158928527137656e+14
6.899599609375000000e+02,2.826877713085837824e+18,2.986138863214204928e+18,3.248697932311804416e+18,1.057608477972299200e+17,9.227854261957510400e+17,1.940740941713585408e+18,3.109530733937582800e+16,1.143050693934863438e+14
6.908436206054690274e+02,2.836383167689153024e+18,3.000400724384031232e+18,3.257990124489854976e+18,1.037876506093982240e+17,9.126320828436879360e+17,1.966437285591648000e+18,3.189505212671056800e+16,1.180762060780107344e+14
6.923299560546879547e+02,2.850182304022326272e+18,3.024472781418306048e+18,3.273297058965233152e+18,1.005579178705204320e+17,8.955441482647728640e+17,2.009622151298396416e+18,3.328014358360249600e+16,1.246684427228657500e+14
6.935100097656250000e+02,2.845203017109038080e+18,3.043657856189536256e+18,3.285146414886992896e+18,9.807817742923748800e+16,8.819862134856609280e+17,2.043847385237516800e+18,3.441983062846764400e+16,1.301543375211747656e+14
6.944599609375000000e+02,2.858223515835999744e+18,3.059141546493940224e+18,3.294508044986849792e+18,9.613177264000921600e+16,8.710874651132001280e+17,2.071347671903552768e+18,3.536224732951623200e+16,1.347291385138112344e+14
6.956400146484379547e+02,2.875771592720934912e+18,3.078422366128159744e+18,3.305904889374588928e+18,9.378005605153827200e+16,8.575830130132435200e+17,2.105419449457942272e+18,3.656804894791659200e+16,1.406371022065431719e+14
6.967339599609380230e+02,2.900975638285759488e+18,3.096331188700523008e+18,3.316270750426130432e+18,9.165749308920776000e+16,8.451046636536110080e+17,2.136908704852354048e+18,3.771806328114423200e+16,1.463219780334133125e+14
6.978254018930290385e+02,2.921370663208216576e+18,3.114226464690061312e+18,3.326424635982869504e+18,8.959500514574862400e+16,8.327041656239123200e+17,2.168215431322697984e+18,3.889801162281340000e+16,1.522058367938914375e+14
6.991900024414060226e+02,2.948213439216222208e+18,3.136627523840929792e+18,3.338872131072626176e+18,8.709034485829384000e+16,8.172805355312761600e+17,2.207182731308493056e+18,4.041941277358419200e+16,1.598650332580004375e+14
7.004684589092549913e+02,2.959158909625940992e+18,3.157629416071859712e+18,3.350294780852872192e+18,8.481687201471892800e+16,8.029250502971865600e+17,2.243487825231923200e+18,4.189316849621701600e+16,1.673609731316605312e+14
7.015599975585939774e+02,2.975185010156296704e+18,3.175561544588161536e+18,3.359857556023383552e+18,8.293530898832267200e+16,7.907580895135809280e+17,2.274293402059173120e+18,4.319345116044013600e+16,1.740413057421733438e+14
7.025100097656250000e+02,2.980401636908490240e+18,3.191161780285846528e+18,3.368061103783719424e+18,8.133604495099184000e+16,7.802337540926401280e+17,2.300965053976781824e+18,4.435380030980240000e+16,1.800482658857334062e+14
7.041600341796879547e+02,3.016005654566161920e+18,3.218219480183030784e+18,3.382035052538430976e+18,7.864894622330145600e+16,7.621267913159873280e+17,2.346915145939394560e+18,4.644125149683889600e+16,1.909705699264000625e+14
7.051099853515629547e+02,3.052123586637729280e+18,3.233764782835207680e+18,3.389939505095099904e+18,7.714966646250084800e+16,7.518026556603673600e+17,2.373147334307088384e+18,4.768353689950947200e+16,1.975358037083332500e+14
7.065300292968750000e+02,3.082807115104754688e+18,3.256942957003486208e+18,3.401579848726550528e+18,7.496977918929248000e+16,7.365109506412917760e+17,2.412040914274045952e+18,4.959612133935960800e+16,2.077331039612013750e+14
7.074699707031250000e+02,3.108372998673187840e+18,3.272232825260460032e+18,3.409167804205217280e+18,7.356859860563414400e+16,7.264923155758000640e+17,2.437547043987532288e+18,5.090195697751164800e+16,2.147598375754514062e+14
7.088900146484379547e+02,3.124979660761112576e+18,3.295225018783998464e+18,3.420453900071186432e+18,7.151681701012522400e+16,7.115316213592584960e+17,2.475664273267185664e+18,5.294178228957900000e+16,2.258455203066291562e+14
7.103099975585939774e+02,3.134511244623898624e+18,3.318085602683902464e+18,3.431568330335899136e+18,6.952907778677507200e+16,6.967559061244477440e+17,2.513328404245104640e+18,5.505177426048841600e+16,2.374274983097072500e+14
7.110100097656250000e+02,3.146612451282302976e+18,3.329284534459632128e+18,3.436971796996654592e+18,6.857784131352400000e+16,6.895598212708035840e+17,2.531673763153362944e+18,5.612553569999784000e+16,2.433765770975817500e+14
7.129000244140629547e+02,3.145731912556000256e+18,3.359301153168976896e+18,3.451368995249644544e+18,6.608286541213904000e+16,6.703708661487786240e+17,2.580576131894919168e+18,5.911729574058796800e+16,2.601055286910367500e+14
7.139738112229570106e+02,3.161947732305480704e+18,3.376180615842057728e+18,3.459417268828508672e+18,6.471545497715296800e+16,6.596413062025482240e+17,2.607893257331900928e+18,6.088424868851944800e+16,2.700973206584536250e+14
7.152600097656250000e+02,3.178372098545707520e+18,3.396216451212988416e+18,3.468939650893156864e+18,6.312202370486628000e+16,6.469513520712835840e+17,2.640158306553893888e+18,6.306508002111610400e+16,2.825366081075535000e+14
7.162099609375000000e+02,3.213682888768132096e+18,3.410860153849423360e+18,3.475883322952066560e+18,6.197816251473040000e+16,6.377045609996573440e+17,2.663622864912690176e+18,6.472659583299524000e+16,2.920987248888691250e+14
7.173900146484379547e+02,3.232292080737897472e+18,3.428874497408704000e+18,3.484415800329174016e+18,6.059065764680267200e+16,6.263505907370053120e+17,2.692371881248675840e+18,6.684533529189453600e+16,3.043840942108339375e+14
7.185700073242189774e+02,3.255860379264920064e+18,3.446639651494546944e+18,3.492826523516276224e+18,5.924507281040706400e+16,6.151698487663837440e+17,2.720580975055511040e+18,6.903695299082351200e+16,3.172156616981006875e+14
7.202199707031250000e+02,3.275029087853648384e+18,3.471066410614280192e+18,3.504399270613993984e+18,5.742452317173358400e+16,5.997990149434919680e+17,2.759168279340674560e+18,7.221621486040830400e+16,3.360259423141555000e+14
7.211600341796879547e+02,3.293959276261555712e+18,3.484742137144625664e+18,3.510888750452979200e+18,5.641880700123788000e+16,5.911830319621661440e+17,2.780672707953085952e+18,7.409134951161662400e+16,3.472297255252221250e+14
7.220999755859379547e+02,3.299917275177081344e+18,3.498229485475196928e+18,3.517299565221544960e+18,5.543516495506592000e+16,5.826700632526800640e+17,2.801814714646999552e+18,7.601360654070444800e+16,3.587966379304432500e+14
7.235104199218750409e+02,3.314960253147196928e+18,3.518114098228442112e+18,3.526774586215010304e+18,5.399718297456847200e+16,5.700775995254348160e+17,2.832875382556574208e+18,7.898512145511828800e+16,3.768285897944570625e+14
7.246900024414060226e+02,3.323532678677023744e+18,3.534348248125498880e+18,3.534538851031096320e+18,5.283301910164109600e+16,5.597359987785787520e+17,2.858130316770876416e+18,8.156436916789046400e+16,3.926453478242396250e+14
7.258699951171879547e+02,3.346297347167275008e+18,3.550236430398651904e+18,3.542164290651918336e+18,5.169910555944544000e+16,5.495473051604705920e+17,2.882771162284866048e+18,8.422541589081609600e+16,4.091068074588115000e+14
7.270499877929689774e+02,3.365032377775392768e+18,3.565752441669198336e+18,3.549639253542698496e+18,5.059487009833661600e+16,5.395143650785607680e+17,2.906767558943748096e+18,8.696998556141219200e+16,4.262338308474650000e+14
7.282299804687500000e+02,3.390535476468979712e+18,3.580875612244505088e+18,3.556953796833531392e+18,4.951936013250889600e+16,5.296362330775432960e+17,2.930097912079236096e+18,8.980077383708964800e+16,4.440538608598335000e+14
7.297615403395440126e+02,3.414403937878989824e+18,3.599840731125923840e+18,3.566171689297794560e+18,4.816735975487060800e+16,5.170590622101557760e+17,2.959279363549815296e+18,9.361733515149188800e+16,4.683395112836696875e+14
7.303499755859379547e+02,3.435811054094680064e+18,3.606957681747653120e+18,3.569641751352294912e+18,4.765840994433689600e+16,5.122863197259048960e+17,2.970214208996935168e+18,9.511953528560803200e+16,4.779635207408101875e+14
7.319899902343750000e+02,3.444358469224939008e+18,3.626069301848244224e+18,3.578999688105020928e+18,4.628052560108873600e+16,4.992212039805328000e+17,2.999532792861440000e+18,9.945651001939603200e+16,5.060292753626298125e+14
7.331699829101560226e+02,3.464234698871397888e+18,3.639263482790253568e+18,3.585485756464856576e+18,4.531794204264110400e+16,4.899929191709606400e+17,3.019751361936973824e+18,1.026909801698491680e+17,5.271750238700648125e+14
7.343499755859379547e+02,3.467588551138671104e+18,3.651952943710540288e+18,3.591741735765704192e+18,4.437940984556064000e+16,4.809118055819957760e+17,3.039187655425995264e+18,1.060276220164984160e+17,5.491830589019240625e+14
7.359899902343750000e+02,3.477814119591438336e+18,3.668619649973476864e+18,3.599979897719335936e+18,4.311719001165646400e+16,4.685554576623648640e+17,3.064722036562591744e+18,1.108593093289025760e+17,5.814300600139342500e+14
7.371411840820310317e+02,3.469170188331316736e+18,3.679698065435312640e+18,3.605460812902706688e+18,4.225599478939372800e+16,4.600416772385356160e+17,3.081712197153656320e+18,1.143742256648762080e+17,6.051315310802352500e+14
7.381099853515629547e+02,3.478141236973998592e+18,3.688575561051544064e+18,3.609850227182207488e+18,4.154778539548186400e+16,4.529855108138743040e+17,3.095347819068870144e+18,1.174203838004866400e+17,6.258476277397736250e+14
7.390499877929689774e+02,3.471856625872451072e+18,3.696795438898464256e+18,3.613907022366996480e+18,4.087435757999502400e+16,4.462309361861496960e+17,3.107998021368376832e+18,1.204536281128791840e+17,6.466324378454237500e+14
7.404599609375000000e+02,3.487398361562967552e+18,3.708429511392221696e+18,3.619626048469641728e+18,3.988708011142554400e+16,4.362546877973223680e+17,3.125956726063123456e+18,1.251403156174684960e+17,6.790276305118830000e+14
7.414000244140629547e+02,3.498578217973356544e+18,3.715647956954235392e+18,3.623148425388720128e+18,3.924547343811570400e+16,4.297184020894892800e+17,3.137149997653479936e+18,1.283709616844167200e+17,7.015784102802121250e+14
7.430400390625000000e+02,3.524780290512422400e+18,3.727162551488595968e+18,3.628689958408124928e+18,3.815682048789495200e+16,4.185326483724785280e+17,3.155129916340663808e+18,1.342195998231868320e+17,7.428579250067841250e+14
7.442199707031250000e+02,3.546911481089144832e+18,3.734678254969457664e+18,3.632234027312696320e+18,3.739403156296017600e+16,4.106325271010631040e+17,3.166971126497233920e+18,1.385793727127650080e+17,7.739589563421186250e+14
7.451600341796879547e+02,3.573260642881880576e+18,3.740134136095591424e+18,3.634742363208673792e+18,3.679959770286945600e+16,4.044360324215332480e+17,3.175652517949590528e+18,1.421584022586489760e+17,7.997235669005410000e+14
7.465700073242189774e+02,3.577112378933879296e+18,3.747479823018522112e+18,3.637994253907512832e+18,3.592769627708474400e+16,3.952891237657706240e+17,3.187495634008087552e+18,1.476935707903595200e+17,8.399475492749585000e+14
7.475100097656250000e+02,3.576675670106019840e+18,3.751787278307877888e+18,3.639794353285962240e+18,3.535958022924161600e+16,3.892908731204090880e+17,3.194565441116389376e+18,1.515021077927192000e+17,8.678955726557455000e+14
7.490526991624100219e+02,3.564985675228630528e+18,3.757743678438927872e+18,3.642032272094701568e+18,3.445042375858684400e+16,3.796262365029579520e+17,3.204618473963348480e+18,1.579778654002183360e+17,9.159498423526917500e+14
7.502757685734679853e+02,3.577284243700451328e+18,3.761581837229990400e+18,3.643221452530602496e+18,3.374702645995400800e+16,3.721007036066904960e+17,3.211362562976971264e+18,1.632927268342628800e+17,9.558268568064128750e+14
7.515000000000000000e+02,3.575907479163716608e+18,3.764549828624377344e+18,3.643817057536602624e+18,3.305917883775463600e+16,3.646976764173237760e+17,3.216905755404357120e+18,1.687932893909604160e+17,9.975454187239778750e+14
7.523127587890629684e+02,3.586035075483523584e+18,3.766022201577111552e+18,3.643865431509889024e+18,3.261132934914262400e+16,3.598542772429691520e+17,3.219899540734149120e+18,1.725491110583737920e+17,1.026293989315279500e+15
7.540799560546879547e+02,3.597946874383398400e+18,3.767849399363115008e+18,3.642983543176023040e+18,3.166043706023614800e+16,3.495120299552522240e+17,3.224520651196652544e+18,1.810068220373617280e+17,1.091798969941747750e+15
7.552500000000000000e+02,3.614930413339494912e+18,3.768076428377788928e+18,3.641675605682512384e+18,3.104643214903930000e+16,3.427950089700274560e+17,3.226232281189450240e+18,1.868178219341793920e+17,1.137374039294698500e+15
7.561900024414060226e+02,3.607886899283944960e+18,3.767622790773592576e+18,3.640143342849281024e+18,3.056271553182735200e+16,3.374800898428680960e+17,3.226736265074170368e+18,1.916252068336082880e+17,1.175462205163201250e+15
7.573599853515629547e+02,3.602134922921894400e+18,3.766348474043486208e+18,3.637686564732480000e+18,2.997088826232146000e+16,3.309531345359404160e+17,3.226392322636071424e+18,1.977659556533073600e+17,1.224560895336821750e+15
7.590000000000000000e+02,3.584520825733116928e+18,3.763016416332188160e+18,3.633012675909480448e+18,2.916253673694388400e+16,3.219901425775628800e+17,3.223795643763318784e+18,2.067223738270207040e+17,1.297204742068155000e+15
7.599400024414060226e+02,3.578126686659133952e+18,3.760376158794835456e+18,3.629736311115413504e+18,2.870878411041260800e+16,3.169380324620760320e+17,3.221308047619075584e+18,2.120239066737804800e+17,1.340717153515466750e+15
7.611199951171879547e+02,3.579592780400061952e+18,3.756285288933872128e+18,3.624972899914134016e+18,2.814895615694554800e+16,3.106842708826493440e+17,3.217122469196853760e+18,2.188608292088308800e+17,1.397403229498109000e+15
7.622900390625000000e+02,3.588385873705087488e+18,3.751373338892773888e+18,3.619516698540432384e+18,2.760423399211045600e+16,3.045781665622682880e+17,3.211800113016126976e+18,2.258440444980599040e+17,1.455964528054720750e+15
7.636900024414060226e+02,3.586559579385694208e+18,3.744284768712516096e+18,3.611922114690711040e+18,2.696657830493673600e+16,2.974030956793042560e+17,3.203769805174573056e+18,2.344947812971982400e+17,1.529511290371283750e+15
7.652768836388230511e+02,3.590546206742840832e+18,3.734788118219362304e+18,3.601990564027119616e+18,2.626012528529068400e+16,2.894240542543740800e+17,3.192657594743787520e+18,2.446655641809037120e+17,1.617273240765915500e+15
7.660444042968749727e+02,3.569341617785512448e+18,3.729570191679815680e+18,3.596605911104313344e+18,2.592516362115072000e+16,2.856292240567580480e+17,3.186421764107820544e+18,2.497447470926193280e+17,1.661690079119154750e+15
7.674400024414060226e+02,3.553791219068024832e+18,3.719252650067742208e+18,3.586024288922672640e+18,2.532475435946362800e+16,2.788129671018024320e+17,3.173936054195602944e+18,2.591975889113051520e+17,1.745185463049339250e+15
7.682827054537269760e+02,3.531751923813422080e+18,3.712349166775314944e+18,3.578980146063859200e+18,2.496906953628986000e+16,2.747643562366081600e+17,3.165463376662803456e+18,2.650852848748812160e+17,1.797903059984154250e+15
7.697623408390929853e+02,3.532777493633105408e+18,3.699163513832114176e+18,3.565546718697306624e+18,2.435504408668552000e+16,2.677602055809272640e+17,3.149105153388737536e+18,2.757155735094122240e+17,1.894310949418217250e+15
7.709599609375000000e+02,3.526670381712738816e+18,3.687503486911046656e+18,3.553663497261672960e+18,2.386757167872388400e+16,2.621869420665616960e+17,3.134484894364652544e+18,2.845974101256983360e+17,1.976071442165769250e+15
7.721300048828129547e+02,3.538022686105052160e+18,3.675270382243589632e+18,3.541170677933131776e+18,2.339924485491156400e+16,2.568228893231518080e+17,3.119019728376873984e+18,2.935178764269763200e+17,2.059298268662349750e+15
7.735400390625000000e+02,3.524827383009479680e+18,3.659424791491407360e+18,3.524927901844012544e+18,2.284503015100407600e+16,2.504638369751930880e+17,3.098825281485820416e+18,3.045957184782846080e+17,2.164230084314654500e+15
7.747099609375000000e+02,3.515930776534258688e+18,3.645306537776169472e+18,3.510378437071990272e+18,2.239397866845853200e+16,2.452797876961308800e+17,3.080691181748292096e+18,3.140840559474544640e+17,2.255613654424448500e+15
7.754100341796879547e+02,3.488967418657608192e+18,3.636542623830458880e+18,3.501316453069616128e+18,2.212689368087616000e+16,2.422075690969793920e+17,3.069389553999410688e+18,3.198605522503112320e+17,2.311766028048273000e+15
7.767038245567910053e+02,3.470684720066551808e+18,3.619424218894971904e+18,3.483504922375591424e+18,2.164144279957386400e+16,2.366171611457868800e+17,3.047179478685001728e+18,3.308326768168341760e+17,2.420083110550284000e+15
7.782199707031250000e+02,3.457470034981019648e+18,3.598212017269766144e+18,3.461269512806877184e+18,2.108264023504350800e+16,2.301753363611448320e+17,3.019486876214496768e+18,3.440723473350762240e+17,2.553045648327955500e+15
7.795492318960340299e+02,3.465292973899038720e+18,3.578553525128221696e+18,3.440484998893902336e+18,2.060194471204983600e+16,2.246289948519481280e+17,2.993660570199742464e+18,3.560438164444341760e+17,2.675572302052531000e+15
7.806336108398439819e+02,3.466208666618309120e+18,3.561774075143030272e+18,3.422602673867719680e+18,2.021624926960695600e+16,2.201761582084571840e+17,2.971499636778059776e+18,3.660730741409691520e+17,2.779994598613795000e+15
7.819245793269229807e+02,3.480264149365969920e+18,3.540979186024940032e+18,3.400264722743686656e+18,1.976419466509747600e+16,2.149552173377149440e+17,2.943900689505403392e+18,3.783132721501328640e+17,2.909605025962376000e+15
7.831400146484379547e+02,3.465687371672526336e+18,3.520648480168174080e+18,3.378247092335183872e+18,1.934517423880364800e+16,2.101147089086988800e+17,2.916788493986269696e+18,3.901219993773508480e+17,3.036838346700763000e+15
7.845400390625000000e+02,3.443103694712516096e+18,3.496330407783649280e+18,3.351676267686535168e+18,1.887047721490247200e+16,2.046306754277529600e+17,2.884195593218183168e+18,4.040764042319347200e+17,3.190109479346785500e+15
7.853428431919650166e+02,3.409873320076414464e+18,3.481955459747302400e+18,3.335849106819720704e+18,1.860213361438098400e+16,2.015308071814096640e+17,2.864847632496487936e+18,4.122517996096293120e+17,3.281432433820919500e+15
7.866500244140629547e+02,3.387508290204666880e+18,3.457879333505565184e+18,3.309134649428943872e+18,1.817133346916321600e+16,1.965553868208032320e+17,2.832305861818555392e+18,4.258442220734117760e+17,3.435960174119856500e+15
7.878199462890629547e+02,3.373606839643339776e+18,3.435698894860114944e+18,3.284316214384567296e+18,1.779169175136635400e+16,1.921724684108769920e+17,2.802190062094394880e+18,4.382827383281064960e+17,3.580181642617336500e+15
7.890399859884510079e+02,3.367724634081802240e+18,3.411970613855452672e+18,3.257555884438191104e+18,1.740155409771512400e+16,1.876706052656897600e+17,2.769834890684725248e+18,4.515218341559608960e+17,3.736673435000821000e+15
7.903900146484379547e+02,3.354609950362666496e+18,3.385062263790022144e+18,3.226965447677300224e+18,1.697636042596188800e+16,1.827673801186543360e+17,2.732982522990082048e+18,4.664739649747328640e+17,3.917078172321815000e+15
7.917900390625000000e+02,3.344984576528655872e+18,3.356362273445301760e+18,3.194018644546993152e+18,1.654376412889975600e+16,1.777837532620272320e+17,2.693461444707330048e+18,4.823650688540848000e+17,4.114007669053364500e+15
7.929511155348559441e+02,3.311889729469769728e+18,3.332072398491721728e+18,3.165926146059439616e+18,1.619042706301118800e+16,1.737170070531516160e+17,2.659869087673184256e+18,4.957911866084010240e+17,4.284094906532001500e+15
7.936700439453129547e+02,3.277088806282619392e+18,3.316824008214902784e+18,3.148197987151063552e+18,1.597407765642767000e+16,1.712288066662255360e+17,2.638714953499535360e+18,5.042136752871186560e+17,4.392571785198842000e+15
7.950699462890629547e+02,3.241538109923862528e+18,3.286655632850802688e+18,3.112902524850566144e+18,1.555868924242928000e+16,1.664564289202059200e+17,2.596699245476568576e+18,5.208726598719472640e+17,4.611744837375554000e+15
7.966268873948320106e+02,3.226692585694090240e+18,3.252478464822447104e+18,3.072613455639567360e+18,1.510507263358344600e+16,1.612525010447285760e+17,2.548863480185072128e+18,5.397554467104048000e+17,4.867338158076004000e+15
7.974468310546880048e+02,3.202246846664722944e+18,3.234244472728117760e+18,3.051000985571423744e+18,1.486958753639073800e+16,1.585543292550539520e+17,2.523245047390746112e+18,5.498391203786714240e+17,5.006945713547164000e+15
7.988099365234379547e+02,3.191269085389760512e+18,3.203546478042550272e+18,3.014415047925525504e+18,1.448436671085952800e+16,1.541470137617665600e+17,2.479933440514403328e+18,5.668439912353966080e+17,5.248652335243972000e+15
7.999003906250000000e+02,3.182162708214393344e+18,3.178735855283129344e+18,2.984712022068191232e+18,1.418078272926404400e+16,1.506787012466753920e+17,2.444794999197663744e+18,5.806141320526905600e+17,5.449310663778117000e+15
8.011500244140629547e+02,3.176808165796987904e+18,3.150050569734970880e+18,2.950235659909564416e+18,1.383806536215334400e+16,1.467691596273421120e+17,2.404018482799285760e+18,5.965701643951238400e+17,5.687788113934040000e+15
8.024351416015630321e+02,3.159011004733352960e+18,3.120312333366285312e+18,2.914367887408360448e+18,1.349126860781230400e+16,1.428196534157781600e+17,2.361581982367600128e+18,6.131555136349352960e+17,5.942642027004379000e+15
8.034899902343750000e+02,3.134010698162370560e+18,3.095733426574527488e+18,2.884636731100046848e+18,1.321142281399830800e+16,1.396383487047385600e+17,2.326370596760709120e+18,6.269040067582145280e+17,6.160275220311274000e+15
8.046600341796879547e+02,3.093751005400932352e+18,3.068337396730805248e+18,2.851436576448126464e+18,1.290581467557935600e+16,1.361699908347969600e+17,2.286989247246906112e+18,6.422711639127198720e+17,6.410374019445033000e+15
8.061053466796879547e+02,3.062407514634572288e+18,3.034358054556508160e+18,2.810207733896582656e+18,1.253491243018655800e+16,1.319686892917807680e+17,2.237964458426988544e+18,6.613915261282648320e+17,6.731629973724943000e+15
8.070000000000000000e+02,3.034438950867108352e+18,3.013270718659743744e+18,2.784612616399299072e+18,1.230910602643775600e+16,1.294155847814915520e+17,2.207440190079751936e+18,6.732920946998865920e+17,6.937736892844303000e+15
8.084000244140629547e+02,3.023513995206239232e+18,2.980228314142675456e+18,2.744522394281963008e+18,1.196105892278865600e+16,1.254869085823581280e+17,2.159475707819316992e+18,6.919869865933575680e+17,7.270698524942002000e+15
8.098099365234379547e+02,3.015383701610425856e+18,2.946943822181379072e+18,2.704212880036405248e+18,1.161851396054233800e+16,1.216300835778238240e+17,2.110968138491311104e+18,7.108860250633049600e+17,7.622078162572001000e+15
8.109799804687500000e+02,3.002183445008187392e+18,2.919353456691396096e+18,2.670883139652513280e+18,1.133940621802831600e+16,1.184937919840907360e+17,2.070643081961204224e+18,7.265913147379088640e+17,7.924391822708976000e+15
8.121500244140629547e+02,2.971856719777904640e+18,2.891820666756550144e+18,2.637730137984936448e+18,1.106516921228994200e+16,1.154180892774683360e+17,2.030300154103579648e+18,7.422966469033199360e+17,8.237053946551789000e+15
8.131999511718760232e+02,2.946455183020544000e+18,2.867187580587458048e+18,2.608186409223530496e+18,1.082336677571611800e+16,1.127112338058169120e+17,1.994123189112796928e+18,7.563722972423521280e+17,8.526913904525373000e+15
8.144899902343750000e+02,2.912631708450372608e+18,2.837040841600336384e+18,2.572207351276773376e+18,1.053164229877894600e+16,1.094517881095170560e+17,1.949754156225972224e+18,7.736223311253208320e+17,8.895000347038132000e+15
8.156600341796879547e+02,2.889458615173875712e+18,2.809853485699226112e+18,2.539978715100618752e+18,1.027272251975241000e+16,1.065653274940541600e+17,1.909652218482936576e+18,7.891955887726567680e+17,9.241729265487318000e+15
8.166076566256019760e+02,2.863054904754449920e+18,2.787945235177904640e+18,2.514159246616286208e+18,1.006647963975457600e+16,1.042699710757959680e+17,1.877290170167847424e+18,8.017494100455791360e+17,9.530579376375834000e+15
8.179899902343750000e+02,2.849724631863574016e+18,2.756211481270628864e+18,2.477059358643818496e+18,9.771808612217640000e+15,1.009971779957421760e+17,1.830343419717989376e+18,8.199306624247116800e+17,9.966626924631270000e+15
8.194000244140629547e+02,2.838093816979738112e+18,2.724112293951953408e+18,2.439885847037787648e+18,9.477906620001254000e+15,9.773997319175331200e+16,1.782795079740772352e+18,8.383049829633312000e+17,1.042765017723357400e+16
8.205699462890629547e+02,2.832544987756662784e+18,2.697753460870766080e+18,2.409712384606253568e+18,9.240171489965324000e+15,9.511148674687736000e+16,1.743710489630276352e+18,8.533638321577959680e+17,1.082546223090724600e+16
8.215923039362979807e+02,2.810603710807961600e+18,2.674913597974925312e+18,2.383813313789565440e+18,9.036421888089544000e+15,9.286271217209046400e+16,1.709828666789389312e+18,8.663832262424522240e+17,1.118336438801881600e+16
8.231400146484379547e+02,2.784923522249229312e+18,2.640721958285057024e+18,2.345522096439306752e+18,8.735393340191653000e+15,8.954734582917208000e+16,1.659098744859512576e+18,8.858012046791255040e+17,1.174473987462762400e+16
8.243099365234379547e+02,2.747078391299345408e+18,2.615183474294803456e+18,2.317299429252365312e+18,8.513440733100157000e+15,8.710803045378584000e+16,1.621216713501207040e+18,9.002356275065080320e+17,1.218425349810653600e+16
8.252591992187500409e+02,2.723727435880371200e+18,2.594688051969009152e+18,2.294924358191546368e+18,8.337280419641509000e+15,8.517547885161963200e+16,1.590832678677821696e+18,9.117603905527252480e+17,1.255182629169405600e+16
8.266500244140629547e+02,2.699127882561496064e+18,2.565016769886291456e+18,2.262958268903106816e+18,8.085131908735762000e+15,8.241438495077528000e+16,1.546889927793000960e+18,9.283374883278191360e+17,1.310750642949838400e+16
8.278199462890629547e+02,2.684784007690146304e+18,2.540402006231306240e+18,2.236842925383002112e+18,7.878565969539471000e+15,8.015698790213868800e+16,1.510492387836790528e+18,9.419744220342592000e+17,1.359131664936334600e+16
8.288015418419470279e+02,2.668423353784241664e+18,2.519989292567892992e+18,2.215462026874845696e+18,7.708992849460514000e+15,7.830682409669134400e+16,1.480357912328659712e+18,9.531940874289227520e+17,1.400868788380721600e+16
8.303900146484379547e+02,2.660994188905003520e+18,2.487418008657681408e+18,2.181867505751256832e+18,7.441608202748359000e+15,7.539482770625192000e+16,1.432387641463497216e+18,9.709082021922228480e+17,1.470629050078904600e+16
8.315323388671879457e+02,2.643852821784462848e+18,2.464398243224073728e+18,2.158569353869627136e+18,7.255314135262745000e+15,7.337032870034803200e+16,1.398601763249422848e+18,9.832460167271329280e+17,1.522761696489981800e+16
8.327299804687500000e+02,2.621113863874844160e+18,2.440611552696135168e+18,2.134868692510102528e+18,7.065053399675481000e+15,7.130624184563901600e+16,1.363808234473441024e+18,9.958216270749836800e+17,1.579150545923270200e+16
8.339000244140629547e+02,2.587053737774804480e+18,2.417704173888804352e+18,2.112391651202823680e+18,6.883918868398699000e+15,6.934433688272381600e+16,1.330426867024034048e+18,1.007753693216220032e+18,1.635927052641597800e+16
8.348399658203129547e+02,2.558915762756974080e+18,2.399541585921665024e+18,2.094816237096189696e+18,6.741800919145223000e+15,6.780722202287020000e+16,1.304060359324583424e+18,1.017075280698555648e+18,1.682790120169461400e+16
8.360277005709140212e+02,2.538235183905372160e+18,2.376901710295145472e+18,2.073219431557977344e+18,6.566577245541626000e+15,6.591476022364718400e+16,1.271336651764329984e+18,1.028502066749456000e+18,1.743676460869622600e+16
8.375761812650249567e+02,2.513775431199608832e+18,2.347890825235530752e+18,2.046034852852237568e+18,6.345163725720528000e+15,6.352761915094156800e+16,1.229658979171236352e+18,1.042806948152289280e+18,1.825869659694395200e+16
8.385115309495199654e+02,2.493107983321875968e+18,2.330650324523619328e+18,2.030146637888393216e+18,6.215339853201796000e+15,6.213018961001767200e+16,1.205047047204768000e+18,1.051104449656190976e+18,1.877157336615634400e+16
8.399899902343750000e+02,2.479432937653479424e+18,2.303853544804426496e+18,2.005862219762590720e+18,6.016393975005390000e+15,5.999213678949500000e+16,1.167069367157896448e+18,1.063646649574495872e+18,1.960993905054114000e+16
8.411008019080539952e+02,2.460297936996518912e+18,2.284040321219799808e+18,1.988185831438542080e+18,5.871323645806146000e+15,5.843538761770828800e+16,1.139200630811310848e+18,1.072652029537604992e+18,2.026028238250149600e+16
8.420999755859379547e+02,2.455238855802430976e+18,2.266464196360686080e+18,1.972712355291310592e+18,5.744218670150403000e+15,5.707313721246215200e+16,1.114653884118906752e+18,1.080420334627728128e+18,2.086175954613707200e+16
8.435000000000000000e+02,2.432566865209640448e+18,2.242199397700057856e+18,1.951643889027779840e+18,5.571126892726733000e+15,5.522045877729101600e+16,1.081043663909692160e+18,1.090798518828444672e+18,2.173015012340892000e+16
8.446608398437509777e+02,2.409923507021163008e+18,2.222432172297531648e+18,1.934752854952855808e+18,5.432490108369434000e+15,5.373885089315154400e+16,1.053954280958206208e+18,1.098892890035617664e+18,2.247655498478184800e+16
8.458399658203129547e+02,2.378555275875907584e+18,2.202642153526553088e+18,1.918054035443484416e+18,5.295700817440718000e+15,5.227879886882736000e+16,1.027092730938648704e+18,1.106678126662038144e+18,2.325784794690537600e+16
8.470100097656250000e+02,2.351980541501319168e+18,2.183282347287129344e+18,1.901912071103767808e+18,5.163876712757169000e+15,5.087344465282513600e+16,1.001082303486716800e+18,1.113967251298030080e+18,2.405678801559265200e+16
8.482392390324520193e+02,2.331222072684516864e+18,2.163229174051788800e+18,1.885380768162622976e+18,5.029450116069513000e+15,4.944205768930180800e+16,9.744348616702094080e+17,1.121158580710071168e+18,2.492211438079504400e+16
8.496451611328129729e+02,2.309956787074749952e+18,2.140662133665940992e+18,1.867003376925556480e+18,4.881012847519218000e+15,4.786363594347988000e+16,9.448567259141583360e+17,1.128754090403664640e+18,2.594799689924021600e+16
8.509899902343750000e+02,2.292260701981164288e+18,2.119419502507485440e+18,1.849898489012673792e+18,4.744060784034902000e+15,4.640931630921536800e+16,9.174286336966118400e+17,1.135402954974460288e+18,2.696596816578726800e+16
8.519300537109379547e+02,2.276385578954393088e+18,2.104754590200429568e+18,1.838184767492843264e+18,4.651073626627106000e+15,4.542291569315909600e+16,8.987332582071845120e+17,1.139703914078267776e+18,2.769888921622176400e+16
8.528699951171879547e+02,2.256396811533425920e+18,2.090239560572632576e+18,1.826660476323605248e+18,4.560340737771047000e+15,4.446126725769981600e+16,8.804340101267639040e+17,1.143714019044785536e+18,2.845010055136316400e+16
8.540400390625000000e+02,2.250059770368822272e+18,2.072369648387661824e+18,1.812557065275257600e+18,4.450455553760213000e+15,4.329775127539721600e+16,8.581970126304641280e+17,1.148300143169431296e+18,2.941165116214838400e+16
8.556800537109379547e+02,2.241354129807366144e+18,2.047671255977501952e+18,1.793191198919840256e+18,4.301951538814507500e+15,4.172728921970532800e+16,8.280163191210246400e+17,1.153974054843175936e+18,3.081048499824752000e+16
8.566199951171879547e+02,2.222610858731650304e+18,2.033689987534231296e+18,1.782280655145342208e+18,4.219662449784310500e+15,4.085805867847333600e+16,8.112293599593168640e+17,1.156828775025342464e+18,3.164008930472373600e+16
8.577900390625000000e+02,2.198386904710745088e+18,2.016460254323907072e+18,1.768873897653008640e+18,4.120142167966591500e+15,3.980782351236045600e+16,7.908651110998544640e+17,1.159959459953808384e+18,3.270371084907686000e+16
8.591899414062500000e+02,2.175860437889111040e+18,1.996064730165782784e+18,1.753036043724900096e+18,4.004847410661692500e+15,3.859241672053121600e+16,7.671960920964706560e+17,1.163141628242526208e+18,3.401904878273773200e+16
8.601300048828129547e+02,2.152933750628933632e+18,1.982503076994659840e+18,1.742513318538329088e+18,3.929821587103265000e+15,3.780233333437991200e+16,7.517472593325672960e+17,1.164910556953499392e+18,3.493133748742718800e+16
8.613000488281250000e+02,2.138583102535961344e+18,1.965752983240479744e+18,1.729513009024806400e+18,3.838832069279778000e+15,3.684495619146000000e+16,7.329667255519411200e+17,1.166735117653277440e+18,3.609766828276855200e+16
8.627099609375000000e+02,2.121009204988165632e+18,1.945766978160912128e+18,1.713974094155988992e+18,3.733006007414682000e+15,3.573277151153839200e+16,7.110566946151193600e+17,1.168313771698760448e+18,3.755592876429524800e+16
8.641199951171879547e+02,2.117138062472705024e+18,1.925961339900033280e+18,1.698525605950945536e+18,3.630864060725442000e+15,3.466057403570794800e+16,6.898481250393450240e+17,1.169273054755222784e+18,3.906951882918236000e+16
8.652132421874999864e+02,2.099435869834511872e+18,1.910720197227750912e+18,1.686588356738148608e+18,3.554129674611987500e+15,3.385594045002092400e+16,6.738766966919095040e+17,1.169591033455264256e+18,4.028270129878976000e+16
8.659899902343750000e+02,2.086518500678856192e+18,1.899952735085069312e+18,1.678119194785474816e+18,3.500994641352015000e+15,3.329925979880694400e+16,6.627967687229347840e+17,1.169570540995648000e+18,4.116851977361058400e+16
8.674000244140629547e+02,2.058875705884575232e+18,1.880504447724702976e+18,1.662749595246925056e+18,3.406863550523783000e+15,3.231391385375515200e+16,6.431356742058420480e+17,1.169109275070719488e+18,4.281904218668990400e+16
8.688122793344359707e+02,2.043886812851375872e+18,1.861168999519047424e+18,1.647330169946620928e+18,3.316235054543222000e+15,3.136657287103182400e+16,6.241592239851212800e+17,1.167960549659853056e+18,4.454406093362231200e+16
8.699799804687500000e+02,2.023288822358969088e+18,1.845262522640682496e+18,1.634541981708924416e+18,3.243539961489892000e+15,3.060754347060775600e+16,6.089114986349159680e+17,1.166574648044947712e+18,4.601830991835933600e+16
8.711500244140629547e+02,2.004162100029606144e+18,1.829391830308570624e+18,1.621674823269075200e+18,3.172732863619622500e+15,2.986902797685577600e+16,5.940379017853864960e+17,1.164778413720082176e+18,4.754219118545742400e+16
8.721080416165870020e+02,1.989396880976705536e+18,1.816444095689000704e+18,1.611085762506019840e+18,3.116292570733136500e+15,2.928098333424942000e+16,5.821671535926073600e+17,1.162991393673529344e+18,4.882759572265068000e+16
8.732600097656250000e+02,1.979150161713284864e+18,1.800921207100153600e+18,1.598281389234756096e+18,3.050073763845367500e+15,2.859175289269016800e+16,5.682252404573948160e+17,1.160494159268046592e+18,5.041632286236390400e+16
8.746700439453129547e+02,1.966381183128825600e+18,1.781984817228856832e+18,1.582472307280037888e+18,2.971577738725811500e+15,2.777585691189253600e+16,5.516789631307651200e+17,1.156880469362345472e+18,5.243287333623236000e+16
8.757939697265629775e+02,1.957157940300382720e+18,1.766931587834883072e+18,1.569752619953622528e+18,2.910869315943637000e+15,2.714570262645205600e+16,5.388702449136433280e+17,1.153582314370044160e+18,5.409661839640034400e+16
8.767800292968750000e+02,1.944053111100709632e+18,1.753749106548036608e+18,1.558499183809993984e+18,2.858883008771439000e+15,2.660669977245350000e+16,5.278951593417656960e+17,1.150393926663797248e+18,5.559777810618293600e+16
8.774899902343750000e+02,1.931919411525632000e+18,1.744268600438300928e+18,1.550345645228122880e+18,2.822088050149263000e+15,2.622552181703006000e+16,5.201244108070522880e+17,1.147948670502952064e+18,5.670026827520319200e+16
8.798399658203129547e+02,1.914974468609693952e+18,1.712950939460314368e+18,1.522930560066559488e+18,2.704896105681095500e+15,2.501388256610923600e+16,4.953620418409207040e+17,1.138733211763939584e+18,6.052050498486337600e+16
8.810100097656250000e+02,1.897571741255052800e+18,1.697380698458781696e+18,1.509045673014241280e+18,2.648769219683346500e+15,2.443484134330252400e+16,4.835003736548070400e+17,1.133583308926825472e+18,6.251293050875638400e+16
8.819499511718750000e+02,1.878620097413954048e+18,1.684879782762901248e+18,1.497767654586534400e+18,2.604724414778571000e+15,2.398107839908829200e+16,4.741929689192536320e+17,1.129173100810192512e+18,6.415985666130417600e+16
8.831199951171879547e+02,1.866201622761825792e+18,1.669324445655492608e+18,1.483572761062894080e+18,2.551120949803834500e+15,2.342961675919946800e+16,4.628683634399024000e+17,1.123355359658071296e+18,6.626774848998984800e+16
8.843000488281250000e+02,1.853859765432038400e+18,1.653639639437282560e+18,1.469076607922840832e+18,2.498377314757764500e+15,2.288788116571653600e+16,4.517302478554044800e+17,1.117125905144385152e+18,6.846000986895210400e+16
8.855556815011160552e+02,1.844514859239934720e+18,1.636951163427121152e+18,1.453435125576785152e+18,2.443737812901157500e+15,2.232772045342241200e+16,4.401997977798384640e+17,1.110079288111965568e+18,7.087287265472575200e+16
8.868800048828129547e+02,1.827175926788826112e+18,1.619347628194121728e+18,1.436691864456583424e+18,2.387683766952273500e+15,2.175424149175765200e+16,4.283824124577322880e+17,1.102190271725334784e+18,7.350966662161488000e+16
8.879255419921879593e+02,1.808503913378264064e+18,1.605446992608664576e+18,1.423306169453924608e+18,2.344441901074833000e+15,2.131265063244488000e+16,4.192755175183743360e+17,1.095660594323944064e+18,7.565487021197771200e+16
8.890361515925479807e+02,1.785153795404754688e+18,1.590677498425307904e+18,1.408919484791636992e+18,2.299484062983782500e+15,2.085435828715986000e+16,4.098180440628719360e+17,1.088427610744529792e+18,7.799872754570499200e+16
8.901700439453129547e+02,1.772689909738847744e+18,1.575594007820333568e+18,1.394054681920291072e+18,2.254573706524488500e+15,2.039742860783173600e+16,4.003833399859496320e+17,1.080735231960903936e+18,8.046203027076177600e+16
8.918199462890629547e+02,1.766805401172266752e+18,1.553638196981052160e+18,1.372097868645718784e+18,2.190999889965329250e+15,1.975228251602555200e+16,3.870547981373353600e+17,1.068976900984695680e+18,8.418215059347553600e+16
8.927600097656250000e+02,1.759134173322226432e+18,1.541124854233410048e+18,1.359425116556521216e+18,2.155637949132114000e+15,1.939429187028501200e+16,3.796560729592136320e+17,1.061997244412654336e+18,8.637229135010243200e+16
8.939300537109379547e+02,1.745947525930444288e+18,1.525547492538845440e+18,1.343486257417645824e+18,2.112491292234529250e+15,1.895841158953966800e+16,3.706457964681871360e+17,1.053022225465728000e+18,8.917424022203196800e+16
8.953222844050490039e+02,1.732133975619655936e+18,1.507010373789355264e+18,1.324306266068205056e+18,2.062268913235393500e+15,1.845229877220168800e+16,3.601826017004899200e+17,1.041965198085525120e+18,9.261245509100216000e+16
8.963873384915870020e+02,1.713305322391146752e+18,1.492830298662046464e+18,1.309471482143817984e+18,2.024701182632478000e+15,1.807471733836382000e+16,3.523767446167741440e+17,1.033213835872863488e+18,9.532727496126843200e+16
8.974599609375000000e+02,1.690832739464537088e+18,1.478552533641155072e+18,1.294398077489624576e+18,1.987582846350782750e+15,1.770254508581826600e+16,3.446836905370646400e+17,1.024150493366565504e+18,9.813715815202072000e+16
8.988699951171879547e+02,1.680945695936054016e+18,1.459792956614112512e+18,1.274391032206415872e+18,1.939866067256040000e+15,1.722552041267056000e+16,3.348261147313475200e+17,1.011855339353112448e+18,1.019524746778246720e+17
8.998464965820320458e+02,1.666836443784556544e+18,1.446809761624801280e+18,1.260433003436510464e+18,1.907430377664657000e+15,1.690210383352537400e+16,3.281451646467831040e+17,1.003122823729874688e+18,1.046675846364082720e+17
9.011653677133419933e+02,1.653757367996718336e+18,1.429290383882778112e+18,1.241457021018815232e+18,1.864423574660069500e+15,1.647444159068950600e+16,3.193148114026080000e+17,9.910406630632380160e+17,1.084355427898072800e+17
9.021700439453129547e+02,1.644346293145957376e+18,1.415961049760280064e+18,1.226916596561650944e+18,1.832277048596905000e+15,1.615570503850590200e+16,3.127374052152805760e+17,9.816147581886277120e+17,1.113874651610820480e+17
9.035268836388230511e+02,1.623362711672962816e+18,1.397986802380757504e+18,1.207189220870470144e+18,1.789637021359594750e+15,1.573415220171898800e+16,3.040441797795169920e+17,9.686043529079979520e+17,1.154826744559483040e+17
9.047600097656250000e+02,1.611229141133254656e+18,1.381688255808950016e+18,1.189187512928486912e+18,1.751699206678239000e+15,1.536043609341464600e+16,2.963447174843717120e+17,9.564856551957841920e+17,1.193247381709105120e+17
9.059399414062500000e+02,1.594565636155714304e+18,1.366128983613508096e+18,1.171927409461366272e+18,1.716027778301701750e+15,1.501013990074405400e+16,2.891343261278515840e+17,9.446631454844328960e+17,1.230991766828706560e+17
9.071099853515629547e+02,1.585172816820691712e+18,1.350741325977717248e+18,1.154799450396644096e+18,1.681249757378456500e+15,1.466969064076633800e+16,2.821335785553241600e+17,9.327276965600531200e+17,1.269387280579418240e+17
9.085477201021640212e+02,1.573849176920633088e+18,1.331898945558182912e+18,1.133769976034905344e+18,1.639300451962633000e+15,1.426051376984521400e+16,2.737298331528790080e+17,9.177854385436075520e+17,1.317903671478351040e+17
9.092399902343750000e+02,1.562953243321243136e+18,1.322857644604824064e+18,1.123664497712000512e+18,1.619423895401768750e+15,1.406726209239292800e+16,2.697654056497572160e+17,9.104793511719695360e+17,1.341832404294576320e+17
9.111199951171879547e+02,1.542484740190137856e+18,1.298415989600861696e+18,1.096341470578680064e+18,1.566393098429943250e+15,1.355357591142115600e+16,2.592425076341558720e+17,8.903202290455946240e+17,1.408566237448335680e+17
9.121373244065509880e+02,1.525692707310120192e+18,1.285265218821307392e+18,1.081657194792167552e+18,1.538253413447794500e+15,1.328215635918564800e+16,2.536919789621519040e+17,8.792304229995079680e+17,1.445738342942426240e+17
9.132399902343750000e+02,1.508587511737490944e+18,1.271077682055374080e+18,1.065846436262775168e+18,1.508177435929458000e+15,1.299297043004012800e+16,2.477859665332501760e+17,8.670782436640583680e+17,1.486861915801790080e+17
9.139499511718750000e+02,1.496014426288233728e+18,1.261987696104713984e+18,1.055744873927097088e+18,1.489069627875289250e+15,1.280980856012574200e+16,2.440502838714214080e+17,8.591771938281245440e+17,1.513855308426296640e+17
9.153146362304689774e+02,1.486759079627122176e+18,1.244599034058016000e+18,1.036485815046098432e+18,1.452778333823208750e+15,1.246290837808824800e+16,2.369840248947548160e+17,8.438649335451343360e+17,1.566635803031128000e+17
9.167704296875000409e+02,1.481535772929358080e+18,1.226211970832236800e+18,1.016268711782032384e+18,1.414819628953491500e+15,1.210178366380617600e+16,2.296442106574265920e+17,8.273290769839198720e+17,1.624508768751488320e+17
9.181999511718750000e+02,1.465257685336774656e+18,1.208316211389402368e+18,9.967584151808608000e+17,1.378202077048816000e+15,1.175493714395463600e+16,2.226094539758255360e+17,8.109329400516345600e+17,1.682718222897187200e+17
9.191400146484379547e+02,1.451156240987718656e+18,1.196648252120379392e+18,9.841527070586568960e+17,1.354494926457334000e+15,1.153125531774161000e+16,2.180815384436536000e+17,8.000698482030588160e+17,1.721786275369606720e+17
9.204615478515629547e+02,1.434674027452077312e+18,1.180375853579503360e+18,9.667312860605783040e+17,1.321610935362974500e+15,1.122203872268421000e+16,2.118329949996191360e+17,7.847134916621866240e+17,1.777645356492873920e+17
9.215000000000000000e+02,1.419932167320505344e+18,1.167718684168176384e+18,9.533453164480660480e+17,1.296179897588916000e+15,1.098387757658990600e+16,2.070305462735008960e+17,7.725780908599384320e+17,1.822398671754538880e+17
9.226800537109379547e+02,1.409026080713136384e+18,1.153478423678073856e+18,9.384741559582551040e+17,1.267696011912927500e+15,1.071811528101380000e+16,2.016821519345781440e+17,7.587314315499238400e+17,1.874113955135473600e+17
9.238599853515629547e+02,1.401327720430408960e+18,1.139391361304436992e+18,9.239687870158007040e+17,1.239627568593051750e+15,1.045721026331913000e+16,1.964422404681697920e+17,7.448418503050955520e+17,1.926661775731312960e+17
9.250400390625000000e+02,1.385267138004709888e+18,1.125462280365214208e+18,9.098460582442648320e+17,1.211963962437964250e+15,1.020103315484619000e+16,1.913080138763067520e+17,7.309191448329126400e+17,1.980021645644351360e+17
9.271700439453129547e+02,1.328575474747669248e+18,1.100756979385488768e+18,8.854048394265491200e+17,1.163070690027979000e+15,9.750680701198656000e+15,1.823096195509614720e+17,7.057493967510799360e+17,2.078301326966887360e+17
9.288199462890629547e+02,1.280780904971704832e+18,1.082038822912012544e+18,8.674697372556312320e+17,1.126125051531128000e+15,9.412490915505576000e+15,1.755767839109107520e+17,6.862614370946419200e+17,2.156064360309468160e+17
9.300000000000000000e+02,1.236297963082123776e+18,1.068882203668429184e+18,8.551840611256334080e+17,1.100181899914640625e+15,9.176087657297960000e+15,1.708830218063565120e+17,6.723499276887325440e+17,2.212461916535163840e+17
9.309499511718750000e+02,1.193265672658090496e+18,1.058438253658399104e+18,8.456335890048587520e+17,1.079591585382917500e+15,8.989101700122244000e+15,1.671780969966059200e+17,6.611780883361331200e+17,2.258300775378214080e+17
9.320724072265629729e+02,1.159468094801264128e+18,1.046269694249826560e+18,8.347390384218570240e+17,1.055595506236940750e+15,8.771896246352558000e+15,1.628829789298358400e+17,6.480178791409463040e+17,2.312922686493707520e+17
9.333745821439309793e+02,1.133879712995309056e+18,1.032383643437184256e+18,8.226142847439165440e+17,1.028192705927814250e+15,8.524755672993637000e+15,1.580069175642312960e+17,6.328160953217492480e+17,2.376836191586114240e+17
9.344899902343750000e+02,1.111420097549429376e+18,1.020716821121853824e+18,8.127236225854257920e+17,1.005137924673479250e+15,8.317665619543516000e+15,1.539313710023013440e+17,6.198710815904802560e+17,2.432045715805452160e+17
9.359100341796879547e+02,1.091606092491317888e+18,1.006170440084301312e+18,8.007792813560581120e+17,9.763348866696728750e+14,8.059993975757098000e+15,1.488735038604635840e+17,6.035107168131731200e+17,2.502845300980852160e+17
9.368599853515629547e+02,1.074906391175058432e+18,9.966168489073153280e+17,7.931529948587648000e+17,9.573778008474726250e+14,7.890979612715369000e+15,1.455631509588515840e+17,5.926436321278734080e+17,2.550449332942972160e+17
9.379426879882820458e+02,1.059768591407113984e+18,9.859160078247429120e+17,7.848363784518129920e+17,9.360961910507855000e+14,7.701820629644801000e+15,1.418656059777928480e+17,5.803468902676814080e+17,2.604912873416800320e+17
9.392299804687500000e+02,1.049762147784497152e+18,9.734484903234937600e+17,7.754444526339811840e+17,9.112292056184913750e+14,7.481542304988274000e+15,1.375693420530908800e+17,5.658567842456398080e+17,2.669883297284132480e+17
9.404654165414669933e+02,1.038648406179471488e+18,9.617555199918076160e+17,7.669430808991952640e+17,8.878238508513935000e+14,7.274966403501634000e+15,1.335500606939220960e+17,5.520996381015138560e+17,2.732390510207573120e+17
9.409952001953130321e+02,1.030786338727549696e+18,9.568469477575580160e+17,7.634899351154534400e+17,8.779640443543692500e+14,7.188222055781380000e+15,1.318659204415820640e+17,5.462618044992858880e+17,2.759227588310962240e+17
9.423000488281250000e+02,1.019550558952018176e+18,9.449158886952536320e+17,7.552644554791439360e+17,8.539436157385466250e+14,6.977292354113177000e+15,1.277759111325001760e+17,5.319810245879898880e+17,2.825335618019877120e+17
9.437299804687500000e+02,1.013097225980123648e+18,9.322202969817118720e+17,7.469002692742181120e+17,8.282495761849936250e+14,6.752570848380744000e+15,1.234303607692691200e+17,5.165745272534837120e+17,2.897725656991580800e+17
9.449100341796879547e+02,1.009089921152635520e+18,9.220211837284536320e+17,7.404550396124439040e+17,8.075050327698356250e+14,6.571763018160419000e+15,1.199422691597370720e+17,5.040484828405651200e+17,2.957346924954913280e+17
9.458599853515629547e+02,1.007963806401190784e+18,9.139947456224721920e+17,7.355582914129267200e+17,7.911091994047145000e+14,6.429250749668949000e+15,1.171981969459329600e+17,4.940950053387558400e+17,3.005219105201156480e+17
9.472800292968750000e+02,9.975653261470133760e+17,9.022974049772320000e+17,7.286998409502389760e+17,7.670968616846431250e+14,6.221147034470099000e+15,1.131993519455810400e+17,4.794368581264917120e+17,3.076513774834634880e+17
9.486079589843750455e+02,1.000768153512546944e+18,8.917120417805585920e+17,7.228061132366801920e+17,7.452262866126701250e+14,6.032279094306714000e+15,1.095792230934753120e+17,4.659993572327120640e+17,3.142780914375091200e+17
9.496500244140629547e+02,9.935379196744346880e+17,8.836352002930327040e+17,7.185059918674286080e+17,7.284449126692750000e+14,5.887775120307485000e+15,1.068150733476834080e+17,4.556366338684610560e+17,3.194465125620172800e+17
9.505999755859379547e+02,9.820322444076375040e+17,8.764433405830197760e+17,7.148194878926956800e+17,7.134314891612871250e+14,5.758789249144072000e+15,1.043517765030105120e+17,4.463294591819471360e+17,3.241309683335889920e+17
9.518446420522840299e+02,9.780119207365971200e+17,8.672859430714580480e+17,7.103396760936259840e+17,6.942040815441940000e+14,5.594033195996607000e+15,1.012113037905731200e+17,4.343575681880316160e+17,3.302213958939843200e+17
9.529699707031250000e+02,9.742486604360783360e+17,8.592447381937395200e+17,7.065926179335481600e+17,6.772199654868052500e+14,5.448868870268461000e+15,9.844936146975905600e+16,4.237385688236974720e+17,3.356807269214233600e+17
9.541600341796879547e+02,9.743405029357397760e+17,8.509881801443683840e+17,7.029339537421786880e+17,6.596759611243221250e+14,5.299283402533338000e+15,9.560834021634376000e+16,4.127268080586096000e+17,3.414004407465287040e+17
9.555799560546879547e+02,9.703234537590632960e+17,8.414742449621743360e+17,6.989678155045621760e+17,6.393162416835290000e+14,5.126158350266862000e+15,9.232674729257339200e+16,3.998934703249457280e+17,3.481447074376818560e+17
9.562900390625000000e+02,9.693770135784606720e+17,8.368535701583296000e+17,6.971416056719349760e+17,6.293687754341708750e+14,5.041754248221185000e+15,9.072941060245211200e+16,3.936022982349763200e+17,3.514825343073912960e+17
9.577476618840149740e+02,9.628323166700039680e+17,8.276626006835578880e+17,6.937165092851783680e+17,6.094553797377975000e+14,4.873153670274075000e+15,8.754378110510268800e+16,3.809665059854814720e+17,3.582531081854462080e+17
9.586700439453129547e+02,9.562490774178937600e+17,8.220308778830288640e+17,6.917462735540561920e+17,5.971733094958585000e+14,4.769384100945321000e+15,8.558619031235286400e+16,3.731479501688300800e+17,3.624839680398411520e+17
9.599075732421880502e+02,9.486795687935650560e+17,8.147160042091461120e+17,6.893518786051642880e+17,5.811152606428772500e+14,4.633981742236434000e+15,8.303567871773102400e+16,3.628945414074728960e+17,3.680860548617844480e+17
9.610400390625000000e+02,9.475554802683326720e+17,8.082452520190392320e+17,6.873839394044012800e+17,5.668124659230651250e+14,4.513616294880006000e+15,8.077177788053054400e+16,3.537343731368097280e+17,3.731400953242261120e+17
9.624699707031250000e+02,9.460864663300277760e+17,8.003679343073541120e+17,6.851826432059276800e+17,5.492717137251898125e+14,4.366294528103481500e+15,7.800505769356462400e+16,3.424658839542376960e+17,3.794215797464323840e+17
9.636600341796879547e+02,9.431489185023805440e+17,7.940922975284490240e+17,6.836121453141219840e+17,5.351739677454003750e+14,4.248151616844640500e+15,7.579008668584556800e+16,3.333776307821306240e+17,3.845485789542105600e+17
9.643699951171879547e+02,9.421456984116023040e+17,7.904399795870695680e+17,6.827582238271909120e+17,5.269283283164954375e+14,4.179132643665583000e+15,7.449728594000097600e+16,3.280518951909491840e+17,3.875729721022448000e+17
9.658000488281250000e+02,9.338608078590940160e+17,7.833607886822544640e+17,6.812816790555061760e+17,5.108229033955838125e+14,4.044554319895818000e+15,7.197983505015487200e+16,3.176202612676402560e+17,3.935565948154664960e+17
9.669799804687500000e+02,9.276500974976042240e+17,7.777463389804373760e+17,6.802561945932244480e+17,4.979486891461736250e+14,3.937153073239372500e+15,6.997335631073092000e+16,3.092580650287608320e+17,3.984018238301742080e+17
9.682254263070919933e+02,9.210582447617496320e+17,7.720398743372636160e+17,6.793548973249569280e+17,4.847649182138281250e+14,3.827329865451336000e+15,6.792400055612197600e+16,3.006725284864504960e+17,4.034235417986249600e+17
9.693599853515629547e+02,9.130398987958712320e+17,7.670382199856606720e+17,6.786911903323833600e+17,4.731208953603261875e+14,3.730467514777635500e+15,6.611850296435858400e+16,2.930700777188354560e+17,4.079123260432001920e+17
9.705500488281250000e+02,9.087907103429879040e+17,7.620004771884893440e+17,6.781564753725432320e+17,4.612988610086998750e+14,3.632256360902185000e+15,6.428984813998368000e+16,2.853308949324073600e+17,4.125262810497460480e+17
9.717399902343750000e+02,9.046944952681004800e+17,7.571624856994872320e+17,6.777711330988236800e+17,4.498556246798706875e+14,3.537308697683835000e+15,6.252373053165359200e+16,2.778202623094694720e+17,4.170463238783036160e+17
9.729300537109379547e+02,9.030746464163046400e+17,7.525091055462963200e+17,6.775202066809273600e+17,4.387653198266427500e+14,3.445389593711557000e+15,6.081548776159192800e+16,2.705232776193699840e+17,4.214770572303699200e+17
9.741199951171879547e+02,8.989601922898296320e+17,7.480357096525525760e+17,6.773958162876092160e+17,4.280227186360442500e+14,3.356442112368432500e+15,5.916386917816791200e+16,2.634376007066093760e+17,4.258174803278119040e+17
9.752126370943519760e+02,8.905848306122152960e+17,7.440846749556824320e+17,6.773886389297580800e+17,4.184636924467423750e+14,3.277366547098056000e+15,5.769669721999613600e+16,2.571172858201228800e+17,4.297221255133777280e+17
9.763161714993990472e+02,8.852387678237978880e+17,7.402405622585927680e+17,6.774784076096323840e+17,4.090972826646157500e+14,3.199946075631878000e+15,5.626122789950212000e+16,2.509099098235824960e+17,4.335877743851916160e+17
9.776999511718750000e+02,8.828099540400046080e+17,7.356338380790150400e+17,6.777276706183728640e+17,3.977774179392115625e+14,3.106459290427948500e+15,5.452919752858554400e+16,2.433867310165442560e+17,4.383172776682079360e+17
9.786500244140629547e+02,8.771967771750661120e+17,7.325909412401472000e+17,6.779730730668367360e+17,3.902468412934802500e+14,3.044307728396418000e+15,5.337840705602852000e+16,2.383697830779259520e+17,4.414961013124583040e+17
9.798399658203129547e+02,8.751917171990115840e+17,7.289238557006539520e+17,6.783664768944724480e+17,3.811082350120305000e+14,2.968928091832135000e+15,5.198344754415460000e+16,2.322667578680564480e+17,4.453926125829230720e+17
9.810300292968750000e+02,8.708234803156275200e+17,7.254011115122705920e+17,6.788432964200134400e+17,3.722667640558680625e+14,2.896037589015749500e+15,5.063524964132883200e+16,2.263470292900580480e+17,4.492013783216738560e+17
9.821838285006009528e+02,8.655750340040968960e+17,7.221192904743143680e+17,6.793796298391390720e+17,3.639733275315786250e+14,2.827695553249140000e+15,4.937176653895736800e+16,2.207799417929894720e+17,4.528098673436661120e+17
9.832631272536059441e+02,8.581519143016556800e+17,7.191661089439366400e+17,6.799434466774846720e+17,3.564621211405367500e+14,2.765821819116335500e+15,4.822832849766206400e+16,2.157251378627514880e+17,4.561091175254974080e+17
9.843699951171879547e+02,8.550177925888428800e+17,7.162479732553146880e+17,6.805779624110648320e+17,3.489958058402889375e+14,2.704335106625722000e+15,4.709243350834940000e+16,2.106881105780786880e+17,4.594178495723002880e+17
9.859200439453129547e+02,8.533700594259392000e+17,7.123565038149314560e+17,6.815603734997882880e+17,3.389656154077838750e+14,2.621756231846149000e+15,4.556747476127252800e+16,2.038988704998764480e+17,4.639131851294759680e+17
9.867600097656250000e+02,8.488406259919909120e+17,7.103259854006973440e+17,6.821282338993815040e+17,3.337040607518263750e+14,2.578443458545756500e+15,4.476783427450715200e+16,2.003280226272366080e+17,4.662912953017133440e+17
9.877099609375000000e+02,8.459200072965108480e+17,7.080980628096550400e+17,6.827998477125800960e+17,3.279080224144120000e+14,2.530733647696848000e+15,4.388716888490313600e+16,1.963859383991582720e+17,4.689281816265169920e+17
9.893800048828129547e+02,8.418215227831819520e+17,7.043427867553012480e+17,6.840452798083795200e+17,3.180896018485456250e+14,2.449914361810645500e+15,4.239563672940550400e+16,1.896874811271841600e+17,4.734342411669395840e+17
9.903399658203129547e+02,8.364367552966609920e+17,7.022796082347694080e+17,6.847961200176840960e+17,3.126701911037485000e+14,2.405301375346426500e+15,4.157242859878912000e+16,1.859774859087097920e+17,4.759436989935347840e+17
9.917700195312500000e+02,8.310584331396974080e+17,6.993236488418490880e+17,6.859524213306566400e+17,3.048816965749346875e+14,2.341175348600424000e+15,4.038926110378767200e+16,1.806292540339871360e+17,4.795758639859758080e+17
9.927299804687500000e+02,8.269376498481477120e+17,6.974082290352483840e+17,6.867482464036724480e+17,2.998242792799364375e+14,2.299526560669179000e+15,3.962084529351096800e+16,1.771463570384926720e+17,4.819486170951396480e+17
9.936800537109379547e+02,8.220540015961153280e+17,6.955664842341534720e+17,6.875491413421443840e+17,2.949562582802146875e+14,2.259428340815283500e+15,3.888104133891302400e+16,1.737856658295253760e+17,4.842428623267785600e+17
9.948800048828129547e+02,8.196240758706757120e+17,6.933152478991921920e+17,6.885758477988800000e+17,2.890039456944595625e+14,2.210382943127524250e+15,3.797613985848127200e+16,1.696645301295514560e+17,4.870610761961855360e+17
9.960699462890629547e+02,8.159186441661935360e+17,6.911555854829776640e+17,6.896049807528007680e+17,2.832980982714843750e+14,2.163349593630514250e+15,3.710830684287406400e+16,1.657019062184784640e+17,4.897734869491943680e+17
9.970300292968750000e+02,8.151348350205830400e+17,6.894643923091368960e+17,6.904401079429189120e+17,2.788381162244946562e+14,2.126570144874695500e+15,3.642961221184748800e+16,1.625955056793937600e+17,4.918999097048341120e+17
9.984699707031250000e+02,8.071296031924990720e+17,6.870018883440725760e+17,6.916946502614176000e+17,2.723645329170250938e+14,2.073158730651981750e+15,3.544388473673886800e+16,1.580729028296523840e+17,4.949929108236008320e+17
9.994200439453129547e+02,8.054349521115802880e+17,6.854267328494186240e+17,6.925201438631880960e+17,2.682439970787356562e+14,2.039140811825446750e+15,3.481596669365297200e+16,1.551844459431799680e+17,4.969641261563541120e+17
1.000795372596149946e+03,8.039035134693108480e+17,6.832127456894712320e+17,6.937045216821178880e+17,2.624934063332672188e+14,1.991632627840713500e+15,3.393885661638378000e+16,1.511392896984231040e+17,4.997141981941381120e+17
1.001877543945309981e+03,8.048914463780008960e+17,6.815135250719056640e+17,6.946248031641743360e+17,2.581155208681355625e+14,1.955440262663594250e+15,3.327051904691687600e+16,1.480499375142261120e+17,5.018044211283698560e+17
1.003010009765630002e+03,7.986468784643110400e+17,6.797741135691156480e+17,6.955723384482490880e+17,2.536758059067339062e+14,1.918711093781462750e+15,3.259211474809878400e+16,1.449073704456654080e+17,5.039181070934051840e+17
1.004449951171880002e+03,7.950495070678999040e+17,6.776112059650368000e+17,6.967497098378977280e+17,2.482225150145576250e+14,1.873559575767385500e+15,3.175791732459348000e+16,1.410342359283697600e+17,5.065018649278402560e+17
1.005410034179690001e+03,7.883323166854177280e+17,6.761989963494362880e+17,6.975118078635011840e+17,2.447147610264092500e+14,1.844489977257550750e+15,3.122067595381636000e+16,1.385340022342761600e+17,5.081523285040124160e+17
1.006609985351559999e+03,7.830916077913615360e+17,6.744627214703326720e+17,6.984331549605917440e+17,2.404697425130244375e+14,1.809279812641958750e+15,3.056975571539562400e+16,1.354985227039440800e+17,5.101328119126681600e+17
1.007818509615389985e+03,7.800745319305295360e+17,6.727394346723965440e+17,6.993244613516872960e+17,2.363330019641914688e+14,1.774935592683169750e+15,2.993464020829755200e+16,1.325306695418626720e+17,5.120419199595973120e+17
1.009000000000000000e+03,7.782606341724386560e+17,6.710749343095554560e+17,7.001563603195220480e+17,2.324170404416459375e+14,1.742393115578617500e+15,2.933264625106307600e+16,1.297120647068707360e+17,5.138257046977674240e+17
1.010199951171880002e+03,7.754009338154850560e+17,6.694008338998652160e+17,7.009570151068654080e+17,2.285649992004380625e+14,1.710350028858719750e+15,2.873969037261988400e+16,1.269304808406629440e+17,5.155531889017126400e+17
1.011160034179690001e+03,7.712880374826039040e+17,6.680709913296962560e+17,7.015601787747959040e+17,2.255761145024564688e+14,1.685462454143126750e+15,2.827899346442312400e+16,1.247654575566453280e+17,5.168698907465518080e+17
1.012599975585940001e+03,7.654922324949982720e+17,6.660864307010530560e+17,7.024005671920881920e+17,2.212336391081483125e+14,1.649265501471462000e+15,2.760871130474371200e+16,1.216098042555041280e+17,5.187412455066920320e+17
1.013319946289059999e+03,7.616498284292312320e+17,6.650969236530744320e+17,7.027900067724869120e+17,2.191235924704160312e+14,1.631659764210714750e+15,2.728258963738378400e+16,1.200719826619463360e+17,5.196301163752510080e+17
1.014760009765630002e+03,7.586145781336355840e+17,6.631183654495704320e+17,7.034950816303390720e+17,2.150319167754701875e+14,1.597482339275975250e+15,2.664927937495696000e+16,1.170806215218953600e+17,5.213039027189336320e+17
1.015959960937500000e+03,7.594956051373630720e+17,6.614663667088335360e+17,7.040104401714307840e+17,2.117362677490400312e+14,1.569920097565665000e+15,2.613835312540632400e+16,1.146630009425644320e+17,5.226024281839794560e+17
1.017160034179690001e+03,7.561589292588463360e+17,6.598072424904336640e+17,7.044558243335417600e+17,2.085393560665692812e+14,1.543153278183848250e+15,2.564200240995974000e+16,1.123106801157521760e+17,5.238129899348197760e+17
1.018406137319709956e+03,7.558562270716039680e+17,6.580734923244975360e+17,7.048407784692921600e+17,2.053193371420565938e+14,1.516161899551612000e+15,2.514132013472953600e+16,1.099342418765817120e+17,5.249771880125922560e+17
1.019559936523440001e+03,7.481248052549611520e+17,6.564526281794458880e+17,7.051118594081237760e+17,2.024366806472990312e+14,1.491967055365294000e+15,2.469235151640290800e+16,1.077998120280915200e+17,5.259579942835735040e+17
1.020357169015069985e+03,7.437544603237614080e+17,6.553238205189341440e+17,7.052573248068325120e+17,2.004894273549412188e+14,1.475608875719829000e+15,2.438873223102554000e+16,1.063548655442149920e+17,5.265899102304857600e+17
1.021719970703130002e+03,7.392387247370370560e+17,6.533703924614310400e+17,7.054070833981276160e+17,1.972567456193644062e+14,1.448421174989116250e+15,2.388396577913996000e+16,1.039495128737121920e+17,5.275663493396318720e+17
1.022920043945309999e+03,7.377009326459678720e+17,6.516246814893432320e+17,7.054424929848079360e+17,1.944961855246240938e+14,1.425176038626748250e+15,2.345227563393176800e+16,1.018896746441970400e+17,5.283286039277633280e+17
1.024359985351559999e+03,7.370151109235793920e+17,6.494953217315559680e+17,7.053643958939260160e+17,1.912821795450262188e+14,1.398080506930755000e+15,2.294895227468915200e+16,9.948506685058284800e+16,5.291257773598537600e+17
1.025329956054690001e+03,7.307479457978470400e+17,6.480338144236367360e+17,7.052236216393021440e+17,1.891831108100325312e+14,1.380362841789801750e+15,2.261975511646794000e+16,9.791044138153145600e+16,5.295798491785284480e+17
1.026530029296880002e+03,7.272940988646516480e+17,6.461943814495127040e+17,7.049537913015694080e+17,1.866514005679023438e+14,1.358972168348037000e+15,2.222224906980092000e+16,9.600730324877864000e+16,5.300548134376951040e+17
1.027729980468750000e+03,7.199430300717282560e+17,6.443162268648293120e+17,7.045696612530201600e+17,1.841922120723037500e+14,1.338171063166469750e+15,2.183564108169548400e+16,9.415448471489564800e+16,5.304289345138055680e+17
1.028930053710940001e+03,7.140294675509981440e+17,6.423984289517606400e+17,7.040739445049474560e+17,1.817977044607106250e+14,1.317896585662441250e+15,2.145878264833334000e+16,9.234683076764857600e+16,5.307076619238805120e+17
1.029900024414059999e+03,7.106936523946598400e+17,6.408172345032017920e+17,7.035878433898942720e+17,1.799085460331000000e+14,1.301886643070440750e+15,2.116117527438675600e+16,9.091827746130952000e+16,5.308617235491777280e+17
1.031099975585940001e+03,7.118959497161911040e+17,6.388203769128000000e+17,7.028772706569582080e+17,1.776265697944522500e+14,1.282531108795615000e+15,2.080136902656332800e+16,8.919001470978963200e+16,5.309634329720608000e+17
1.032512347881609912e+03,7.068873290435713280e+17,6.364098409906790400e+17,7.018833156681314560e+17,1.750142907799582812e+14,1.260352627489029750e+15,2.038909627108393200e+16,8.720835051599414400e+16,5.309581487865105920e+17
1.033851534329930018e+03,7.032051344811941120e+17,6.340536524661358080e+17,7.007601134405584640e+17,1.726148860742724375e+14,1.239960204341551250e+15,2.001006280814911600e+16,8.538517970815264000e+16,5.308137539568384640e+17
1.034709960937500000e+03,7.000438404057607680e+17,6.325108139916010240e+17,6.999582662361488640e+17,1.711092720184959375e+14,1.227155671268358000e+15,1.977209357088793200e+16,8.424007448431076800e+16,5.306596425842392960e+17
1.035920043945309999e+03,6.904703132526017280e+17,6.302855440710206720e+17,6.987024766353244160e+17,1.690334276095952188e+14,1.209490305387346500e+15,1.944384329612782800e+16,8.265997245202598400e+16,5.303499613598899840e+17
1.037147686298080089e+03,6.868289742953713920e+17,6.279698113097369600e+17,6.972851615480431360e+17,1.669771046052260312e+14,1.191979990082740500e+15,1.911855359022378400e+16,8.109363327987000000e+16,5.299323919746321920e+17
1.038329956054690001e+03,6.843900456499202560e+17,6.256817824812995840e+17,6.957788801483159040e+17,1.650424453547819688e+14,1.175496515716047000e+15,1.881243260544488400e+16,7.961926024578784000e+16,5.294303818317832320e+17
1.039290039062500000e+03,6.817778711765994240e+17,6.237768864212860160e+17,6.944420349916642560e+17,1.635056484584926875e+14,1.162396835800206500e+15,1.856923935481690000e+16,7.844780477339062400e+16,5.289440237499806720e+17
1.040500000000000000e+03,6.804682753422643200e+17,6.213198576918071040e+17,6.926213435688523520e+17,1.616071021302780625e+14,1.146207977124628000e+15,1.826881177567691200e+16,7.700058181853872000e+16,5.282388566292876800e+17
1.041699951171880002e+03,6.773754306420951040e+17,6.188135969069768960e+17,6.906485815602955520e+17,1.597682644429181875e+14,1.130523134066255000e+15,1.797789422062949600e+16,7.559921557171438400e+16,5.274282330017655680e+17
1.043371553861180018e+03,6.725823258253501440e+17,6.152177474099379200e+17,6.876500941593582080e+17,1.572676500816011875e+14,1.109188845891046625e+15,1.758245128572132800e+16,7.369462704785305600e+16,5.261358974027483520e+17
1.044359985351559999e+03,6.641353929647065600e+17,6.130260208349754880e+17,6.857204108602643200e+17,1.558245086956600938e+14,1.096875307290765375e+15,1.735438882402226600e+16,7.259649440308678400e+16,5.252717051879433600e+17
1.045116877629209966e+03,6.602088095575733760e+17,6.113117208330688000e+17,6.841566647169297920e+17,1.547375672275924062e+14,1.087601259036137625e+15,1.718272556420131000e+16,7.177014819618602400e+16,5.245560570191871360e+17
1.046530029296880002e+03,6.593500156992488960e+17,6.080446204888675840e+17,6.810780114414190080e+17,1.527397948271165000e+14,1.070557522673891250e+15,1.686744709359251400e+16,7.025296489916632800e+16,5.231219278697523200e+17
1.047739990234380002e+03,6.563684852302223360e+17,6.051614196010202880e+17,6.782360654064293120e+17,1.510678660389151250e+14,1.056297554780924750e+15,1.660393753953200000e+16,6.898564115404701600e+16,5.217691253020269440e+17
1.049129941406250055e+03,6.513924671497029120e+17,6.017599954552433920e+17,6.747564155010287360e+17,1.491845228257775000e+14,1.040240614475371250e+15,1.630752481211778200e+16,6.756097132816262400e+16,5.200874038255781760e+17
1.050150024414059999e+03,6.477881675001285120e+17,5.991994517494104320e+17,6.720475569239489280e+17,1.478275519176412812e+14,1.028677148084653125e+15,1.609429087246822000e+16,6.653681281478144800e+16,5.187626215464928640e+17
1.051304602989780051e+03,6.405872314219043840e+17,5.962371469184476160e+17,6.688259496910968320e+17,1.463154198601607500e+14,1.015798416218550000e+15,1.585704176881493600e+16,6.539810204590112000e+16,5.171738259892544000e+17
1.052671480618990017e+03,6.382123052508072960e+17,5.926327131954283520e+17,6.647744291853305600e+17,1.445591475833435000e+14,1.000852794465392000e+15,1.558209462410024600e+16,6.407976153013018400e+16,5.151588803807187200e+17
1.053780029296880002e+03,6.374969906937255680e+17,5.896361494462215680e+17,6.613087458141560320e+17,1.431588090951984375e+14,9.889468987219063750e+14,1.536336453472147200e+16,6.303203855804186400e+16,5.134250257032878720e+17
1.054989990234380002e+03,6.359580975903304960e+17,5.862900089175709440e+17,6.573397748525555200e+17,1.416536528609592812e+14,9.761623103513066250e+14,1.512880876239092600e+16,6.190967910571736800e+16,5.114310451009490560e+17
1.056199951171880002e+03,6.316433896809012480e+17,5.828661933696688640e+17,6.531777823970801920e+17,1.401712085441824531e+14,9.635848029157042500e+14,1.489839041470219400e+16,6.080839078533277600e+16,5.093335037544413440e+17
1.057160034179690001e+03,6.230106719206037760e+17,5.800900565864177920e+17,6.497266592174699520e+17,1.390113831859156719e+14,9.537563175845837500e+14,1.471860121313769000e+16,5.995011107192815200e+16,5.075906155612468480e+17
1.058619995117190001e+03,6.187693209243349760e+17,5.757729021493923840e+17,6.442374558978324480e+17,1.372727202659846719e+14,9.390434022052247500e+14,1.444990764268672400e+16,5.866915419246280000e+16,5.048149742163173120e+17
1.059797347359040032e+03,6.172467106059399680e+17,5.722029041340297600e+17,6.395855545788085760e+17,1.358925969362950469e+14,9.273851765413585000e+14,1.423742558420891400e+16,5.765786020463164000e+16,5.024614531507430400e+17
1.060790039062500000e+03,6.150854692394865920e+17,5.691351605279706240e+17,6.355151539848542720e+17,1.347424826953484531e+14,9.176843752571953750e+14,1.406090626048678400e+16,5.681887744480652800e+16,5.004025841195886080e+17
1.062010009765630002e+03,6.098257850823457280e+17,5.652902836162357760e+17,6.303192124961760000e+17,1.333457944413940312e+14,9.059237011326012500e+14,1.384728688060804800e+16,5.580510593964155200e+16,4.977763468887559040e+17
1.063459960937500000e+03,6.053266734812513280e+17,5.606200134193538560e+17,6.238808387426304000e+17,1.317072299101036562e+14,8.921547047837423750e+14,1.359771770282214800e+16,5.462288559856980000e+16,4.945266593335180800e+17
1.064632732684789971e+03,5.993812986810240000e+17,5.567502239790283520e+17,6.184293108617431040e+17,1.304004923527820312e+14,8.812017737290351250e+14,1.339969226548444600e+16,5.368689182203839200e+16,4.917810941793698560e+17
1.065640014648440001e+03,5.961384636323610880e+17,5.533696297811639680e+17,6.135951095291068160e+17,1.292890066151806406e+14,8.719035111571152500e+14,1.323190185533576200e+16,5.289513018449947200e+16,4.893511943705502080e+17
1.066609985351559999e+03,5.936080321816934400e+17,5.500629369297326080e+17,6.088016731139407360e+17,1.282281024641574688e+14,8.630454256236310000e+14,1.307234969748669200e+16,5.214347139458991200e+16,4.869467847549432320e+17
1.068009946289060053e+03,5.921107594224592640e+17,5.451982306502856320e+17,6.016324300018068480e+17,1.267130369164268906e+14,8.504272854559425000e+14,1.284561490407620800e+16,5.107758513354212000e+16,4.833611056231018880e+17
1.068978496844950087e+03,5.880386343297862400e+17,5.417731229088570240e+17,5.965087576296404480e+17,1.256748107700640625e+14,8.418021087608837500e+14,1.269099060002461000e+16,5.035220929582894400e+16,4.808061395248788480e+17
1.070250000000000000e+03,5.823270421326275840e+17,5.372046375401077120e+17,5.895822496928281600e+17,1.243233892236966562e+14,8.306023546398720000e+14,1.249066072465352800e+16,4.941431282987057600e+16,4.773623932616284160e+17
1.071699951171880002e+03,5.809588704155735040e+17,5.318879049227921920e+17,5.813824750367239680e+17,1.227986628199105938e+14,8.180088889847291250e+14,1.226608863507602000e+16,4.836582755114786400e+16,4.733025342237218560e+17
1.072689653320320076e+03,5.740974136389685760e+17,5.281982493461063680e+17,5.756131436829204480e+17,1.217667616636439062e+14,8.095111029640685000e+14,1.211495367410344000e+16,4.766191046430810400e+16,4.704564326126021760e+17
1.073890014648440001e+03,5.733298738370528000e+17,5.236556658421491200e+17,5.684213095081436800e+17,1.205246573686167188e+14,7.993116164279977500e+14,1.193401461123988400e+16,4.682114292491424000e+16,4.669211099545759360e+17
1.075099975585940001e+03,5.708523265666092160e+17,5.190067140379497600e+17,5.609682380016625280e+17,1.192820231122679844e+14,7.891394048432548750e+14,1.175405073108845400e+16,4.598700404059269600e+16,4.632711839676761600e+17
1.076319946289059999e+03,5.695193767884620160e+17,5.142496854312954880e+17,5.532488323188360960e+17,1.180380991744686250e+14,7.789893478756793750e+14,1.157498160848531800e+16,4.515916339251899200e+16,4.595053534902404480e+17
1.077530029296880002e+03,5.619713957470633600e+17,5.094582595319264640e+17,5.453750357539624320e+17,1.168133056575852188e+14,7.690311467525640000e+14,1.139984093028195200e+16,4.435181442783140800e+16,4.556803011338501120e+17
1.078876915564909950e+03,5.546072446099368960e+17,5.040421966893329920e+17,5.363613805148741760e+17,1.154599175731303906e+14,7.580699531561680000e+14,1.120770009246130000e+16,4.346884805940496800e+16,4.513208054215555840e+17
1.080059960937499909e+03,5.527207275427097600e+17,4.992209684000662400e+17,5.282493607356259200e+17,1.142784987154502031e+14,7.485358515554715000e+14,1.104108639880585600e+16,4.270538956615266400e+16,4.474129017985489280e+17
1.081180053710940001e+03,5.499327859080800000e+17,4.946004332266337280e+17,5.203972639737980160e+17,1.131661482054897344e+14,7.395903038527826250e+14,1.088521920456570200e+16,4.199316107863878400e+16,4.436442031765440640e+17
1.082640014648440001e+03,5.486903531321328000e+17,4.884968586215697280e+17,5.099108030311914240e+17,1.117249861899598125e+14,7.280477300925988750e+14,1.068479523109261000e+16,4.108032514282368800e+16,4.386321128734322560e+17
1.083609985351559999e+03,5.426902378826205440e+17,4.843934786269738880e+17,5.027923847110049280e+17,1.107725513520867969e+14,7.204488718621998750e+14,1.055327813822880200e+16,4.048317932303356800e+16,4.352425816754103040e+17
1.084873950195310044e+03,5.368696106560770560e+17,4.789881064970563200e+17,4.933318871977489280e+17,1.095373626632874531e+14,7.106313061743158750e+14,1.038389942340361600e+16,3.971645462255808800e+16,4.307535905210018560e+17
1.086290039062500000e+03,5.339156130027329280e+17,4.728643136826083200e+17,4.825161778642426240e+17,1.081602640648335156e+14,6.997311303338650000e+14,1.019649516195481200e+16,3.887095816420992800e+16,4.256401153126867840e+17
1.087202412109380020e+03,5.284118966668184960e+17,4.688772553112472960e+17,4.754141034522690560e+17,1.072770697526037500e+14,6.927694777893731250e+14,1.007722181132538600e+16,3.833464892661963200e+16,4.222937910207480960e+17
1.088332294170679916e+03,5.240090860239774720e+17,4.639019853548763520e+17,4.664969425804835840e+17,1.061869523447021250e+14,6.842044965038982500e+14,9.930873642623792000e+15,3.767831215748082400e+16,4.181025464680373120e+17
1.089699951171880002e+03,5.208569275980645760e+17,4.578185564204801280e+17,4.555044792374081280e+17,1.048732626772143281e+14,6.739301408150950000e+14,9.755986932802392000e+15,3.689689181504115200e+16,4.129523973682071680e+17
1.090920043945309999e+03,5.140734604055692800e+17,4.523422502899641600e+17,4.455374059989184640e+17,1.037059925939187188e+14,6.648412068939176250e+14,9.601846356331846000e+15,3.621063792927128800e+16,4.082955865179374080e+17
1.091899614257820076e+03,5.074692763014613120e+17,4.479136740008808960e+17,4.374311907585653120e+17,1.027718617618610469e+14,6.575951653260448750e+14,9.479347016542024000e+15,3.566694009349476400e+16,4.045161965969571840e+17
1.093109985351559999e+03,5.054980023654298880e+17,4.424043355050408960e+17,4.272932142776694400e+17,1.016212160497207969e+14,6.487037309650153750e+14,9.329509012356828000e+15,3.500398336902784800e+16,3.997983610286707200e+17
1.094079956054690001e+03,5.050258714736221440e+17,4.379602514351396480e+17,4.190744892612988160e+17,1.007019287161135469e+14,6.416281681788665000e+14,9.210664138808930000e+15,3.447986388815240000e+16,3.959799648635112960e+17
1.095658118614790055e+03,5.062398240607589120e+17,4.306800712900328320e+17,4.055424512784081280e+17,9.921117633578640625e+13,6.302057417739557500e+14,9.019524420791474000e+15,3.364004223205719600e+16,3.897022681665144960e+17
1.096770019531250000e+03,4.991431504534592000e+17,4.255152519402122240e+17,3.958950775707020160e+17,9.816453482841765625e+13,6.222260656285778750e+14,8.886547815648226000e+15,3.305818771049461600e+16,3.852319480480186880e+17
1.097959990234380030e+03,4.948505426585805440e+17,4.199592101028771840e+17,3.854810792894276480e+17,9.704751838623820312e+13,6.137449868081521250e+14,8.745701422364846000e+15,3.244401898247698400e+16,3.804089429444644480e+17
1.099084960937500000e+03,4.917989133403096320e+17,4.146819528322121600e+17,3.755608168071989760e+17,9.599436502927323438e+13,6.057818533664825000e+14,8.613912486993313000e+15,3.187133751647705600e+16,3.758151856420736000e+17
1.100189669095560021e+03,4.892782754190833920e+17,4.094783401512531200e+17,3.657565407194826240e+17,9.496282739646000000e+13,5.980135912309403750e+14,8.485781114429560000e+15,3.131644055002472000e+16,3.712738380688511360e+17
1.101410034179690001e+03,4.883942010108497920e+17,4.037085147647790720e+17,3.548663061268853760e+17,9.382617534159079688e+13,5.894885742785216250e+14,8.345645993994432000e+15,3.071165167955777600e+16,3.662258244351424640e+17
1.102869995117190001e+03,4.802340961599232000e+17,3.967764420110841600e+17,3.417640358448657920e+17,9.247087279178557812e+13,5.793789486683661250e+14,8.180219622019575000e+15,3.000102239134632800e+16,3.601419062538610560e+17
1.103849975585940001e+03,4.780143955713255040e+17,3.921106612968426240e+17,3.329422454581321600e+17,9.156342056740285938e+13,5.726381241296845000e+14,8.070302399564532000e+15,2.953053084272017600e+16,3.560376915158761600e+17
1.105125328650839947e+03,4.731283767985540480e+17,3.860249982632561280e+17,3.214393210974487680e+17,9.038533776815520312e+13,5.639226069111298750e+14,7.928671532963828000e+15,2.892642221475164800e+16,3.506731153766163200e+17
1.106290039062500000e+03,4.715442136152151040e+17,3.804566057869685760e+17,3.109251370166731520e+17,8.931226910973589062e+13,5.560185786157841875e+14,7.800698764261506000e+15,2.838263622604029600e+16,3.457538554575113600e+17
1.107218487079330089e+03,4.669518722853118720e+17,3.760117908414903680e+17,3.025466209865879040e+17,8.845896401529125000e+13,5.497587747628843125e+14,7.699693954345435000e+15,2.795496439814169200e+16,3.418196087356661760e+17
1.108489990234380002e+03,4.657281971970753920e+17,3.699195310815626880e+17,2.910885634950022400e+17,8.729305028044139062e+13,5.412378905689095000e+14,7.562642808819308000e+15,2.737658580988970400e+16,3.364179021698420480e+17
1.109959960937500000e+03,4.581687040920385920e+17,3.628723252170083200e+17,2.778913630119155840e+17,8.594960244539826562e+13,5.314718230921496250e+14,7.406272502977043000e+15,2.671978801164734400e+16,3.301550034965942400e+17
1.111180053710940001e+03,4.581321261486405120e+17,3.570236471116430720e+17,2.669905033923927360e+17,8.483773284429112500e+13,5.234257881332996875e+14,7.277937968397986000e+15,2.618292485138360800e+16,3.249475160366667520e+17
1.111920043945309999e+03,4.508227508551401600e+17,3.534781674570056960e+17,2.604138881634833920e+17,8.416504152090532812e+13,5.185762705333016250e+14,7.200836931733791000e+15,2.586148226034423600e+16,3.217860015018526080e+17
1.113390014648440001e+03,4.512986447822667520e+17,3.464408744573189760e+17,2.474275134888115520e+17,8.283190601741150000e+13,5.089993900299676250e+14,7.049034494040635000e+15,2.523061497459277200e+16,3.155023984539317120e+17
1.114545372596149946e+03,4.472775789886791680e+17,3.409193328280066560e+17,2.373261059601992320e+17,8.178775938887875000e+13,5.015364805974917500e+14,6.931252375367809000e+15,2.474338360895985200e+16,3.105630878599282560e+17
1.115676504281849930e+03,4.424700402294757760e+17,3.355239064447600640e+17,2.275352071892996800e+17,8.076848611657301562e+13,4.942808414891038125e+14,6.817138891278508000e+15,2.427307872457980800e+16,3.057297866828650240e+17
1.116819946289059999e+03,4.367952137524290560e+17,3.300823254971213440e+17,2.177486432546568640e+17,7.974116103582159375e+13,4.869967556715459375e+14,6.702966711170311000e+15,2.380424472680507600e+16,3.008487005349596800e+17
1.117896044921880048e+03,4.361548924019144320e+17,3.249747474805114880e+17,2.086513795251759360e+17,7.877720853846206250e+13,4.801881004305417500e+14,6.596597636558014000e+15,2.336900120593693200e+16,2.962615830917697920e+17
1.119760009765630002e+03,4.350021656642918400e+17,3.161645353371253120e+17,1.931864814429718400e+17,7.711438789902656250e+13,4.685024921531012500e+14,6.414834659206703000e+15,2.262877176639704400e+16,2.883368334282147840e+17
1.120513840895439898e+03,4.305650806237498240e+17,3.126155656083027200e+17,1.870403689151161920e+17,7.644431867773656250e+13,4.638133800430403750e+14,6.342164919304171000e+15,2.233400171025278400e+16,2.851405754470504320e+17
1.121719970703130002e+03,4.251490055193952640e+17,3.069606723896953600e+17,1.773812009933597760e+17,7.537590715236606250e+13,4.563653806984503750e+14,6.227124149701763000e+15,2.186906159197827600e+16,2.800421801330608000e+17
1.122860665457589903e+03,4.191288227793042560e+17,3.016371311657247360e+17,1.684248677669438400e+17,7.436912152381284375e+13,4.493740235582437500e+14,6.119499175546315000e+15,2.143569381157236000e+16,2.752375125707735680e+17
1.124227736253000103e+03,4.196886063704443520e+17,2.952909954749409280e+17,1.579328486668807040e+17,7.316735096606914062e+13,4.410624245600378750e+14,5.992002953389437000e+15,2.092431090211334000e+16,2.695038760671153920e+17
1.125400024414059999e+03,4.165971530556835200e+17,2.898815151276004480e+17,1.491628954075152320e+17,7.214123844376092188e+13,4.339951457306912500e+14,5.883988320230232000e+15,2.049281062171932800e+16,2.646114164883534080e+17
1.126380004882809999e+03,4.150126681091030400e+17,2.853861589321517760e+17,1.420154311492088320e+17,7.128698063787845312e+13,4.281337344414292500e+14,5.794701393079035000e+15,2.013744005804728800e+16,2.605420210473040000e+17
1.127609985351559999e+03,4.138058107234278400e+17,2.797798555312471040e+17,1.332867235566856160e+17,7.021939016984537500e+13,4.208358964382860625e+14,5.683898817744205000e+15,1.969805135516655600e+16,2.554625896098619840e+17
1.128839965820309999e+03,4.079413196940156800e+17,2.742140557616481280e+17,1.248271569016463680e+17,6.915688211619498438e+13,4.136015112420777500e+14,5.574443255282727000e+15,1.926570134637186000e+16,2.504154449569967680e+17
1.129819946289059999e+03,4.087177665271477120e+17,2.698092238484033920e+17,1.182811426647574400e+17,6.831399659502322656e+13,4.078821453654168750e+14,5.488172371143056000e+15,1.892609323156041600e+16,2.464181724622906240e+17
1.131220048828130075e+03,4.056753684946546560e+17,2.635644918738817600e+17,1.092405629720907200e+17,6.711566113184614844e+13,3.997809926700920625e+14,5.366376481117132000e+15,1.844841886462379600e+16,2.407469445135563200e+17
1.132530029296880002e+03,4.054495496034185600e+17,2.577773282444967680e+17,1.011326943184548160e+17,6.600114843998365625e+13,3.922787487107693125e+14,5.254014774651710000e+15,1.800964823274042000e+16,2.354868584279822400e+17
1.133711932842549913e+03,4.023567104293331200e+17,2.526068767897009280e+17,9.413181351799150400e+16,6.500166864286285938e+13,3.855784011218540000e+14,5.154030539934230000e+15,1.762083870394530600e+16,2.307837195714439680e+17
1.134989990234380002e+03,4.022253192888261760e+17,2.470680801659407680e+17,8.687712429353494400e+16,6.392707213149660156e+13,3.784010557564572500e+14,5.047282435577996000e+15,1.720729488123634600e+16,2.257422157358757120e+17
1.135969970703130002e+03,3.965667272441856000e+17,2.428596469942417920e+17,8.154248173359788800e+16,6.310765528991622656e+13,3.729466767959705625e+14,4.966407519890916000e+15,1.689508180230342400e+16,2.219094057567388800e+17
1.137449951171880002e+03,3.944460660766182400e+17,2.365662487002396800e+17,7.384594832336547200e+16,6.187749994912564062e+13,3.647867664925591875e+14,4.845795836965393000e+15,1.643114967251490800e+16,2.161744518648359680e+17
1.138430053710940001e+03,3.953938116372856960e+17,2.324460721881241600e+17,6.901762797431151200e+16,6.106845050326502344e+13,3.594409040898115625e+14,4.767054728454505000e+15,1.612949671836775400e+16,2.124175972755289600e+17
1.139660034179690001e+03,3.952173722590196480e+17,2.273319246148533760e+17,6.326744928610810400e+16,6.005980351514917188e+13,3.527994346691335000e+14,4.669539224401285000e+15,1.575729030694957400e+16,2.077519996790566720e+17
1.140890014648440001e+03,3.893565186333746560e+17,2.222757666380848960e+17,5.782592456259666400e+16,5.905802485061594531e+13,3.462260004541079375e+14,4.573325749932536000e+15,1.539139761892798200e+16,2.031370362384063040e+17
1.141830004882810044e+03,3.878723102826465280e+17,2.184519024559041600e+17,5.387542768216164000e+16,5.829721313323100000e+13,3.412489145441964375e+14,4.500679225850835500e+15,1.511602286626830800e+16,1.996453929361432320e+17
1.143215754582329964e+03,3.856712076509306880e+17,2.128800304818262400e+17,4.837965679774843200e+16,5.718340994667713281e+13,3.339863095851448750e+14,4.394987253952640000e+15,1.471678053354710000e+16,1.945554566183871040e+17
1.144349965820309990e+03,3.855503650300546560e+17,2.083792266264423360e+17,4.417123728486843200e+16,5.627894259010639062e+13,3.281094447920064375e+14,4.309737232669652000e+15,1.439597770909856400e+16,1.904421511400012480e+17
1.145579956054690001e+03,3.837880727861699200e+17,2.035647563630733760e+17,3.991705757686840000e+16,5.530612011447342969e+13,3.218105129730405000e+14,4.218657412620861500e+15,1.405453537354490400e+16,1.860403821215342080e+17
1.146809936523440001e+03,3.811429582511578880e+17,1.988174652666639680e+17,3.596315918042025200e+16,5.434147656349673438e+13,3.155859526338012500e+14,4.128936742258983000e+15,1.371944711058469200e+16,1.816983832704700160e+17
1.148040039062500000e+03,3.809037117890946560e+17,1.941347452879905920e+17,3.228739461903517200e+16,5.338471430004457812e+13,3.094322009629752500e+14,4.040500994783825500e+15,1.339033030619399600e+16,1.774139920205617920e+17
1.148780029296880002e+03,3.783734333703729280e+17,1.913505436638059200e+17,3.021094907742420800e+16,5.281320531780387500e+13,3.057660729441274375e+14,3.987943846642247500e+15,1.319530897489245200e+16,1.748659530561000000e+17
1.150020019531250000e+03,3.762317140556018560e+17,1.867414735963553600e+17,2.695436398107604400e+16,5.186254959493519531e+13,2.996840317454875625e+14,3.900967511543338000e+15,1.287352426660240800e+16,1.706467704289017280e+17
1.151349999999999909e+03,3.759995216158552320e+17,1.818723270741394880e+17,2.374253694148028800e+16,5.085223447039579688e+13,2.932410582658365625e+14,3.809104150727393500e+15,1.253487690562739200e+16,1.661882289085554560e+17
1.152489990234380002e+03,3.737577971545557760e+17,1.777676888149100160e+17,2.123602554359738400e+16,4.999497350702226562e+13,2.877926919306346250e+14,3.731667031756905000e+15,1.225049857639857000e+16,1.624286566969015040e+17
1.153796893780049913e+03,3.724479003596800000e+17,1.731412134291809920e+17,1.862798316531880400e+16,4.902232600014196094e+13,2.816314817067256875e+14,3.644369106466453000e+15,1.193110850901287000e+16,1.581900264637976640e+17
1.154669960937500036e+03,3.685958526282114560e+17,1.700917337198509440e+17,1.701646242422387000e+16,4.837787813209795312e+13,2.775596172930691875e+14,3.586812037231061500e+15,1.172113677233354000e+16,1.553956745209400640e+17
1.156189941406250000e+03,3.703941470302810880e+17,1.648709789911406720e+17,1.447499632835029600e+16,4.726742888168214062e+13,2.705649404503840938e+14,3.488224591488042500e+15,1.136274521581102000e+16,1.506107090087636160e+17
1.157430053710940001e+03,3.671449175726732800e+17,1.606895355402733440e+17,1.261984347324536600e+16,4.637172514398092188e+13,2.649414154530572812e+14,3.409206715697218000e+15,1.107657466284872600e+16,1.467775190895029760e+17
1.158420043945309999e+03,3.673370675602382720e+17,1.574075127405621120e+17,1.128507943975103600e+16,4.566414364182273438e+13,2.605118784752385000e+14,3.347135914758656500e+15,1.085253322299648600e+16,1.437683428280614720e+17
1.159410034179690001e+03,3.648039704288167040e+17,1.541731595368050560e+17,1.006620126908655400e+16,4.496297649877338281e+13,2.561331639981348125e+14,3.285917843797399000e+15,1.063219282180433800e+16,1.408024978324641440e+17
1.160890014648440001e+03,3.632820457421688960e+17,1.494316328461212160e+17,8.454393624671742000e+15,4.392751443245455469e+13,2.496871306612777188e+14,3.196064309056492000e+15,1.030997010443642400e+16,1.364539607080660960e+17
1.162283851036660053e+03,3.601153170139435520e+17,1.450543055147697920e+17,7.118920518648071000e+15,4.296446185976925000e+13,2.437104957328916875e+14,3.112998939833321500e+15,1.001317588437424800e+16,1.324389149150052160e+17
1.163158456655650070e+03,3.602889099527433600e+17,1.423593741655059360e+17,6.379215478028245000e+15,4.236736804668019531e+13,2.400156249283507500e+14,3.061786364619509500e+15,9.830812612184750000e+15,1.299667625465365760e+17
1.164279985351560072e+03,3.579458616168492800e+17,1.389535764486222880e+17,5.517936477180470000e+15,4.160872980208862500e+13,2.353311479254426562e+14,2.996989427909245500e+15,9.600661432397708000e+15,1.268422925587139680e+17
1.165599975585940001e+03,3.560150229121353600e+17,1.350255001784586240e+17,4.633398943913554000e+15,4.072727083143932812e+13,2.299040414830676875e+14,2.922127305575623500e+15,9.335676388068608000e+15,1.232383938189324960e+17
1.166791888897229910e+03,3.539984722765272960e+17,1.315520698222069920e+17,3.941671607238056000e+15,3.994190727569121875e+13,2.250826563059172188e+14,2.855805142900496500e+15,9.101736459573042000e+15,1.200514058068517440e+17
1.168079956054690001e+03,3.549687430651560960e+17,1.278725355962912640e+17,3.291164282293035000e+15,3.910396956156156250e+13,2.199523484548198438e+14,2.785414883701507000e+15,8.854249409290913000e+15,1.166751458291176960e+17
1.169300706129809896e+03,3.553451436558906240e+17,1.244557473768314560e+17,2.757958023978142500e+15,3.832018909323253125e+13,2.151664837035199375e+14,2.719919126663868000e+15,8.624716560292476000e+15,1.135398609693614880e+17
1.170354003906250000e+03,3.525326826148312960e+17,1.215659399631905440e+17,2.359918817531233000e+15,3.765259377028552344e+13,2.111004817601369688e+14,2.664411372972590000e+15,8.430790578459533000e+15,1.108880772283120000e+17
1.171330048828129975e+03,3.477511375223269760e+17,1.189362940374365920e+17,2.037180872540894500e+15,3.704121299483646094e+13,2.073853029548529375e+14,2.613803526121174500e+15,8.254471990531320000e+15,1.084749990789283840e+17
1.172790039062500000e+03,3.471967339851746560e+17,1.150890674077240000e+17,1.627414564527382000e+15,3.613982465262867969e+13,2.019225824296853438e+14,2.539583648678214500e+15,7.996740165694309000e+15,1.049446124905077440e+17
1.174030029296880002e+03,3.469124461913819520e+17,1.118966864633564960e+17,1.335773718816793000e+15,3.538582727086110156e+13,1.973656984918193438e+14,2.477835647204998000e+15,7.783044184141359000e+15,1.020151739089643040e+17
1.175020019531250000e+03,3.459409522728122880e+17,1.093988972999494560e+17,1.136566791851263750e+15,3.479178340005353125e+13,1.937838979867710938e+14,2.429409995031534000e+15,7.615937053615097000e+15,9.972316177890160000e+16
1.176510009765630002e+03,3.461125594702750720e+17,1.057205293673648640e+17,8.837333508058513750e+14,3.391046295642056250e+13,1.884830117154288438e+14,2.357912811234649000e+15,7.369966110244078000e+15,9.634793620156550400e+16
1.177750000000000000e+03,3.443221192730688640e+17,1.027422850005770400e+17,7.149565639443922500e+14,3.319024053783828125e+13,1.841641779774193750e+14,2.299832060988623000e+15,7.170903963835738000e+15,9.361527775162144000e+16
1.178500000000000000e+03,3.394856506547232000e+17,1.009692304527140640e+17,6.252962780559125000e+14,3.275918254511514453e+13,1.815837395034575312e+14,2.265187215142227500e+15,7.052418087967132000e+15,9.198848813865840000e+16
1.179989990234380002e+03,3.395343866202942080e+17,9.753136324972171200e+16,4.793471246433521875e+14,3.191660437782491797e+13,1.765527189689906562e+14,2.197808887003986500e+15,6.822722488180025000e+15,8.883442557610681600e+16
1.180979980468750000e+03,3.392564769876721920e+17,9.529865596750614400e+16,3.992643771585746875e+14,3.136526164347574609e+13,1.732683910951859062e+14,2.153923868402931000e+15,6.673559285649300000e+15,8.678617520533129600e+16
1.182479980468750000e+03,3.388152021757340800e+17,9.199272487081507200e+16,2.995536295706823750e+14,3.054271951061304297e+13,1.683799020124133125e+14,2.088751883489653750e+15,6.452692492268865000e+15,8.375360138484003200e+16
1.183469970703130002e+03,3.378149475611592960e+17,8.986628893202587200e+16,2.470812198925214688e+14,3.000919241225808984e+13,1.652171321283405312e+14,2.046691442392637000e+15,6.310610735720954000e+15,8.180317920591876800e+16
1.184569970703129911e+03,3.345079099607058560e+17,8.755414530779019200e+16,1.988939079497453438e+14,2.942500967649074609e+13,1.617612976283794688e+14,2.000827434772869750e+15,6.156092364179288000e+15,7.968260571964462400e+16
1.185959960937500000e+03,3.351801279589712640e+17,8.470518308038766400e+16,1.502705543935535938e+14,2.869936798219445312e+13,1.574788520040387500e+14,1.944125555207333000e+15,5.965642043257263000e+15,7.706997498203105600e+16
1.186959960937500000e+03,3.366150329172775680e+17,8.270300377239963200e+16,1.220260605470149688e+14,2.818559587010247266e+13,1.544533513237130625e+14,1.904151539144109000e+15,5.831751219490303000e+15,7.523408054558257600e+16
1.187949951171880002e+03,3.341332755994192640e+17,8.076094862889096000e+16,9.889391540188553125e+13,2.768402805776044141e+13,1.515052085474743438e+14,1.865270716981430250e+15,5.701833816065413000e+15,7.345349210145200000e+16
1.189219181941110037e+03,3.350603700761435520e+17,7.832688329339006400e+16,7.494170860207859375e+13,2.705090752375708984e+13,1.477913574370641250e+14,1.816389145078299250e+15,5.538927303991928000e+15,7.122205490540411200e+16
1.190189941406250000e+03,3.342775213525172480e+17,7.650990188035364800e+16,6.044062303544001562e+13,2.657470337863607812e+13,1.450039324897935312e+14,1.779778291252456250e+15,5.417252879541814000e+15,6.955654432677995200e+16
1.190689941406250000e+03,3.372455386718128000e+17,7.558860429954788800e+16,5.401711438793732812e+13,2.633207121697624609e+13,1.435856266680615938e+14,1.761174712166030250e+15,5.355533601909883000e+15,6.871212195837309600e+16
1.192439941406250000e+03,3.354492040260906880e+17,7.243527810118761600e+16,3.596078805096867188e+13,2.549588404934244922e+13,1.387070016410911250e+14,1.697303163291979750e+15,5.144158978528178000e+15,6.582227886839352800e+16
1.193439941406250000e+03,3.362063360757317120e+17,7.068749822500300800e+16,2.839242085696869922e+13,2.502806676033334766e+13,1.359845574845355938e+14,1.661750611783151000e+15,5.026895761928575000e+15,6.422082316681387200e+16
1.194680053710940001e+03,3.346458232622042880e+17,6.857489803899181600e+16,2.114481354657423047e+13,2.445819439382310156e+13,1.326751661841306250e+14,1.618622792414953500e+15,4.885038594196865000e+15,6.228539005250273600e+16
1.195930053710940001e+03,3.356804930539927680e+17,6.650016875516276800e+16,1.555798827012328906e+13,2.389413722099260938e+13,1.294064086570575625e+14,1.576112926654371000e+15,4.745599693501379000e+15,6.038496045613560800e+16
1.197100053710940074e+03,3.344810441963258880e+17,6.460748316275559200e+16,1.156889143638407227e+13,2.337560427120473828e+13,1.264075814684372188e+14,1.537192177016822750e+15,4.618276685415792000e+15,5.865156659742632000e+16
1.198180053710940001e+03,3.353912741841767680e+17,6.290313364643161600e+16,8.747224736594649414e+12,2.290522042939855859e+13,1.236924661673317031e+14,1.502021177187757750e+15,4.503514613072414000e+15,5.709091244676850400e+16
1.199583899864790055e+03,3.351830033008924160e+17,6.074799418152596000e+16,6.026849199803252930e+12,2.230556743047291016e+13,1.202385023964307031e+14,1.457373220507450000e+15,4.358238132033297500e+15,5.511784163950674400e+16
1.200780043945309899e+03,3.352748278513342720e+17,5.896665346029479200e+16,4.375972791682573242e+12,2.180549138723896094e+13,1.173646851657633750e+14,1.420309171018716750e+15,4.238006064403416000e+15,5.348733282136055200e+16
1.201670043945309999e+03,3.330647410940337920e+17,5.767019772586067200e+16,3.419023847253722168e+12,2.143919080984392578e+13,1.152630907940188906e+14,1.393248823483589750e+15,4.150417148935397000e+15,5.230083709037056800e+16
1.203170043945309999e+03,3.341079004849418880e+17,5.554476957387488800e+16,2.242625964364687012e+12,2.083385465484600781e+13,1.117970776617030469e+14,1.348709943078858000e+15,4.006643702866725000e+15,5.035606523897120800e+16
1.203950043945309972e+03,3.319105082113920000e+17,5.446891996938736000e+16,1.796144807589252441e+12,2.052506617089437109e+13,1.100324525793799844e+14,1.326078066766616000e+15,3.933777228399502000e+15,4.937185428306381600e+16
1.205420043945309999e+03,3.304433429192956800e+17,5.248745942865312800e+16,1.155359142575205566e+12,1.995260586829353906e+13,1.067663660136726562e+14,1.284257764333782250e+15,3.799426843368831000e+15,4.755948038917348000e+16
1.206487351637619895e+03,3.304217911477719680e+17,5.109407636534205600e+16,8.406870271436242676e+11,1.954637537778971484e+13,1.044538629924662969e+14,1.254713805990260500e+15,3.704801808113919000e+15,4.628530889290829600e+16
1.207651207557089947e+03,3.288595963330238720e+17,4.961424857837102400e+16,5.916883522772799072e+11,1.911172567089549609e+13,1.019840718686275938e+14,1.223217724754074750e+15,3.604172338523513500e+15,4.493236285483169600e+16
1.208930053710940001e+03,3.289339714947232640e+17,4.803320097096121600e+16,3.982603058247703247e+11,1.864368861912095703e+13,9.932962345235939062e+13,1.189431332790926250e+15,3.496504084248725500e+15,4.348719151900417600e+16
1.209950053710939983e+03,3.305892425793432960e+17,4.680496698815396000e+16,2.877258458742285156e+11,1.827742051352514062e+13,9.725601592395917188e+13,1.163084715178391000e+15,3.412745957949841500e+15,4.236474636206508800e+16
1.211180053710940001e+03,3.278531879267703680e+17,4.536182524604910400e+16,1.923444211471152344e+11,1.784396420647345312e+13,9.480623684923770312e+13,1.132012219745583250e+15,3.314195127164493500e+15,4.104617732010254400e+16
1.212680053710940001e+03,3.286213836603026560e+17,4.365925680305480800e+16,1.166898683742555847e+11,1.732791514745037500e+13,9.189595519297642188e+13,1.095178821881653125e+15,3.197717262747005000e+15,3.949099243478544800e+16
1.213939941406250000e+03,3.255333548256479360e+17,4.227632001388769600e+16,7.624291712598760986e+10,1.690489785395455859e+13,8.951545746777426562e+13,1.065115696238628500e+15,3.102929211013943000e+15,3.822811738572002400e+16
1.215189941406250000e+03,3.268481601369932800e+17,4.094335370108592000e+16,4.916846088695145416e+10,1.649395761099394727e+13,8.720715270074228125e+13,1.036018007303027500e+15,3.011415906405822500e+15,3.701116689831191200e+16
1.216159941406250027e+03,3.261594908231676160e+17,3.993723581636138400e+16,3.488635889074845886e+10,1.618145676191998047e+13,8.545483406746617188e+13,1.013967447770060750e+15,2.942231571484522500e+15,3.609283087058004800e+16
1.217199951171880002e+03,3.258389321430952320e+17,3.888401409571195200e+16,2.394369053317807770e+10,1.585222079767147266e+13,8.361140443866148438e+13,9.908049839474400000e+14,2.869706970297532500e+15,3.513169544489462800e+16
1.217949951171880002e+03,3.228013843574585600e+17,3.814195566132474400e+16,1.827315317199625015e+10,1.561881052397483984e+13,8.230637338385731250e+13,9.744309886688857500e+14,2.818538835641518000e+15,3.445465173868354000e+16
1.219546499399039931e+03,3.244441251623093760e+17,3.660332555311699200e+16,9.968119958768835068e+09,1.513145689863370312e+13,7.958584182884746875e+13,9.403518046719200000e+14,2.712277314802086000e+15,3.305114429471152400e+16
1.220539960937499927e+03,3.242499402626246400e+17,3.567682558201832400e+16,6.820566223625273705e+09,1.483543453676350977e+13,7.793662068043873438e+13,9.197336694297187500e+14,2.648164075508939000e+15,3.220625056189358400e+16
1.221969970703130002e+03,3.213643293505845760e+17,3.438404891348699600e+16,3.953794176129561424e+09,1.441900523273159375e+13,7.562083722659337500e+13,8.908361083351623750e+14,2.558534957963290000e+15,3.102766236885474400e+16
1.222969970703130002e+03,3.203825555059479680e+17,3.350569410012186000e+16,2.659241292072473526e+09,1.413393572375901953e+13,7.403821898523417188e+13,8.711210191013655000e+14,2.497529814642672000e+15,3.022709442585485200e+16
1.224479980468750000e+03,3.177149030716912640e+17,3.221801870136135200e+16,1.420162608458263636e+09,1.371280441574554102e+13,7.170421981200003125e+13,8.420961045214303750e+14,2.407931234208344500e+15,2.905376354066431200e+16
1.225229980468750000e+03,3.199396828177939200e+17,3.159825213691381200e+16,1.052237179200338364e+09,1.350845604129194922e+13,7.057371694585450000e+13,8.280631935431617500e+14,2.364721550364950500e+15,2.848919105763728000e+16
1.226739990234380002e+03,3.202577928842478720e+17,3.038373601174113600e+16,5.601105697903758287e+08,1.310522974923093945e+13,6.834637280112910156e+13,8.004579458272666250e+14,2.279901865711218000e+15,2.738310398393240800e+16
1.227807692307690104e+03,3.189908612579713920e+17,2.955207729478992000e+16,3.552279930463461280e+08,1.282684261296113867e+13,6.681137709814603125e+13,7.814682252634195000e+14,2.221701446244004500e+15,2.662591425570125200e+16
1.229010009765630002e+03,3.175738521740343040e+17,2.864176559067766400e+16,2.671701786126870811e+08,1.251992428022850391e+13,6.512172196430403125e+13,7.605985623064366250e+14,2.157880772805362500e+15,2.579732903631833600e+16
1.230210017277649968e+03,3.179967548982236800e+17,2.775959876925036800e+16,1.934581238180474639e+08,1.222027071306680273e+13,6.347472860379278125e+13,7.402892954549447500e+14,2.095915476943810500e+15,2.499457935190607600e+16
1.231270019531250000e+03,3.175790204242081920e+17,2.700260542338531200e+16,1.742241118755300045e+08,1.196125484752776367e+13,6.205333481297903125e+13,7.227900154375752500e+14,2.042642474120764250e+15,2.430591882325982400e+16
1.233000807542070106e+03,3.153625822806281600e+17,2.581110087066547600e+16,1.389317213891207576e+08,1.154981312678216406e+13,5.979992310777784375e+13,6.951030923502908750e+14,1.958590030128349250e+15,2.322233889452112400e+16
1.233790039062500000e+03,3.160438102739402880e+17,2.528442302160397200e+16,1.129941496153329760e+08,1.136653029623019727e+13,5.879777008960310938e+13,6.828107618383438750e+14,1.921360428263067250e+15,2.274350617004376800e+16
1.235050048828130002e+03,3.136256873028990720e+17,2.446544366026244800e+16,1.135269356038913876e+08,1.107966205775263086e+13,5.723141240047265625e+13,6.636251648564223750e+14,1.863367945384161750e+15,2.199910988402786800e+16
1.236109936523439956e+03,3.142745022471251840e+17,2.379654367155488800e+16,1.139761912235598564e+08,1.084365434645677148e+13,5.594474961432917969e+13,6.478902126060403750e+14,1.815910033710416250e+15,2.139129467287394400e+16
1.237381147460939928e+03,3.124312362019244800e+17,2.301672009266102400e+16,7.416175745265164971e+07,1.056658598958825781e+13,5.443645677720807812e+13,6.294726129882252500e+14,1.760477529523115500e+15,2.068287634062046000e+16
1.238579956054690001e+03,3.133794978387456640e+17,2.230631290235818800e+16,7.282817225727912784e+07,1.031203902325911914e+13,5.305322871316883594e+13,6.126128495710113750e+14,1.709862451928973500e+15,2.003773104076889200e+16
1.239522658128000103e+03,3.110877029008474880e+17,2.176201759258209200e+16,7.308300817075459659e+07,1.011577345399441016e+13,5.198812144632865625e+13,5.996481785347388750e+14,1.671014719554712000e+15,1.954356088121635600e+16
1.240849975585940001e+03,3.111375795467527680e+17,2.101931065958625200e+16,7.344272712453354895e+07,9.845924658140500000e+12,5.052600750360378906e+13,5.818799049071603750e+14,1.617893960513277500e+15,1.886945426596965600e+16
1.242119995117190001e+03,3.083689202461354880e+17,2.033088039065174000e+16,7.378779859377758205e+07,9.593874606415919922e+12,4.916250676698208594e+13,5.653370272606400000e+14,1.568549534091137500e+15,1.824480266097084400e+16
1.243620004882810008e+03,3.087452956913730560e+17,1.954639248132788800e+16,4.618560679326353222e+07,9.304178435126921875e+12,4.759814309221450000e+13,5.463917374637965000e+14,1.512183441875342000e+15,1.753323979562423600e+16
1.244390014648440001e+03,3.098702990307505920e+17,1.915474949697356400e+16,4.631650226952425390e+07,9.158583342495447266e+12,4.681301123687775000e+13,5.368968003000167500e+14,1.483990075640190500e+15,1.717810023952089000e+16
1.245910034179690001e+03,3.081057173361421440e+17,1.840734317585858400e+16,4.657558911266537011e+07,8.878492857316070312e+12,4.530509831240455469e+13,5.186918316834768750e+14,1.430062390189634500e+15,1.650058031039444600e+16
1.246660034179690001e+03,3.055422879848375680e+17,1.804822355476620400e+16,4.670369462640569359e+07,8.743063446478655273e+12,4.457693298512989062e+13,5.099123600824301875e+14,1.404103761531971000e+15,1.617512515732918200e+16
1.247990053710939947e+03,3.038515884736454400e+17,1.742955410317020400e+16,4.693139018851346523e+07,8.508154214002284180e+12,4.331565851324892188e+13,4.947270143522908125e+14,1.359295144449262750e+15,1.561461075960276600e+16
1.249189941406250000e+03,3.044257195510330240e+17,1.688885331817247800e+16,4.713731904425192624e+07,8.301311910714452148e+12,4.220677099839510938e+13,4.813972150440602500e+14,1.320048283317140250e+15,1.512488974599516800e+16
1.250209960937500000e+03,3.067434050285328000e+17,1.644265410328886600e+16,4.731278424145566672e+07,8.129428982229943359e+12,4.128660509213037500e+13,4.703520841437559375e+14,1.287594682050264250e+15,1.472087943206821000e+16
1.251960749699519965e+03,3.029421322585500160e+17,1.570463420140187800e+16,3.740262925923453271e+07,7.842670410159643555e+12,3.975414122703884375e+13,4.519903110867922500e+14,1.233779236156275250e+15,1.405288671403617800e+16
1.252989990234380002e+03,3.037009255221943680e+17,1.528608098563731400e+16,2.884303215369629115e+07,7.678677446237576172e+12,3.887922560744683594e+13,4.415253651871485625e+14,1.203183130653040250e+15,1.367418431065206000e+16
1.253750000000000000e+03,2.994326144700263040e+17,1.498408905415209600e+16,2.892252205452634394e+07,7.559718665777606445e+12,3.824525603716653125e+13,4.339508157807431875e+14,1.181072305087692500e+15,1.340100879726817200e+16
1.255020019531250000e+03,2.993818645450056320e+17,1.449305946290041800e+16,2.905563364277857915e+07,7.365071398249383789e+12,3.720923361969411719e+13,4.215887640476211250e+14,1.145052786486099500e+15,1.295695606307353200e+16
1.256450039062500082e+03,3.001770274345548160e+17,1.395835516021452600e+16,2.920589910794665664e+07,7.151475519783090820e+12,3.607410812356228125e+13,4.080656781728702500e+14,1.105738655100783000e+15,1.247357025548073200e+16
1.257550048828130002e+03,3.003932268300242560e+17,1.356174775130282800e+16,2.932180816911513358e+07,6.991717693359011719e+12,3.522651272116628906e+13,3.979853587584758750e+14,1.076504428256602750e+15,1.211515978004435400e+16
1.258309936523440001e+03,2.990001770935293440e+17,1.329409401745948800e+16,2.940202019994062558e+07,6.883327272078790039e+12,3.465205888860148828e+13,3.911609568618533750e+14,1.056743477687362625e+15,1.187334102457755000e+16
1.259839965820309999e+03,2.969721865589047680e+17,1.277197388102097600e+16,2.956391572906125709e+07,6.670363166028225586e+12,3.352499286201676953e+13,3.777913471729753750e+14,1.018110705825642250e+15,1.140176968343668600e+16
1.261359985351559999e+03,2.953052932221713280e+17,1.227236497289496600e+16,2.972520761047546193e+07,6.464840951877594727e+12,3.243914682633826562e+13,3.649331117391898125e+14,9.810471680519571250e+14,1.095070327348058400e+16
1.262369995117190001e+03,2.950359178278247040e+17,1.195183284873930400e+16,2.983266389475513995e+07,6.331935207479580078e+12,3.173806109617113281e+13,3.566445230804970000e+14,9.572103568794856250e+14,1.066141867724582200e+16
1.263640014648440001e+03,2.953425126092220160e+17,1.156131298265922800e+16,2.996810330557985976e+07,6.168857322433185547e+12,3.087902062955829688e+13,3.465031927079926250e+14,9.281051036187407500e+14,1.030908355199072200e+16
1.264410034179690001e+03,2.921053266408222720e+17,1.132993916680334800e+16,3.005036211942562833e+07,6.071735013587687500e+12,3.036793549530492578e+13,3.404759893488021250e+14,9.108331700417820000e+14,1.010038312036762800e+16
1.265930053710940001e+03,2.909123983626618880e+17,1.088898943905805000e+16,1.715915135126377642e+07,5.885182323679554688e+12,2.938775824046071484e+13,3.289352307117589375e+14,8.778360803739486250e+14,9.702788449543174000e+15
1.267126493013829986e+03,2.905981623368491520e+17,1.055334583733091800e+16,1.723211224834580719e+07,5.742117469522969727e+12,2.863717460855009766e+13,3.201111213453994375e+14,8.526606357258302500e+14,9.400251203663980000e+15
1.267969970703130002e+03,2.896400866314424320e+17,1.032330077699367400e+16,1.728365633336017281e+07,5.643446651211878906e+12,2.812013801123794922e+13,3.140403799502231250e+14,8.353718675900490000e+14,9.192957595706960000e+15
1.269489990234380002e+03,2.892545545999052800e+17,9.920655284013950000e+15,1.737674335186449438e+07,5.469625424325570312e+12,2.721046263579517969e+13,3.033734475252823125e+14,8.050500774897136250e+14,8.830244043218869000e+15
1.270760009765630002e+03,2.861001798265656000e+17,9.597554058365120000e+15,1.745475135758387670e+07,5.328892768116871094e+12,2.647523573656982031e+13,2.947676405445048125e+14,7.806499276959818750e+14,8.539309140956968000e+15
1.271780029296880002e+03,2.845929276167469760e+17,9.345435276287248000e+15,1.751753634486134723e+07,5.218378506676299805e+12,2.589859229888841016e+13,2.880266820342605625e+14,7.615720137101763750e+14,8.312358742024593000e+15
1.273099936523439965e+03,2.855769502510486720e+17,9.029126657418264000e+15,1.759896405476881936e+07,5.078783232418408203e+12,2.517117061391604297e+13,2.795347367794725000e+14,7.375852843532812500e+14,8.027719017993990000e+15
1.274079956054690001e+03,2.814232657950540800e+17,8.801401276415802000e+15,1.765955935530433804e+07,4.977601381673625000e+12,2.464460975920745312e+13,2.733959858780418750e+14,7.202790119367656250e+14,7.822860225124750000e+15
1.274079956054690001e+03,3.717089769184280000e+16,8.801401276415802000e+15,1.765955935530433804e+07,4.977601381673625000e+12,2.464460975920745312e+13,2.733959858780418750e+14,7.202790119367656250e+14,7.822860225124750000e+15
1.274329956054690001e+03,3.725139507683589600e+16,8.743817687907890000e+15,1.767502683276926354e+07,4.951966548981932617e+12,2.451125348260259766e+13,2.718418961822892812e+14,7.159001757993507500e+14,7.771063629279896000e+15
1.274779963566709966e+03,3.699564039348690400e+16,8.642339273818388000e+15,1.770291176871385425e+07,4.906581902140045898e+12,2.427536690992367188e+13,2.690954980857095312e+14,7.081720812849193750e+14,7.679803932595938000e+15
1.274815345177280051e+03,3.882203611018940000e+16,8.634403772434024000e+15,1.770510506207356974e+07,4.903028633232221680e+12,2.425690307151165625e+13,2.688805773713142188e+14,7.075675222182328750e+14,7.672667938058774000e+15
1.274839965820309999e+03,3.808817854153320000e+16,8.628881775450278000e+15,1.770663128691182286e+07,4.900556055982080078e+12,2.424405482726329297e+13,2.687310226703379375e+14,7.071468338230021250e+14,7.667702285808005000e+15
1.274839965820309999e+03,3.795583307860260000e+16,8.628881775450278000e+15,1.770663128691182286e+07,4.900556055982080078e+12,2.424405482726329297e+13,2.687310226703379375e+14,7.071468338230021250e+14,7.667702285808005000e+15
1.274839965820309999e+03,3.769928614530490400e+16,8.628881775450278000e+15,1.770663128691182286e+07,4.900556055982080078e+12,2.424405482726329297e+13,2.687310226703379375e+14,7.071468338230021250e+14,7.667702285808005000e+15
1.274839965820309999e+03,3.665020988877199200e+16,8.628881775450278000e+15,1.770663128691182286e+07,4.900556055982080078e+12,2.424405482726329297e+13,2.687310226703379375e+14,7.071468338230021250e+14,7.667702285808005000e+15
1.274973011846130021e+03,2.824238746120025600e+17,8.599041784984396000e+15,1.771487876237339526e+07,4.887194643111418945e+12,2.417462496574707031e+13,2.679228529331221875e+14,7.048735008712195000e+14,7.640868693494211000e+15
1.275032273512619895e+03,4.079507578931599200e+16,8.585750387874629000e+15,1.771855237184180692e+07,4.881243171893136719e+12,2.414369935731755859e+13,2.675628761120266250e+14,7.038609076849245000e+14,7.628916413156455000e+15
1.275089965820309999e+03,3.803339576543759200e+16,8.572810971602577000e+15,1.772212869732062146e+07,4.875449306666741211e+12,2.411359271633533203e+13,2.672124321445506562e+14,7.028751298435502500e+14,7.617280651361568000e+15
1.275089965820309999e+03,3.904925412133929600e+16,8.572810971602577000e+15,1.772212869732062146e+07,4.875449306666741211e+12,2.411359271633533203e+13,2.672124321445506562e+14,7.028751298435502500e+14,7.617280651361568000e+15
1.275089965820309999e+03,3.920553596544640000e+16,8.572810971602577000e+15,1.772212869732062146e+07,4.875449306666741211e+12,2.411359271633533203e+13,2.672124321445506562e+14,7.028751298435502500e+14,7.617280651361568000e+15
1.275089965820309999e+03,3.763141732828509600e+16,8.572810971602577000e+15,1.772212869732062146e+07,4.875449306666741211e+12,2.411359271633533203e+13,2.672124321445506562e+14,7.028751298435502500e+14,7.617280651361568000e+15
1.275349975585940001e+03,3.823689156012009600e+16,8.514495145334071000e+15,1.773824660951367766e+07,4.849337306645891602e+12,2.397790702479143750e+13,2.656330386777590625e+14,6.984323908413981250e+14,7.564840181941168000e+15
1.275599975585940001e+03,3.927888805989160000e+16,8.459480620821118000e+15,1.775376547548824176e+07,4.824601668918650391e+12,2.384947605970043750e+13,2.641393279108034375e+14,6.942356299118687500e+14,7.515378345237133000e+15
1.275599975585940001e+03,3.897457682358849600e+16,8.459480620821118000e+15,1.775376547548824176e+07,4.824601668918650391e+12,2.384947605970043750e+13,2.641393279108034375e+14,6.942356299118687500e+14,7.515378345237133000e+15
1.275599975585940001e+03,3.951699402846200000e+16,8.459480620821118000e+15,1.775376547548824176e+07,4.824601668918650391e+12,2.384947605970043750e+13,2.641393279108034375e+14,6.942356299118687500e+14,7.515378345237133000e+15
1.275859985351559999e+03,4.134213807375900000e+16,8.402697005704444000e+15,1.776991451056266949e+07,4.799027993652794922e+12,2.371673669513744922e+13,2.625960243708815938e+14,6.899016013360958750e+14,7.464330133296371000e+15
1.275869600736180018e+03,4.124475963038970400e+16,8.400597098809947000e+15,1.777051171576037630e+07,4.798082257160004883e+12,2.371182787934183203e+13,2.625389516794524688e+14,6.897413252341162500e+14,7.462442326541097000e+15
1.275984985351559999e+03,4.277877098778259200e+16,8.375398216089143000e+15,1.777767817812911794e+07,4.786733419252448242e+12,2.365292208982518750e+13,2.618540793826607812e+14,6.878180120113650000e+14,7.439788645489636000e+15
1.276109985351559999e+03,4.116529862880300000e+16,8.348099426473841000e+15,1.778544184569556639e+07,4.774438844852101562e+12,2.358910748451292969e+13,2.611121343944399375e+14,6.857344226866340000e+14,7.415247157682901000e+15
1.276109985351559999e+03,4.099086411723840000e+16,8.348099426473841000e+15,1.778544184569556639e+07,4.774438844852101562e+12,2.358910748451292969e+13,2.611121343944399375e+14,6.857344226866340000e+14,7.415247157682901000e+15
1.276208064152639963e+03,4.369194009563460000e+16,8.326679966022617000e+15,1.779153345535077155e+07,4.764792147916305664e+12,2.353903660466958984e+13,2.605299817951440625e+14,6.840995751433331250e+14,7.395991160076476000e+15
1.276369995117190001e+03,4.302580021480780000e+16,8.291315811354982000e+15,1.780159088077061623e+07,4.748865169585262695e+12,2.345636811994483203e+13,2.595688308544587500e+14,6.814003941106943750e+14,7.364198945740175000e+15
1.276369995117190001e+03,2.788111550102917120e+17,8.291315811354982000e+15,1.780159088077061623e+07,4.748865169585262695e+12,2.345636811994483203e+13,2.595688308544587500e+14,6.814003941106943750e+14,7.364198945740175000e+15
1.276369995117190001e+03,4.379606231597470400e+16,8.291315811354982000e+15,1.780159088077061623e+07,4.748865169585262695e+12,2.345636811994483203e+13,2.595688308544587500e+14,6.814003941106943750e+14,7.364198945740175000e+15
1.276456533578729932e+03,4.234415062511280000e+16,8.272622114809904000e+15,1.780697001207170263e+07,4.740426194365035156e+12,2.341258588790586719e+13,2.590600343206851875e+14,6.799725142237988750e+14,7.347395334618247000e+15
1.276619995117190001e+03,4.206274676696869600e+16,8.237861737412579000e+15,1.781714206115337461e+07,4.724680367656779297e+12,2.333094900059130078e+13,2.581119760395390625e+14,6.773144988377677500e+14,7.316154757103164000e+15
1.276619995117190001e+03,4.411390785152669600e+16,8.237861737412579000e+15,1.781714206115337461e+07,4.724680367656779297e+12,2.333094900059130078e+13,2.581119760395390625e+14,6.773144988377677500e+14,7.316154757103164000e+15
1.276619995117190001e+03,4.288691051637449600e+16,8.237861737412579000e+15,1.781714206115337461e+07,4.724680367656779297e+12,2.333094900059130078e+13,2.581119760395390625e+14,6.773144988377677500e+14,7.316154757103164000e+15
1.276880004882809999e+03,4.499816372210920000e+16,8.182570213393617000e+15,1.783332221045649797e+07,4.699634300242537109e+12,2.320109345086030469e+13,2.566039490516790625e+14,6.730865320386841250e+14,7.266461995649591000e+15
1.276880004882809999e+03,4.343142723268239200e+16,8.182570213393617000e+15,1.783332221045649797e+07,4.699634300242537109e+12,2.320109345086030469e+13,2.566039490516790625e+14,6.730865320386841250e+14,7.266461995649591000e+15
1.276880004882809999e+03,4.392453999435789600e+16,8.182570213393617000e+15,1.783332221045649797e+07,4.699634300242537109e+12,2.320109345086030469e+13,2.566039490516790625e+14,6.730865320386841250e+14,7.266461995649591000e+15
1.276880004882809999e+03,4.500135997193849600e+16,8.182570213393617000e+15,1.783332221045649797e+07,4.699634300242537109e+12,2.320109345086030469e+13,2.566039490516790625e+14,6.730865320386841250e+14,7.266461995649591000e+15
1.276880004882809999e+03,4.607669216388160000e+16,8.182570213393617000e+15,1.783332221045649797e+07,4.699634300242537109e+12,2.320109345086030469e+13,2.566039490516790625e+14,6.730865320386841250e+14,7.266461995649591000e+15
1.276880004882809999e+03,4.635686834075209600e+16,8.182570213393617000e+15,1.783332221045649797e+07,4.699634300242537109e+12,2.320109345086030469e+13,2.566039490516790625e+14,6.730865320386841250e+14,7.266461995649591000e+15
1.277130004882809999e+03,4.595242927593639200e+16,8.129407283256053000e+15,1.784887946199331805e+07,4.675552447629693359e+12,2.307623703496631641e+13,2.551539775628543438e+14,6.690213320364822500e+14,7.218682288861387000e+15
1.277130004882809999e+03,4.866791773397230400e+16,8.129407283256053000e+15,1.784887946199331805e+07,4.675552447629693359e+12,2.307623703496631641e+13,2.551539775628543438e+14,6.690213320364822500e+14,7.218682288861387000e+15
1.277130004882809999e+03,4.711625005936719200e+16,8.129407283256053000e+15,1.784887946199331805e+07,4.675552447629693359e+12,2.307623703496631641e+13,2.551539775628543438e+14,6.690213320364822500e+14,7.218682288861387000e+15
1.277130004882809999e+03,4.726027936547689600e+16,8.129407283256053000e+15,1.784887946199331805e+07,4.675552447629693359e+12,2.307623703496631641e+13,2.551539775628543438e+14,6.690213320364822500e+14,7.218682288861387000e+15
1.277510014648439892e+03,4.843470243735059200e+16,8.049096492111084000e+15,1.787253777339687571e+07,4.639124650269724609e+12,2.288741962668688672e+13,2.529618044511085000e+14,6.628776015102035000e+14,7.146508398299480000e+15
1.277640014648440001e+03,4.962332460697679200e+16,8.022178228243101000e+15,1.788064309634755179e+07,4.626860614732219727e+12,2.282390548432878125e+13,2.522250586925393125e+14,6.608154327935442500e+14,7.122322712013787000e+15
1.277640014648440001e+03,4.769615576735269600e+16,8.022178228243101000e+15,1.788064309634755179e+07,4.626860614732219727e+12,2.282390548432878125e+13,2.522250586925393125e+14,6.608154327935442500e+14,7.122322712013787000e+15
1.277640014648440001e+03,4.767279167142480000e+16,8.022178228243101000e+15,1.788064309634755179e+07,4.626860614732219727e+12,2.282390548432878125e+13,2.522250586925393125e+14,6.608154327935442500e+14,7.122322712013787000e+15
1.277640014648440001e+03,4.858924921809160000e+16,8.022178228243101000e+15,1.788064309634755179e+07,4.626860614732219727e+12,2.282390548432878125e+13,2.522250586925393125e+14,6.608154327935442500e+14,7.122322712013787000e+15
1.277640014648440001e+03,5.063575433097249600e+16,8.022178228243101000e+15,1.788064309634755179e+07,4.626860614732219727e+12,2.282390548432878125e+13,2.522250586925393125e+14,6.608154327935442500e+14,7.122322712013787000e+15
1.277640014648440001e+03,5.040918955712259200e+16,8.022178228243101000e+15,1.788064309634755179e+07,4.626860614732219727e+12,2.282390548432878125e+13,2.522250586925393125e+14,6.608154327935442500e+14,7.122322712013787000e+15
1.277895019531250000e+03,5.018885271764640000e+16,7.969376007296194000e+15,1.789654230349503830e+07,4.602803776693630859e+12,2.269931766564575781e+13,2.507798758785043125e+14,6.567703320864235000e+14,7.074880649729499000e+15
1.277900024414059999e+03,2.783286867824895040e+17,7.968339678403057000e+15,1.789685435112199932e+07,4.602331622380994141e+12,2.269687242842052734e+13,2.507515118309474062e+14,6.566909404497980000e+14,7.073949522609967000e+15
1.277900024414059999e+03,5.193704991655469600e+16,7.968339678403057000e+15,1.789685435112199932e+07,4.602331622380994141e+12,2.269687242842052734e+13,2.507515118309474062e+14,6.566909404497980000e+14,7.073949522609967000e+15
1.278068422851559944e+03,4.955698040876949600e+16,7.933470497052475000e+15,1.790735376435527205e+07,4.586445126827471680e+12,2.261459794894171484e+13,2.497971515649653750e+14,6.540196636055950000e+14,7.042620047376343000e+15
1.278150024414059999e+03,5.088435407400209600e+16,7.916573786349287000e+15,1.791244151064252108e+07,4.578746938655042969e+12,2.257472984696273047e+13,2.493346930644693438e+14,6.527252313793027500e+14,7.027438587445212000e+15
1.278150024414059999e+03,5.204285010661139200e+16,7.916573786349287000e+15,1.791244151064252108e+07,4.578746938655042969e+12,2.257472984696273047e+13,2.493346930644693438e+14,6.527252313793027500e+14,7.027438587445212000e+15
1.278410034179690001e+03,5.158701269463639200e+16,7.862735236507173000e+15,1.792865276541759074e+07,4.554217946302874023e+12,2.244769679104958984e+13,2.478611462028207500e+14,6.486007390353977500e+14,6.979065398039530000e+15
1.278410034179690001e+03,5.158920487782380000e+16,7.862735236507173000e+15,1.792865276541759074e+07,4.554217946302874023e+12,2.244769679104958984e+13,2.478611462028207500e+14,6.486007390353977500e+14,6.979065398039530000e+15
1.278561955378610037e+03,5.113742582692880000e+16,7.832046369199532000e+15,1.793814173558530957e+07,4.540161123324370117e+12,2.237497298842173047e+13,2.470184715515130938e+14,6.462456680618075000e+14,6.951499149485286000e+15
1.278660034179690001e+03,5.242503210311160000e+16,7.812271516593688000e+15,1.794426854527160898e+07,4.531099635961452148e+12,2.232809658765430078e+13,2.464753441937866250e+14,6.447279386102582500e+14,6.933736769681338000e+15
1.278660034179690001e+03,5.435896717897420000e+16,7.812271516593688000e+15,1.794426854527160898e+07,4.531099635961452148e+12,2.232809658765430078e+13,2.464753441937866250e+14,6.447279386102582500e+14,6.933736769681338000e+15
1.278920043945309999e+03,5.563800351778349600e+16,7.759847804898604000e+15,1.796051089665632322e+07,4.507077368361750000e+12,2.220382588040215625e+13,2.450354977088246562e+14,6.407043935156345000e+14,6.886648182149437000e+15
1.278920043945309999e+03,5.460677852161169600e+16,7.759847804898604000e+15,1.796051089665632322e+07,4.507077368361750000e+12,2.220382588040215625e+13,2.450354977088246562e+14,6.407043935156345000e+14,6.886648182149437000e+15
1.278920043945309999e+03,5.489073371432650400e+16,7.759847804898604000e+15,1.796051089665632322e+07,4.507077368361750000e+12,2.220382588040215625e+13,2.450354977088246562e+14,6.407043935156345000e+14,6.886648182149437000e+15
1.278920043945309999e+03,2.796267752537068480e+17,7.759847804898604000e+15,1.796051089665632322e+07,4.507077368361750000e+12,2.220382588040215625e+13,2.450354977088246562e+14,6.407043935156345000e+14,6.886648182149437000e+15
1.279125401088170065e+03,5.606936984858920000e+16,7.718443269087607000e+15,1.797333919510788843e+07,4.488104449296455078e+12,2.210567619236391406e+13,2.438982990362908125e+14,6.375265754716456250e+14,6.849457356744056000e+15
1.279170043945309999e+03,5.694677863607939200e+16,7.709442283042456000e+15,1.797612795564061776e+07,4.483979901673893555e+12,2.208433930366164844e+13,2.436510819335857500e+14,6.368357454621378750e+14,6.841372394700052000e+15
1.279430053710940001e+03,5.747082088912839200e+16,7.657067975981268000e+15,1.799237142186720297e+07,4.459975441154274414e+12,2.196016554235843359e+13,2.422124166110134062e+14,6.328157319439927500e+14,6.794328652349717000e+15
1.279430053710940001e+03,5.815803754439349600e+16,7.657067975981268000e+15,1.799237142186720297e+07,4.459975441154274414e+12,2.196016554235843359e+13,2.422124166110134062e+14,6.328157319439927500e+14,6.794328652349717000e+15
1.279680053710940001e+03,5.978925324960409600e+16,7.607987078858225000e+15,1.800801837169595063e+07,4.437355413465632812e+12,2.184327825626518359e+13,2.408596698676294688e+14,6.290417716393097500e+14,6.750255242733214000e+15
1.279680053710940001e+03,5.822913932097679200e+16,7.607987078858225000e+15,1.800801837169595063e+07,4.437355413465632812e+12,2.184327825626518359e+13,2.408596698676294688e+14,6.290417716393097500e+14,6.750255242733214000e+15
1.279680053710940001e+03,5.933998857536580000e+16,7.607987078858225000e+15,1.800801837169595063e+07,4.437355413465632812e+12,2.184327825626518359e+13,2.408596698676294688e+14,6.290417716393097500e+14,6.750255242733214000e+15
1.279879967322719949e+03,5.810104320685110400e+16,7.568739321205154000e+15,1.802053052471036464e+07,4.419267207730438477e+12,2.174980881812894922e+13,2.397779399184556562e+14,6.260239074984165000e+14,6.715011744733646000e+15
1.279939941406250000e+03,2.737938375343256960e+17,7.556964993910005000e+15,1.802428417061444372e+07,4.413840746010236328e+12,2.172176798668992188e+13,2.394534209337248125e+14,6.251185482562078750e+14,6.704438695334468000e+15
1.279939941406250000e+03,5.821456712077829600e+16,7.556964993910005000e+15,1.802428417061444372e+07,4.413840746010236328e+12,2.172176798668992188e+13,2.394534209337248125e+14,6.251185482562078750e+14,6.704438695334468000e+15
1.279939941406250000e+03,6.029997903368049600e+16,7.556964993910005000e+15,1.802428417061444372e+07,4.413840746010236328e+12,2.172176798668992188e+13,2.394534209337248125e+14,6.251185482562078750e+14,6.704438695334468000e+15
1.279939941406250000e+03,5.878721544081229600e+16,7.556964993910005000e+15,1.802428417061444372e+07,4.413840746010236328e+12,2.172176798668992188e+13,2.394534209337248125e+14,6.251185482562078750e+14,6.704438695334468000e+15
1.280199951171880002e+03,5.982740744571320000e+16,7.505918943678515000e+15,1.804055760964562744e+07,4.390315033618765137e+12,2.160020064324098438e+13,2.380465114789087812e+14,6.211934821189376250e+14,6.658600627714861000e+15
1.280199951171880002e+03,5.997008065727629600e+16,7.505918943678515000e+15,1.804055760964562744e+07,4.390315033618765137e+12,2.160020064324098438e+13,2.380465114789087812e+14,6.211934821189376250e+14,6.658600627714861000e+15
1.280439951171880011e+03,5.946514231412280000e+16,7.458900449766410000e+15,1.805558097902600467e+07,4.368635777284311035e+12,2.148818442410952344e+13,2.367502543003820625e+14,6.175775822706376250e+14,6.616380146243625000e+15
1.280449951171880002e+03,6.381450988120920000e+16,7.456988805137808000e+15,1.805620805230419710e+07,4.367749689499881836e+12,2.148361067975414844e+13,2.366973824539546562e+14,6.174303186579090000e+14,6.614664027577810000e+15
1.280709960937500000e+03,6.219904490599389600e+16,7.407284177954607000e+15,1.807251256991317123e+07,4.344710541785051758e+12,2.136468885996933984e+13,2.353226628142048438e+14,6.136013209149140000e+14,6.570043266370312000e+15
1.280709960937500000e+03,6.105843698277120000e+16,7.407284177954607000e+15,1.807251256991317123e+07,4.344710541785051758e+12,2.136468885996933984e+13,2.353226628142048438e+14,6.136013209149140000e+14,6.570043266370312000e+15
1.280709960937500000e+03,6.268594787601679200e+16,7.407284177954607000e+15,1.807251256991317123e+07,4.344710541785051758e+12,2.136468885996933984e+13,2.353226628142048438e+14,6.136013209149140000e+14,6.570043266370312000e+15
1.280796499399039931e+03,6.427671620186289600e+16,7.390741099437562000e+15,1.807793916558993980e+07,4.337042474419665039e+12,2.132510837997019141e+13,2.348651179893441562e+14,6.123269242662785000e+14,6.555192239454342000e+15
1.280834960937500000e+03,6.587092768893179200e+16,7.383388620097059000e+15,1.808035098589059338e+07,4.333634444479681152e+12,2.130751705552709375e+13,2.346617647338617188e+14,6.117605257558050000e+14,6.548591783047609000e+15
1.280892653245190104e+03,6.571363384363569600e+16,7.372359901086304000e+15,1.808396871634157375e+07,4.328522399569705078e+12,2.128113006886244922e+13,2.343567348506380938e+14,6.109109279900947500e+14,6.538691098437509000e+15
1.280959960937500000e+03,6.788566900043568800e+16,7.359493062239511000e+15,1.808818940186801553e+07,4.322558347174310059e+12,2.125034525108484766e+13,2.340008666535185938e+14,6.099197305966958750e+14,6.527140299724906000e+15
1.280959960937500000e+03,6.751578571341540000e+16,7.359493062239511000e+15,1.808818940186801553e+07,4.322558347174310059e+12,2.125034525108484766e+13,2.340008666535185938e+14,6.099197305966958750e+14,6.527140299724906000e+15
1.280959960937500000e+03,6.715715969744779200e+16,7.359493062239511000e+15,1.808818940186801553e+07,4.322558347174310059e+12,2.125034525108484766e+13,2.340008666535185938e+14,6.099197305966958750e+14,6.527140299724906000e+15
1.280959960937500000e+03,6.587902090045629600e+16,7.359493062239511000e+15,1.808818940186801553e+07,4.322558347174310059e+12,2.125034525108484766e+13,2.340008666535185938e+14,6.099197305966958750e+14,6.527140299724906000e+15
1.281219970703130002e+03,6.957033075162960000e+16,7.309788435054397000e+15,1.810449391947761551e+07,4.299519199458593750e+12,2.113142343129546484e+13,2.326261470137159062e+14,6.060907328535536250e+14,6.482519538515691000e+15
1.281219970703130002e+03,7.108710049622749600e+16,7.309788435054397000e+15,1.810449391947761551e+07,4.299519199458593750e+12,2.113142343129546484e+13,2.326261470137159062e+14,6.060907328535536250e+14,6.482519538515691000e+15
1.281219970703130002e+03,6.752750905700228800e+16,7.309788435054397000e+15,1.810449391947761551e+07,4.299519199458593750e+12,2.113142343129546484e+13,2.326261470137159062e+14,6.060907328535536250e+14,6.482519538515691000e+15
1.281469970703130002e+03,6.990373297592939200e+16,7.262244672003830000e+15,1.812017663543026522e+07,4.277457293138392578e+12,2.101757009780545703e+13,2.313103085302262500e+14,6.024268903866506250e+14,6.439840978953997000e+15
1.281469970703130002e+03,2.742813263151004480e+17,7.262244672003830000e+15,1.812017663543026522e+07,4.277457293138392578e+12,2.101757009780545703e+13,2.313103085302262500e+14,6.024268903866506250e+14,6.439840978953997000e+15
1.281501171874999955e+03,7.111022679848800800e+16,7.256436848975331000e+15,1.812213690587206557e+07,4.274749805572373047e+12,2.100361013692039062e+13,2.311491171885988438e+14,6.019786563838415000e+14,6.434628680633398000e+15
1.281724975585940001e+03,7.053819397710608800e+16,7.214777761564168000e+15,1.813619778157087788e+07,4.255329196400229004e+12,2.090347636426343750e+13,2.299929035509196250e+14,5.987635068498327500e+14,6.397241248150447000e+15
1.281729980468750000e+03,7.099854212417780000e+16,7.213846146759441000e+15,1.813651222244758531e+07,4.254894896751679199e+12,2.090123709041330469e+13,2.299670473498065938e+14,5.986916070293751250e+14,6.396405159609475000e+15
1.281970365084129980e+03,7.157946520667940000e+16,7.169100670188250000e+15,1.815161482366259024e+07,4.234035476473606445e+12,2.079368472532702734e+13,2.287251735246444062e+14,5.952382573021722500e+14,6.356247811280846000e+15
1.281979980468750000e+03,2.734923858576448000e+17,7.167310851124505000e+15,1.815221892771149054e+07,4.233201099662065430e+12,2.078938263072141797e+13,2.286754985716130312e+14,5.951001233130148750e+14,6.354641517346896000e+15
1.281979980468750000e+03,7.473227951583280000e+16,7.167310851124505000e+15,1.815221892771149054e+07,4.233201099662065430e+12,2.078938263072141797e+13,2.286754985716130312e+14,5.951001233130148750e+14,6.354641517346896000e+15
1.281979980468750000e+03,7.215850542290710400e+16,7.167310851124505000e+15,1.815221892771149054e+07,4.233201099662065430e+12,2.078938263072141797e+13,2.286754985716130312e+14,5.951001233130148750e+14,6.354641517346896000e+15
1.282083064152649968e+03,7.323425611957809600e+16,7.148122732302811000e+15,1.815869534787362814e+07,4.224255993574961914e+12,2.074326115165869922e+13,2.281429481476422500e+14,5.936192298244182500e+14,6.337420916956868000e+15
1.282156787109380048e+03,7.420666049855699200e+16,7.134399853956748000e+15,1.816332712688380107e+07,4.217858670118366699e+12,2.071027618569097266e+13,2.277620809688840312e+14,5.925601306299462500e+14,6.325105160191209000e+15
1.282393836388230056e+03,7.700150472141779200e+16,7.090275220871413000e+15,1.817822017950747162e+07,4.197288674295920898e+12,2.060421610966649609e+13,2.265374381430024375e+14,5.891546961300872500e+14,6.285504995069233000e+15
1.282489990234380002e+03,7.340760603349368000e+16,7.072715776937207000e+15,1.818426949371977523e+07,4.189069334733282227e+12,2.056186995528789062e+13,2.260488777795760312e+14,5.877977073592576250e+14,6.269749297613749000e+15
1.282750000000000000e+03,7.625249148709129600e+16,7.025588929994537000e+15,1.820063614087307453e+07,4.166974051643863770e+12,2.044807016200912891e+13,2.247363592918457812e+14,5.841538397752230000e+14,6.227466885324290000e+15
1.282750000000000000e+03,7.626386361534518400e+16,7.025588929994537000e+15,1.820063614087307453e+07,4.166974051643863770e+12,2.044807016200912891e+13,2.247363592918457812e+14,5.841538397752230000e+14,6.227466885324290000e+15
1.282750000000000000e+03,7.611545019844320000e+16,7.025588929994537000e+15,1.820063614087307453e+07,4.166974051643863770e+12,2.044807016200912891e+13,2.247363592918457812e+14,5.841538397752230000e+14,6.227466885324290000e+15
1.283000000000000000e+03,7.924749924510299200e+16,6.980276356031886000e+15,1.821637271053063497e+07,4.145729385086117188e+12,2.033865139363383203e+13,2.234743696848395938e+14,5.806502525394265000e+14,6.186812246652705000e+15
1.283000000000000000e+03,7.836323666203438400e+16,6.980276356031886000e+15,1.821637271053063497e+07,4.145729385086117188e+12,2.033865139363383203e+13,2.234743696848395938e+14,5.806502525394265000e+14,6.186812246652705000e+15
1.283000000000000000e+03,8.142493173998209600e+16,6.980276356031886000e+15,1.821637271053063497e+07,4.145729385086117188e+12,2.033865139363383203e+13,2.234743696848395938e+14,5.806502525394265000e+14,6.186812246652705000e+15
1.283000000000000000e+03,7.837668239889300800e+16,6.980276356031886000e+15,1.821637271053063497e+07,4.145729385086117188e+12,2.033865139363383203e+13,2.234743696848395938e+14,5.806502525394265000e+14,6.186812246652705000e+15
1.283204003906249909e+03,8.182832429259529600e+16,6.943300587669411000e+15,1.822921399725509807e+07,4.128393405227088379e+12,2.024936396897137500e+13,2.224445664469353750e+14,5.777912706114672500e+14,6.153637426267976000e+15
1.283260009765630002e+03,7.942109824001059200e+16,6.933149509087402000e+15,1.823273935768456385e+07,4.123634101995848145e+12,2.022485160035069531e+13,2.221618511970588750e+14,5.770063849552516250e+14,6.144529834361619000e+15
1.283260009765630002e+03,8.216635585527739200e+16,6.933149509087402000e+15,1.823273935768456385e+07,4.123634101995848145e+12,2.022485160035069531e+13,2.221618511970588750e+14,5.770063849552516250e+14,6.144529834361619000e+15
1.283510009765630002e+03,8.499126055864339200e+16,6.888262075919085000e+15,1.824848658933431283e+07,4.102546579618763184e+12,2.011628395495392578e+13,2.209101772850860625e+14,5.735334167720790000e+14,6.104260694703680000e+15
1.283510009765630002e+03,8.227670042191020800e+16,6.888262075919085000e+15,1.824848658933431283e+07,4.102546579618763184e+12,2.011628395495392578e+13,2.209101772850860625e+14,5.735334167720790000e+14,6.104260694703680000e+15
1.283550011268029948e+03,8.716067923024550400e+16,6.881202273501906000e+15,1.825100931209026277e+07,4.099217712784613281e+12,2.009915763488500000e+13,2.207128732478490312e+14,5.729865404380632500e+14,6.097928428668520000e+15
1.283770019531250000e+03,8.591824493356350400e+16,6.842373360203831000e+15,1.826488428724926338e+07,4.080908945195097168e+12,2.000496287449719922e+13,2.196277010429450312e+14,5.699787206006986250e+14,6.063100965471918000e+15
1.283770019531250000e+03,2.745036546581992960e+17,6.842373360203831000e+15,1.826488428724926338e+07,4.080908945195097168e+12,2.000496287449719922e+13,2.196277010429450312e+14,5.699787206006986250e+14,6.063100965471918000e+15
1.283770019531250000e+03,8.619253859092160000e+16,6.842373360203831000e+15,1.826488428724926338e+07,4.080908945195097168e+12,2.000496287449719922e+13,2.196277010429450312e+14,5.699787206006986250e+14,6.063100965471918000e+15
1.283844308035719905e+03,8.826483107438249600e+16,6.829262298569658000e+15,1.826956934379683807e+07,4.074726763930606445e+12,1.997315685150654688e+13,2.192612792594414062e+14,5.689630931230650000e+14,6.051341042833156000e+15
1.284030029296880002e+03,8.866715924067640000e+16,6.796484644486812000e+15,1.828128198516484722e+07,4.059271310770599121e+12,1.989364179403619141e+13,2.183452248007546562e+14,5.664240244291813750e+14,6.021941236238573000e+15
1.284030029296880002e+03,9.071467141071220800e+16,6.796484644486812000e+15,1.828128198516484722e+07,4.059271310770599121e+12,1.989364179403619141e+13,2.183452248007546562e+14,5.664240244291813750e+14,6.021941236238573000e+15
1.284030029296880002e+03,8.960280993089179200e+16,6.796484644486812000e+15,1.828128198516484722e+07,4.059271310770599121e+12,1.989364179403619141e+13,2.183452248007546562e+14,5.664240244291813750e+14,6.021941236238573000e+15
1.284485870361329944e+03,9.511347816499400000e+16,6.716335972084649000e+15,1.831003769790580124e+07,4.021449208219986816e+12,1.969908473996651172e+13,2.161041820394526562e+14,5.602138326155675000e+14,5.950055044119230000e+15
1.284540039062500000e+03,9.252250882706929600e+16,6.707026956376261000e+15,1.831346035190589726e+07,4.017034775105780762e+12,1.967639811746462891e+13,2.158431154994365938e+14,5.594913917828998750e+14,5.941707757035876000e+15
1.284540039062500000e+03,9.030594188048910400e+16,6.707026956376261000e+15,1.831346035190589726e+07,4.017034775105780762e+12,1.967639811746462891e+13,2.158431154994365938e+14,5.594913917828998750e+14,5.941707757035876000e+15
1.284540039062500000e+03,9.332197172978380800e+16,6.707026956376261000e+15,1.831346035190589726e+07,4.017034775105780762e+12,1.967639811746462891e+13,2.158431154994365938e+14,5.594913917828998750e+14,5.941707757035876000e+15
1.284540039062500000e+03,8.975788552542150400e+16,6.707026956376261000e+15,1.831346035190589726e+07,4.017034775105780762e+12,1.967639811746462891e+13,2.158431154994365938e+14,5.594913917828998750e+14,5.941707757035876000e+15
1.284790039062500000e+03,2.719446830270791680e+17,6.664063882187148000e+15,1.832925662321279198e+07,3.996661233656319824e+12,1.957169456166649219e+13,2.146382382623192188e+14,5.561571747116817500e+14,5.903183263633548000e+15
1.284790039062500000e+03,9.489348079923131200e+16,6.664063882187148000e+15,1.832925662321279198e+07,3.996661233656319824e+12,1.957169456166649219e+13,2.146382382623192188e+14,5.561571747116817500e+14,5.903183263633548000e+15
1.284790039062500000e+03,9.366333717377409600e+16,6.664063882187148000e+15,1.832925662321279198e+07,3.996661233656319824e+12,1.957169456166649219e+13,2.146382382623192188e+14,5.561571747116817500e+14,5.903183263633548000e+15
1.285050048828130002e+03,1.006388465053760960e+17,6.619380606784525000e+15,1.834568536241412535e+07,3.975471954707010254e+12,1.946279877365169141e+13,2.133851188701759688e+14,5.526894587146938125e+14,5.863116285631333000e+15
1.285050048828130002e+03,9.641695846678009600e+16,6.619380606784525000e+15,1.834568536241412535e+07,3.975471954707010254e+12,1.946279877365169141e+13,2.133851188701759688e+14,5.526894587146938125e+14,5.863116285631333000e+15
1.285050048828130002e+03,9.855950352060019200e+16,6.619380606784525000e+15,1.834568536241412535e+07,3.975471954707010254e+12,1.946279877365169141e+13,2.133851188701759688e+14,5.526894587146938125e+14,5.863116285631333000e+15
1.285050048828130002e+03,9.876657675462691200e+16,6.619380606784525000e+15,1.834568536241412535e+07,3.975471954707010254e+12,1.946279877365169141e+13,2.133851188701759688e+14,5.526894587146938125e+14,5.863116285631333000e+15
1.285050048828130002e+03,9.717483597233038400e+16,6.619380606784525000e+15,1.834568536241412535e+07,3.975471954707010254e+12,1.946279877365169141e+13,2.133851188701759688e+14,5.526894587146938125e+14,5.863116285631333000e+15
1.285300048828130002e+03,1.028454639025910880e+17,6.576417532595412000e+15,1.836148163372102007e+07,3.955098413257549316e+12,1.935809521785355469e+13,2.121802416330585938e+14,5.493552416434756875e+14,5.824591792229005000e+15
1.285300048828130002e+03,1.042227469873755840e+17,6.576417532595412000e+15,1.836148163372102007e+07,3.955098413257549316e+12,1.935809521785355469e+13,2.121802416330585938e+14,5.493552416434756875e+14,5.824591792229005000e+15
1.285300048828130002e+03,1.022197017367481920e+17,6.576417532595412000e+15,1.836148163372102007e+07,3.955098413257549316e+12,1.935809521785355469e+13,2.121802416330585938e+14,5.493552416434756875e+14,5.824591792229005000e+15
1.285559936523440001e+03,1.130224757778148000e+17,6.532383564374414000e+15,1.837791927401946113e+07,3.934154243368843262e+12,1.925052100543647656e+13,2.109430689357566562e+14,5.459345768237429375e+14,5.785113064053101000e+15
1.285684936523440001e+03,1.067810396914995840e+17,6.511466230896869000e+15,1.838583232820323110e+07,3.924178633812313965e+12,1.919931001971772266e+13,2.103544212604633125e+14,5.443082556717402500e+14,5.766362141045163000e+15
1.285800321138819982e+03,1.042185757821324000e+17,6.492157923072218000e+15,1.839313668591103330e+07,3.914970378837425781e+12,1.915203834059461719e+13,2.098110541755990000e+14,5.428070361468750625e+14,5.749053596730839000e+15
1.285809936523440001e+03,1.065389129118947040e+17,6.490548897419324000e+15,1.839374538238700107e+07,3.914203024255784180e+12,1.914809903399896875e+13,2.097657735851700000e+14,5.426819345197376250e+14,5.747611218037226000e+15
1.285809936523440001e+03,1.126849006480025920e+17,6.490548897419324000e+15,1.839374538238700107e+07,3.914203024255784180e+12,1.914809903399896875e+13,2.097657735851700000e+14,5.426819345197376250e+14,5.747611218037226000e+15
1.285809936523440001e+03,1.069220824369730080e+17,6.490548897419324000e+15,1.839374538238700107e+07,3.914203024255784180e+12,1.914809903399896875e+13,2.097657735851700000e+14,5.426819345197376250e+14,5.747611218037226000e+15
1.285809936523440001e+03,2.703580461997834240e+17,6.490548897419324000e+15,1.839374538238700107e+07,3.914203024255784180e+12,1.914809903399896875e+13,2.097657735851700000e+14,5.426819345197376250e+14,5.747611218037226000e+15
1.285879939152649968e+03,1.087465854108314080e+17,6.478834750703405000e+15,1.839817685917055979e+07,3.908616473080351074e+12,1.911941980484099609e+13,2.094361185055790625e+14,5.417711604670978750e+14,5.737110306751871000e+15
1.286069946289059999e+03,1.133236115916678880e+17,6.447039209620189000e+15,1.841020515329628810e+07,3.893452977034105469e+12,1.904157618284775000e+13,2.085413404324838438e+14,5.392990594672971875e+14,5.708607833265605000e+15
1.286069946289059999e+03,1.095750251155043840e+17,6.447039209620189000e+15,1.841020515329628810e+07,3.893452977034105469e+12,1.904157618284775000e+13,2.085413404324838438e+14,5.392990594672971875e+14,5.708607833265605000e+15
1.286069946289059999e+03,1.100772941065976960e+17,6.447039209620189000e+15,1.841020515329628810e+07,3.893452977034105469e+12,1.904157618284775000e+13,2.085413404324838438e+14,5.392990594672971875e+14,5.708607833265605000e+15
1.286329956054690001e+03,1.159818811100699040e+17,6.403529521819379000e+15,1.842666492420620471e+07,3.872702929811628418e+12,1.893505333169243359e+13,2.073169072797505312e+14,5.359161844147266250e+14,5.669604448492484000e+15
1.286579956054690001e+03,1.157462379888132960e+17,6.362394539044298000e+15,1.701203695326125622e+07,3.853015205777540039e+12,1.883405309635014844e+13,2.061567772294679688e+14,5.327142187460415625e+14,5.632736540045833000e+15
1.286579956054690001e+03,1.175429854666217920e+17,6.362394539044298000e+15,1.701203695326125622e+07,3.853015205777540039e+12,1.883405309635014844e+13,2.061567772294679688e+14,5.327142187460415625e+14,5.632736540045833000e+15
1.286709960937500000e+03,1.189627110000986880e+17,6.341210971249561000e+15,1.585233385135181807e+07,3.842855319862617188e+12,1.878195248572760156e+13,2.055585757276058125e+14,5.310641575316758750e+14,5.613752443163251000e+15
1.286839965820309999e+03,1.213967030810156000e+17,6.320027403454825000e+15,1.469263074944237806e+07,3.832695433947694824e+12,1.872985187510505469e+13,2.049603742257436562e+14,5.294140963173101250e+14,5.594768346280669000e+15
1.286839965820309999e+03,1.206875913278489920e+17,6.320027403454825000e+15,1.469263074944237806e+07,3.832695433947694824e+12,1.872985187510505469e+13,2.049603742257436562e+14,5.294140963173101250e+14,5.594768346280669000e+15
1.286839965820309999e+03,2.658339968248097920e+17,6.320027403454825000e+15,1.469263074944237806e+07,3.832695433947694824e+12,1.872985187510505469e+13,2.049603742257436562e+14,5.294140963173101250e+14,5.594768346280669000e+15
1.287089965820309999e+03,1.240696315422012800e+17,6.279291303131393000e+15,1.246251623981212080e+07,3.813157925633928223e+12,1.862966215627216016e+13,2.038100299291828750e+14,5.262410208552575625e+14,5.558261838847546000e+15
1.287089965820309999e+03,1.224359203978757920e+17,6.279291303131393000e+15,1.246251623981212080e+07,3.813157925633928223e+12,1.862966215627216016e+13,2.038100299291828750e+14,5.262410208552575625e+14,5.558261838847546000e+15
1.287089965820309999e+03,1.229895429954276960e+17,6.279291303131393000e+15,1.246251623981212080e+07,3.813157925633928223e+12,1.862966215627216016e+13,2.038100299291828750e+14,5.262410208552575625e+14,5.558261838847546000e+15
1.287349975585940001e+03,1.271086171575040960e+17,6.236924167540289000e+15,1.014311003590399772e+07,3.792838153803301270e+12,1.852546093502305859e+13,2.026136269254125312e+14,5.229408984263991875e+14,5.520293645080921000e+15
1.287349975585940001e+03,1.347153562044711840e+17,6.236924167540289000e+15,1.014311003590399772e+07,3.792838153803301270e+12,1.852546093502305859e+13,2.026136269254125312e+14,5.229408984263991875e+14,5.520293645080921000e+15
1.287349975585940001e+03,1.278722360961315040e+17,6.236924167540289000e+15,1.014311003590399772e+07,3.792838153803301270e+12,1.852546093502305859e+13,2.026136269254125312e+14,5.229408984263991875e+14,5.520293645080921000e+15
1.287599975585940001e+03,1.335414557048239040e+17,6.196954877393549000e+15,9.517810758681807667e+06,3.773591209402921387e+12,1.842683704853062500e+13,2.014821636504476875e+14,5.198234658609585625e+14,5.484481708858612000e+15
1.287599975585940001e+03,1.349229593044949920e+17,6.196954877393549000e+15,9.517810758681807667e+06,3.773591209402921387e+12,1.842683704853062500e+13,2.014821636504476875e+14,5.198234658609585625e+14,5.484481708858612000e+15
1.287599975585940001e+03,1.307803372115829760e+17,6.196954877393549000e+15,9.517810758681807667e+06,3.773591209402921387e+12,1.842683704853062500e+13,2.014821636504476875e+14,5.198234658609585625e+14,5.484481708858612000e+15
1.287629976712740017e+03,1.288158333706108000e+17,6.192194705760574000e+15,9.518791153862116858e+06,3.771295253161859863e+12,1.841507591016473047e+13,2.013472773402923125e+14,5.194519956725671250e+14,5.480217016518479000e+15
1.287859985351559999e+03,1.353769815800816800e+17,6.155700056571284000e+15,9.526307516911793500e+06,3.753692921978869141e+12,1.832490718268508984e+13,2.003131489623451562e+14,5.166040575613206875e+14,5.447521041907972000e+15
1.287859985351559999e+03,1.350754237534292960e+17,6.155700056571284000e+15,9.526307516911793500e+06,3.753692921978869141e+12,1.832490718268508984e+13,2.003131489623451562e+14,5.166040575613206875e+14,5.447521041907972000e+15
1.288119995117190001e+03,2.672488586082522880e+17,6.114445235747433000e+15,9.534804275142103434e+06,3.733794634554051270e+12,1.822297731683563281e+13,1.991441342741975938e+14,5.133846492615589375e+14,5.410560374955910000e+15
1.288119995117190001e+03,1.377291135948377920e+17,6.114445235747433000e+15,9.534804275142103434e+06,3.733794634554051270e+12,1.822297731683563281e+13,1.991441342741975938e+14,5.133846492615589375e+14,5.410560374955910000e+15
1.288369995117190001e+03,1.395915959149826880e+17,6.074778628683760000e+15,9.542973928125834092e+06,3.714662384485861816e+12,1.812497151155128125e+13,1.980201239073994375e+14,5.102891806241011250e+14,5.375022606920057000e+15
1.288369995117190001e+03,1.425221279950147040e+17,6.074778628683760000e+15,9.542973928125834092e+06,3.714662384485861816e+12,1.812497151155128125e+13,1.980201239073994375e+14,5.102891806241011250e+14,5.375022606920057000e+15
1.288369995117190001e+03,1.437560338053165920e+17,6.074778628683760000e+15,9.542973928125834092e+06,3.714662384485861816e+12,1.812497151155128125e+13,1.980201239073994375e+14,5.102891806241011250e+14,5.375022606920057000e+15
1.288369995117190001e+03,1.402882239945324960e+17,6.074778628683760000e+15,9.542973928125834092e+06,3.714662384485861816e+12,1.812497151155128125e+13,1.980201239073994375e+14,5.102891806241011250e+14,5.375022606920057000e+15
1.288402496337889943e+03,1.456164257969249920e+17,6.069621776081383000e+15,9.544036022904498503e+06,3.712175098558050781e+12,1.811223027832159375e+13,1.978739970713981250e+14,5.098867545866780625e+14,5.370402523551591000e+15
1.288735774113579964e+03,1.466236723060555840e+17,6.018053843981082000e+15,9.554946396493084729e+06,3.687169927467178711e+12,1.798427008801327344e+13,1.964079911008884688e+14,5.058555385516643125e+14,5.324214868548312000e+15
1.288880004882809999e+03,1.510230907394163840e+17,5.995769938869633000e+15,9.559668502038136125e+06,3.676361107813401855e+12,1.792896090321925391e+13,1.957743679640514375e+14,5.041133606967325000e+14,5.304256252216536000e+15
1.288880004882809999e+03,1.475548368455963840e+17,5.995769938869633000e+15,9.559668502038136125e+06,3.676361107813401855e+12,1.792896090321925391e+13,1.957743679640514375e+14,5.041133606967325000e+14,5.304256252216536000e+15
1.289140014648440001e+03,1.486020584649657920e+17,5.955597977115008000e+15,9.568181204026784748e+06,3.656875677069888672e+12,1.782925313453542188e+13,1.946321137544522188e+14,5.009726767902067500e+14,5.268276168476932000e+15
1.289140014648440001e+03,1.548498850649736000e+17,5.955597977115008000e+15,9.568181204026784748e+06,3.656875677069888672e+12,1.782925313453542188e+13,1.946321137544522188e+14,5.009726767902067500e+14,5.268276168476932000e+15
1.289166912210399914e+03,1.508595293047513920e+17,5.951442256933775000e+15,9.569061828370379284e+06,3.654859942855178223e+12,1.781893853777571875e+13,1.945139495258809375e+14,5.006477784550708125e+14,5.264554090848948000e+15
1.289400024414059999e+03,1.555545070858891840e+17,5.915426015361929000e+15,9.576693906015105546e+06,3.637390246327125488e+12,1.772954536585542578e+13,1.934898595448969062e+14,4.978319928838018125e+14,5.232296084738712000e+15
1.289400024414059999e+03,1.585674076766274880e+17,5.915426015361929000e+15,9.576693906015105546e+06,3.637390246327125488e+12,1.772954536585542578e+13,1.934898595448969062e+14,4.978319928838018125e+14,5.232296084738712000e+15
1.289400024414059999e+03,2.668207465559494720e+17,5.915426015361929000e+15,9.576693906015105546e+06,3.637390246327125488e+12,1.772954536585542578e+13,1.934898595448969062e+14,4.978319928838018125e+14,5.232296084738712000e+15
1.289440024414059963e+03,1.597678135461760000e+17,5.909324173746658000e+15,9.578004686070213094e+06,3.634422609586564941e+12,1.771436760293012500e+13,1.933160750157320625e+14,4.973545268075860000e+14,5.226831715651769000e+15
1.289650024414059999e+03,1.614725150910016000e+17,5.877730215894375000e+15,9.584892944766409695e+06,3.619011578682197266e+12,1.763559315699453125e+13,1.924146371644851875e+14,4.948799300471295000e+14,5.198542756872329000e+15
1.289910034179690001e+03,1.634444742607634880e+17,5.838612417911068000e+15,9.593421585381630808e+06,3.599930538046194336e+12,1.753805922735003711e+13,1.912985293338534375e+14,4.918160285056297500e+14,5.163517016195388000e+15
1.289910034179690001e+03,1.660237267132648000e+17,5.838612417911068000e+15,9.593421585381630808e+06,3.599930538046194336e+12,1.753805922735003711e+13,1.912985293338534375e+14,4.918160285056297500e+14,5.163517016195388000e+15
1.289910034179690001e+03,1.696233650195726720e+17,5.838612417911068000e+15,9.593421585381630808e+06,3.599930538046194336e+12,1.753805922735003711e+13,1.912985293338534375e+14,4.918160285056297500e+14,5.163517016195388000e+15
1.290047344501200087e+03,1.715529928539976960e+17,5.817954434527867000e+15,9.597925533077912405e+06,3.589853901816288086e+12,1.748655187259673438e+13,1.907091163758722500e+14,4.901979919495057500e+14,5.145020035123056000e+15
1.290073495718150070e+03,1.682169735210193920e+17,5.814020051451183000e+15,9.598783325209205970e+06,3.587934772232464844e+12,1.747674212199780078e+13,1.905968606767537812e+14,4.898898313935704375e+14,5.141497222273865000e+15
1.290420043945309999e+03,1.735338649927539840e+17,5.761882765343221000e+15,9.610150533968184143e+06,3.562503032048585938e+12,1.734674619540503320e+13,1.891092812041613750e+14,4.858061784398954375e+14,5.094813943639515000e+15
1.290420043945309999e+03,2.664861322425000000e+17,5.761882765343221000e+15,9.610150533968184143e+06,3.562503032048585938e+12,1.734674619540503320e+13,1.891092812041613750e+14,4.858061784398954375e+14,5.094813943639515000e+15
1.290680053710940001e+03,1.805149955204017920e+17,5.723788475440091000e+15,9.618695066019767895e+06,3.543817029720490723e+12,1.725133322410986719e+13,1.880186517844248438e+14,4.828169664735370625e+14,5.060714543811742000e+15
1.290680053710940001e+03,1.843327825799836480e+17,5.723788475440091000e+15,9.618695066019767895e+06,3.543817029720490723e+12,1.725133322410986719e+13,1.880186517844248438e+14,4.828169664735370625e+14,5.060714543811742000e+15
1.290680053710940001e+03,1.782115982194294720e+17,5.723788475440091000e+15,9.618695066019767895e+06,3.543817029720490723e+12,1.725133322410986719e+13,1.880186517844248438e+14,4.828169664735370625e+14,5.060714543811742000e+15
1.290824284480170036e+03,1.755604446376936000e+17,5.702658582484915000e+15,9.623434851413082331e+06,3.533452242569297852e+12,1.719840952880891016e+13,1.874137029436877812e+14,4.811589215757410625e+14,5.041800525407856000e+15
1.290930053710940001e+03,1.884609601756587840e+17,5.687163327650934000e+15,9.626910694034889340e+06,3.525851398658331543e+12,1.715959881892107227e+13,1.869700737938085938e+14,4.799430219840094375e+14,5.027930245244840000e+15
1.291189941406250000e+03,1.842786356334096640e+17,5.649089626653685000e+15,9.635451256556386128e+06,3.507175212852195312e+12,1.706423624634047461e+13,1.858800237244723750e+14,4.769554107446805625e+14,4.993849302057211000e+15
1.291189941406250000e+03,1.889719932214175040e+17,5.649089626653685000e+15,9.635451256556386128e+06,3.507175212852195312e+12,1.706423624634047461e+13,1.858800237244723750e+14,4.769554107446805625e+14,4.993849302057211000e+15
1.291289941406249909e+03,1.941734047629178880e+17,5.634439567538036000e+15,9.638737507762432098e+06,3.499988960427337891e+12,1.702754248426499023e+13,1.854605925282262500e+14,4.758058329488705625e+14,4.980735582630462000e+15
1.291439941406250000e+03,1.961465205115989120e+17,5.612538293454812000e+15,9.643668061497366056e+06,3.489238245842185547e+12,1.697265555020929102e+13,1.848332898927320938e+14,4.740868629378778750e+14,4.961131792569006000e+15
1.291699951171880002e+03,1.981831595989747840e+17,5.575445696629519000e+15,9.652228563765943050e+06,3.470941219612160156e+12,1.687932844400907227e+13,1.837676861909600312e+14,4.711708857114466875e+14,4.927938747514003000e+15
1.291699951171880002e+03,2.647353416368174720e+17,5.575445696629519000e+15,9.652228563765943050e+06,3.470941219612160156e+12,1.687932844400907227e+13,1.837676861909600312e+14,4.711708857114466875e+14,4.927938747514003000e+15
1.291959960937500000e+03,2.012362499098912640e+17,5.538353099805653000e+15,9.660789066034190357e+06,3.452644193382838867e+12,1.678600133781244141e+13,1.827020824892289688e+14,4.682549084851276875e+14,4.894745702460276000e+15
1.292209960937500000e+03,2.028168521330424000e+17,5.502688480886996000e+15,9.669020009060345590e+06,3.435051559712242188e+12,1.669626710612494336e+13,1.816775020285776875e+14,4.654511895369510625e+14,4.862830511722558000e+15
1.292469970703130002e+03,2.056391899028979520e+17,5.465780053098826000e+15,9.677583526849998161e+06,3.416826486632955566e+12,1.660332537486205273e+13,1.806165162171674062e+14,4.625487024427818750e+14,4.829804061882621000e+15
1.292469970703130002e+03,2.095251949980295360e+17,5.465780053098826000e+15,9.677583526849998161e+06,3.416826486632955566e+12,1.660332537486205273e+13,1.806165162171674062e+14,4.625487024427818750e+14,4.829804061882621000e+15
1.292719970703130002e+03,2.161523329209496640e+17,5.431050468275709000e+15,9.685829779805909842e+06,3.399599162192801758e+12,1.651554770824977539e+13,1.796153809838201875e+14,4.598134734743292500e+14,4.798734682192595000e+15
1.292844775390630048e+03,2.132268630645803840e+17,5.413712808352288000e+15,9.689946463898746297e+06,3.390998958819940430e+12,1.647172745124566016e+13,1.791155955040474375e+14,4.584479958877340625e+14,4.783224265300460000e+15
1.292979980468750000e+03,2.169178159161008960e+17,5.394930343435956000e+15,9.694406204999150708e+06,3.381682071833025391e+12,1.642425550615966016e+13,1.785741612343140625e+14,4.569687285023116875e+14,4.766421313667946000e+15
1.292979980468750000e+03,2.608067068234917120e+17,5.394930343435956000e+15,9.694406204999150708e+06,3.381682071833025391e+12,1.642425550615966016e+13,1.785741612343140625e+14,4.569687285023116875e+14,4.766421313667946000e+15
1.292979980468750000e+03,2.211060991339230080e+17,5.394930343435956000e+15,9.694406204999150708e+06,3.381682071833025391e+12,1.642425550615966016e+13,1.785741612343140625e+14,4.569687285023116875e+14,4.766421313667946000e+15
1.293239990234380002e+03,2.402654950456624960e+17,5.358810218594813000e+15,9.702982630192719400e+06,3.363764981472559570e+12,1.633296330406603125e+13,1.775329414847678750e+14,4.541239835301846250e+14,4.734107945142053000e+15
1.293279221754809896e+03,2.311811723181693760e+17,5.353360240928773000e+15,9.704276682357959449e+06,3.361061564949654297e+12,1.631918869878208008e+13,1.773758372553272812e+14,4.536947547655595000e+14,4.729232349125839000e+15
1.293489990234380002e+03,2.246878851467299840e+17,5.324332799451250000e+15,9.711233123238956556e+06,3.346636774138331543e+12,1.624571585832466406e+13,1.765381519699718750e+14,4.514072600488704375e+14,4.703266607354160000e+15
1.293750000000000000e+03,2.334581287710249920e+17,5.289159321852360000e+15,9.719825466021826491e+06,3.329091776186264160e+12,1.615641414171767578e+13,1.755207544827514688e+14,4.486319859436711250e+14,4.671809323756837000e+15
1.293750000000000000e+03,2.278832465313708800e+17,5.289159321852360000e+15,9.719825466021826491e+06,3.329091776186264160e+12,1.615641414171767578e+13,1.755207544827514688e+14,4.486319859436711250e+14,4.671809323756837000e+15
1.293849999999999909e+03,2.414822144305187840e+17,5.275631569340839000e+15,9.723130089124107733e+06,3.322343953499599121e+12,1.612206861765862109e+13,1.751294624538565312e+14,4.475646129169006875e+14,4.659710822947729000e+15
1.294000000000000000e+03,2.597375066888031040e+17,5.255339940573527000e+15,9.728087023777535185e+06,3.312222219469585938e+12,1.607055033156996289e+13,1.745425244105132500e+14,4.459635533767426250e+14,4.641563071734040000e+15
1.294260009765630002e+03,2.432460761890195840e+17,5.220166462973283000e+15,9.736679366560736671e+06,3.294677221516843262e+12,1.598124861495953906e+13,1.735251269232536875e+14,4.431882792714365000e+14,4.610105788135507000e+15
1.294520019531250000e+03,2.479550458465271680e+17,5.185344877848998000e+15,9.745277785746755078e+06,3.277271376947879883e+12,1.589269039541840430e+13,1.725166167310859375e+14,4.404388777310760000e+14,4.578966646941417000e+15
1.294520019531250000e+03,2.564560411929634240e+17,5.185344877848998000e+15,9.745277785746755078e+06,3.277271376947879883e+12,1.589269039541840430e+13,1.725166167310859375e+14,4.404388777310760000e+14,4.578966646941417000e+15
1.294520019531250000e+03,2.497280964585832000e+17,5.185344877848998000e+15,9.745277785746755078e+06,3.277271376947879883e+12,1.589269039541840430e+13,1.725166167310859375e+14,4.404388777310760000e+14,4.578966646941417000e+15
1.294520019531250000e+03,2.533997271551000000e+17,5.185344877848998000e+15,9.745277785746755078e+06,3.277271376947879883e+12,1.589269039541840430e+13,1.725166167310859375e+14,4.404388777310760000e+14,4.578966646941417000e+15
1.294770019531250000e+03,2.598642032543823040e+17,5.152411517704428000e+15,9.753554643123790622e+06,3.260752191004184570e+12,1.580869861767021484e+13,1.715607637535891562e+14,4.378355890387658750e+14,4.549521437604419000e+15
