0,--,0,9417606934.90745
1.5625,--,0,43455653769.9109
3.125,--,0,0
4.6875,--,23866002696.5981,0
6.25,--,0,0
7.8125,--,4199347742.03898,0
9.375,--,0,0
10.9375,302.600006103516,0,0
12.5,302.600006103516,0,0
14.0625,302.839996337891,0,252965009.532876
15.625,302.600006103516,2263885451.12151,3975946854.42905
17.1875,302.359985351563,39682052883.5417,6648822989.92517
18.75,302.839996337891,0,411549000.851941
20.3125,302.734400634766,0,5685473233.99162
21.875,302.600006103516,0,0
23.4375,302.600006103516,11550903848.2703,1428880940.58378
25,302.359985351563,28988963334.847,19739725586.5833
26.5625,302.600006103516,0,342799466.758253
28.125,302.359985351563,0,4735711151.88253
29.6875,302.600006103516,0,0
31.25,302.359985351563,0,0
32.8125,302.600006103516,19451025174.26,0
34.375,302.461532592774,0,172170321.954678
35.9375,302.812305157002,8940088135.85245,2378501114.41092
37.5,302.600006103516,0,1826737526.22125
39.0625,302.839996337891,0,25236040640.0195
40.625,302.600006103516,0,1153859342.6948
42.1875,302.600006103516,98582164388.6132,17258802203.5681
43.75,302.600006103516,0,18214129632.8515
45.3125,302.091196289063,71119259227.7251,709305742.657302
46.875,302.600006103516,0,9798927481.89532
48.4375,302.359985351563,0,0
50,302.600006103516,0,210905349.166069
51.5625,302.359985351563,10837587289.9154,2913618342.1831
53.125,302.600006103516,0,899888785.365322
54.6875,302.600006103516,0,12431796923.7506
56.25,302.359985351563,0,990091110.728423
57.8125,302.600006103516,0,13954957801.3422
59.375,302.600006103516,0,3827152088.86554
60.9375,302.600006103516,17919953560.8898,1279833794.88277
62.5,302.119995117188,0,17680666870.0472
64.0625,302.359985351563,40622400208.6367,0
65.625,302.359985351563,0,0
67.1875,302.359985351563,47711168938.9444,56241595.935724
68.75,302.600006103516,0,776967232.741669
70.3125,302.600006103516,0,0
71.875,302.419990539551,0,59770245.2951731
73.4375,302.406143188477,0,825714870.188873
75,302.359985351563,0,1333743438.15139
76.5625,302.359985351563,0,18425418608.5358
78.125,302.359985351563,43259549643.6275,0
79.6875,302.359985351563,0,0
81.25,302.359985351563,0,0
82.8125,302.535385131836,9561435769.31491,0
84.375,302.359985351563,0,0
85.9375,302.696002197266,27336342033.8083,0
87.5,302.830765944261,0,3086100314.71068
89.0625,302.600006103516,0,42633904347.6697
90.625,302.600006103516,5962957235.1582,574105735.621006
92.1875,302.839996337891,0,7931164421.72723
93.75,302.600006103516,0,0
95.3125,302.600006103516,0,1780310315.85502
96.875,302.507690429688,0,24594657326.4415
98.4375,302.600006103516,32869451842.8084,67512389.5977396
100,302.470764160157,110450492096.886,1749689594.37929
101.5625,302.600006103516,32483911215.3537,11286958371.2619
103.125,302.359985351563,0,0
104.6875,302.119995117188,64622220709.9135,0
106.25,302.600006103516,0,1536592252.56058
107.8125,302.470764160157,0,22479065641.4515
109.375,302.359985351563,0,17286867720.9277
110.9375,302.600006103516,0,802764675.843959
112.5,302.784613976112,0,11090045336.6591
114.0625,302.600006103516,0,0
115.625,302.600006103516,0,0
117.1875,302.600006103516,74535565707.4872,0
118.75,302.359985351563,13705010948.0643,0
120.3125,302.600006103516,0,0
121.875,302.600006103516,0,0
123.4375,302.600006103516,0,495117367.323824
125,302.359985351563,0,8608491769.62487
126.5625,302.600006103516,0,25960971475.5408
128.125,302.600006103516,5101356501.0451,21122298352.9291
129.6875,302.600006103516,0,664138321.939009
131.25,301.880004882813,14539493114.3276,9174947929.00927
132.8125,302.600006103516,0,0
134.375,302.359985351563,99306900717.3705,0
135.9375,302.359985351563,0,0
137.5,302.359985351563,0,0
139.0625,302.359985351563,118525448.255829,0
140.625,302.359985351563,0,0
142.1875,302.359985351563,0,0
143.75,302.513598632813,0,0
145.3125,302.600006103516,55327841233.713,65955680.9144834
146.875,302.655388465295,0,911165517.818604
148.4375,302.526153564454,25257199416.2534,0
150,302.359985351563,0,0
151.5625,302.600006103516,0,0
153.125,302.600006103516,79930354830.1316,0
154.6875,302.600006103516,11012669057.5082,97240413.6780345
156.25,302.600006103516,13087347661.2086,1343358307.47803
157.8125,302.417590332032,0,0
159.375,302.600006103516,0,0
160.9375,302.600006103516,0,856730480.826091
162.5,302.589555823285,0,11835572938.8197
164.0625,301.880004882813,0,0
165.625,302.359985351563,0,827199585.856266
167.1875,302.600006103516,0,11427609093.4958
168.75,302.9046090933,85209106674.7522,0
170.3125,302.686402587891,8976520466.83966,0
171.875,302.600006103516,0,29215983.4991714
173.4375,302.600006103516,85541729368.5002,403613401.673738
175,302.830765944261,0,0
176.5625,302.600006103516,0,0
178.125,302.600006103516,0,0
179.6875,302.600006103516,0,927352937.192383
181.25,302.600006103516,0,12811209095.2874
182.8125,302.636927678035,62647367436.6541,0
184.375,302.600006103516,24045596033.9802,0
185.9375,302.600006103516,0,0
187.5,302.839996337891,23620045203.167,0
189.0625,302.359985351563,0,0
190.625,302.600006103516,0,862220318.577235
192.1875,302.600006103516,0,11911414030.7151
193.75,302.839996337891,0,2208724857.52314
195.3125,302.532789306641,20747438775.3457,30513124883.5604
196.875,302.600006103516,8699756688.99017,0
198.4375,302.600006103516,0,749808194.447499
200,302.600006103516,0,10358461352.9229
201.5625,302.600006103516,15466518870.5895,1130851447.24888
203.125,302.839996337891,49664069361.363,15622503326.8086
204.6875,302.452295156626,0,92108830.2616432
206.25,302.359985351563,0,1272466432.87381
207.8125,302.600006103516,309200449.866573,1002421759.53054
209.375,302.600006103516,0,13848270974.2552
210.9375,302.784610454853,0,0
212.5,302.359985351563,0,506189119.657098
214.0625,302.600006103516,0,6992908949.33695
215.625,302.600006103516,0,0
217.1875,302.359985351563,0,0
218.75,302.359985351563,0,0
220.3125,302.600006103516,0,0
221.875,302.553848266602,0,0
223.4375,302.600006103516,0,0
225,302.600006103516,0,0
226.5625,302.839996337891,3254757829.43427,1714544176.52199
228.125,302.839996337891,0,23686110290.4705
229.6875,302.839996337891,19471262116.0727,0
231.25,302.710770827074,0,0
232.8125,302.359985351563,0,0
234.375,302.498458862305,0,0
235.9375,302.600006103516,0,0
237.5,302.600006103516,0,0
239.0625,302.359985351563,91256959498.3638,797170312.677812
240.625,302.600006103516,0,11012760245.512
242.1875,302.839996337891,0,0
243.75,302.359985351563,32560577822.9619,0
245.3125,302.600006103516,56454412182.0069,0
246.875,302.58154296875,66042727955.2254,0
248.4375,302.600006103516,0,0
250,302.600006103516,0,0
251.5625,302.651432582311,53067835839.6383,0
253.125,302.359985351563,0,0
254.6875,302.600006103516,0,0
256.25,302.738462007963,44861856249.7547,0
257.8125,302.600006103516,5349227863.96793,0
259.375,302.359985351563,0,0
260.9375,302.812305157002,0,0
262.5,302.839996337891,71992297043.2156,0
264.0625,302.600006103516,0,0
265.625,302.655388465295,82668922800.7263,0
267.1875,302.600006103516,0,0
268.75,302.839996337891,58816488475.9767,0
270.3125,302.600006103516,12055539597.5963,0
271.875,302.359985351563,90511187591.8455,0
273.4375,302.600006103516,65522594626.5757,0
275,302.600006103516,79812241136.2852,0
276.5625,302.782398681641,3436464693.60594,0
278.125,302.839996337891,0,0
279.6875,302.839996337891,0,0
281.25,302.701540433444,0,0
282.8125,302.839996337891,27444169334.6548,0
284.375,302.600006103516,6764317823.97011,0
285.9375,302.839996337891,0,0
287.5,302.119995117188,0,0
289.0625,303.079986572266,9025349680.47701,0
290.625,303.052295391377,0,0
292.1875,302.935992431641,18824689703.855,0
293.75,302.609236497146,0,0
295.3125,302.839996337891,0,0
296.875,302.839996337891,0,0
298.4375,302.839996337891,0,0
300,302.839996337891,37073814317.1731,0
301.5625,303.043064997747,0,0
303.125,302.964791259766,0,0
304.6875,303.079986572266,0,0
306.25,303.079986572266,24568297177.5093,0
307.8125,302.839996337891,0,0
309.375,303.320007324219,0,0
310.9375,302.839996337891,0,0
312.5,302.638404541016,0,0
314.0625,303.079986572266,0,0
315.625,303.079986572266,0,0
317.1875,303.227691650391,0,0
318.75,302.868795166016,0,0
320.3125,303.320007324219,43114517654.1,0
321.875,303.079986572266,0,0
323.4375,303.060787353516,0,0
325,303.320007324219,0,0
326.5625,302.839996337891,0,0
328.125,303.362690852239,0,0
329.6875,303.570007324219,0,0
331.25,303.809997558594,0,0
332.8125,303.570007324219,0,0
334.375,303.320007324219,0,0
335.9375,303.570007324219,0,0
337.5,303.588468111479,0,0
339.0625,303.570007324219,0,0
340.625,303.809997558594,0,0
342.1875,303.809997558594,0,0
343.75,303.625389685998,0,0
345.3125,303.570007324219,0,0
346.875,303.320007324219,0,0
348.4375,303.809997558594,0,0
350,304.049987792969,0,0
351.5625,303.846919133113,0,0
353.125,303.809997558594,0,0
354.6875,304.049987792969,0,0
356.25,303.809997558594,0,0
357.8125,303.320007324219,0,0
359.375,304.529998779297,0,0
360.9375,304.289978027344,0,0
362.5,304.289978027344,0,0
364.0625,304.613072321965,0,0
365.625,304.349983215332,0,0
367.1875,304.769989013672,0,0
368.75,304.769989013672,0,0
370.3125,305.010009765625,0,0
371.875,305.010009765625,0,0
373.4375,305.010009765625,0,0
375,305.010009765625,0,0
376.5625,305.314612755409,0,0
378.125,305.539643386315,0,0
379.6875,305.72998046875,0,0
381.25,305.970001220703,0,0
382.8125,306.220001220703,0,0
384.375,306.459991455078,7581467332.70554,0
385.9375,306.38614830604,0,0
387.5,306.459991455078,0,0
389.0625,306.903076171875,0,0
390.625,306.847686767578,0,0
392.1875,306.940002441406,0,0
393.75,307.179992675781,0,0
395.3125,307.189592285156,0,0
396.875,307.660003662109,0,0
398.4375,307.899993896484,4680326915.78806,0
400,308.07537137545,0,0
401.5625,308.380004882813,0,0
403.125,308.352310180665,0,0
404.6875,308.619995117188,0,0
406.25,308.619995117188,18427228612.259,0
407.8125,308.869995117188,0,483368597.935715
409.375,309.589996337891,0,7912083674.03466
410.9375,309.589996337891,0,17053504827.1673
412.5,309.691530667819,0,0
414.0625,309.829986572266,145470336195.829,0
415.625,310.185202636719,0,0
417.1875,310.337688739483,82385784684.6141,0
418.75,310.789978027344,0,1748574625.33746
420.3125,311.029998779297,0,25035305183.6032
421.875,311.029998779297,0,13964199959.0266
423.4375,311.519989013672,0,26852933197.273
425,311.741546630859,0,23622316163.4729
426.5625,311.870774489183,35926768039.6714,794939660.6641
428.125,311.760009765625,0,10981944201.0263
429.6875,312.239990234375,0,0
431.25,312.720001220703,53674465805.7002,514701305.981367
432.8125,312.720001220703,39627593874.1175,7110503227.07592
434.375,312.959991455078,0,0
435.9375,313.42080078125,32532217060.9059,0
437.5,313.679992675781,12433018128.1692,0
439.0625,314.160383300781,0,0
440.625,313.929992675781,0,0
442.1875,314.410003662109,0,0
443.75,314.649993896484,0,661575419.903733
445.3125,314.410003662109,15690808925.5401,9721075697.27777
446.875,314.889984130859,0,8584711300.7238
448.4375,314.889984130859,0,9046197106.1376
450,315.369995117188,40086870639.4619,19827086506.0271
451.5625,315.504389648438,71935892900.49,0
453.125,315.656143188477,0,908391745.144855
454.6875,316.089996337891,22975569162.171,12549263738.4826
456.25,316.006802978516,113303951102.403,0
457.8125,316.339996337891,0,2666468530.4557
459.375,316.579986572266,71306065349.6884,39855041940.9248
460.9375,316.579986572266,18655784386.6967,41696882322.7464
462.5,316.906403808594,0,0
464.0625,317.299987792969,0,896734830.658908
465.625,317.299987792969,36652511141.4853,16454746949.295
467.1875,317.779998779297,37403537969.4327,56178239055.7021
468.75,317.539978027344,47852591873.9939,32544960.3180832
470.3125,318.019989013672,5679827288.0425,449602599.949816
471.875,318.260009765625,69636728027.1402,914723897.5079
473.4375,318.385009765625,27176012218.6457,15244176315.1155
475,318.260009765625,0,36021232555.7629
476.5625,318.75,8457048037.16346,0
478.125,318.57720703125,0,0
479.6875,318.989990234375,0,121124131.673429
481.25,318.989990234375,29528380204.3808,1673307448.67367
482.8125,319.22998046875,0,0
484.375,319.22998046875,41944528037.5122,0
485.9375,319.470001220703,116731995054.032,291760315.385222
487.5,319.470001220703,83268986218.0617,4030614727.35881
489.0625,319.774604210487,66795761849.4943,1239573900.76468
490.625,319.949981689453,0,17124483888.3416
492.1875,320.190002441406,0,531506010.933179
493.75,320.190002441406,37000428533.7595,7342657114.00281
495.3125,319.949981689453,88642154038.6702,3054994627.70556
496.875,320.679992675781,4137483115.12446,42204185042.0065
498.4375,320.75383582482,6255151423.59369,0
500,320.919982910156,18018686300.7665,3234787432.2788
501.5625,321.160003662109,0,44687989342.2219
503.125,321.025593261718,0,372234915.340289
504.6875,321.160003662109,0,5862571171.54738
506.25,321.399993896484,0,9949633377.60566
507.8125,321.399993896484,83457016067.8398,1626379942.88289
509.375,321.880004882813,91082528250.4501,22468137729.4562
510.9375,321.639984130859,6968253277.21042,2937085420.96801
512.5,321.880004882813,0,40575291185.9654
514.0625,321.990769606371,61130552240.5434,1083714792.96945
515.625,321.639984130859,33929905065.4262,14971319176.9483
517.1875,322.359985351563,818014652.070459,0
518.75,322.119995117188,31982899989.4265,976922670.624538
520.3125,322.177592773438,97294333432.1119,15658961297.2583
521.875,322.600006103516,342402103.512005,29880829881.1611
523.4375,322.81080444336,42515428577.0804,385890410.627857
525,322.965863458042,0,5331004561.63669
526.5625,322.850006103516,0,577565204.82278
528.125,322.850006103516,0,7978956348.1073
529.6875,323.329986572266,22018938067.8681,3694511750.09543
531.25,323.329986572266,0,52303206964.6781
532.8125,323.570007324219,59267219060.0408,17464845078.5275
534.375,323.357681274415,0,491826801.821396
535.9375,323.329986572266,66300470475.962,6794496188.12522
537.5,323.329986572266,0,399575634.820768
539.0625,323.570007324219,0,5520063399.56098
540.625,323.570007324219,0,0
542.1875,323.570007324219,0,101664071.407362
543.75,323.723601074219,0,1404470319.81282
545.3125,323.846919133113,0,541242350.85224
546.875,324.197674091046,25824264818.4851,9548446988.67797
548.4375,324.049987792969,0,28614406846.714
550,324.392844063895,133725827492.236,320949298.287396
551.5625,324.568460317759,0,5105039345.65052
553.125,324.529998779297,0,9401853866.11382
554.6875,324.779998779297,9574158832.50661,1789959210.33788
556.25,324.529998779297,0,0
557.8125,324.779998779297,116302317573.47,1775243761.25426
559.375,324.779998779297,29609527128.9244,24524663812.8829
560.9375,324.899993896485,0,339419176.216596
562.5,325.260009765625,28527723152.2445,4689013064.02927
564.0625,324.779998779297,1740352271.11391,0
565.625,325.260009765625,95288830274.6203,0
567.1875,325.019989013672,108220663578.38,1409632196.58063
568.75,325.260009765625,0,19473807752.762
570.3125,325.02958984375,0,0
571.875,325.260009765625,0,2075588554.03597
573.4375,325.5,0,29809227656.0853
575,325.5,121676383601.065,15684734965.659
576.5625,325.586396484375,15045151863.8748,2216646217.75934
578.125,325.739990234375,0,31717713076.6898
579.6875,325.739990234375,0,17687641942.4819
581.25,325.739990234375,0,35711817597.2202
582.8125,325.97998046875,0,7211023849.74947
584.375,325.97998046875,10255244027.0241,32080011469.6009
585.9375,326.220001220703,0,42164147327.8223
587.5,326.035369873047,0,0
589.0625,326.220001220703,0,1599732764.39764
590.625,326.470001220703,0,28644304013.6233
592.1875,326.220001220703,51781489289.3232,90570828073.6893
593.75,326.220001220703,0,3864240526.02554
595.3125,326.220001220703,0,23960943131.5429
596.875,326.470001220703,0,22348263948.0573
598.4375,326.949981689453,19540327084.6646,565027679.618138
600,326.470001220703,41737088294.3007,9611414941.93405
601.5625,326.709991455078,0,26014423773.4076
603.125,326.949981689453,34486237156.0993,14775429349.9077
604.6875,327.190002441406,0,0
606.25,326.949981689453,0,835364198.837756
607.8125,327.190002441406,17064881249.6761,11655763717.7309
609.375,327.190002441406,0,5196895542.8082
610.9375,327.383840707632,46107518148.7098,49777413196.0217
612.5,327.266799316406,45653420772.7435,2922166582.52775
614.0625,327.429992675781,111456340705.314,40369190195.6612
615.625,327.429992675781,0,0
617.1875,327.644269670759,70305911948.195,483046506.854578
618.75,327.669982910156,0,7685053749.46914
620.3125,327.669982910156,0,20466213608.0657
621.875,327.910003662109,9196262793.69302,92963773779.8274
623.4375,327.669982910156,75908982996.8773,46121905020.2583
625,327.928464449369,0,0
626.5625,328.284609281099,0,0
628.125,328.380763127253,0,1119466650.36231
629.6875,328.399993896484,22612076844.32,17993307711.4722
631.25,328.399993896484,0,37388406915.3792
632.8125,328.399993896484,50334755429.3384,34031484501.6233
634.375,328.547680194561,0,0
635.9375,328.639984130859,0,0
637.5,328.639984130859,0,61771304.2026268
639.0625,328.843078613282,0,853359128.428882
640.625,328.880004882813,7442957587.43056,2795193440.44067
642.1875,328.880004882813,22066948541.3434,41020019270.4211
643.75,329.119995117188,0,33556580342.0339
645.3125,328.880004882813,0,4597380336.16381
646.875,328.880004882813,36691982745.3402,509109423.325229
648.4375,329.119995117188,0,7033252403.7152
650,329.119995117188,0,779039265.946031
651.5625,329.542401123047,129460935460.026,10762283192.5137
653.125,329.532800292969,88374956384.458,618900594.517826
654.6875,329.359985351563,0,9242777196.58459
656.25,329.600006103516,41171107605.4184,12372775553.9814
657.8125,329.850006103516,67135371081.65,39174110992.3712
659.375,329.850006103516,92021342142.0914,6395862871.31957
660.9375,329.850006103516,0,2322700818.0933
662.5,329.850006103516,0,32087681672.1778
664.0625,330.089996337891,15627967848.3141,0
665.625,330.089996337891,18086292522.6424,0
667.1875,330.329986572266,0,540805938.973474
668.75,330.329986572266,0,7471133897.67058
670.3125,330.329986572266,0,0
671.875,330.329986572266,0,0
673.4375,330.237682635968,0,939613813.894959
675,330.329986572266,52602805208.9463,14505048738.6796
676.5625,330.570007324219,0,21565167915.9726
678.125,330.570007324219,0,7049916089.1713
679.6875,331.049987792969,25563700268.6918,1002213334.16676
681.25,330.809997558594,0,0
682.8125,331.040388183594,0,0
684.375,330.809997558594,90610159989.3991,260320221.830021
685.9375,330.625389685998,74067575114.9832,3596275657.13325
687.5,331.049987792969,0,0
689.0625,331.289978027344,0,416762308.620402
690.625,331.049987792969,0,5757494115.38555
692.1875,331.289978027344,4258142606.14412,1134631136.74354
693.75,331.539978027344,35749315756.3671,15674719037.2349
695.3125,331.289978027344,0,455699236.271141
696.875,331.539978027344,1791954660.43296,8724272861.16473
698.4375,331.539978027344,4864517898.5794,33554421044.7495
700,331.539978027344,35646137677.059,0
701.5625,332.019989013672,0,0
703.125,332.019989013672,5363124988.93282,3539601294.80116
704.6875,332.019989013672,0,48898936405.9567
706.25,332.019989013672,20799516692.209,1226419222.3013
707.8125,332.260009765625,0,17191738493.3248
709.375,332.019989013672,22826440687.8695,5630853228.67894
710.9375,332.260009765625,0,30270810300.1435
712.5,332.739990234375,2324359112.14934,1959467513.24786
714.0625,332.5,0,29299575021.0132
715.625,332.712299053486,0,30805575289.385
717.1875,332.5,0,2851096768.51186
718.75,332.739990234375,51947391429.1433,40255702333.6721
720.3125,332.849990234375,18427766081.5419,11995796839.677
721.875,332.721529447115,16888753415.2016,1979266701.06419
723.4375,332.739990234375,0,27343202944.3313
725,332.819990234375,0,2352826757.79647
726.5625,332.739990234375,0,34073354428.5349
728.125,333.22998046875,68209998524.3818,21682192680.8097
729.6875,333.22998046875,0,0
731.25,333.22998046875,0,0
732.8125,333.470001220703,27212286003.3061,0
734.375,333.236397705078,26850718101.6134,0
735.9375,333.709991455078,0,0
737.5,333.470001220703,0,0
739.0625,333.949981689453,0,0
740.625,333.949981689453,0,519780421.544883
742.1875,334.189987182617,0,9042868798.18314
743.75,333.949981689453,63065498033.3221,25725927842.7769
745.3125,334.033065795898,0,0
746.875,334.190002441406,27739868380.6341,1905645894.03057
748.4375,334.429992675781,0,26711907150.5784
750,334.190002441406,0,5329230895.60388
751.5625,334.429992675781,43626820347.3837,2125039076.19284
753.125,334.190002441406,0,29357021311.8493
754.6875,334.429992675781,81901664632.8754,0
756.25,334.429992675781,0,335758029.938835
757.8125,334.679992675781,67786246180.3776,4752450030.33072
759.375,334.756789550781,20283995731.6012,1575096444.58226
760.9375,334.919982910156,0,811568052.039399
762.5,334.639992675781,0,11211662348.5443
764.0625,334.679992675781,0,0
765.625,334.919982910156,48144923124.5387,202751004.543721
767.1875,334.919982910156,67342153860.8673,7132172084.73184
768.75,335.131201171875,0,62575150127.4673
770.3125,335.160003662109,0,37857593380.3166
771.875,335.399993896484,0,1367301088.42338
773.4375,335.160003662109,0,21559674431.9895
775,335.399993896484,8688448825.05359,38375509650.1214
776.5625,335.160003662109,117922732642.778,20456887983.913
778.125,335.399993896484,0,16610099.4757958
779.6875,335.639984130859,158111508391.297,229465448.313772
781.25,335.755368746244,0,0
782.8125,335.870384521484,0,0
784.375,335.889984130859,0,2462918597.62244
785.9375,335.889984130859,0,34024764330.1174
787.5,336.369995117188,0,0
789.0625,336.369995117188,69422886223.2477,0
790.625,336.369995117188,0,0
792.1875,336.222308819111,0,3238739171.80787
793.75,336.398793945313,0,46415392404.7315
795.3125,336.369995117188,0,24111850600.2257
796.875,336.609985351563,64629836272.8157,14389503006.6688
798.4375,336.369995117188,0,8900045620.78432
800,336.850006103516,0,19293372405.6692
801.5625,336.850006103516,31700895870.6529,1300398920.60991
803.125,336.850006103516,0,19902279686.7156
804.6875,336.609985351563,86927634497.561,26766333744.0019
806.25,337.089996337891,47396690741.9964,419448865.599229
807.8125,337.089996337891,0,6768381720.18572
809.375,337.089996337891,0,13452498054.9181
810.9375,337.089996337891,0,0
812.5,337.339996337891,0,2189737803.70353
814.0625,337.820007324219,61691387282.9733,30881046309.0956
815.625,337.838468111479,95208696778.6011,8706428652.17232
817.1875,337.820007324219,32171943638.7402,4639639174.23077
818.75,337.949225792518,7305445615.1259,64722969037.8085
820.3125,337.820007324219,106596510077.06,10983644979.8206
821.875,338.059997558594,61053669559.1206,32033972281.2968
823.4375,337.820007324219,5909695337.52155,1491857827.99595
825,337.820007324219,0,21264084022.7333
826.5625,338.059997558594,0,9830136731.53001
828.125,338.096919133113,0,13784430392.061
829.6875,338.299987792969,163656533528.188,41174724678.8568
831.25,338.549987792969,0,26640037089.6193
832.8125,338.338449331431,86231366046.0554,60819305073.8973
834.375,338.549987792969,680144953.402569,0
835.9375,338.549987792969,50188914919.2761,457804017.337539
837.5,338.789978027344,0,6895780153.19155
839.0625,338.660752516527,0,11784316857.3424
840.625,338.549987792969,92251984247.1151,55755995249.6051
842.1875,339.029998779297,49845866804.6627,27497006565.0294
843.75,339.029998779297,0,0
845.3125,339.269989013672,0,0
846.875,339.029998779297,8420915910.90708,0
848.4375,339.269989013672,103671497950.546,786067545.777462
850,339.269989013672,0,10859377576.8516
851.5625,339.269989013672,0,0
853.125,339.269989013672,34942867957.1743,0
854.6875,339.510009765625,0,0
856.25,339.510009765625,63499755183.1432,1121793135.75863
857.8125,339.75,0,16044845217.4492
859.375,339.75,93047081708.9953,10903380936.8619
860.9375,339.510009765625,0,46988697142.2808
862.5,339.75,0,13202367224.1631
864.0625,339.75,0,20790863882.8684
865.625,340,95091472694.5385,0
867.1875,340.239990234375,67342602023.5054,1263995939.75374
868.75,340.239990234375,113480823420.751,18497304922.7444
870.3125,340.239990234375,0,14304343998.5749
871.875,340.720001220703,18316906519.2913,0
873.4375,340.47998046875,0,1374235857.45159
875,340.618453979492,0,18984813882.572
876.5625,340.47998046875,24344893606.1028,0
878.125,340.720001220703,10492881894.3017,0
879.6875,340.747692401592,100930648039.326,0
881.25,341.209991455078,0,0
882.8125,341.209991455078,56253458088.1063,300235807.848982
884.375,341.152299147386,67680163117.2858,4147702086.21001
885.9375,341.209991455078,98136474434.4819,0
887.5,340.959991455078,126739789681.592,1129013192.02695
889.0625,341.209991455078,0,15597108171.3353
890.625,341.450012207031,34511918406.2714,0
892.1875,341.209991455078,0,3763861773.48968
893.75,341.690002441406,10385996198.7702,53108022045.6554
895.3125,341.872395019531,27748520570.5942,15347826252.3311
896.875,341.597698505108,7969535646.08452,1689365194.73667
898.4375,341.690002441406,31134449228.373,23338267319.8806
900,341.929992675781,17053691485.2977,0
901.5625,341.929992675781,18385037959.7994,1278192822.44576
903.125,341.929992675781,0,17657997139.7136
904.6875,341.929992675781,37989892966.2949,1442499728.56888
906.25,341.929992675781,0,20847649261.1777
907.8125,342.169982910156,0,13284764216.6017
909.375,342.419982910156,0,7986860664.51022
910.9375,342.419982910156,0,0
912.5,342.660003662109,0,3848428323.88855
914.0625,342.660003662109,116427944972.277,53165324622.6085
915.625,342.487188720703,68119041905.507,2115428248.06976
917.1875,342.419982910156,46235574513.8301,29224249501.1119
918.75,342.660003662109,72572277398.5754,0
920.3125,342.899993896484,0,1656725424.78036
921.875,342.899993896484,0,24089072570.1386
923.4375,342.899993896484,60517727959.0129,16601506487.7906
925,343.139984130859,60046410552.5166,2199171603.11669
926.5625,343.389984130859,24459232358.2925,30516167116.4735
928.125,343.389984130859,0,2688902372.77802
929.6875,343.139984130859,0,15676878441.2442
931.25,343.389984130859,42608571851.8164,59663494962.168
932.8125,343.630004882813,0,3897467919.50939
934.375,343.389984130859,26631734086.819,1927313290.45005
935.9375,343.55615234375,0,26625476197.6988
937.5,343.630004882813,45175918368.4345,1842463793.79045
939.0625,343.630004882813,0,25453296114.2163
940.625,343.722308819111,0,0
942.1875,343.630004882813,0,1079946254.66675
943.75,343.869995117188,31525930881.0905,16169764055.6308
945.3125,344.109985351563,60200385926.2071,17611646086.4243
946.875,343.869995117188,19004971331.5448,4643571586.48468
948.4375,344.349975585938,28529355937.9908,1586497852.89081
950,344.349975585938,6815637790.12821,24275055534.018
951.5625,344.349975585938,1952403101.1951,35480068358.6866
953.125,344.349975585938,0,42393429043.3036
954.6875,344.349975585938,117102233144.356,31507999080.3369
956.25,344.839996337891,24654487082.2841,7310360601.83125
957.8125,344.349975585938,169435229322.987,1452107880.13536
959.375,344.599975585938,86059917198.4842,22799531361.9149
960.9375,344.859195556641,0,39877036505.2998
962.5,345.079986572266,22689657019.7657,28171544106.9885
964.0625,344.609576416016,0,0
965.625,345.320007324219,15786997614.2763,4128502824.95401
967.1875,345.272003173828,0,58415032857.2015
968.75,345.320007324219,142361752468.099,19071778287.8587
970.3125,345.320007324219,0,3844315305.41434
971.875,345.348853478065,90200502586.2559,53108504034.0574
973.4375,345.570007324219,64507487849.6421,0
975,345.809997558594,55952735940.462,0
976.5625,345.809997558594,74670245753.5871,464591475.663806
978.125,345.809997558594,0,6418245200.83703
979.6875,345.809997558594,46812132461.3719,524003001.867248
981.25,346.049987792969,0,7454623064.17367
982.8125,346.049987792969,0,7694478467.20845
984.375,345.925192871094,16791355728.5196,66057635277.9011
985.9375,346.049987792969,128439401382.393,12778155240.3537
987.5,346.289978027344,0,3308085504.35709
989.0625,346.049987792969,0,7479454298.02958
990.625,346.289978027344,0,0
992.1875,346.529998779297,27942169681.5878,0
993.75,346.289978027344,54292537177.5052,0
995.3125,346.529998779297,0,0
996.875,346.529998779297,0,0
998.4375,346.683844933143,0,0
1000,346.779998779297,60897989320.0166,0
1001.5625,347.019989013672,29582010335.6134,1069388933.06681
1003.125,347.019989013672,0,15753912158.452
1004.6875,347.260009765625,6676969643.98716,17389456263.9636
1006.25,347.019989013672,0,53104169700.6072
1007.8125,347.490400390625,0,0
1009.375,347.260009765625,34958271245.0639,0
1010.9375,347.019989013672,0,0
1012.5,347.260009765625,115020282667.676,0
1014.0625,347.5,0,3280362688.98923
1015.625,347.75,7279324718.89485,50877767993.7688
1017.1875,347.75,0,76812648709.0018
1018.75,347.75,78660542970.0976,2197135837.60791
1020.3125,347.989990234375,0,32833685454.1762
1021.875,347.989990234375,58691994350.0332,34401775248.2973
1023.4375,347.869995117188,129484872690.162,2783738893.62903
1025,347.989990234375,45336111197.6079,14907407963.5758
1026.5625,348.22998046875,135381411737.003,22446643047.1374
1028.125,348.470001220703,0,0
1029.6875,348.276138305664,0,1191354733.34971
1031.25,348.470001220703,0,16458345019.9793
1032.8125,348.470001220703,43929978309.2327,3069217030.75296
1034.375,348.600001220703,10872978632.1233,43445427230.9774
1035.9375,348.932300274189,97018393152.9457,14433198040.5265
1037.5,348.720001220703,0,3221718814.9793
1039.0625,348.470001220703,31071399913.3077,44507448814.3437
1040.625,348.720001220703,0,0
1042.1875,348.959991455078,108702936770.552,1901877452.56104
1043.75,348.959991455078,0,29061341060.9516
1045.3125,348.720001220703,0,38505428981.452
1046.875,349.200012207031,170502571480.161,718243360.603109
1048.4375,349.200012207031,14021862720.3407,11221133427.9379
1050,349.25539456881,46068860507.7204,20874682998.5851
1051.5625,349.440002441406,24956763498.5026,44335724993.4717
1053.125,349.200012207031,6585433270.33344,53101000428.3899
1054.6875,349.440002441406,58098332993.3786,4890143867.17184
1056.25,349.929992675781,57274018734.3011,0
1057.8125,349.929992675781,0,0
1059.375,349.690002441406,75643135593.0545,521290635.212776
1060.9375,349.998561314174,60549254428.5057,12447183158.5251
1062.5,350.169982910156,12695930106.6251,72467677370.3539
1064.0625,350.169982910156,91627250059.1098,1827705198.86608
1065.625,350.169982910156,39216639330.3017,25354478570.6102
1067.1875,350.169982910156,0,8638165119.27563
1068.75,350.660003662109,69876718295.0932,100831925683.046
1070.3125,350.520003662109,94726716412.2813,21597281417.2706
1071.875,350.410003662109,0,4740459825.6928
1073.4375,350.410003662109,138467473899.013,30382733102.8099
1075,350.566800537109,0,11207014802.5768
1076.5625,350.899993896484,61901062308.8383,9638929811.75103
1078.125,350.899993896484,0,24744569399.2823
1079.6875,350.882851736886,67026160588.9553,22582478775.2785
1081.25,351.010758620042,98170285471.1707,37849081648.5883
1082.8125,351.130384521484,0,15350863945.4912
1084.375,350.899993896484,74213769558.5489,0
1085.9375,351.139984130859,31776931956.7143,1107698570.85676
1087.5,351.380004882813,0,16148203579.9503
1089.0625,351.139984130859,16433455784.7045,12075003896.1657
1090.625,351.380004882813,61745833504.8214,5458943175.23541
1092.1875,351.380004882813,0,1362845696.86132
1093.75,351.630004882813,5974600899.57488,15386908455.4024
1095.3125,351.630004882813,15083031579.3025,1818503933.07176
1096.875,351.648465670073,208892589151.136,27726554606.6724
1098.4375,351.869995117188,84957381351.5173,36992877955.0675
1100,351.630004882813,0,16453747329.1269
1101.5625,351.869995117188,0,33495378093.512
1103.125,351.630004882813,64702340155.9781,0
1104.6875,352.109985351563,28800065352.2507,2062673652.09624
1106.25,352.349975585938,21222564154.6997,30568039289.0019
1107.8125,352.109985351563,72639472978.0807,29762487815.2665
1109.375,352.349975585938,83543496198.3393,20430146343.9908
1110.9375,352.599975585938,0,66557602936.5511
1112.5,352.53266789363,138537937934.14,0
1114.0625,352.599975585938,17785502688.2655,4400847719.1455
1115.625,352.627670288087,133932742264.255,60796896268.1952
1117.1875,352.839996337891,0,438601723.012143
1118.75,352.839996337891,0,6059201580.87146
1120.3125,353.079986572266,92442152926.6355,3292837084.84834
1121.875,352.858457125151,0,46144719932.4214
1123.4375,352.839996337891,120604297768.58,10072873922.1243
1125,353.079986572266,0,14626909144.5244
1126.5625,353.320007324219,0,9993921239.64756
1128.125,353.079986572266,0,54619389319.7084
1129.6875,353.097130911691,2493255327.08864,1570684952.8911
1131.25,353.19076538086,0,23901324535.2181
1132.8125,353.320007324219,57753935705.4478,30428549497.1126
1134.375,353.570007324219,0,2880016485.91918
1135.9375,353.809997558594,46732345469.1693,42887451718.0385
1137.5,353.809997558594,0,44501548391.9029
1139.0625,353.732857840402,0,25039268162.7633
1140.625,354.049987792969,42361221196.5317,27591149579.4979
1142.1875,354.149987792969,0,3499937293.61467
1143.75,354.059603177584,55382972654.9161,51164833392.4939
1145.3125,354.049987792969,0,39055919910.7333
1146.875,354.049987792969,88711018968.4226,4231433244.12808
1148.4375,354.049987792969,36103558330.2152,25335628828.6411
1150,354.299987792969,0,25281202951.6853
1151.5625,354.167585449219,0,0
1153.125,354.299987792969,104271119310.468,3508738881.79939
1154.6875,354.539978027344,0,48665569502.9592
1156.25,354.539978027344,7172903392.62961,4347060059.42557
1157.8125,354.779998779297,72925147114.8167,23863567195.3497
1159.375,354.678451538086,57884469560.903,11330437242.7383
1160.9375,355.019989013672,60232192698.5583,39275760174.9997
1162.5,355.269989013672,34469300306.3767,73719436982.8675
1164.0625,355.109989013672,81615695885.4495,11956881081.8015
1165.625,355.269989013672,50594339246.3451,6223742041.24909
1167.1875,355.019989013672,9156510112.84943,533349251.703165
1168.75,355.279220581055,84418026338.7854,7673478048.8482
1170.3125,355.269989013672,26364765245.5865,8402318575.67247
1171.875,355.510009765625,104970111868.19,59441504847.1487
1173.4375,355.75,41695827653.2183,24073360399.6886
1175,355.510009765625,63377589025.2107,19723061042.6811
1176.5625,355.713078425481,16267799475.5344,7621748081.56959
1178.125,356,37890920568.7417,724572903.688708
1179.6875,355.75,71631618786.7463,10493011285.6719
1181.25,355.75,101053781018.141,11910896761.9737
1182.8125,356,44107130170.5279,75878876418.0345
1184.375,355.565392127404,0,49539657501.9157
1185.9375,356,63887016218.6005,7866907935.48245
1187.5,356.239990234375,0,680933395.433309
1189.0625,356.47998046875,40126151471.2384,9895586560.12523
1190.625,356.47998046875,49282522407.0928,10315604990.6556
1192.1875,356.720001220703,57577273885.6837,52067940173.2074
1193.75,356.720001220703,92231611628.3406,41834332739.4852
1195.3125,356.720001220703,101657376435.17,42005672364.8786
1196.875,356.47998046875,0,17892711569.4024
1198.4375,356.970001220703,63364828161.0156,106883820984.175
1200,356.720001220703,106735220557.951,32015203690.2986
1201.5625,357.209991455078,35821520508.3158,3731415558.54502
1203.125,356.970001220703,116112768711.821,53437448876.4437
1204.6875,357.209991455078,24083986411.3707,26291792560.901
1206.25,357.209991455078,47313175004.4601,2772142273.3711
1207.8125,357.450012207031,75164819572.9255,0
1209.375,357.450012207031,41759430620.9339,2155174125.57268
1210.9375,357.330001831055,134963036631.088,29773331438.467
1212.5,357.450012207031,0,1238423855.6962
1214.0625,357.450012207031,0,18692549295.2145
1215.625,357.767209472656,61210340084.638,25799885151.7703
1217.1875,357.940002441406,184813411650.211,58226538534.2657
1218.75,357.940002441406,104283880174.663,57282750654.404
1220.3125,358.179992675781,83013639162.6597,9306001118.18574
1221.875,357.940002441406,92308220070.6778,11131056183.9473
1223.4375,357.940002441406,28582305669.5959,3740314148.26643
1225,358.116398925781,0,54296253337.6399
1226.5625,358.004615196815,144066818696.866,38969328230.4781
1228.125,358.179992675781,14775804651.4664,39082568852.1171
1229.6875,358.525988769531,155940247750.789,25577142771.4166
1231.25,358.429992675781,100811194826.934,47879075696.8314
1232.8125,358.669982910156,113148391337.414,33212711775.7278
1234.375,358.669982910156,114449811821.37,269109568.290492
1235.9375,358.429992675781,31592257036.7793,6868830312.16711
1237.5,358.669982910156,129010866268.442,47063091676.5672
1239.0625,358.669982910156,0,51361863233.2171
1240.625,358.669982910156,0,36104701811.5551
1242.1875,358.910003662109,78551489382.3965,5681525024.15403
1243.75,359.149993896484,53693628730.5761,5193140654.86858
1245.3125,359.149993896484,25562315295.0976,42843029617.5766
1246.875,359.011537992037,177373265481.32,48344087314.634
1248.4375,359.399993896484,10923040775.5484,0
1250,359.332686204176,61513572823.6458,486190436.879141
1251.5625,359.639984130859,33551811380.374,6716630850.21925
1253.125,359.399993896484,26205710710.9864,1284228378.45748
1254.6875,359.639984130859,77470477980.7963,17789757378.8441
1256.25,359.639984130859,72222122370.2272,3171473011.29599
1257.8125,359.880004882813,0,39861292521.1306
1259.375,359.880004882813,0,72960026342.4604
1260.9375,360.033851036659,48160850525.5042,1720304101.32235
1262.5,360.130004882813,107778907849.024,23765682584.9346
1264.0625,360.130004882813,108015823148.642,3587118443.22566
1265.625,360.130004882813,43846848460.2461,49909001317.8509
1267.1875,360.350795898438,0,7789527300.125
1268.75,360.130004882813,0,40960391282.2538
1270.3125,360.609985351563,95608712516.0328,15299309189.4111
1271.875,360.471529447116,37412150247.0091,51902889540.6538
1273.4375,360.582294170674,62935726215.4628,7642393620.05549
1275,360.609985351563,77897116592.1897,860051595.436147
1276.5625,360.677293043871,0,16156161487.2451
1278.125,360.859985351563,149087404135.037,61641801713.7268
1279.6875,361.099975585938,178937351711.668,37885767883.5951
1281.25,361.081514798678,2998002828.25525,31968099313.4285
1282.8125,361.099975585938,0,35124412301.5012
1284.375,361.339996337891,0,26899192443.6168
1285.9375,361.513073260968,53052877441.1009,11228973147.7182
1287.5,361.339996337891,135985024608.379,1513662257.45073
1289.0625,361.099975585938,59402683322.6718,21538300108.73
1290.625,361.589996337891,94066905071.1751,10334402832.9205
1292.1875,361.829986572266,8913019581.99023,23041282155.4957
1293.75,361.700761061449,17935697426.3319,0
1295.3125,361.589996337891,114242745554.671,1379526653.46736
1296.875,361.829986572266,67000311855.8561,19682429625.7584
1298.4375,361.829986572266,0,12926042059.969
1300,362.070007324219,105199937195.201,59937076733.8999
1301.5625,362.070007324219,42028943810.6068,10492892700.1435
1303.125,362.070007324219,84501036841.8031,42176681356.368
1304.6875,362.320007324219,75035224952.6914,46430920522.2279
1306.25,362.320007324219,0,2451995685.84939
1307.8125,362.320007324219,81864109753.5146,18463021547.423
1309.375,362.559997558594,38797396126.8419,32044299814.1641
1310.9375,362.559997558594,78966994239.6117,17627410935.7809
1312.5,362.240007324219,105806381044.634,7097637548.19486
1314.0625,362.559997558594,0,48091422732.689
1315.625,362.559997558594,122780471653.826,1398219579.23077
1317.1875,362.799987792969,78147838738.8904,20904732885.7171
1318.75,362.799987792969,35784339804.5529,21946053571.0001
1320.3125,362.76306621845,57094548762.9532,640175775.503676
1321.875,362.559997558594,65321414699.4531,9566927459.4705
1323.4375,363.123830942007,137503834781.206,9988355245.921
1325,363.289978027344,0,0
1326.5625,363.289978027344,3190128568.20746,5921205909.50151
1328.125,363.289978027344,35043841995.3222,85479296154.5341
1329.6875,363.529998779297,104390780579.793,53761842849.867
1331.25,363.529998779297,37686660227.2867,42440760416.974
1332.8125,363.719998779297,27667419734.4818,26719507813.5336
1334.375,363.779998779297,28752779204.3214,20302876654.983
1335.9375,363.779998779297,45076432182.2274,68544472761.3947
1337.5,363.779998779297,22723422272.2366,65168040895.4109
1339.0625,363.779998779297,0,0
1340.625,364.019989013672,54820326524.6672,1010538094.61397
1342.1875,364.260009765625,130129445796.395,14169474760.8207
1343.75,363.779998779297,33875617321.1387,4762817556.87922
1345.3125,364.106396484375,75006957299.6259,27013657438.5384
1346.875,364.260009765625,0,19986910094.1595
1348.4375,364.260009765625,73067335597.6624,64992866740.5818
1350,364.50039438101,0,33938936163.0213
1351.5625,364.510009765625,43556968489.6917,19031774180.0957
1353.125,364.510009765625,36882314839.9133,7155349113.58121
1354.6875,364.413855919471,16821790266.9885,29784040072.7775
1356.25,364.510009765625,22455314352.64,2893480765.75822
1357.8125,364.75,70243055449.7937,41182733483.6382
1359.375,364.842303936298,114551941992.097,19818839427.2914
1360.9375,364.989990234375,0,44581269845.691
1362.5,364.989990234375,0,26586534320.5614
1364.0625,364.999990234375,137300673524.494,48896404043.7222
1365.625,365.239990234375,0,44181372297.6453
1367.1875,365.239990234375,100733165053.558,71995018734.7782
1368.75,365.47998046875,47619565516.6418,34323834478.9699
1370.3125,365.239990234375,22782545028.5682,39118578648.5676
1371.875,365.47998046875,0,58390487816.6724
1373.4375,365.239990234375,64649164428.9874,16126123319.0404
1375,365.46151968149,114022128213.585,36754327523.9051
1376.5625,365.720001220703,44053749684.8398,24607015983.346
1378.125,365.970001220703,54794783167.6937,11112529046.1194
1379.6875,365.809286934989,51043720181.4072,2070283518.69475
1381.25,366.025383582482,44612889626.4507,2820684118.91782
1382.8125,365.970001220703,81432316282.4506,17791525504.6003
1384.375,365.908459003155,168251064382.852,46789003869.6737
1385.9375,366.209991455078,30105061629.8234,36694876636.4203
1387.5,366.450012207031,120003556204.896,46239815205.868
1389.0625,366.450012207031,149909348493.274,26349546021.8694
1390.625,366.450012207031,174168688053.188,30002814739.1096
1392.1875,366.450012207031,94063892529.1076,25755432232.1585
1393.75,367.026398925781,0,25335804721.3708
1395.3125,366.450012207031,83348117191.0647,0
1396.875,366.700012207031,78746189889.9961,1454638493.74024
1398.4375,366.700012207031,19990964298.7439,20095561413.5226
1400,366.940002441406,16269561134.124,368111585.844198
1401.5625,366.958463228666,66294917237.4529,8478288977.59976
1403.125,367.429992675781,176412523807.515,50352321381.3979
1404.6875,367.429992675781,17544207594.036,50117153689.3689
1406.25,367.179992675781,795672325.437653,31443560510.2586
1407.8125,367.429992675781,59911163946.2789,45005915927.4287
1409.375,367.669982910156,165464610728.651,0
1410.9375,367.669982910156,32015229471.5317,3222114372.34604
1412.5,367.669982910156,0,44825532716.7211
1414.0625,367.669982910156,0,7398791657.66602
1415.625,367.669982910156,68730252469.0395,44347217999.8906
1417.1875,367.697677612305,61136932672.6409,24830827137.1135
1418.75,367.910003662109,91503853054.7214,2281927783.6113
1420.3125,367.669982910156,10347151654.9128,33812544554.959
1421.875,367.910003662109,82793395298.0866,34608908508.8409
1423.4375,367.910003662109,137305771816.06,42969265446.2422
1425,367.92923443134,39340035655.2994,22749475364.8533
1426.5625,368.044619046724,153342067070.292,24869622523.2936
1428.125,367.910003662109,10827528383.7629,71175814239.5925
1429.6875,368.160003662109,46714951016.7215,49605189360.6471
1431.25,368.399993896484,153549553915.301,11619888202.7062
1432.8125,368.649993896484,57497012949.2678,8717385359.10716
1434.375,368.399993896484,148500123210.48,28520529156.7938
1435.9375,368.889984130859,65889559003.4377,31330174300.5159
1437.5,368.889984130859,10664730036.6503,9175271514.69053
1439.0625,368.889984130859,35661951441.812,31872427966.1356
1440.625,369.130004882813,0,6502222465.67484
1442.1875,368.889984130859,165579774799.945,2474237808.50779
1443.75,369.130004882813,94162633181.2217,34840353927.7215
1445.3125,369.380004882813,42147919080.1869,9106957950.89405
1446.875,369.351158728967,89923906667.2887,0
1448.4375,369.380004882813,119575711217.203,1153122291.07652
1450,369.619995117188,0,16839012911.0585
1451.5625,369.619995117188,0,15484393843.2866
1453.125,369.661372743804,85200029399.5256,40462347926.482
1454.6875,369.380004882813,53522461283.8684,3186661661.35274
1456.25,369.130004882813,44887399606.7277,46459914273.3011
1457.8125,369.859985351563,125070003388.572,33663575259.355
1459.375,370.109985351563,60099560927.9156,328852608.091282
1460.9375,369.879985351563,27128992137.8382,6005621023.24073
1462.5,369.84614445613,69675010619.7256,20205315245.4395
1464.0625,370.109985351563,117754467387.266,0
1465.625,370.349975585938,0,1392719202.53614
1467.1875,370.599975585938,128560653426.846,19240157872.0733
1468.75,370.349975585938,1568072295.15636,1595350781.39705
1470.3125,370.599975585938,84867675506.1192,27390907472.0353
1471.875,370.599975585938,192697203321.423,74470771529.8918
1473.4375,370.719985961915,91113206656.0954,7483918379.37778
1475,370.609207153321,65066046015.4681,3165530556.76031
1476.5625,370.599975585938,9195802174.46225,45348685397.7333
1478.125,370.839996337891,107498060693.815,23823365256.844
1479.6875,370.599975585938,132330453448.837,21382889068.1135
1481.25,370.839996337891,0,16611371413.3996
1482.8125,371.079986572266,41694781123.029,47072225718.6674
1484.375,370.839996337891,82943411152.4204,10157382381.3881
1485.9375,371.570007324219,60880242496.4006,1572682213.34042
1487.5,371.44076538086,0,22903897713.3088
1489.0625,371.800397949219,64608203952.9119,18244413232.7081
1490.625,371.570007324219,100386668992.323,29877948727.7435
1492.1875,371.618005371094,137037043924.371,38727831009.831
1493.75,371.570007324219,137999013407.111,44463449861.6637
1495.3125,371.809997558594,140895842742.626,15493209531.5647
1496.875,372.059997558594,113639086001.899,26243435978.5543
1498.4375,372.059997558594,181500301990.671,60010057778.6959
1500,372.059997558594,192780170567.274,35522020862.4623
1501.5625,372.299987792969,71029406524.7193,24886589.8954715
1503.125,372.299987792969,91066587984.4978,3284115761.67767
1504.6875,372.059997558594,23352391368.9555,42703369385.569
1506.25,372.549987792969,107000127447.208,30570229894.3127
1507.8125,372.338449331431,106071309562.474,24687604130.9561
1509.375,372.453833946815,189677723309.87,2351255459.19131
1510.9375,372.789978027344,52651954296.4199,34481770566.636
1512.5,372.549987792969,181899284468.309,28747521545.3513
1514.0625,372.549987792969,90511131956.1828,16537508294.2675
1515.625,372.549987792969,103016747988.676,15490644939.1484
1517.1875,372.549987792969,169060380594.368,21110802455.3548
1518.75,373.029998779297,109400337859.382,24420356800.6041
1520.3125,372.919219970703,49069338541.8686,0
1521.875,372.789978027344,85136203449.9675,6188139423.25319
1523.4375,373.279998779297,164146827393.656,87614260332.5892
1525,373.059998779297,110108955136.71,33120339363.9919
1526.5625,373.279998779297,101600453801.043,55730263057.4417
1528.125,373.279998779297,107229931145.635,55334759377.6732
1529.6875,373.279998779297,132955597394.434,8362695273.00471
1531.25,373.279998779297,137367047829.288,34127636464.4808
1532.8125,373.519989013672,169854126111.002,30178395606.8087
1534.375,373.404793701172,189061719626.582,0
1535.9375,373.519989013672,44851667119.3949,3280920884.116
1537.5,374.010009765625,157698889494.119,47685470411.6044
1539.0625,374.067938442888,48641166010.5306,34554437780.9056
1540.625,374.010009765625,0,30367645047.603
1542.1875,374.010009765625,44701970619.4394,55403670602.4208
1543.75,374.480769230769,38369690890.4739,112334604376.215
1545.3125,374.25,90141014894.0333,46239101171.5033
1546.875,374.480769230769,28360155530.1978,50759062239.53
1548.4375,374.5,60604113757.5363,78706404409.9822
1550,374.25,234312068491.035,3610999415.27326
1551.5625,374.5,139325030137.712,45399237758.821
1553.125,374.5,149342729561.856,29359725149.8761
1554.6875,374.739990234375,131845559792.039,37729223988.5612
1556.25,374.739990234375,144331581449.621,22808416866.2447
1557.8125,374.989990234375,122398140631.314,44658157269.4744
1559.375,374.989990234375,54801163599.7909,51596910542.417
1560.9375,375.181982421875,141667425968.117,40028030577.7976
1562.5,374.989990234375,170609834429.268,57951804327.5161
1564.0625,375.470001220703,0,1546494695.40244
1565.625,375.470001220703,43655348982.9867,25083268598.4953
1567.1875,375.470001220703,67724354529.3907,54644559169.3824
1568.75,375.22998046875,43706414068.3501,45188013959.7011
1570.3125,375.470001220703,65580872712.7388,2024093388.34068
1571.875,375.22998046875,36058806527.6639,30276672168.2966
1573.4375,375.720001220703,69979572979.444,36622912514.1703
1575,375.470001220703,86502264776.3403,65851629742.2785
1576.5625,375.720001220703,10575515704.5602,25338387454.106
1578.125,375.720001220703,54625626017.0669,51492417002.078
1579.6875,375.940792236328,220597123252.864,30826577339.7916
1581.25,375.85845712515,195288956468.023,29002638499.0798
1582.8125,375.480001220703,195014446487.746,24693181987.2642
1584.375,376.209991455078,250200944929.061,37076346363.1074
1585.9375,376.40200805664,47990191901.1868,43773081594.7212
1587.5,375.959991455078,177539243230.189,62369207794.7276
1589.0625,376.209991455078,137359636096.874,2379491115.90277
1590.625,376.662311260517,158480914183.442,32872229119.6939
1592.1875,376.450012207031,34235469407.615,837520998.57636
1593.75,376.690002441406,0,13636336196.2991
1595.3125,376.800002441406,98273811803.7796,30123082497.2247
1596.875,376.891925518329,128417183283.204,24104475362.4238
1598.4375,376.940002441406,67943465856.2024,31503264796.4431
1600,376.940002441406,100163245725.992,2351000190.08903
1601.5625,376.940002441406,102571739818.034,32478632255.6744
1603.125,377.064797363281,0,2342613522.57486
1604.6875,377.429992675781,145312039377.87,32362771997.0527
1606.25,377.429992675781,52451975015.8126,3410576664.51447
1607.8125,377.633061335637,242099895489.147,49710651810.2006
1609.375,377.429992675781,61638045321.0058,36553755926.3288
1610.9375,377.669982910156,83641584857.7868,11085776666.2593
1612.5,377.669982910156,149119327924.108,19233740783.7845
1614.0625,377.429992675781,61174204829.9732,37309828386.978
1615.625,377.669982910156,121427106305.897,1803446208.04608
1617.1875,377.823829064002,70934780756.2021,27606164461.1033
1618.75,377.669982910156,86738470535.4495,71556986947.9317
1620.3125,377.977587890625,225895269875.909,33404010504.7131
1621.875,377.739982910156,92311377843.8516,3354016396.86572
1623.4375,377.919982910156,193593330443.6,46879923290.7633
1625,378.399993896484,150689671220.52,11338203654.0208
1626.5625,377.919982910156,192795053079.957,56457633002.1012
1628.125,378.399993896484,153128207482.447,55575210169.0097
1629.6875,378.187694842998,125404142528.63,49191347358.8607
1631.25,378.649993896484,115892524847.247,88132439994.7201
1632.8125,378.224616417518,149721993089.077,0
1634.375,378.399993896484,121899517824.115,4163025882.02075
1635.9375,378.649993896484,136001154227.477,59796169551.1941
1637.5,378.668454683744,13282026540.2253,33916752600.0849
1639.0625,379.139984130859,19556095683.6676,33784622066.8338
1640.625,378.889984130859,107268235366.804,17560853888.2405
1642.1875,378.889984130859,138844297466.299,3070074640.20366
1643.75,378.889984130859,131487750008.704,47935195690.6246
1645.3125,379.380004882813,14351546373.4447,76294843872.9568
1646.875,379.078453650841,158378784012.715,1594017047.0835
1648.4375,379.380004882813,143753881987.501,22021050317.1165
1650,379.380004882813,23645859724.8729,2587970525.08002
1651.5625,379.630004882813,147935617163.954,38108271869.9356
1653.125,379.869995117188,226785797303.118,32546851602.5561
1654.6875,379.630004882813,76997241312.8649,2764540989.23588
1656.25,379.869995117188,55382085720.8339,40917066297.2985
1657.8125,380.109985351563,113681834704.383,40197452029.0952
1659.375,379.869995117188,100827135092.886,36907230458.7575
1660.9375,379.869995117188,96547138099.9399,25606606650.6415
1662.5,379.869995117188,176415724837.855,24470229064.6646
1664.0625,380.004389648438,225279236699.099,26841292701.4584
1665.625,380.109985351563,80492114026.2982,2671885582.3074
1667.1875,380.359985351563,186328821959.732,38509689332.916
1668.75,380.109985351563,86495884344.2427,22557077444.1147
1670.3125,380.359985351563,128020554902.203,6628787148.64453
1671.875,380.359985351563,159642758425.528,76165428.8438185
1673.4375,380.599975585938,189677723309.87,4156934075.68007
1675,380.849975585938,45458740265.3331,44556290634.3735
1676.5625,380.849975585938,24026585880.8225,23577133554.4448
1678.125,380.679975585938,116696870234.62,9901909997.69329
1679.6875,381.089996337891,113015537476.828,28599376530.5659
1681.25,380.849975585938,179479846245.508,21092837080.8878
1682.8125,381.089996337891,221725302020.451,43982729138.4879
1684.375,381.339996337891,103923180289.61,56478395607.2948
1685.9375,381.339996337891,85402905721.105,56103127763.6779
1687.5,381.339996337891,124752976829.632,36574957166.4224
1689.0625,381.339996337891,156628038269.901,30994791877.5961
1690.625,381.48575768104,87080029124.2098,47225325363.0299
1692.1875,381.829986572266,144657943042.987,48527487497.8187
1693.75,381.579986572266,142039860011.687,19565892654.5071
1695.3125,381.579986572266,215845378525.018,31079507878.3658
1696.875,381.089996337891,164002778035.065,27846495610.0657
1698.4375,382.070007324219,79248550536.6768,19489792972.7644
1700,382.070007324219,91187881080.101,37172804374.5391
1701.5625,382.070007324219,0,31018331547.6137
1703.125,382.125389685998,164953916617.848,60475131321.1698
1704.6875,382.224286760603,145685073264.964,102118276052.323
1706.25,382.559997558594,65401202543.5478,1741084006.37252
1707.8125,382.309997558594,97541323327.2202,26589309550.6621
1709.375,382.309997558594,70294236961.9366,35042057286.8531
1710.9375,382.483074481671,73510996755.5374,2707540064.38992
1712.5,382.559997558594,159866181691.859,39044600727.557
1714.0625,382.559997558594,37216572501.3645,28595253392.7856
1715.625,382.305202636719,123693306015.441,84551310527.6132
1717.1875,382.799987792969,21756213010.1027,37598363041.5265
1718.75,382.799987792969,136435050542.797,29003680733.0119
1720.3125,382.799987792969,204025491829.939,53103655514.7508
1721.875,382.799987792969,60757091491.2956,30862353140.2485
1723.4375,383.049987792969,133561280229.898,19525733730.7088
1725,383.049987792969,68762176258.1104,31534529521.3037
1726.5625,383.539978027344,234349895430.652,4157826429.5242
1728.125,383.539978027344,111519722744.932,17092358206.3312
1729.6875,383.659988403321,157496291648.152,54372526777.0444
1731.25,383.549209594727,100010072098.485,80211967230.261
1732.8125,383.779998779297,265384573763.592,7235088524.36611
1734.375,383.779998779297,74213790470.9096,93844977772.0742
1735.9375,383.85692185622,50909139317.9656,4504800542.67257
1737.5,383.837691086989,0,65163523279.4225
1739.0625,384.029998779297,0,43575623018.3094
1740.625,384.269989013672,199597889363.613,45815239588.5658
1742.1875,383.779998779297,123121986985.419,45337337778.92
1743.75,384.029998779297,154318796111.846,34063375366.2313
1745.3125,384.029998779297,233561628256.485,36896656428.7314
1746.875,384.519989013672,257513352684.502,26300568569.9405
1748.4375,384.029998779297,174895462874.24,32000004247.4568
1750,384.479989013672,117788464837.883,14898818813.0292
1751.5625,384.649230957031,145117854834.62,78856715336.0488
1753.125,384.760009765625,98005578247.8574,64803734476.036
1754.6875,384.760009765625,116595946514.517,5498268711.10448
1756.25,384.760009765625,62595585964.4702,600916789.235874
1757.8125,385,231159429906.548,8301554162.40671
1759.375,385,88187585622.0075,2363968104.19277
1760.9375,385,192866916186.776,37907287597.1133
1762.5,385,237657101939.646,89572082474.0814
1764.0625,385,116254073402.506,235558190661.475
1765.625,385.489990234375,52723305594.3334,3233774009.1324
1767.1875,385.489990234375,153236238060.452,44673989089.1253
1768.75,385.489990234375,228672134202.733,2508110024.88132
1770.3125,385.489990234375,135101818534.348,34755148745.6958
1771.875,385.711144080529,60699624345.251,3073203137.37727
1773.4375,385.489990234375,143773355672.079,23769114967.8771
1775,385.284999302455,172240845902.064,24707286981.9906
1776.5625,385.62460561899,116200866533.328,46015545887.3045
1778.125,385.97998046875,61886968687.1431,27139462595.0209
1779.6875,385.97998046875,181655045342.516,13872026434.8892
1781.25,386.172288161058,103540181335.091,55752870407.8722
1782.8125,386.22998046875,66212653552.3241,109756241959.931
1784.375,386.470001220703,74967027515.7524,32312016020.0615
1785.9375,386.450799560547,183998640441.045,69069331930.3715
1787.5,386.470001220703,181158786659.077,72752249091.2246
1789.0625,386.470001220703,116999499197.636,37224201152.0835
1790.625,386.720001220703,212259824418.292,58572967795.5669
1792.1875,386.720001220703,161459685484.82,5621777738.27876
1793.75,386.720001220703,247162345249.799,30857299084.1829
1795.3125,386.720001220703,139604531340.973,19950038533.4074
1796.875,386.691155066857,158835212007.814,51139786512.5612
1798.4375,386.839996337891,139132156519.05,56188421291.0469
1800,386.720001220703,142445222921.422,36254340551.7157
1801.5625,386.959991455078,134097142667.092,26702830540.8291
1803.125,387.161914532001,260615821570.489,11677680071.8455
1804.6875,387.209991455078,121743630650.618,4390394642.54799
1806.25,387.700012207031,151155702306.64,8494037842.03817
1807.8125,387.450012207031,259429355013.944,10159271911.873
1809.375,387.450012207031,203080156173.78,66105939474.0765
1810.9375,387.700012207031,175084662241.861,36091956863.1404
1812.5,387.632704514723,188946785334.493,29770177936.2024
1814.0625,387.940002441406,147634705838.841,44703535776.6109
1815.625,387.700012207031,36314153583.0656,76218539198.6328
1817.1875,387.700012207031,45511517123.6784,5509205329.30354
1818.75,387.700012207031,126230836303.504,63540001867.7041
1820.3125,388.190002441406,131967174654.205,52947956425.2144
1821.875,388.190002441406,176511474576.485,74923634252.1827
1823.4375,388.090768667368,167347939187.589,41882483458.3252
1825,388.429992675781,101459143927.876,20945490332.9755
1826.5625,387.940002441406,201079950681.366,33618062796.7355
1828.125,388.190002441406,239016804462.505,37417177493.3694
1829.6875,388.190002441406,265734672298.162,55278534233.022
1831.25,388.679992675781,123240079050.682,23745635521.7428
1832.8125,388.679992675781,173989045931.56,30766850730.5987
1834.375,388.919982910156,107306517959.389,20594213249.5931
1835.9375,388.679992675781,148057580907.806,31232385240.99
1837.5,389.169982910156,209374419995.12,48685969486.6301
1839.0625,389.029982910156,197189594374.81,17815258171.1886
1840.625,388.919982910156,82895503840.2302,40590877627.3787
1842.1875,389.169982910156,147670856701.761,35554999060.3243
1843.75,389.169982910156,133275114510.764,5201811420.35275
1845.3125,389.410003662109,276251824213.043,71862061473.762
1846.875,389.169982910156,132541018762.214,3552710950.83883
1848.4375,389.169982910156,174698071273.566,49879618782.135
1850,389.515772892878,169112833659.103,11154106849.4085
1851.5625,389.660003662109,117468639130.791,6094268279.74336
1853.125,389.660003662109,229901005424.718,66436495972.8892
1854.6875,389.410003662109,138734768867.339,41892560503.1457
1856.25,389.660003662109,89585592366.0357,28832296991.8792
1857.8125,389.410003662109,161374965695.33,4536451046.56579
1859.375,389.283064622145,183779262564.41,65802845056.1896
1860.9375,390.149993896484,113772304872.701,46712974843.0719
1862.5,390.352292574369,162256810641.595,51534186144.4418
1864.0625,390.279219407301,134057139200.088,58713349447.7807
1865.625,390.389984130859,225343084277.241,37291193622.3896
1867.1875,390.149993896484,220108491270.092,16985688763.6535
1868.75,390.205376258263,218410474445.979,51329872937.6666
1870.3125,390.389984130859,256219342432.945,3143718511.48105
1871.875,390.639984130859,215349510811.501,43429889066.016
1873.4375,390.639984130859,126130104483.869,1167490271.64208
1875,390.880004882813,226693183709.079,21831007701.6909
1876.5625,391.130004882813,186643671383.171,81070678885.0934
1878.125,391.130004882813,293057442184.853,33842636359.639
1879.6875,391.369995117188,230656417240.174,32783068781.9659
1881.25,391.130004882813,170338503850.747,42656335299.8547
1882.8125,391.369995117188,220202846941.454,16831931787.665
1884.375,391.157696063703,142352674213.133,79021080563.6941
1885.9375,391.130004882813,169330440289.221,47691857765.3553
1887.5,391.369995117188,220874532436.297,44927950565.6204
1889.0625,391.479995117188,155531683810.712,48060347350.9163
1890.625,391.369995117188,186192277097.946,28090169389.7847
1892.1875,391.369995117188,203709524848.61,35522182969.4345
1893.75,391.369995117188,141618535207.416,27922167735.4685
1895.3125,391.619995117188,283393606662.049,35349622727.5426
1896.875,391.859985351563,262907521379.839,49018017803.3644
1898.4375,391.859985351563,226333242871.761,26806273716.5276
1900,391.975369966948,100080256851.558,57302774477.6419
1901.5625,391.48383976863,180376783598.337,53102995925.2924
1903.125,392.109985351563,204953775466.366,68506423002.7252
1904.6875,392.349975585938,235557615310.266,67076595072.1026
1906.25,392.148383789063,271206279051.808,40269643408.4439
1907.8125,392.069981166295,155244988755.481,48802535987.4908
1909.375,392.349975585938,257092027880.231,93676788361.636
1910.9375,392.474975585938,226894286277.36,55623797889.3654
1912.5,392.599975585938,229077518741.052,55834185169.6753
1914.0625,392.599975585938,267643819082.895,82974577004.071
1915.625,392.839996337891,247688957997.971,42442750333.2758
1917.1875,393.089996337891,231932979049.322,64491655107.5075
1918.75,393.089996337891,183297291212.337,85692943674.3421
1920.3125,393.089996337891,258992418034.668,38683029141.6308
1921.875,392.839996337891,253600201236.21,68299523390.0185
1923.4375,393.089996337891,194114351361.743,32281410741.1799
1925,393.089996337891,241589437941.397,59835253864.194
1926.5625,393.329986572266,193947611152.944,3750392057.89244
1928.125,393.499986572266,156096644037.22,58943213664.4001
1929.6875,393.579986572266,111534577993.844,101375055525.309
1931.25,393.1546090933,215904846318.404,41584825946.9003
1932.8125,393.579986572266,253606413389.685,36585588418.7013
1934.375,393.820007324219,196971033026.184,69956177753.7224
1935.9375,393.579986572266,317627901909.886,24181893205.4336
1937.5,393.820007324219,261011581389.203,68647304062.8715
1939.0625,394.309997558594,142623114627.811,100182528882.464
1940.625,394.070007324219,269904000417.826,42173016836.785
1942.1875,394.263845590445,234251827298.427,20862354795.3558
1943.75,394.309997558594,310596471391.969,13240356946.37
1945.3125,394.309997558594,232616100362.017,40237505103.4093
1946.875,394.309997558594,316162976639.69,52324048555.7705
1948.4375,394.531151404748,254323715952.037,57752678658.5174
1950,394.559997558594,322677462697.021,56274944538.0566
1951.5625,394.624610314003,343695600941.13,28780996791.9835
1953.125,394.673072228065,288304842158.36,20716399724.1011
1954.6875,395.049987792969,219554128130.514,61621020838.0212
1956.25,394.799987792969,340928266954.638,96422940581.9393
1957.8125,394.799987792969,273066344141.598,63831499313.5681
1959.375,394.799987792969,210753263814.272,39226505193.1459
1960.9375,394.309997558594,261069040251.385,58239138900.4001
1962.5,395.049987792969,273127719142.25,63379048649.4463
1964.0625,395.049987792969,173382173429.416,42514765788.8464
1965.625,395.049987792969,298553741050.918,78076082005.9063
1967.1875,395.519978027344,101726226418.834,60293301858.6712
1968.75,395.410667682517,120380217984.485,38053762910.5452
1970.3125,395.779998779297,210481998121.502,64684127686.9185
1971.875,395.678451538086,280331681180.616,78575760305.3167
1973.4375,395.587982177735,216786644993.959,78872645342.6187
1975,395.779998779297,207982793683.19,41588873333.0781
1976.5625,395.779998779297,287275613774.604,20581820350.3501
1978.125,395.779998779297,219090282450.243,50607661281.9961
1979.6875,395.779998779297,406561795713.766,34832002095.6403
1981.25,396.029998779297,191315115214.763,38969515583.5311
1982.8125,395.779998779297,149660130975.7,48465430084.3548
1984.375,396.202791748047,274436356579.746,5923532950.38441
1985.9375,396.029998779297,225692949167.705,86852326378.5714
1987.5,396.269989013672,226450619146.456,72507429913.2263
1989.0625,396.269989013672,226819753996.593,48598016992.5156
1990.625,396.269989013672,145480643198.928,70831477364.0429
1992.1875,396.519989013672,281670303260.424,34081126238.0901
1993.75,396.769989013672,215783553222.8,3158914584.96774
1995.3125,396.973083496094,210562866104.213,46468552016.1039
1996.875,397.010009765625,183504752584.132,47435685491.6478
1998.4375,397.010009765625,307347209310.571,120129383230.647
2000,397.260009765625,277127103752.484,68935693946.4509
2001.5625,397.260009765625,287704751463.739,63051807460.0108
2003.125,397.260009765625,153945335362.599,46237859808.2167
2004.6875,397.260009765625,339192126998.911,76996005960.9749
2006.25,397.5,199690416443.319,65632053248.4044
2007.8125,397.5,207710720111.141,57662027167.6038
2009.375,397.260009765625,198499892699.67,72626736772.1451
2010.9375,397.5,219333599053.777,46268787915.7983
2012.5,397.5,204944194003.928,35767879598.8922
2014.0625,397.74,223434361793.827,43293540189.46
2015.625,397.75,308898411310.69,30668021571.2476
2017.1875,397.5,320464125414.202,50395512353.0885
2018.75,397.989990234375,300404974759.705,41817762969.283
2020.3125,398.239990234375,290204411568.532,45573218889.578
2021.875,398.239990234375,287047269806.228,32597932566.0909
2023.4375,398.239990234375,342371705892.801,37352002699.3529
2025,398.47998046875,268678351854.766,27651485304.5269
2026.5625,398.47998046875,414854789040.557,81102636114.9605
2028.125,398.47998046875,359172690780.157,98637611379.5838
2029.6875,398.406137319712,363756454996.907,51405138722.6253
2031.25,398.72998046875,200220273478.998,53380860157.0418
2032.8125,398.518442007212,313296281211.416,45995117664.8258
2034.375,398.72998046875,273047952926.74,2972564654.08194
2035.9375,398.72998046875,206040078573.528,45648241585.6809
2037.5,398.970001220703,255489739166.165,69666217550.6165
2039.0625,399.220001220703,372856014056.442,91674317637.4105
2040.625,398.831527709961,247762408667.135,58404701045.3759
2042.1875,398.970001220703,320155275527.358,73767408045.5645
2043.75,398.970001220703,143782583117.649,91624936836.5273
2045.3125,398.970001220703,311688065995.231,77005280965.7784
2046.875,399.220001220703,340216513532.72,47564264349.4048
2048.4375,399.459991455078,297288110345.379,72873392075.7073
2050,399.690760685847,336507644054.467,32699183056.6063
2051.5625,399.459991455078,316601347524.449,48473567606.9525
2053.125,399.459991455078,337423636189.255,20414067400.1183
2054.6875,399.556145301232,222700873571.305,69286498887.4825
2056.25,399.459991455078,203220590565.675,62229133467.6167
2057.8125,399.709991455078,337961874284.102,64271178751.4147
2059.375,399.959991455078,411221660401.823,2469159469.66375
2060.9375,399.959991455078,325458750187.391,33552507047.702
2062.5,400.200012207031,383998606014.322,58354042679.8008
2064.0625,400.200012207031,249304199030.75,81009304531.5836
2065.625,400.123205566406,318521703428.939,67109273781.011
2067.1875,400.400012207031,315422500459.042,48029821750.7061
2068.75,400.200012207031,292549927475.807,57972893937.0231
2070.3125,400.450012207031,382367659427.276,71388213660.8546
2071.875,400.450012207031,448629766103.74,53981841699.9269
2073.4375,400.450012207031,297656868583.839,48284648532.7999
2075,400.940002441406,352045402069.878,73277952128.6925
2076.5625,400.940002441406,201363046222.751,96442643120.0213
2078.125,400.940002441406,330095244910.696,65685013207.716
2079.6875,400.940002441406,357279951819.861,81620603137.085
2081.25,401.103195800781,449076612636.401,60217710169.532
2082.8125,401.179992675781,322327361729.996,16390766847.9662
2084.375,400.940002441406,353079551155.68,71085352191.4471
2085.9375,400.690002441406,393126722053.989,76715331072.6236
2087.5,401.429992675781,267784637160.86,70896209910.5535
2089.0625,401.429992675781,246549520968.269,72192743132.6434
2090.625,401.669982910156,391623914485.542,65670630258.0008
2092.1875,401.50383582482,311703875057.237,50109695456.4058
2093.75,401.669982910156,322275322446.209,88078899159.7887
2095.3125,401.919982910156,408677819378.268,70807366813.2818
2096.875,401.919982910156,407075482596.179,72553215345.9363
2098.4375,401.429992675781,338474779341.537,84003483131.7514
2100,402.409973144531,348384353389.481,44129848170.4054
2101.5625,402.352375488281,411593542338.809,80424292225.7645
2103.125,402.169982910156,360698349423.302,92195916270.1887
2104.6875,402.409973144531,309981992452.863,19323113550.0304
2106.25,402.308438814603,279473048048.955,67641050452.6833
2107.8125,402.409973144531,118090550951.158,46691958388.4904
2109.375,402.409973144531,226425075789.483,111261042390.122
2110.9375,402.659973144531,300228934800.598,120661533964.65
2112.5,402.899993896484,324279773039.67,88116429710.3008
2114.0625,402.938455434946,355733408282.816,64694548018.5357
2115.625,402.899993896484,282055262990.285,40434297852.0081
2117.1875,402.899993896484,306306685981.92,73467309560.4488
2118.75,403.149993896484,218317860851.941,2457893928.82367
2120.3125,402.409973144531,326138720618.869,38269585474.485
2121.875,403.149993896484,329463322590.04,65385378650.103
2123.4375,402.961524376502,317969092968.136,84012674454.67
2125,403.149993896484,229450936233.133,64546724475.9698
2126.5625,403.149993896484,363843698492.75,113180865856.693
2128.125,403.460014648438,449788344429.735,41469826769.0635
2129.6875,403.390014648438,248884328449.722,42550054987.4338
2131.25,403.390014648438,397129729928.295,38140988429.3716
2132.8125,403.390014648438,438613445233.202,53714255653.3625
2134.375,403.640014648438,309246328702.964,2980006227.38081
2135.9375,403.640014648438,435802289358.378,42193834106.8095
2137.5,403.707322340746,334381900365.402,17722257260.9907
2139.0625,404.065392127404,298523827983.608,50803822238.5043
2140.625,403.890014648438,337576874702.513,27995917170.5678
2142.1875,404.130004882813,223024451111.256,63615175992.2681
2143.75,404.130004882813,390133315776.058,46139374407.0762
2145.3125,404.380004882813,371447124830.887,70403757165.862
2146.875,404.380004882813,344286082896.027,107518679679.445
2148.4375,404.453848031852,391610636589.42,114007325993.742
2150,404.564612755409,360072785906.16,67566473596.1841
2151.5625,404.619995117188,399183916986.418,53122190067.5579
2153.125,404.619995117188,427732942583.818,23782353949.3755
2154.6875,404.869995117188,331858837282.031,106376081209.289
2156.25,404.869995117188,475313295478.789,47247053615.2911
2157.8125,404.869995117188,429956205805.313,7305208602.55387
2159.375,404.869995117188,309431469376.71,108009269188.786
2160.9375,405.109985351563,461121957684.667,103031831886.531
2162.5,405.109985351563,333018975183.62,76242967938.8161
2164.0625,405.109985351563,238434002512.833,91032611431.4512
2165.625,405.359985351563,253638505457.378,145911381691.463
2167.1875,405.609985351563,298788568026.688,39492384495.1087
2168.75,405.609985351563,488463647203.388,70197216917.2052
2170.3125,405.359985351563,300663358188.481,75486545886.8244
2171.875,405.359985351563,368068310839.12,109628563315.829
2173.4375,405.359985351563,367773466443.133,55332889089.9417
2175,405.609985351563,462862044454.829,46223557778.4057
2176.5625,405.609985351563,355279736077.351,43866401874.9917
2178.125,405.609985351563,378068307994.125,103909671216.581
2179.6875,406.099975585938,492739255337.168,82231508952.0987
2181.25,406.099975585938,430037360000.196,29356014951.2939
2182.8125,406.099975585938,384474196934.297,53359145131.4166
2184.375,406.339996337891,331298572775.707,95462740450.5737
2185.9375,406.099975585938,443023127860.759,81566266502.2468
2187.5,406.339996337891,348116223841.301,53583983311.0417
2189.0625,406.339996337891,385109420306.512,74929169762.5425
2190.625,406.339996337891,458476481488.319,17123942106.4156
2192.1875,406.339996337891,431841563492.944,87997919266.297
2193.75,406.589996337891,334065841876.449,42421451248.3862
2195.3125,406.779996337891,379691866558.442,84626886071.2406
2196.875,406.839996337891,340194192834.671,15722353611.0055
2198.4375,407.079986572266,381441501513.7,3958577266.05573
2200,406.950761061449,580324047455.152,57722412000.2996
2201.5625,407.079986572266,403545832174.732,44572656657.113
2203.125,406.839996337891,335693738833.239,39972668231.8885
2204.6875,407.329986572266,479335000787.072,57521654982.2356
2206.25,407.820007324219,523254434773.146,130933879937.994
2207.8125,407.570007324219,510423320939.258,101066987613.943
2209.375,407.570007324219,506912309741.778,111639408702.474
2210.9375,407.670007324219,516717461320.24,60698441410.6414
2212.5,407.820007324219,463551477178.697,98881790917.6482
2214.0625,407.710007324219,376796365235.514,20724100726.6737
2215.625,407.618084247296,321407151109.277,28926747948.356
2217.1875,407.820007324219,444611329765.63,87496672055.1792
2218.75,408.059997558594,327165177462.842,44810079081.7554
2220.3125,407.820007324219,386234528997.703,50216993363.0084
2221.875,407.820007324219,356938414859.685,65109571076.9558
2223.4375,408.309997558594,489564660260.787,92796135163.8111
2225,408.059997558594,420031068927.427,63362827724.4229
2226.5625,408.098459097056,455460245764.274,42179014442.9478
2228.125,408.559997558594,509210389983.226,82778169112.9578
2229.6875,408.559997558594,442042803156.745,76835865516.1378
2231.25,408.559997558594,395961570139.862,77747797320.2824
2232.8125,408.559997558594,499673826072.151,27329974381.3084
2234.375,408.799987792969,390803563946.466,65826728012.6857
2235.9375,408.692405963767,435133515357.348,43472289170.5365
2237.5,408.829987792969,363009255414.695,38903858647.505
2239.0625,409.049987792969,410707779328.38,61327039393.272
2240.625,408.842790527344,474371716729.86,93172201461.1295
2242.1875,408.799987792969,358448852149.097,96688712546.1874
2243.75,409.049987792969,544575719241.93,91782042309.8561
2245.3125,409.289978027344,362610837969.44,35379646954.2647
2246.875,409.539978027344,462868446515.51,69180893122.8795
2248.4375,409.539978027344,458263730329.899,62089653876.8014
2250,409.289978027344,528983651853.647,59180456593.834
2251.5625,409.539978027344,405684947821.621,64593839764.5791
2253.125,409.789978027344,340526148332.409,75894659482.5
2254.6875,409.789978027344,493092682977.616,35768874712.8262
2256.25,409.539978027344,335432011345.74,90998820009.7565
2257.8125,409.789978027344,545245116336.703,58799169713.7241
2259.375,409.789978027344,296555627632.388,75808724960.9455
2260.9375,410.078075702374,403862758030.015,4539699730.87323
2262.5,410.279998779297,519551880841.24,66686120286.1848
2264.0625,410.279998779297,436804631291.35,61801115302.176
2265.625,410.279998779297,569918709018.996,101472390644.866
2267.1875,410.307689960187,344291124214.081,82376558623.8566
2268.75,410.519989013672,535207730921.915,81237024344.5079
2270.3125,410.519989013672,461795509149.898,78065842428.5544
2271.875,410.71229670598,435399691420.797,71861324744.0811
2273.4375,411.019989013672,537966363292.146,55522239235.0221
2275,410.519989013672,336089477023.369,67433264987.8848
2276.5625,410.909989013672,509488583674.094,24728256098.8328
2278.125,410.568065936749,433816522374.44,35284756791.815
2279.6875,410.769989013672,412465577496.147,64093210871.684
2281.25,411.260009765625,373708201870.255,63088392011.1162
2282.8125,411.019989013672,529675163806.682,83485059364.895
2284.375,410.866142859826,424668799547.582,65017760065.0877
2285.9375,411.019989013672,545277939134.296,50681552977.4163
2287.5,411.510009765625,508390125958.483,89891440976.125
2289.0625,411.490408935547,548057660893.608,63681629129.7473
2290.625,411.510009765625,595006394997.827,93299337446.5782
2292.1875,411.510009765625,571635562568.946,106229507782.446
2293.75,411.75,528390033754.159,55578880302.1206
2295.3125,411.75,492924597147.955,90700343787.3041
2296.875,412,493133215098.28,75441936445.2256
2298.4375,411.875,412884554683.572,98251080826.539
2300,411.75,385479688147.118,84674253763.4005
2301.5625,412,480194209052.563,100547479167.328
2303.125,412.048076923077,557307817421.098,80608619861.2733
2304.6875,412,561665522758.698,43307891249.3849
2306.25,412.25,546264197860.771,100127820260.586
2307.8125,412.25,571181843991.42,111924593255.038
2309.375,412.342303936298,586324681628.506,62105677460.1031
2310.9375,412.489990234375,546397997264.102,97204556780.5455
2312.5,412.739990234375,433759055228.395,64509726172.6352
2314.0625,412.969990234375,504258869936.165,71499320227.0226
2315.625,412.739990234375,651440884328.834,122415533779.864
2317.1875,412.989990234375,510903801878.556,120694673968.574
2318.75,413.19158203125,479561603455.16,3228503934.41649
2320.3125,412.989990234375,446177250310.661,46982506172.1895
2321.875,413.22998046875,582727480526.251,36869938823.9133
2323.4375,413.22998046875,426111691615.697,59451693667.5547
2325,413.22998046875,556130054541.643,70828565177.5811
2326.5625,413.22998046875,635142002646.533,109910713073.745
2328.125,413.47998046875,503015055302.271,65792441713.4776
2329.6875,413.47998046875,590009480878.615,96552054030.6346
2331.25,413.47998046875,529066640728.081,73352473214.3904
2332.8125,413.720001220703,504041220582.67,95203307068.1035
2334.375,413.720001220703,575600191815.973,90737239469.0634
2335.9375,413.720001220703,644518957956.943,76243442992.4834
2337.5,413.970001220703,478227401032.108,62767879540.7627
2339.0625,413.970001220703,454692796976.618,59298414566.8758
2340.625,413.970001220703,530148675497.49,90054593991.0296
2342.1875,414.220001220703,637262706118.905,95837624873.2619
2343.75,414.220001220703,576701367881.674,85175577477.89
2345.3125,414.354395751953,486523566003.826,151369954052.143
2346.875,413.970001220703,518785882932.202,106016004641.77
2348.4375,414.459991455078,518145179595.884,114736062330.74
2350,414.459991455078,567834427324.274,160858911199.998
2351.5625,414.459991455078,602076160304.771,102765177029.043
2353.125,414.709991455078,572245512019.174,123171376334.972
2354.6875,414.950012207031,560500998538.509,108005914319.568
2356.25,414.459991455078,503589553734.05,112163627126.409
2357.8125,414.950012207031,576474683726.327,67910682670.7887
2359.375,415.120012207031,592389076865.669,87192166140.4608
2360.9375,415.450012207031,473970861889.881,57923853118.7529
2362.5,415.200012207031,615306377759.338,87075957138.671
2364.0625,415.084627591646,488248020402.847,65474080012.4965
2365.625,415.200012207031,566918391932.319,77610003057.357
2367.1875,415.690002441406,621915606971.432,65047529975.1903
2368.75,415.690002441406,639308827938.423,79002045636.12
2370.3125,415.533085749699,523183053360.083,92050574780.7886
2371.875,415.690002441406,663850673358.456,42588803373.2541
2373.4375,415.450012207031,542372480392.698,64231150545.8501
2375,415.770002441406,530417674013.366,20407301205.2024
2376.5625,415.200012207031,525414197505.932,35650373986.3073
2378.125,415.690002441406,542785747309.749,90744457752.8304
2379.6875,415.940002441406,563990870288.399,113251915843.135
2381.25,416.190002441406,549786296697.127,90085436294.2231
2382.8125,416.190002441406,569195000534.526,115154498733.697
2384.375,415.940002441406,525295381084.148,72018496044.6597
2385.9375,416.356149526743,587761360908.395,65958012870.1427
2387.5,416.429992675781,572009567066.591,72466578096.7585
2389.0625,416.429992675781,566633353246.897,122110650682.919
2390.625,416.429992675781,679844859368.964,74697531825.0422
2392.1875,416.337688739483,623158245641.478,107361029388.862
2393.75,416.679992675781,646213207542.648,63589985313.9193
2395.3125,416.929992675781,486905422891.069,67308798311.1373
2396.875,416.929992675781,649024247247.449,70865324934.9032
2398.4375,416.679992675781,645239924133.805,119427098363.409
2400,416.929992675781,566672199727.203,127775297560.083
2401.5625,417.169982910156,659991809654.45,68834362209.2863
2403.125,417.169982910156,749234891774.054,101484321643.183
2404.6875,416.929992675781,609413418800.833,94331375537.5294
2406.25,416.929992675781,589878565556.675,94063377076.2525
2407.8125,417.419982910156,619998451997.055,104850271832.997
2409.375,417.447674091046,654045999014.244,109866391676.729
2410.9375,417.419982910156,547981226480.117,97283388858.0112
2412.5,417.650742750901,567233811746.303,24961509609.1983
2414.0625,417.659973144531,702435096610.921,71220785727.8833
2415.625,417.909973144531,667817407125.426,97783614378.4363
2417.1875,417.419982910156,643601941732.751,56047937647.5525
2418.75,417.419982910156,500980724831.004,84510655407.6611
2420.3125,418.159973144531,613371982999.34,98215270575.1613
2421.875,418.159973144531,553536446532.867,59860466931.4587
2423.4375,418.159973144531,614179072776.064,101763700684.677
2425,418.159973144531,703048927548.278,53674824540.6091
2426.5625,418.399993896484,587291216814.844,63423484200.3494
2428.125,418.649993896484,663528213335.853,72546256541.7621
2429.6875,418.649993896484,626517990536.091,106275340035.537
2431.25,418.609993896484,645672400112.633,111214525547.835
2432.8125,418.489993896484,648309692684.12,88277197200.1053
2434.375,418.649993896484,750012400616.52,111738518233.757
2436.078125,418.649993896484,718130216870.048,134828044606.178
2437.640625,418.649993896484,775787475448.495,70404882413.0172
2439.203125,418.899993896484,734262192297.511,41440029474.4155
2440.765625,419.140014648438,756087038707.531,103335361178.933
2442.328125,419.140014648438,658976774584.126,71380152406.6227
2443.890625,419.140014648438,668380884763.56,106321591204.904
2445.453125,419.140014648438,601820523990.209,90142064568.0314
2447.015625,419.390014648438,648231368049.837,61668868558.2215
2448.578125,419.390014648438,783037176129.068,71604350214.2791
2450.140625,419.640014648438,620067183789.286,98373041861.848
2451.703125,419.723088191106,712944278885.83,99886025014.1233
2453.265625,419.880004882813,658395646930.884,141778280395.414
2454.828125,419.812807617188,599219567330.355,102989550863.602
2456.390625,419.966543344352,607776383063.158,67679050693.5717
2457.953125,420.130004882813,685827980183.995,89430623791.8134
2459.515625,420.130004882813,703226067788.087,93768553320.2203
2461.078125,420.130004882813,757415132895.304,109903353192.611
2462.640625,419.880004882813,793241466491.486,88053708220.7502
2464.203125,420.369995117188,785633948499.785,75770676564.2959
2465.765625,420.543072040265,690983458174.132,87010028247.083
2467.328125,420.619995117188,682221810508.045,114479363621.907
2468.890625,420.55268742488,642299426088.383,140398029733.533
2470.453125,420.529995117188,752053477687.396,86255078185.3218
2472.015625,420.534611628606,754515991100.388,125072083799.758
2473.578125,420.619995117188,735974430317.476,127489217795.16
2475.140625,420.869995117188,760496991141.695,136905424858.197
2476.703125,421.109985351563,825479183774.102,73522126846.1856
2478.265625,420.916147085337,697658875351.416,69965829066.8018
2479.828125,420.869995117188,787356900193.573,19709024041.9931
2481.390625,421.359985351563,738959222675.057,134135999857.123
2482.953125,421.109985351563,566633125237.409,114998651849.545
2484.515625,421.109985351563,693903945369.021,56045888505.6033
2486.078125,421.359985351563,764186719336.347,81474581275.9131
2487.640625,421.609985351563,747419687893.26,104825830492.062
2489.203125,421.359985351563,874002805997.058,106493777734.889
2490.765625,421.359985351563,766151558494.368,128258114871.134
2492.328125,421.657983398438,671807972464.566,87691644098.5359
2493.890625,421.849975585938,703989994528.842,113201708416.108
2495.453125,421.849975585938,700608237740.92,102710997081.383
2497.015625,421.849975585938,804964051372.414,83762277998.3607
2498.578125,421.725180664063,805776261775.41,87610988452.7618
2500.140625,422.099975585938,588414946771.832,74112049319.7685
2501.703125,422.099975585938,754631245483.679,45079917427.2775
2503.265625,422.301898662861,725626835069.653,79975925839.0586
2504.828125,422.349975585938,659467845606.556,56412259676.3607
2506.390625,422.349975585938,806320514290.242,169197076903.441
2507.953125,422.349975585938,669323980093.839,101581585418.705
2509.515625,422.349975585938,792677601403.734,139150340214.78
2511.078125,422.589996337891,820688084463.526,142024491244.257
2512.640625,422.589996337891,784788029279.084,124799879725.618
2514.203125,422.589996337891,836179980166.548,98623174741.8453
2515.765625,422.839996337891,711219493951.15,82296691384.2991
2517.328125,422.839996337891,761458344486.424,83621362802.3239
2518.890625,422.839996337891,751982306700.124,94035542265.626
2520.453125,423.089996337891,714483782222.512,79022290200.3064
2522.015625,423.089996337891,830665646440.354,88766482551.9064
2523.578125,423.329986572266,915134858111.802,88376058638.5811
2525.140625,423.293064997747,777929620488.966,67789311490.9971
2526.703125,423.579986572266,852924666202.089,83456754900.3404
2528.265625,423.649986572266,763469863434.458,110293692442.692
2529.828125,423.329986572266,785019395601.567,95619914839.9863
2531.390625,423.579986572266,769782887798.483,85399661775.5035
2532.953125,423.589601956881,759240334389.752,87216564219.2592
2534.515625,423.829986572266,884157977121.065,89180412215.0541
2536.078125,423.829986572266,727202465284.667,76867089773.4931
2537.640625,423.938078660232,825070310757.205,106225253256.412
2539.203125,423.938078660232,901004035747.063,110178731951.642
2540.765625,424.070007324219,814128484560.358,78954752076.7733
2542.328125,424.070007324219,883011395344.997,146908461491.295
2543.890625,424.070007324219,796731567747.534,109654681225.58
2545.453125,423.829986572266,905887133869.842,125838882967.511
2547.015625,424.070007324219,799302334256.024,94766574515.995
2548.578125,424.377699631911,673709299182.69,113132283271.658
2550.140625,424.320007324219,924053589211.229,88943971560.8221
2551.703125,424.320007324219,848818195284.32,125337856217.192
2553.265625,424.809997558594,810352092239.401,122206561212.295
2554.828125,424.809997558594,885914694030.25,155232313785.089
2556.390625,425.059997558594,779386746550.104,125057549593.93
2557.953125,425.059997558594,786256817801.291,94712439413.0228
2559.515625,425.109997558594,917954279872.867,122350691934.977
2561.078125,425.059997558594,880227673646.587,98986052877.106
2562.640625,425.309997558594,830699892420.352,95125912913.7088
2564.203125,425.309997558594,899447311582.203,87661390558.7361
2565.765625,425.530788574219,800536915829.429,113619352144.173
2567.328125,425.309997558594,832448777029.324,96307922447.2362
2568.890625,425.173072228065,859988353661.51,112696878406.626
2570.453125,425.309997558594,839364979663.334,143226599620.38
2572.015625,425.549987792969,879397177307.391,134930521028.84
2573.578125,425.549987792969,910302677406.399,122202060498.645
2575.140625,425.549987792969,917023130939.014,121992695045.136
2576.703125,425.799987792969,828459686319.896,91771887788.6245
2578.265625,425.999987792969,902365156221.943,73041231687.4091
2579.828125,426.049987792969,950815386429.206,126893035633.407
2581.390625,426.289978027344,936773682742.831,116674810687.759
2582.953125,426.049987792969,826485236356.5,103592417343.44
2584.515625,426.069187011719,849607459146.231,100190466398.676
2586.078125,426.159212552584,802575835906.199,116106767397.039
2587.640625,426.289978027344,800873258679.568,90632069691.6818
2589.203125,426.539978027344,902429367464.588,89194535046.7407
2590.765625,426.539978027344,831575775810.113,94000139749.2917
2592.328125,426.539978027344,917058830132.514,66581452259.6191
2593.890625,426.539978027344,747566888038.474,70415214952.757
2595.453125,426.559208796575,894487757390.757,71985706740.3505
2597.015625,427.029998779297,934363812516.118,106352282856.762
2598.578125,427.279998779297,920372774247.009,152692774776.308
2600.140625,426.671906691331,900056030929.866,146277508036.46
2601.703125,427.029998779297,907222071590.36,114992724294.883
2603.265625,427.029998779297,972870763261.646,126460566397.216
2604.828125,426.928451538086,912869147306.956,122407193696.751
2606.390625,427.049229548528,915790347382.646,111568687029.525
2607.953125,427.279998779297,884817728926.007,95116420861.0695
2609.515625,427.299998779297,952598227037.308,109125375128.984
2611.078125,427.459998779297,867653826443.747,87377662070.3264
2612.640625,427.145383394682,950603020315.251,96656633743.1114
2614.203125,427.769989013672,977089491460.341,110247289561.534
2615.765625,427.718456561749,896694431891.809,138999882563.922
2617.328125,427.769989013672,939778796408.639,82792066892.6067
2618.890625,428.019989013672,918536031805.83,101094063173.723
2620.453125,428.019989013672,947310061541.128,88093409178.6661
2622.015625,428.269989013672,878615877219.532,118110113575.468
2623.578125,428.269989013672,1157128033472.47,140793287667.915
2625.140625,428.08729670598,969286630675.148,94397613616.7753
2626.703125,428.445388793945,913675952592.427,97170971585.4799
2628.265625,428.269989013672,966711010181.457,129418038912.279
2629.828125,428.164219782903,779853411570.985,90307662702.6003
2631.390625,428.510009765625,939903633112.268,126932620523.593
2632.953125,428.510009765625,926321860636.943,111087727138.376
2634.515625,428.760009765625,955519007822.817,103808936595.958
2636.078125,428.940009765625,1189309103568.83,129760266791.383
2637.640625,428.952317457933,947750084166.04,117593429644.757
2639.203125,429.010009765625,940561616859.454,94061555911.7019
2640.765625,429.25,1098064438335.93,122398180384.702
2642.328125,429.25,934744879131.467,127452602004.202
2643.890625,429.010009765625,896231857034.388,121022488772.102
2645.453125,429.25,990439958221.444,154524665548.322
2647.015625,429.5,1062415913994.36,101186031637.759
2648.578125,429.5,1088014207569.66,105632925805.484
2650.140625,429.5,978917989221.209,75560880121.746
2651.703125,429.66,1067714311322.49,66361894639.0829
2653.265625,429.5,1050350798069.51,126543806876.882
2654.828125,429.75,977764796229.924,100127270773.089
2656.390625,429.989990234375,1009355042626.14,62742504470.9852
2657.953125,429.989990234375,963890095810.731,147441678438.537
2659.515625,430.489990234375,998050050865.462,137406805176.882
2661.078125,430.441913311298,1065432397064.48,136121189393.774
2662.640625,430.489990234375,1019786189800.16,78423163502.0793
2664.203125,429.989990234375,1052196030451.52,165907547160.078
2665.765625,430.239990234375,947500329751.484,142529018777.803
2667.328125,430.489990234375,991152082959.958,78409160260.1251
2668.890625,430.72998046875,1062777764829.51,124829834196.627
2670.453125,430.489990234375,971125005525.802,115813836614.883
2672.015625,430.289990234375,997885888572.989,92099032131.8891
2673.578125,430.806903545673,1020840969260.24,100144926035.681
2675.140625,430.72998046875,935768815502.138,126623757478.726
2676.703125,430.845365084135,1023826083589.28,85085965002.3086
2678.265625,430.95998046875,1134422484402.59,75669405463.8992
2679.828125,430.97998046875,1129225310628.67,106654595751.694
2681.390625,430.97998046875,1017150781550.59,134178389261.867
2682.953125,430.72998046875,965191371612.696,127026508653.311
2684.515625,431.22998046875,1074253704933.47,122466753253.289
2686.078125,431.22998046875,1090151078573.28,152420465424.582
2687.640625,431.364392089844,1038448319159.16,119830170155.049
2689.203125,431.470001220703,1087607720304.88,102626382685.627
2690.765625,431.470001220703,923291201086.407,141410022985.987
2692.328125,431.720001220703,1067903081636.27,98509723361.1736
2693.890625,431.604616605318,1092546606988.75,146702752432.102
2695.453125,431.470001220703,1136687295095.04,91865995621.9697
2697.015625,431.748847374549,1092065361386.8,65216428179.5698
2698.578125,431.970001220703,1013653646133.66,105974004362.119
2700.140625,431.970001220703,1022756242181.06,94420428734.6548
2701.703125,432.220001220703,1009461246530.85,111632159010.566
2703.265625,432.220001220703,1189641556990.49,94295508406.1806
2704.828125,432.459991455078,1060284634280.41,144390570135.459
2706.390625,432.220001220703,1015019472916.89,60734218503.069
2707.953125,432.229231614333,1054500198534.08,102451286174.076
2709.515625,432.709991455078,1116523860929.01,148885366991.306
2711.078125,432.459991455078,1095391384359.32,72985518754.8938
2712.640625,432.779991455078,1160577748615.16,97424105893.7157
2714.203125,433.135391235352,1022441356416.83,122765256381.302
2715.765625,432.709991455078,1026591630216.61,133121000506.474
2717.328125,432.959991455078,1257137896952.14,160504193881.984
2718.890625,432.978454589844,1011997214291.17,121741614319.991
2720.453125,433.070770263672,1018051702416.29,113547666542.762
2722.015625,433.200012207031,1030323035489.55,137942444064.296
2723.578125,433.107696533203,1160814372065.3,120844602812.481
2725.140625,433.200012207031,1138632738498.01,109501523535.643
2726.703125,433.450012207031,1076286580794.31,105868217895.438
2728.265625,433.450012207031,1054687966861.11,154681001014.752
2729.828125,433.450012207031,1129208538605.43,132357811392.479
2731.390625,433.940002441406,1096866562873.95,110943270271.902
2732.953125,433.690396822416,1169088708260.79,102591290395.257
2734.515625,433.700012207031,1128034318988.52,98941597290.7584
2736.078125,433.940002441406,1199791591628.42,94076962744.9338
2737.640625,433.940002441406,1113421044924.87,132512779855.166
2739.203125,433.358410644531,1093887146586.73,160311892148.648
2740.765625,434.440002441406,1189386339706.59,131685672823.31
2742.328125,434.190002441406,1183676344885.9,150988949959.219
2743.890625,433.940002441406,1018300738065.14,136934414350.953
2745.453125,434.440002441406,1089709238080.71,132500732375.385
2747.015625,434.420002441406,1053019164685.52,102675856516.041
2748.578125,434.679992675781,1121435578428.05,119271187677.396
2750.140625,434.440002441406,1188813048056.53,133963633706.652
2751.703125,434.440002441406,1326868672793.83,112844929275.64
2753.265625,434.679992675781,1287017275552.11,156904689978.954
2754.828125,434.679992675781,1117083027028.4,118083778888.127
2756.390625,434.929992675781,1135811921842.42,146932536243.865
2757.953125,434.929992675781,1158751421623.48,121513541204.818
2759.515625,434.853069598858,1154792520760.53,134352988668.972
2761.078125,434.979992675781,1233635064642.23,120738170549.124
2762.640625,434.929992675781,1183907437822.99,128479955697.272
2764.203125,435.429992675781,1141017516628.67,139546314585.434
2765.765625,435.179992675781,1191784808277.93,151744943410.622
2767.328125,435.429992675781,1223866779537.98,155404953933.653
2768.890625,435.919982910156,1162571553290.15,156231614358.513
2770.453125,435.919982910156,1179344998334.65,83953839508.7407
2772.015625,435.669982910156,1164885983754.14,101096491798.471
2773.578125,435.919982910156,1086568716714.3,133231331593.962
2775.140625,435.669982910156,1187492295767.71,123052438530.15
2776.703125,435.919982910156,1254713056099.87,114259317142.125
2778.265625,435.919982910156,1122993818415.64,138417283162.116
2779.828125,436.169982910156,1218245170852.92,128291433659.801
2781.390625,436.009982910156,1450029975635.31,121622461232.802
2782.953125,436.169982910156,1201988811497.79,124604369766.15
2784.515625,436.169982910156,1233040455900.87,129914596387.345
2786.078125,436.271517240084,1216708258348.73,151042648732.888
2787.640625,436.179213303786,1274543955454.11,178414325222.111
2789.203125,436.169982910156,1232424532241.34,107757890729.829
2790.765625,436.454616001674,1220666575799.45,147177414859.653
2792.328125,436.659973144531,1281454857665.37,164838063743.827
2793.890625,436.909973144531,1236474795513.52,157531744076.054
2795.453125,436.87151160607,1317059002264.06,158595240006.382
2797.015625,436.909973144531,1316048355049.66,150039638939.405
2798.578125,437.149993896484,1201888185551.42,148861088666.486
2800.140625,436.909973144531,1099321862078.55,114206398773.698
2801.703125,437.189993896484,1159306979007.59,120933825352.509
2803.265625,437.399993896484,1224296959337.84,188774061532.762
2804.828125,436.909973144531,1141546089086.05,89512983544.6403
2806.390625,437.169224665715,1142731928925.85,137871037115.886
2807.953125,437.274993896484,1284894828364.3,153110929403.345
2809.515625,437.149993896484,1270348512100.43,105005605365.483
2811.078125,437.399993896484,1227428606067.82,140705780434.538
2812.640625,437.457686204176,1183514728249.41,157110294185.431
2814.203125,437.399993896484,1324549723349.3,133699807826.47
2815.765625,437.649993896484,1395336903289.78,154426336526.278
2817.328125,437.649993896484,1230426508102.41,86387094028.2353
2818.890625,437.649993896484,1294272178998.99,157363391172.822
2820.453125,438.140014648438,1342410033202.26,117021320495.186
2822.015625,438.140014648438,1255123931323.69,185467695916.51
2823.578125,437.899993896484,1285442380461.39,177809358181.018
2825.140625,438.390014648438,1280880301937.84,111181945146.673
2826.703125,438.274630033053,1319688495997.3,149180015577.102
2828.265625,438.390014648438,1334412197230.04,168177994988.193
2829.828125,438.390014648438,1304179170421.34,144959432452.798
2831.390625,438.390014648438,1286698231115.94,122784148853.831
2832.953125,438.390014648438,1327492068679.33,164744705187.887
2834.515625,438.640014648438,1348466300763.96,132314398910.261
2836.078125,438.860805664063,1288254996831.62,144223831493.353
2837.640625,438.640014648438,1221307153039.97,125796090886.736
2839.203125,438.880004882813,1282741790728.17,148194629449.569
2840.765625,439.130004882813,1262800263001.49,146613065621.708
2842.328125,438.880004882813,1444099779706.9,143977388169.127
2843.890625,439.130004882813,1444881535052.85,158637421361.047
2845.453125,439.380004882813,1379152733230.93,140384288830.751
2847.015625,439.601158728967,1299590702673.28,139609939255.838
2848.578125,439.630004882813,1409821971001.16,129267854090.885
2850.140625,439.630004882813,1335257144759.01,126112680979.046
2851.703125,439.869995117188,1369095680393.56,164543788006.328
2853.265625,439.869995117188,1406707575436.5,173701191134.987
2854.828125,439.869995117188,1446983093594.63,112750394684.452
2856.390625,439.630004882813,1430930693984.18,126989086588.694
2857.953125,439.869995117188,1361187553172,123043471792.143
2859.515625,439.869995117188,1481563967525.24,140949430497.708
2861.078125,440.119995117188,1412562675982.62,186302102750.004
2862.640625,439.959995117188,1525404380627.19,134577222793.426
2864.203125,440.119995117188,1420737919028.3,138835751675.281
2865.765625,440.369995117188,1533076678996.5,174296432788.449
2867.328125,440.609985351563,1294894845254.79,166254091692.016
2868.890625,440.329995117188,1389478051953.53,158036587808.215
2870.453125,440.369995117188,1546008543135.72,150040415553.649
2872.015625,440.609985351563,1489108048598.18,153688698530.744
2873.578125,440.739985351563,1439108270726.99,160969996453.585
2875.140625,440.850369966948,1407110123833.08,137471143563.984
2876.703125,440.859985351563,1456559254913.48,121362313607.01
2878.265625,440.789985351563,1401058050557.3,136546791868.243
2879.828125,441.109985351563,1381612919069.28,124018625351.008
2881.390625,440.859985351563,1548110037676.99,146129469362.606
2882.953125,441.359985351563,1629238292872.39,127986372924.28
2884.515625,441.109985351563,1410037044534.89,108709211583.405
2886.078125,441.359985351563,1360084656670.48,114347587647.498
2887.640625,441.599975585938,1347548515510.82,159693653144.52
2889.203125,441.359985351563,1571144689500.52,120898110417.295
2890.765625,440.859985351563,1435861111189.33,132957946806.66
2892.328125,441.109985351563,1424112357654.96,130609527341.444
2893.890625,441.599975585938,1421143234836.93,132891062644.645
2895.453125,441.739975585938,1495825014788.43,117462142126.54
2897.015625,442.099975585938,1489213981440.09,116946253815.072
2898.578125,441.849975585938,1475847016693.63,167094798967.915
2900.140625,442.155364990235,1517962958466.48,166200748593.971
2901.703125,442.339996337891,1532359077861.83,140448275821.809
2903.265625,442.099975585938,1454861511538.37,165293842919.688
2904.828125,442.099975585938,1479746182527.93,153402495605.258
2906.390625,442.589996337891,1450316782529.44,118275923588.18
2907.953125,442.589996337891,1604772123235.56,145761094987.2
2909.515625,442.439220721906,1484435842948.55,185498905584.223
2911.078125,442.589996337891,1468527843085.95,166749327934.812
2912.640625,442.799996337891,1488269569475.11,146208410818.456
2914.203125,442.589996337891,1508146943542.99,153992785247.99
2915.765625,442.839996337891,1499515292978.08,138186152220.454
2917.328125,442.839996337891,1624224333882.68,169182478273.761
2918.890625,442.839996337891,1565700601852.3,102634484565.567
2920.453125,443.089996337891,1603084089824.78,126782136791.595
2922.015625,443.089996337891,1503662969122.25,138476583529.685
2923.578125,442.839996337891,1513383375006.76,110061995591.794
2925.140625,443.089996337891,1617584683167.86,126232734965.474
2926.703125,443.579986572266,1656409378256.59,152344314265.176
2928.265625,443.329986572266,1571701917505.09,164177589746.738
2929.828125,443.579986572266,1612979272748.51,141736072840.165
2931.390625,443.579986572266,1442034881557.79,158329089702.214
2932.953125,443.579986572266,1534343345153.48,112013201920.402
2934.515625,444.070007324219,1713817052209.99,191967667060.944
2936.078125,443.829986572266,1473514594460.38,139527509941.784
2937.640625,443.829986572266,1463282864575.04,120408165967.974
2939.203125,443.94076538086,1475621041247.71,130410359538.788
2940.765625,444.070007324219,1588453983124.72,148784395660.06
2942.328125,444.070007324219,1536750181788.78,154470998340.629
2943.890625,444.320007324219,1516351202041.05,102467373200.442
2945.453125,444.320007324219,1498678810771.2,97776098151.0805
2947.015625,444.570007324219,1421173037112.65,151964061144.937
2948.578125,444.320007324219,1525925752499.09,171491340260.919
2950.140625,444.320007324219,1495254930198.26,193721417281.846
2951.703125,444.570007324219,1514436645247.71,145741159589.633
2953.265625,444.570007324219,1664933586902.86,194690574192.471
2954.828125,444.820007324219,1564118269566.3,161028820574.223
2956.390625,444.906403808594,1658901208205.65,194456428615.205
2957.953125,444.820007324219,1651060360084.33,169428117288.222
2959.515625,445.017142159599,1622863252625.62,125797953716.03
2961.078125,445.309997558594,1609487287409.23,134776002466.804
2962.640625,445.309997558594,1493897100578.29,127037747073.806
2964.203125,445.059997558594,1727594889168.38,132025617709.773
2965.765625,445.309997558594,1671568617643.29,152527935482.715
2967.328125,445.309997558594,1584608302284.32,156650779517.763
2968.890625,445.559997558594,1781723421457.81,148782973683.457
2970.453125,445.175382173979,1674356377425.69,136343187357.649
2972.015625,445.559997558594,1702160114599.93,136656237318.093
2973.578125,445.579196777344,1624010006311.22,169113455160.562
2975.140625,446.049987792969,1556901648973.09,173398276664.748
2976.703125,445.799987792969,1669601839602.52,168754853241.568
2978.265625,445.799987792969,1561846668330.16,181283433780.609
2979.828125,446.049987792969,1676976678747.31,134296717039.512
2981.390625,446.299987792969,1639003619670.32,165001021572.553
2982.953125,445.960702078683,1627161223306.2,166099855753.97
2984.515625,446.299987792969,1851432518724.95,152330994745.08
2986.078125,446.299987792969,1623834251597.53,176173089641.979
2987.640625,446.299987792969,1686808177710.66,159528907570.215
2989.203125,446.299987792969,1700301295789.61,130010296264.144
2990.765625,446.789978027344,1811717345709.92,170118673311.542
2992.328125,446.549987792969,1692698134230.53,169683381313.816
2993.890625,446.789978027344,1653942073917.5,177438480167.683
2995.453125,446.789978027344,1728584653074.65,160869239166.751
2997.015625,446.789978027344,1630452645932.09,182244238488.43
2998.578125,446.789978027344,1663833869164.63,201880031685.055
3000.140625,447.039978027344,1770974698246.67,224358602713.364
3001.703125,447.039978027344,1752938996370.42,188933596518.905
3003.265625,447.039978027344,1764050948600.74,161296928481.882
3004.828125,447.039978027344,1651142293742.17,170604128758.316
3006.390625,447.539978027344,1638071364003.01,161748178274.849
3007.953125,447.357285719652,1810249298567.64,207332459094.391
3009.515625,447.539978027344,1778403866480.43,160569286933.996
3011.078125,447.539978027344,1812996734622.52,202762365729.372
3012.640625,447.770767211914,1701950434382.78,148050483020.836
3014.203125,447.779998779297,1724058614595.57,153076292462.671
3015.765625,447.779998779297,1795031403635.95,182952569314.295
3017.328125,447.959998779297,1831476423799.86,137309846537.018
3018.890625,447.779998779297,1822595694805.11,155551010955.564
3020.453125,447.779998779297,1719040745740.79,153273468718.68
3022.015625,448.126152625451,1842103119284.21,153327791301.504
3023.578125,448.029998779297,1787915425336.93,163218538059.029
3025.140625,448.519989013672,1795341391101.14,174622427040.712
3026.703125,448.519989013672,1781987871543.82,178390760261.999
3028.265625,448.519989013672,1902263137258.13,169708564619.149
3029.828125,448.471990966797,1824529979105.62,136716439345.292
3031.390625,448.519989013672,1855139887506.54,151218030376.747
3032.953125,448.679989013672,1795266826581.81,186414740399.919
3034.515625,449.269989013672,1883834394246.38,201051643539.493
3036.078125,449.019989013672,1864117890428.75,194675161693.871
3037.640625,449.019989013672,1698983798061.29,178705979307.99
3039.203125,449.019989013672,1880786382217.09,161247670960.351
3040.765625,449.019989013672,1914490291167.91,209846580121.719
3042.328125,449.019989013672,1881865268359.36,198750429910.234
3043.890625,448.989989013672,1934419835901.63,186466436572.873
3045.453125,449.510009765625,1791530355654.53,210801134957.286
3047.015625,449.510009765625,1804377960173.92,184059447402.635
3048.578125,449.510009765625,1846140206940.99,152103669354.535
3050.140625,449.510009765625,1857264307857.81,157953442993.521
3051.703125,449.510009765625,1965452080107.75,133161663361.446
3053.265625,449.710009765625,1859859359333.9,157757143936.243
3054.828125,449.760009765625,1901489290802.01,202470116732.2
3056.390625,449.760009765625,1958422199566.39,152874501502.566
3057.953125,449.760009765625,1905821138725.32,210132694814.973
3059.515625,450.010009765625,1885589658329.32,172890207664.142
3061.078125,450.260009765625,1739523072725.28,168054544948.606
3062.640625,450.010009765625,1851636925990.68,133122345940.67
3064.203125,450.260009765625,1883944490810.18,175275073234.662
3065.765625,450.260009765625,1796243711663.92,168680364729.442
3067.328125,450.5,1919763506125.83,218256498108.438
3068.890625,450.3271484375,1894908850837.3,137761591020.428
3070.453125,450.5,1777216643497.8,157108627768.039
3072.015625,450.75,1844175574926.06,213200233726.289
3073.578125,450.75,1894136517900.18,211311760321.914
3075.140625,450.75,1937603418459.15,178426396934.397
3076.703125,451,1848448909756.1,167935774591.722
3078.265625,450.75,1949102183444.31,204073412087.072
3079.828125,450.75,1921725855927,157837289024.472
3081.390625,451,1954266362216.48,203209456482.641
3082.953125,451.25,1854109835169.42,193105457960.74
3084.515625,451,1881720480946.48,167297431614.156
3086.078125,451.489990234375,1831956717229.55,176376893572.762
3087.640625,451.739990234375,1959939988675.48,199695941505.01
3089.203125,451.489990234375,1905002244853.42,129798741505.078
3090.765625,451.619990234375,1884201629842.03,182362668695.413
3092.328125,451.739990234375,1928194027398.59,165174613729.613
3093.890625,451.989990234375,1962715988892.76,182522885318.137
3095.453125,452.22998046875,1800812890803.44,179640897393.185
3097.015625,451.989990234375,1882364649045.36,164172560435.065
3098.578125,451.989990234375,1937930760584.78,179576082022.725
3100.140625,451.739990234375,2004384214635.71,179304821966.495
3101.703125,451.989990234375,1900475591768.29,203144321763.753
3103.265625,451.989990234375,1896858358029.79,212135526733.429
3104.828125,451.989990234375,2069212380424.15,188414810736.417
3106.390625,451.739990234375,2029188064647.22,184160371959.218
3107.953125,451.989990234375,1902309914176.3,171520265975.219
3109.515625,452.22998046875,1970877149091.62,114591758829.2
3111.078125,452.47998046875,1939241682680.84,207826897283.891
3112.640625,452.72998046875,1865234126135.88,137090602817.895
3114.203125,452.72998046875,2002195852843.84,166394940675.151
3115.765625,452.874211237981,1862409215184.74,183247548260.337
3117.328125,452.774623325893,2046821262645.55,148403405984.845
3118.890625,452.97998046875,1951903562707.38,180837291960.659
3120.453125,452.97998046875,2025000745721.9,202182311056.757
3122.015625,452.97998046875,1978015922539.11,193579357665.665
3123.578125,453.220001220703,2057177100085.49,133807608361.309
3125.140625,453.220001220703,2126630980068.72,194765746552.081
3126.703125,453.220001220703,2251236369364.34,210036513201.491
3128.265625,453.470001220703,2024427306781.25,183017852303.001
3129.828125,453.470001220703,2032963608980.41,183345647345.185
3131.390625,453.470001220703,2000823063513.56,184049882362.665
3132.953125,453.220001220703,2017523853056.06,164050450410.27
3134.515625,453.480001220703,2147375302969.09,135029874227.615
3136.078125,453.720001220703,1981308805811.01,146279345566.36
3137.640625,453.720001220703,2137678864645.06,171882642004.399
3139.203125,453.970001220703,1935778489651.04,199234490338.305
3140.765625,454.259991455078,2259994507644.36,143625304249.773
3142.328125,454.043844369742,2067452382815.96,162567384631.14
3143.890625,453.970001220703,2196818326178.18,196276881406.217
3145.453125,454.459991455078,2007398037235.53,161524866125.957
3147.015625,454.209991455078,2169235170190.51,208667451875.994
3148.578125,454.459991455078,2032821531762.14,238983447278.677
3150.140625,454.709991455078,2172591537314.3,199000904661.302
3151.703125,454.709991455078,2143739016494.8,203859812480.548
3153.265625,454.959991455078,2224236624181.27,213513084266.785
3154.828125,454.709991455078,2082219765178.14,230547475997.917
3156.390625,454.819991455078,2041958256958.62,199083808269.636
3157.953125,454.959991455078,2037091737114.98,189152690435.088
3159.515625,455.200012207031,2208601187217.09,178421609910.997
3161.078125,455.172317504883,2033985088838.03,181389597839.111
3162.640625,454.959991455078,2208837658786.69,209503632421.175
3164.203125,455.200012207031,2188567808714.94,160191833697.003
3165.765625,455.450012207031,2158203441415.48,211716988709.974
3167.328125,455.450012207031,2282998162406.69,158179041603.184
3168.890625,455.450012207031,2128865126217.7,158443993651.423
3170.453125,455.450012207031,2228442030460.47,143206423276.633
3172.015625,455.700012207031,2149824390497.77,197743387006.524
3173.578125,455.700012207031,2102174530559.46,190292041615.798
3175.140625,455.450012207031,2128601018578.63,142682988128.715
3176.703125,455.91155066857,2257630764080.7,210589547239.485
3178.265625,455.853858360877,2164633510652.12,184328756021.832
3179.828125,455.700012207031,2238000036000.45,244705913437.306
3181.390625,455.834627591646,2086866453283.26,217566344903.386
3182.953125,455.950012207031,2171360517219.72,195267963016.77
3184.515625,456.190002441406,2209498123129.82,245651991874.829
3186.078125,456.190002441406,2212618441303.42,166408485995.392
3187.640625,456.440002441406,2224516344364.91,157229025256.463
3189.203125,456.190002441406,2185969063583.15,173071654336.898
3190.765625,456.41321672712,2388685753090.02,215822512157.948
3192.328125,456.810002441406,2186096549622.59,218917361898.65
3193.890625,456.690002441406,2279434124452.15,211444426028.085
3195.453125,456.940002441406,2303521300911.72,232625066539.696
3197.015625,456.690002441406,2247937735233.89,182906169894.596
3198.578125,456.940002441406,2257771179397.48,208927843318.723
3200.140625,456.940002441406,2219096437690.57,194451058228.643
3201.703125,456.976924015925,2222794686498.53,225555967628.708
3203.265625,457.055197753906,2330847319200.82,238041448056.111
3204.828125,457.179992675781,2327523837605.14,243077933037.018
3206.390625,457.429992675781,2314263558453.47,206841019798.609
3207.953125,457.429992675781,2307974830731.3,219822397291.202
3209.515625,457.179992675781,2255173391930.78,163975777337.895
3211.078125,457.429992675781,2380234709941.72,239871185785.096
3212.640625,457.199223445012,2324906432958.64,228040908965.089
3214.203125,457.679992675781,2325736451474.5,199131390483.735
3215.765625,457.919982910156,2327484147005.96,206250325516.126
3217.328125,457.827678973858,2283751505672.53,227744928295.141
3218.890625,458.227675217848,2289714833562.83,216865555775.47
3220.453125,458.169982910156,2335376956862.08,212767990170.42
3222.015625,458.169982910156,2377013624253.78,195838185282.111
3223.578125,458.419982910156,2289860341590.65,227655705395.816
3225.140625,458.169982910156,2388930015343.29,213624680640.065
3226.703125,458.419982910156,2291661472026.83,199700080193.214
3228.265625,458.525752140925,2393083707436.37,191373623650.468
3229.828125,458.006521371695,2322940115160.05,254929013314.713
3231.390625,458.669982910156,2386331402983.03,191744249919.759
3232.953125,458.669982910156,2425078986588.43,189162525772.619
3234.515625,458.669982910156,2351741697616.49,205074421914.481
3236.078125,458.669982910156,2292622432785.54,222302216451.534
3237.640625,458.669982910156,2382847535103.63,185832420900.967
3239.203125,458.669982910156,2398480513994.03,227167868390.996
3240.765625,458.909973144531,2331883855930.88,211435993885.128
3242.328125,458.909973144531,2362698778794.22,151383578208.083
3243.890625,459.159973144531,2366976113418.88,208748782522.362
3245.453125,459.602280836839,2373465611578.8,210436600824.529
3247.015625,459.409973144531,2368993070955.21,234623627930.586
3248.578125,459.599973144531,2398911201838.42,199971449579.864
3250.140625,459.409973144531,2412179932099.06,196173710351.967
3251.703125,459.659973144531,2468062601931.78,198305670265.693
3253.265625,459.409973144531,2396048569626.18,235691690730.154
3254.828125,459.659973144531,2231631016768.9,220365358603.468
3256.390625,459.899993896484,2375141418589.46,236193656783.598
3257.953125,459.899993896484,2418054481098.23,188282858225.506
3259.515625,459.92884005033,2488135967509.24,209038468976.592
3261.078125,460.149993896484,2359784760106.82,212208525153.492
3262.640625,460.380763127253,2503372594596.11,196428514157.833
3264.203125,460.289993896484,2476904225302.69,198595101856.659
3265.765625,460.355351039341,2297291874096.82,171165811640.731
3267.328125,460.399993896484,2458268685103.68,218325625447.818
3268.890625,460.399993896484,2476368076752.94,188400632837.429
3270.453125,460.399993896484,2429828123580.56,241126898716.159
3272.015625,460.529993896484,2456560228635.78,212955655142.536
3273.578125,460.890014648438,2384604319823.33,220886692472.575
3275.140625,460.803607177735,2517421040177.74,204308890257.772
3276.703125,460.890014648438,2428321061901.96,214331513382.638
3278.265625,460.890014648438,2452178904790.53,227465307314.127
3279.828125,460.890014648438,2439444240431.49,237579904216.173
3281.390625,461.140014648438,2352365347514.14,222068916333.598
3282.953125,461.140014648438,2386978208121.08,216390413584.134
3284.515625,461.140014648438,2474520440118.79,201610435765.768
3286.078125,461.390014648438,2421050875534.7,251204204671.727
3287.640625,461.140014648438,2393209351093.48,185283264353.756
3289.203125,461.640014648438,2569580283056.03,226271806949.749
3290.765625,461.460014648438,2387901850496.64,208650198674.247
3292.328125,461.640014648438,2508516372469.9,214494187849.699
3293.890625,461.640014648438,2466014205737.05,204359903510.674
3295.453125,461.880004882813,2501484089174.8,231970589026.612
3297.015625,461.880004882813,2550337873877.41,231053862818.723
3298.578125,462.130004882813,2652831196189.12,197804736172.155
3300.140625,462.130004882813,2571264705533.11,248437353463.11
3301.703125,462.312697190505,2601865446338.48,194162861568.234
3303.265625,462.130004882813,2532714537634.72,245432878495.608
3304.828125,462.130004882813,2638896155578.61,267595609764.898
3306.390625,462.130004882813,2568644698551.15,243616645265.817
3307.953125,462.380004882813,2576778296929.72,218815798749.529
3309.515625,462.130004882813,2620828043088.35,287780908373.749
3311.078125,462.380004882813,2433964477932.44,219139649806.508
3312.640625,462.466543344352,2751427971094.14,198679154175.076
3314.203125,462.630004882813,2578746236628.67,237684432509.959
3315.765625,462.630004882813,2459855626512.58,262436135123.186
3317.328125,462.869995117188,2564719696076.42,249312557096.543
3318.890625,462.869995117188,2567466644790.55,171983178119.951
3320.453125,463.119995117188,2578502784814.09,195234859847.335
3322.015625,463.119995117188,2573676499460.49,233764535959.397
3323.578125,463.119995117188,2560795447819.41,179324918007.207
3325.140625,463.159995117188,2641422559046.96,233925236477.537
3326.703125,463.619995117188,2654072049544.88,233856412316.021
3328.265625,463.859985351563,2647031991606.97,250510833855.089
3329.828125,463.619995117188,2746034503635.18,240032579053.106
3331.390625,463.619995117188,2519689154418.94,238428702018.064
3332.953125,463.53345665565,2517976312721.04,220706134713.473
3334.515625,463.369995117188,2665156752595.57,245087590008.161
3336.078125,463.619995117188,2554251480089.55,254318104606.309
3337.640625,463.713904339335,2525524072778.34,247116125118.612
3339.203125,463.859985351563,2758929638075.88,221614048952.607
3340.765625,464.359985351563,2607617803965.04,263289096181.685
3342.328125,464.109985351563,2580629017881.12,245242892947.245
3343.890625,464.359985351563,2636038699266.9,229104182434.549
3345.453125,464.359985351563,2664861681466.12,232469857677.082
3347.015625,464.359985351563,2640363511644.08,274353161690.295
3348.578125,464.109985351563,2683912337509.3,235610238398.268
3350.140625,464.359985351563,2762881341023.8,284937941371.469
3351.703125,464.73921086238,2739004108850.05,264495038204.432
3353.265625,464.849975585938,2866051382939.26,244753817398.256
3354.828125,465.099975585938,2776449079604.09,204457502411.792
3356.390625,464.849975585938,2639013443404.03,239376413491.08
3357.953125,465.0134371244,2730148032233.46,221989932856.339
3359.515625,464.919975585938,2839068384895.1,240462287389.668
3361.078125,465.099975585938,2648585979424.03,218990681445.105
3362.640625,465.099975585938,2846003553585.88,244205285554.75
3364.203125,465.099975585938,2795717958105.96,219928231609.207
3365.765625,465.839996337891,2680792375326.62,238158792908.478
3367.328125,465.099975585938,2782072356403.43,219466532098.91
3368.890625,465.349975585938,2709631637418.86,223455555283.324
3370.453125,465.599975585938,2708449583074.92,241463678304.951
3372.015625,465.399975585938,2698657657617.27,263512011057.524
3373.578125,465.599975585938,2594110970239.96,245190427223.355
3375.140625,465.599975585938,2759255111441.88,241373018278.947
3376.703125,465.705584716797,2672155784826.68,233589074164.028
3378.265625,466.339996337891,2828893884069.92,227289183352.697
3379.828125,466.089996337891,2673115881825.45,251627994993.82
3381.390625,466.089996337891,2809777249257.37,260238216677.571
3382.953125,466.30153479943,2918954591279.39,255662276425.486
3384.515625,466.243842491737,2855299130179.49,213254530029.858
3386.078125,466.339996337891,2817849654404.75,210870079463.412
3387.640625,466.339996337891,2717330970436.75,206509681093.574
3389.203125,466.57076556866,2751997034352.78,223018639786.942
3390.765625,466.339996337891,2834320304654.32,220153432041.648
3392.328125,466.589996337891,2755099475502.02,232491103587.328
3393.890625,466.272688645583,2909887233153.3,265187892230.722
3395.453125,466.589996337891,2821974043848.47,237267329260.13
3397.015625,466.858832726112,2874094627862.9,296774353448.788
3398.578125,467.079986572266,2696430854022.17,225047864924.13
3400.140625,467.061140794021,2783787742355.2,214779295082.563
3401.703125,467.079986572266,2798050826987.95,202216831230.287
3403.265625,467.128063495343,2806486072894.76,209711086297.529
3404.828125,467.579986572266,2954310451765.91,263495335824.305
3406.390625,467.387678879958,2938449245169.16,242027228079.011
3407.953125,467.541525033805,2882285579217.98,253600653501.036
3409.515625,467.459986572266,2877411999955.73,245632490951.741
3411.078125,467.329986572266,2979032259330.87,280623692409.771
3412.640625,467.579986572266,2918584227336.52,225706315275.885
3414.203125,467.820007324219,2853674332855.16,289290380755.73
3415.765625,468.070007324219,2866123157585.9,209148866808.226
3417.328125,467.820007324219,2860109961719.11,220353076054.121
3418.890625,468.070007324219,2883565850188.91,261891537848.462
3420.453125,467.927150181362,2966242382185.13,194467783422.615
3422.015625,468.070007324219,2915000525066.53,256755251390.558
3423.578125,468.070007324219,2851082780487.49,221533439516.519
3425.140625,468.108468862681,3046310312934.4,202874606309.08
3426.703125,468.320007324219,2781906381661.34,205338829420.486
3428.265625,468.320007324219,2936437996939.79,276074045406.727
3429.828125,468.570007324219,2987800708420.95,208286728769.911
3431.390625,468.570007324219,2935312692306.38,249400055924.29
3432.953125,468.570007324219,2831683787286.13,244232795243.354
3434.515625,468.809997558594,3081724551336.68,271139515662.605
3436.078125,468.809997558594,2948843273675.86,258147276182.182
3437.640625,468.809997558594,3018408208165.07,244773603274.624
3439.203125,468.809997558594,3107092731057.37,282620347797.907
3440.765625,469.309997558594,3021717793602.79,261903299319.55
3442.328125,469.059997558594,2982515010834.82,287175623841.898
3443.890625,469.309997558594,2926445069654.18,206909237295.247
3445.453125,469.309997558594,2927581413871.68,226835585265.417
3447.015625,469.309997558594,2957868697484.37,250779465769.864
3448.578125,469.309997558594,3017844837648.92,261154350027.799
3450.140625,469.559997558594,3079029770605.55,191023308427.616
3451.703125,469.309997558594,3010604014004.41,271813383248.885
3453.265625,469.559997558594,3067634363522.53,240812527869.643
3454.828125,469.559997558594,2981460880850.18,232972664016.849
3456.390625,469.799987792969,3145527559026.31,243796007639.23
3457.953125,470.049987792969,3012024505306.15,265174010256.042
3459.515625,470.049987792969,3014175012943.29,269045099404.799
3461.078125,470.049987792969,2948664182025.66,243531895386.847
3462.640625,470.299987792969,2929190972831.38,264035242691.122
3464.203125,470.299987792969,3042052996818.32,253728293397.297
3465.765625,470.549987792969,3169321192345.47,229844923860.23
3467.328125,470.549987792969,3015941251288.5,263444059017.249
3468.890625,470.549987792969,2898489762639.88,262152101131.918
3470.453125,470.586909367488,3019666898506.87,257781948107.301
3472.015625,470.789978027344,3102387702190.66,254476920587.128
3473.578125,470.549987792969,3016915050153.64,231628102732.176
3475.140625,470.789978027344,2876710756693.41,225328314532.771
3476.703125,470.829978027344,2934753208105.15,251924721042.997
3478.265625,471.039978027344,3026339906086.98,243290184872.938
3479.828125,471.289978027344,3014019572878.24,224555159244.663
3481.390625,470.999978027344,3058194137633.88,246447223293.038
3482.953125,471.039978027344,3026798002712.77,273168538013.133
3484.515625,471.289978027344,3069771517692.25,224439354899.285
3486.078125,471.539978027344,3038832818343.66,248551982026.589
3487.640625,471.039978027344,3114666504888.64,247260139260.63
3489.203125,471.539978027344,3001142939775.07,211439149633.89
3490.765625,471.247183837891,3083700733087.69,253942595768.958
3492.328125,471.289978027344,3048890437125.91,273225794445.475
3493.890625,471.539978027344,3078615220206.23,266387248429.911
3495.453125,471.779998779297,3050100765354.57,277253271381.162
3497.015625,471.779998779297,3241226309227.44,292634176481.404
3498.578125,472.029998779297,3109729243634.97,273664211582.386
3500.140625,471.779998779297,3128924796151.29,225037745650.498
3501.703125,472.029998779297,3165053168520.75,192431701890.586
3503.265625,472.029998779297,3197616044387.59,267967403835.029
3504.828125,471.779998779297,3016018447053.98,189486861197.329
3506.390625,472.279998779297,3208454285187.61,265450611684.137
3507.953125,472.279998779297,3079530711977.31,272656471512.368
3509.515625,472.279998779297,3038314932599.91,233506643310.408
3511.078125,472.677685077374,3270668294320.17,254005980552.483
3512.640625,472.823560442244,3140232754828.58,251297475661.636
3514.203125,472.529998779297,3238698260337.83,204930678991.035
3515.765625,472.769989013672,3067024912590.1,254544052752.019
3517.328125,472.769989013672,3136327767075.93,304973907616.304
3518.890625,472.769989013672,3252511905822.33,269727621578.51
3520.453125,472.567690335787,3179104057997.17,290559839859.951
3522.015625,473.019989013672,3126542893080.77,226801861774.957
3523.578125,473.219989013672,3188744318384.36,229331157872.449
3525.140625,473.269989013672,3243210874011.83,200352198839.112
3526.703125,473.269989013672,3254732692196.02,263178944674.916
3528.265625,473.048835167518,3114275335278.68,238337746675.14
3529.828125,473.269989013672,3410506804108.6,265605365835.497
3531.390625,473.760009765625,3295566432873.08,243693535637.194
3532.953125,473.870009765625,3277234316994.36,256927618823.145
3534.515625,473.760009765625,3239257059941.09,287915847656.791
3536.078125,473.760009765625,3292080332824.82,274470483040.022
3537.640625,473.817702073317,3133097444320.8,270796095610.101
3539.203125,474.010009765625,3112102246836.56,308677753109.712
3540.765625,474.010009765625,3192928139010.3,256538434052.276
3542.328125,474.260009765625,3227333662593.27,257983491358.737
3543.890625,474.260009765625,3263176595022.26,298661594415.135
3545.453125,474.279240534856,3268284693423.53,265916619207.746
3547.015625,474.260009765625,3280623541762.76,253861775386.266
3548.578125,474.510009765625,3193152707040.19,297949901469.627
3550.140625,474.510009765625,3291271021858.17,260974645969.452
3551.703125,474.75,3321067340114.11,247209985939.617
3553.265625,474.778846153846,3269878492801.92,319847676606.606
3554.828125,474.75,3236734719665.91,273333246870.66
3556.390625,474.75,3372075152627.4,244503438415.459
3557.953125,475,3318737293961.57,231762094739.922
3559.515625,475,3290367286463.77,254715628208.6
3561.078125,475,3283793057437.37,244884898016.827
3562.640625,475.25,3304813307887.21,290064055182.713
3564.203125,475.25,3324575199869.56,293007274969.817
3565.765625,475.25,3299357288819.7,277721411526.777
3567.328125,475.5,3278506234259.49,235036934115.368
3568.890625,475.513840895433,3382765254189.06,307776387452.04
3570.453125,475.5,3343880871260.7,269755905219.001
3572.015625,475.666147085337,3245185009904.4,280818557579.912
3573.578125,475.739990234375,3328612157085.92,311117305685.576
3575.140625,475.949990234375,3359107056469.56,238745547140.796
3576.703125,475.739990234375,3376167097185.96,278673074946.656
3578.265625,475.989990234375,3328479310496.36,268811311160.674
3579.828125,475.989990234375,3406083782185.69,277625094769.482
3581.390625,475.951528695914,3283093708810.34,284932172943.005
3582.953125,475.739990234375,3357457057176.9,259318783560.239
3584.515625,475.989990234375,3264367675429.8,251003574822.061
3586.078125,476.239990234375,3296553250808.5,250654301919.948
3587.640625,476.239990234375,3374834863981.74,297015836624.315
3589.203125,476.489990234375,3350341108391.68,264348684434.51
3590.765625,476.72998046875,3484440889020.01,331021531766.409
3592.328125,476.97998046875,3370869023685.23,282922696725.554
3593.890625,476.72998046875,3539456200049.98,301817370940.308
3595.453125,476.97998046875,3320148767488.65,254021810614.554
3597.015625,476.97998046875,3440904413625.02,239822948305.491
3598.578125,476.97998046875,3424294032917.04,237127699879.69
3600.140625,476.97998046875,3460124323658.89,233235728409.265
3601.703125,476.97998046875,3328150399391.65,269034030830.749
3603.265625,476.97998046875,3361570940829.48,237437053414.539
3604.828125,477.326134314904,3525815966183.29,288997875533.336
3606.390625,477.268442007212,3366459588451.91,267993872015.375
3607.953125,477.22998046875,3431485409937.47,275728506369.801
3609.515625,477.47998046875,3391309468102.38,265635935940.374
3611.078125,477.47998046875,3401654027178.69,269559680729.436
3612.640625,477.22998046875,3449756681882.87,288695510926.446
3614.203125,477.47998046875,3512134153529.43,283131305761.085
3615.765625,477.840001220703,3496104973478.41,290474661951.455
3617.328125,478.220001220703,3566261150266.27,241303916999.218
3618.890625,477.970001220703,3513976099698.7,253831926026.405
3620.453125,477.970001220703,3462575681283.83,292971574590.15
3622.015625,478.220001220703,3467129743286.62,318567922180.72
3623.578125,478.220001220703,3535051454423.1,324066277657.377
3625.140625,478.470001220703,3546658900578.74,285216507718.82
3626.703125,478.354616605318,3567029182998.65,290716903595.379
3628.265625,478.430001220703,3536525192749.24,252654758142.771
3629.828125,478.470001220703,3474935926465.47,279534803330.577
3631.390625,478.470001220703,3466554942054.67,285712970818.231
3632.953125,478.709991455078,3597389627231.51,234351172421.262
3634.515625,478.470001220703,3548128388181.72,266505516758.365
3636.078125,478.959991455078,3418453320786.5,275700053746.835
3637.640625,478.959991455078,3633114262470.52,289519178797.521
3639.203125,478.959991455078,3475700651071.9,275898849577.753
3640.765625,478.99845299354,3457002487434.59,229161130617.411
3642.328125,478.959991455078,3406558770876.99,238892842204.21
3643.890625,479.459991455078,3667344783933.03,293194724928.738
3645.453125,479.341920119065,3581663227705.12,294666857655.682
3647.015625,479.459991455078,3628890783539.94,264152643816.422
3648.578125,479.459991455078,3553883202430.35,287333349411.347
3650.140625,479.459991455078,3591291308132.26,281216886491.547
3651.703125,479.700012207031,3577936936095.51,253390591389.973
3653.265625,479.700012207031,3602055528658.59,289419171716.379
3654.828125,479.700012207031,3528626942948.31,301760742315.749
3656.390625,479.700012207031,3579958150897.78,247843859742.2
3657.953125,479.700012207031,3538694944858.6,307214979835.55
3659.515625,479.950012207031,3624998271557.55,302258461459.346
3661.078125,479.950012207031,3579316464160.8,260993514477.149
3662.640625,480.065396822416,3667171674000.89,282841097653.186
3664.203125,479.700012207031,3603932523044.63,282541655265.62
3665.765625,480.123089130108,3525703825323.08,286726282193.623
3667.328125,480.450012207031,3584524503021.21,271186770235.762
3668.890625,480.450012207031,3782739820489.79,276734551843.612
3670.453125,480.690002441406,3658393775154.43,231197382288.712
3672.015625,480.690002441406,3788412957896.85,305931517242.558
3673.578125,480.450012207031,3655089067405.11,301164320472.751
3675.140625,480.690002441406,3647700731218.93,291974009550.306
3676.703125,480.853463979868,3862212673855.18,314161195851.898
3678.265625,480.940002441406,3693096232209.18,236386292224.067
3679.828125,481.170002441406,3691515286913.63,260527463695.85
3681.390625,481.050002441406,3622303594016.47,314345784244.203
3682.953125,481.180387056791,3686077382335.73,287987071999.781
3684.515625,481.440002441406,3665234442997.26,285217879619.814
3686.078125,481.440002441406,3673794907139.45,222326379847.932
3687.640625,481.190002441406,3736706282952.01,296600426779.303
3689.203125,481.074617826021,3800432112125.76,288477326727.047
3690.765625,480.690002441406,3785609076320.71,273416998869.669
3692.328125,481.679992675781,3803797256330.17,316259865646.622
3693.890625,481.457502092634,3745261417472.92,232763835618.001
3695.453125,481.679992675781,3784311879024.57,308956672714.975
3697.015625,481.679992675781,3699676849744.68,333829997068.818
3698.578125,481.929992675781,3732294938840.06,297292410302.04
3700.140625,482.179992675781,3741792332929.6,323543463294.155
3701.703125,482.39153113732,3806841588915.95,263141901003.124
3703.265625,482.059992675781,3770972942743.09,275273965712.071
3704.828125,481.929992675781,3704185542881.21,272852093740.832
3706.390625,482.295377291166,3890083492531.06,282021098874.096
3707.953125,482.429992675781,3756767697994.31,270475762634.415
3709.515625,482.669982910156,3776832507322.58,315947219508.501
3711.078125,482.669982910156,3891485556733.18,340025519445.365
3712.640625,482.669982910156,3754824532507.28,309979355175.182
3714.203125,482.516389160156,3695893878857.23,320940442163.056
3715.765625,482.669982910156,3814600759735.39,276003458009.022
3717.328125,482.669982910156,3858457766757.4,332564930862.78
3718.890625,482.919982910156,3885090472151.46,315809103897.141
3720.453125,483.169982910156,3893679986048.78,283436985897.562
3722.015625,483.169982910156,3799466642390.42,258154779637.465
3723.578125,483.565744253305,3739476104966.8,302985141534.369
3725.140625,483.659973144531,3724614249400.4,269144395646.495
3726.703125,483.650742750901,3823996886893.27,314943322948.486
3728.265625,483.531406947545,3923600410823.96,295482260629.679
3729.828125,483.659973144531,3782586151644.55,299208736119.382
3731.390625,483.659973144531,3850891387081.95,308843595665.232
3732.953125,483.659973144531,3784215165931.66,322845124887.348
3734.515625,483.659973144531,3788894264323.71,290022161681.702
3736.078125,484.006126990685,3886358896320.34,298611010614.134
3737.640625,483.909973144531,3866168850191.01,277031214356.376
3739.203125,484.044588529146,3902369471800.64,271630958584.119
3740.765625,484.159973144531,3844587179450.15,275979412978.399
3742.328125,484.409973144531,3802322541499.52,369140693370.304
3743.890625,484.409973144531,3879658577118.81,302221813760.141
3745.453125,484.409973144531,3753234915656.81,269366697093.364
3747.015625,484.409973144531,3886540204439.82,306180952572.643
3748.578125,484.409973144531,3763920311023.98,271800403386.728
3750.140625,484.649993896484,3796460584350.68,306259667969.2
3751.703125,484.409973144531,3869601740882.5,327255963233.548
3753.265625,484.649993896484,3921498943878.51,253231499374.722
3754.828125,484.466514000526,3959199851019.36,270687887100.946
3756.390625,484.649993896484,3893665476793.15,305986400047.113
3757.953125,485.149993896484,3901770523448.68,361738958838.105
3759.515625,485.105351039341,3894134241020.04,314101922559.73
3761.078125,484.755763127253,3812222248143.9,306906360134.112
3762.640625,484.899993896484,3875342777137.86,326405469949.273
3764.203125,485.149993896484,3997862942500.36,312293339137.459
3765.765625,485.169993896484,3911645861359.26,340679261388.783
3767.328125,485.399993896484,3927527478977.2,284225633695.53
3768.890625,485.399993896484,3870817226391.8,301259815102.54
3770.453125,485.399993896484,3904494410039.64,364850332495.146
3772.015625,485.640014648438,3890930460511.62,342450377452.64
3773.578125,485.620812988282,4052061803688.36,324699524547.161
3775.140625,485.640014648438,3900798878655.96,322653454549.892
3776.703125,485.640014648438,3909088104978.97,283908933150.092
3778.265625,486.140014648438,3901559581656.7,298343759839.83
3779.828125,485.940014648438,3939857309243.5,293724347186.159
3781.390625,486.140014648438,3983300834238.98,295810542985.183
3782.953125,486.390014648438,4099152693222.49,301977546894.457
3784.515625,486.390014648438,3969140557550.08,342257222374.105
3786.078125,486.390014648438,3997412793170.11,329052186295.672
3787.640625,486.390014648438,3943381067791.5,347176908722.501
3789.203125,486.630004882813,3914084899331.53,261511219893.682
3790.765625,486.630004882813,3958728014214.54,356860524893.726
3792.328125,486.880004882813,3930790730932.05,324073614433.165
3793.890625,486.880004882813,3979223790183.21,324806810906.943
3795.453125,486.841543344352,4031667092031.66,270714254902.378
3797.015625,486.880004882813,4004366761523.89,314980984590.924
3798.578125,486.880004882813,4184907210929.39,281471726468.544
3800.140625,487.040004882813,4143509944005.55,334130185162.288
3801.703125,486.920004882813,3992583397569.08,307917818488.644
3803.265625,486.880004882813,4002223983808.5,292310519253.328
3804.828125,487.380004882813,4071228966468.56,346786271382.032
3806.390625,486.880004882813,3935474446680.93,336292629749.998
3807.953125,486.880004882813,4148462041462.16,340548292437.743
3809.515625,487.619995117188,4042335644514.01,296007553408.144
3811.078125,487.120004882813,4090623550172.33,338216046275.821
3812.640625,487.619995117188,4012843945339.74,266584196018.882
3814.203125,487.619995117188,4110982774651.4,246068174851.672
3815.765625,487.869995117188,4058253807567.47,247164210130.174
3817.328125,487.474233774039,4222588417217.64,341864397758.693
3818.890625,488.369995117188,4128723089479.08,319866833068.526
3820.453125,488.119995117188,4090288874361.33,338676298996.795
3822.015625,488.249995117188,4162497655909.99,275541452895.985
3823.578125,488.369995117188,4182329207963.67,292312731504.683
3825.140625,488.119995117188,4081204366316.9,352690312543.655
3826.703125,488.434607872597,3933524421200.73,360630028505.882
3828.265625,488.119995117188,4159748697171.99,329339859791.303
3829.828125,488.609985351563,4046912168939.91,359785094597.769
3831.390625,488.591524564303,4093926822951.99,344537908107.42
3832.953125,488.609985351563,4194029634811.06,317718259722.766
3834.515625,488.859985351563,4141313515403.27,279065413570.351
3836.078125,488.706139197717,4086337773099.09,301262680373.296
3837.640625,488.917677659255,4177948154206.44,337424544493.575
3839.203125,488.859985351563,4289999229938.06,305720163678.767
3840.765625,488.859985351563,4130118203634.88,307029287627.135
3842.328125,489.109985351563,4150442458027.6,343236336070.848
3843.890625,488.999985351563,4176457707451.1,336184050119.898
3845.453125,489.349975585938,4111624573026.76,319908061799.206
3847.015625,489.349975585938,4197962360482.23,303171250265.439
3848.578125,489.349975585938,4073824879963.43,352481820172.515
3850.140625,489.599975585938,4170352086985.35,365693366432.025
3851.703125,489.599975585938,4222189894464.03,331718202429.712
3853.265625,489.349975585938,4256960584701.03,306390951304.558
3854.828125,489.599975585938,4122831660345.27,280916555074.703
3856.390625,490.099975585938,4241301895390.74,356546095721.823
3857.953125,490.099975585938,4149690621235.77,307308182686.901
3859.515625,490.099975585938,4224675201939.16,307257126770.611
3861.078125,489.919975585938,4188726597303.28,344467009356.899
3862.640625,490.256912231446,4018177509474.16,347605189695.719
3864.203125,490.339996337891,4239811233601.42,355073166682.703
3865.765625,490.099975585938,4263296238597.11,353925082411.724
3867.328125,490.339996337891,4412028889673.09,310503987335.812
3868.890625,490.705380953276,4207230357057.19,375542791867.58
3870.453125,490.552302433895,4189811756223.19,328348380652.559
3872.015625,490.589996337891,4166441746002.88,382399388877.216
3873.578125,490.589996337891,4203848030665.64,319285673204.499
3875.140625,490.339996337891,4223976597777.01,351519322046.208
3876.703125,490.589996337891,4310409887438.58,338474318318.294
3878.265625,491.089996337891,4229888253215.11,371069745073.754
3879.828125,490.839996337891,4137046188789.36,304201906048.294
3881.390625,491.089996337891,4296606011527.96,333868967378.782
3882.953125,491.246913029598,4236736263217.92,308192040357.704
3884.515625,491.579986572266,4247278637384.93,327453041599.692
3886.078125,491.089996337891,4320201548362.83,328873358375.594
3887.640625,491.329986572266,4251383046166.3,351822407326.924
3889.203125,491.579986572266,4326080215323.81,357724986834.473
3890.765625,491.329986572266,4338087403648.68,384319678437.567
3892.328125,491.329986572266,4272442259053.66,389485659441.987
3893.890625,491.579986572266,4432267781362.96,328339150143.211
3895.453125,491.959986572266,4289166180574.14,351517255213.499
3897.015625,492.079986572266,4423662846417.32,355523049269.65
3898.578125,492.079986572266,4321975310243.81,399458506852.667
3900.140625,492.079986572266,4275409067203.93,289912061986.775
3901.703125,492.079986572266,4217480414179.29,361903857338.955
3903.265625,492.320007324219,4374791630935.76,302031592202.187
3904.828125,492.227691650391,4266460710147.82,369712825644.977
3906.390625,492.320007324219,4225692682556.17,348287543169.588
3907.953125,492.320007324219,4319492683286.44,322885932922.968
3909.515625,492.381537804237,4340286859989.13,286669650033.924
3911.078125,492.079986572266,4244047252634.55,294927467479.963
3912.640625,492.570007324219,4339342621762.28,323846697346.822
3914.203125,492.58923809345,4350431894328.33,324924309694.366
3915.765625,493.070007324219,4396300506405.56,377953824551.617
3917.328125,492.820007324219,4390840859940.96,378414573635.414
3918.890625,492.704622708834,4431031434090.38,300460343154.91
3920.453125,493.002699631911,4344163098809.6,329993048502.519
3922.015625,493.070007324219,4328449515202.9,346947212668.527
3923.578125,493.309997558594,4326100105392.33,359966222236.832
3925.140625,493.309997558594,4356628293358.53,389660788859.345
3926.703125,493.070007324219,4298266373794.6,390577006097.537
3928.265625,493.559997558594,4403981551682.1,357234930201.508
3929.828125,493.559997558594,4418670477172.29,343413598804.617
3931.390625,493.348459097056,4529538946541.69,327119626727.426
3932.953125,493.559997558594,4473948640254.39,306407097524.573
3934.515625,493.629997558594,4392245506660.09,283870107442.791
3936.078125,494.049987792969,4482431505228.45,370369380705.077
3937.640625,494.049987792969,4481574069272.33,366091256691.294
3939.203125,494.049987792969,4580803057740.56,330338245725.957
3940.765625,494.049987792969,4434967642257.22,357017655270.927
3942.328125,494.299987792969,4462330921765.68,330701882596.215
3943.890625,494.299987792969,4467299738542.93,321045567486.14
3945.453125,494.299987792969,4472442976563.86,314781558091.673
3947.015625,494.299987792969,4551104663144.85,343424858039.158
3948.578125,494.549987792969,4409060677848.69,331199697727.016
3950.140625,494.780757023738,4589721263145.88,319566911583.067
3951.703125,494.549987792969,4479237728096.64,348874230079.021
3953.265625,494.549987792969,4555194607255.33,332869044911.455
3954.828125,494.799987792969,4636987403492.29,366700869091.021
3956.390625,494.799987792969,4463022080788.37,363498564597.204
3957.953125,495.039978027344,4513076737218.3,320576277096.499
3959.515625,495.039978027344,4533415825679.97,392694091257.781
3961.078125,495.039978027344,4538206209836.58,379181874220.701
3962.640625,495.039978027344,4437395912516.43,345918251249.472
3964.203125,495.780362642729,4434949205262.69,359490208245.313
3965.765625,495.539978027344,4539196677243.12,336600486958.571
3967.328125,495.539978027344,4572915080664.64,339337004880.516
3968.890625,495.539978027344,4543103468340.58,347319594361.156
3970.453125,495.539978027344,4582290447205.03,396132996644.405
3972.015625,495.589978027344,4560841397527.54,350049164523.862
3973.578125,495.539978027344,4375793608941.6,345797379560.875
3975.140625,495.789978027344,4659400580603.73,328178228138.494
3976.703125,495.919219970703,4383096747175.7,359426589765.185
3978.265625,496.029998779297,4483182474132.21,305245286750.211
3979.828125,495.789978027344,4566071835866.92,324320343887.762
3981.390625,496.029998779297,4561411481748.55,369557781057.058
3982.953125,495.789978027344,4515377184690.96,340693118361.227
3984.515625,496.029998779297,4430540102021.21,322385734118.649
3986.078125,496.049998779297,4732386433242.97,339420838165.933
3987.640625,496.279998779297,4601091159319.04,293320990794.697
3989.203125,496.279998779297,4566135510416.4,316076596963.974
3990.765625,496.568460317759,4579796469737.47,317721737090.721
3992.328125,496.57464163644,4619893888168.51,365824704036.175
3993.890625,496.529998779297,4655419957928.08,385468665217.457
3995.453125,496.597306471605,4631995444476.93,348117479584.797
3997.015625,496.779998779297,4680428387290.83,346521953380.022
3998.578125,496.659998779297,4638974290851.19,307727270850.929
4000.140625,497.019989013672,4632200474413.47,326356988504.06
4001.703125,497.183450552134,4587489081809.99,306148110145.614
4003.265625,497.207489013672,4636934723137.65,312658353566.429
4004.828125,497.269989013672,4735215574743.37,353405769769.799
4006.390625,497.519989013672,4574583067417.66,357919773955.623
4007.953125,497.019989013672,4702850740670.79,310102205553.75
4009.515625,497.760009765625,4643742299797.31,334623706774.127
4011.078125,497.519989013672,4677400300159.1,326094165790.432
4012.640625,497.519989013672,4679787864091.35,335780399087.867
4014.203125,497.760009765625,4736251847020.46,370750275500.353
4015.765625,497.960009765625,4599003624532.68,355740690465.789
4017.328125,498.010009765625,4574886515114.01,365596015561.943
4018.890625,498.010009765625,4733259055118.99,341812662917.415
4020.453125,498.010009765625,4718959620016.51,385992641372.719
4022.015625,498.010009765625,4623077514456.46,372249703558.02
4023.578125,498.260009765625,4661245661532.56,391204740081.648
4025.140625,498.260009765625,4685360933009.4,355778912415.986
4026.703125,498.510009765625,4723145006082.95,359064569196.687
4028.265625,498.510009765625,4766343994709.34,406333777037.024
4029.828125,498.75,4749869280686.9,407321166056.85
4031.390625,498.75,4734682444617.12,395405483491.521
4032.953125,498.510009765625,4568600613914.45,340735600836.132
4034.515625,498.75,4758922319458.76,366647593549.993
4036.078125,499,4590417853733.42,369827607760.004
4037.640625,498.868079552284,4771817858578.97,359352403900.866
4039.203125,498.75,4756114988183.04,394498244573.67
4040.765625,499,4655857236653.84,361041308884.486
4042.328125,499.01,4795652662432.48,353335355255.674
4043.890625,499.25923039363,4702152704458.07,325232501591.97
4045.453125,499,4836720306782.69,364378034632.56
4047.015625,499.489990234375,4716627164597.89,396015518902.967
4048.578125,499.489990234375,4785804929659.35,371535978631.527
4050.140625,499.739990234375,4781757895760.24,405188924692.906
4051.703125,499.489990234375,4688336418290.48,365500725810.431
4053.265625,499.989990234375,4791836899001.94,362654490847.855
4054.828125,499.739990234375,4786405630480.97,388940322829.109
4056.390625,500.239990234375,4806251862989.99,373477930176.17
4057.953125,499.989990234375,4756276479011.64,369300291534.731
4059.515625,499.989990234375,4945081620690.1,388018477816.967
4061.078125,499.989990234375,4705632568046.06,346570557604.777
4062.640625,500.079990234375,4751504892511.96,402620667966.49
4064.203125,500.172682542067,4866227137068.45,363811359918.878
4065.765625,500.239990234375,4926777436561.66,416761559137.143
4067.328125,500.239990234375,4795558433171.76,429354561231.678
4068.890625,500.72998046875,4737575983509.29,367089288573.778
4070.453125,500.47998046875,4724940236574.22,366042085390.19
4072.015625,500.72998046875,4704366165789.36,373397198536.556
4073.578125,500.592783203125,4791863242660.31,373705706181.02
4075.140625,500.47998046875,4815697352977.02,360010817936.631
4076.703125,500.72998046875,4798858708555.69,398726289490.421
4078.265625,500.72998046875,4823952452073.02,359144976783.443
4079.828125,500.95998046875,4961019254463.08,371620538045.609
4081.390625,501.22998046875,4863058773310.39,399391561282.021
4082.953125,501.22998046875,4941876245563.94,361192984400.344
4084.515625,501.396148681641,4982824714134.71,383121916145.777
4086.078125,501.277984619141,4855977585985.19,389661095459.706
4087.640625,500.97998046875,5029037656258.08,359868295052.303
4089.203125,501.470001220703,4858207876452.11,372900056911.56
4090.765625,501.470001220703,4867082550178.85,343170425237.818
4092.328125,501.470001220703,4812022362048.37,386786023061.854
4093.890625,501.970001220703,5048460855263.19,369461554055.304
4095.453125,502.209991455078,4842048408762.61,411777612138.284
4097.015625,502.209991455078,4938217023233.21,323905458938.71
4098.578125,501.970001220703,5062241905922.97,356898069338.705
4100.140625,502.13961322491,4946618632798.96,369908820339.548
4101.703125,501.720001220703,4848338631000.19,324219295494.76
4103.265625,502.459991455078,4860972431974.52,369091980552.847
4104.828125,502.209991455078,4896336317215.03,374254797206.921
4106.390625,502.459991455078,4941717702109.78,376466426446.626
4107.953125,502.459991455078,4844366680040.5,362565212262.466
4109.515625,502.536914532001,4858575995726.5,381327497759.019
4111.078125,502.459991455078,4886849335656.81,387546465500.501
4112.640625,502.709991455078,4872818510505.7,310517569585.413
4114.203125,502.709991455078,4764770239078.63,376387174300.018
4115.765625,502.709991455078,4897171856030.95,313405267918.119
4117.328125,502.459991455078,4866945109651.26,407014203889.605
4118.890625,502.959991455078,4941087044524.09,369063509751.908
4120.453125,502.943851177509,4955583775504.78,386309414784.305
4122.015625,503.200012207031,4895395505281.94,369058163356.719
4123.578125,503.153854370117,4981417044430.39,397518152273.099
4125.140625,503.450012207031,4883119794428.56,322435748748.13
4126.703125,503.450012207031,5095741369888.35,393423443103.711
4128.265625,503.200012207031,4973625728862.5,434723909673.745
4129.828125,503.478858360877,4853145575678.69,365061871819.421
4131.390625,503.450012207031,4967053423932.82,379251013264.325
4132.953125,503.517319899339,4985561304141.05,404392432812.293
4134.515625,503.700012207031,5014479278903.95,379106157914.095
4136.078125,503.600012207031,5035526126423.48,387268064681.641
4137.640625,503.700012207031,4857790920352.85,366670077319.786
4139.203125,503.940002441406,5042538546903.84,417885791205.873
4140.765625,504.190002441406,5187632033449.4,346984080161.926
4142.328125,503.940002441406,5081300959280.48,383228171543.205
4143.890625,504.190002441406,5057367255127.03,406222618495.158
4145.453125,504.382310133714,5075045258128.02,410875207767.396
4147.015625,504.690002441406,5004994755499.65,386157045514.612
4148.578125,504.690002441406,4865034267701.89,396278696462.529
4150.140625,504.714396972656,4889684116410.96,408593681965.587
4151.703125,504.670771672175,5000291836800.5,382780689490.451
4153.265625,504.929992675781,5114219298902.25,385405398170.846
4154.828125,504.690002441406,5085378492904.79,363150407647.595
4156.390625,504.929992675781,5061624166853.87,384616730988.475
4157.953125,504.929992675781,5144480000580.86,375249030675.197
4159.515625,504.690002441406,5115355908871.38,365874366671.123
4161.078125,505.179992675781,5272420534340.21,403841280729.707
4162.640625,504.939608060396,5093460637333.77,416843109102.589
4164.203125,504.440002441406,5059191406358.04,423438736389.192
4165.765625,505.429992675781,5204051110406.09,369335512811.38
4167.328125,505.069992675781,5154133870810.33,355641993187.551
4168.890625,505.179992675781,5006393822828.06,365099634324.685
4170.453125,505.556908240685,5321654919566.34,332068603770.225
4172.015625,505.669982910156,5277983446229.55,382456056152.133
4173.578125,505.919982910156,5221959056385.02,369006573219.126
4175.140625,506.169982910156,5210973882698.16,357389649373.238
4176.703125,505.689213679387,5089483084035.66,393287070399.243
4178.265625,506.169982910156,5256263848350.28,363485497263.79
4179.828125,505.698829064002,5184392924991.55,351518696708.013
4181.390625,506.169982910156,5081085699296.64,380374071033.168
4182.953125,506.237290602464,5186147839276.04,370152022238.724
4184.515625,505.919982910156,5181452847867.46,419490735067.888
4186.078125,506.419982910156,5062659865471.11,391605992034.794
4187.640625,506.169982910156,5189850639991.62,392732996386.118
4189.203125,506.419982910156,5162500201849.29,422264750723.916
4190.765625,506.659973144531,5129164747479.23,368415867939.291
4192.328125,506.505693708147,5207362429571.15,402199254279.683
4193.890625,506.852280836839,5141185432922.14,370439654495.219
4195.453125,506.909973144531,5232714261882.51,396625222947.844
4197.015625,506.909973144531,5270555738840.71,389090953600.85
4198.578125,506.909973144531,5181098233703.55,386904018310.123
4200.140625,507.159973144531,5194104295559.22,417024411592.048
4201.703125,507.399993896484,5142961038367.54,406692849380.102
4203.265625,507.159973144531,5208254528206.98,359438745265.688
4204.828125,507.159973144531,5152890561031.65,401320641982.896
4206.390625,507.196899414062,5135378894683.09,383283497875.119
4207.953125,507.399993896484,5189659202811.88,356329515671.286
4209.515625,507.649993896484,5189370729713.14,382699298527.858
4211.078125,507.649993896484,5158185628808.72,436206222578.49
4212.640625,507.649993896484,5263370697988.45,430616683041.91
4214.203125,507.813455434946,5046819076533.89,400131690249.699
4215.765625,507.649993896484,5270428765806.14,430576194620.359
4217.328125,507.851916973407,5370294518621.02,354112811090.733
4218.890625,507.899993896484,5248934951519.63,402178622152.889
4220.453125,507.899993896484,5280295902641.64,396536835016.992
4222.015625,507.899993896484,5225659177680.93,422209956497.909
4223.578125,508.140014648438,5235666488743.68,430838871590.591
4225.140625,507.899993896484,5201107646770.45,443849435135.802
4226.703125,508.390014648438,5324246449152.22,385038600998.827
4228.265625,508.640014648438,5278387105731.24,448988332909.476
4229.828125,508.390014648438,5287905140764.4,325305288728.425
4231.390625,508.620783879207,5409340019305.72,366957706549.975
4232.953125,508.774630033053,5222249553160.76,385339112385.975
4234.515625,508.640014648438,5250056124024.86,417536626130.511
4236.078125,508.640014648438,5438860380307.22,371884942349.439
4237.640625,508.890014648438,5294367251831.66,397772344670.091
4239.203125,508.890014648438,5399773785978.29,406212546005.039
4240.765625,508.890014648438,5439038101936.17,395208414813.376
4242.328125,509.130004882813,5242956039237.77,367155354979.419
4243.890625,509.130004882813,5349708018694.64,412180889793.721
4245.453125,509.130004882813,5301781350654.53,405978540042.302
4247.015625,509.130004882813,5331315094103.47,450737282859.137
4248.578125,509.380004882813,5426587051915.15,375312187023.718
4250.140625,509.380004882813,5394106687810.4,382249437402.609
4251.703125,509.380004882813,5577845347466.04,430812513088.505
4253.265625,509.814612755409,5419497957827.23,479703372162.502
4254.828125,509.703848031852,5297942385292.31,440213853104.211
4256.390625,509.380004882813,5391076779120.07,427276478858.247
4257.953125,509.869995117188,5397410095706.45,394089890192.272
4259.515625,510.119995117188,5311891228618.96,335106029483.783
4261.078125,510.023841271034,5363079066379.05,442439757405.412
4262.640625,510.119995117188,5404172928493.44,408062227269.976
4264.203125,510.369995117188,5425971779721.65,388100431797.176
4265.765625,510.369995117188,5320758929310.96,430707564407.094
4267.328125,509.869995117188,5387715842424.44,442714497694.033
4268.890625,510.609985351563,5336467730946.09,437838980224.946
4270.453125,510.369995117188,5492909654072.08,429615310272.596
4272.015625,510.609985351563,5417277972808.26,418070211414.546
4273.578125,510.609985351563,5553833972227.76,397326669106.792
4275.140625,510.456391601563,5409001862534.1,431377955910.236
4276.703125,510.859985351563,5320256805528.5,403021619218.995
4278.265625,510.859985351563,5328608008581.47,441078721056.567
4279.828125,511.109985351563,5365109539112.15,398610056088.18
4281.390625,511.359985351563,5422830857009.51,423826901737.395
4282.953125,511.109985351563,5393096087683.87,459146221976.663
4284.515625,511.339985351563,5399180052409.21,374636133746.92
4286.078125,511.263831505409,5424884735134.21,436256363554.702
4287.640625,511.359985351563,5438069106362.99,421563487684.36
4289.203125,511.359985351563,5462462158971,443218962614.572
4290.765625,511.263831505409,5488334388801.37,407000202716.676
4292.328125,511.359985351563,5419520199477.09,420964368256.226
4293.890625,511.849975585938,5395069457191.94,419817961571.699
4295.453125,511.849975585938,5569119801815.18,391062228222.582
4297.015625,511.849975585938,5583411763214.75,461131355825.053
4298.578125,511.849975585938,5516646011209.84,407192061441.316
4300.140625,511.8884371244,5439422629329.22,409635613311.631
4301.703125,512.210740309496,5487698037771.43,416675984756.159
4303.265625,512.339965820313,5576325816122.23,377145816362.904
4304.828125,512.339965820313,5647643654396.5,435035418574.916
4306.390625,512.628427358775,5603580970233.81,419952268059.834
4307.953125,512.589965820313,5426645513457.16,465486947057.684
4309.515625,512.339965820313,5568801799524.88,377323283210.158
4311.078125,512.589965820313,5585597231938.78,394023581595.327
4312.640625,512.339965820313,5566839716041.42,423498143908.883
4314.203125,512.839965820313,5643167879095.35,412639443866.355
4315.765625,512.493811974159,5632712936882.02,399665844005.909
4317.328125,512.966881385217,5587060280415.6,393452300313.146
4318.890625,512.839965820313,5494904603837.17,422191951994.31
4320.453125,513.079956054688,5616036909104.52,377057005050.974
4322.015625,513.079956054688,5428564184129.16,387470138726.773
4323.578125,513.329956054688,5687123586459.72,344178738491.423
4325.140625,513.329956054688,5518658542228.53,411704372431.789
4326.703125,513.329956054688,5732720665739.78,422046494132.736
4328.265625,513.579956054688,5476280794760.84,410288482383.295
4329.828125,513.579956054688,5710683917249.32,435871798807.397
4331.390625,513.579956054688,5603996293957.81,404478788536.067
4332.953125,513.820007324219,5613485931420.47,393249459314.531
4334.515625,513.820007324219,5673092585233.09,442145728563.442
4336.078125,514.030803222657,5681072709208.83,389459145354.456
4337.640625,514.070007324219,5778294031927.68,399021499159.316
4339.203125,513.820007324219,5648584797748.52,383963915169.339
4340.765625,514.243084247296,5543648021461.67,356488055544.722
4342.328125,514.070007324219,5715160766342.05,433043542436.117
4343.890625,514.320007324219,5459050521854.43,416051513718.917
4345.453125,514.320007324219,5683548582083.17,440521445230.689
4347.015625,514.320007324219,5630319845396.41,403378568532.555
4348.578125,514.320007324219,5697249569464.06,411334315252.998
4350.140625,514.570007324219,5570113187198.97,453112575894.294
4351.703125,514.320007324219,5719804133100.67,412310993159.256
4353.265625,514.320007324219,5715567482254.85,410301950295.364
4354.828125,514.570007324219,5623729167530.85,402985912354.168
4356.390625,514.320007324219,5764824019054.51,442639453200.979
4357.953125,514.570007324219,5703825439874.24,424037661814.36
4359.515625,515.309997558594,5657981333149.1,424240767722.442
4361.078125,515.059997558594,5699140186092.57,446736059851.601
4362.640625,515.059997558594,5802215239078.06,398993429818.902
4364.203125,515.309997558594,5576485841360.52,394786535669.774
4365.765625,515.476144643931,5511332252477.76,431537263513.468
4367.328125,515.549987792969,5681467255217.92,400105737318.913
4368.890625,515.309997558594,5694307211316.86,438336857139.511
4370.453125,515.549987792969,5663491946811.97,426744229718.774
4372.015625,515.493450458233,5630797855595.1,447508497129.421
4373.578125,515.669987792969,5736896934001.15,438354029171.519
4375.140625,515.559603177584,5601719700929.92,434626021072.279
4376.703125,515.799987792969,5837886671067.13,426396447892.5
4378.265625,515.848064716046,5584546154350.02,474282803843.661
4379.828125,515.799987792969,5671124742449.89,430332762530.168
4381.390625,516.049987792969,5717240439485.81,435481337369.214
4382.953125,516.049987792969,5767404500235.08,399405281855.927
4384.515625,516.049987792969,5828707365060.83,469751573424.901
4386.078125,516.289978027344,5754987834221.64,445741040884.551
4387.640625,516.609978027344,5786413716216.66,436345001113.077
4389.203125,516.539978027344,5898904121186.4,427791028152.52
4390.765625,516.789978027344,5859635792436.28,429185789801.332
4392.328125,516.616901104267,5681759914702.28,445295888994.393
4393.890625,516.789978027344,5730536789298.54,401089290198.669
4395.453125,516.674593411959,5883311879647.46,460255049018.154
4397.015625,517.030029296875,5891066249430.92,418077618214.635
4398.578125,517.030029296875,5856522749254.77,377296043196.569
4400.140625,517.020796555739,5810350926288.3,470647729212.1
4401.703125,517.280029296875,5919774778054.13,423955592732.792
4403.265625,517.280029296875,5690085602028.79,442795848332.51
4404.828125,517.030029296875,5756883425316.19,434182648763.546
4406.390625,517.280029296875,5704032020638.26,390064202326.107
4407.953125,517.280029296875,5812452999696.27,408973572732.891
4409.515625,517.433875450721,5881522035266.1,461531576183.451
4411.078125,517.77001953125,5738938622323.85,371063186378.193
4412.640625,517.904634915865,5732239202037.6,446200935286.629
4414.203125,518.02001953125,5868802261810.74,458641253107.446
4415.765625,517.77001953125,5747059804676.11,416772314097.488
4417.328125,518.02001953125,5909560339199.43,456021133982.22
4418.890625,518.02001953125,5827315897867.69,447597985710.5
4420.453125,517.86001953125,5903052038524.93,461928226151.312
4422.015625,518.27001953125,5778742384742.48,426232462016.362
4423.578125,518.02001953125,5803602277494.33,416619391343.377
4425.140625,518.029634915865,5808328495272.21,386489602725.305
4426.703125,518.510009765625,5695868995723.22,427015326557.35
4428.265625,518.02001953125,5831615234985.42,391901034700.806
4429.828125,518.510009765625,5851858081099.16,408884029490.206
4431.390625,518.27001953125,5869141679723.98,425030705850.839
4432.953125,518.510009765625,5762542090728.22,409843092396.112
4434.515625,518.630009765625,5983003169042.29,402019933593.376
4436.078125,518.510009765625,5766124315239.57,437725406421.288
4437.640625,518.760009765625,5862637017396.26,427467377178.203
4439.203125,519.010009765625,5929132987388.66,434414878932.569
4440.765625,518.760009765625,5918543195527,436817229460.616
4442.328125,519.25,5970070063217.29,412090740637.805
4443.890625,519.25,5951135554403.9,445027873060.748
4445.453125,519.25,5939998849138.11,451363900287.957
4447.015625,519.5,6026930392089.55,422005378959.485
4448.578125,519.25,5912143488955.17,418720954308.56
4450.140625,519.25,5976548677660.78,432897554754.338
4451.703125,519.5,5912172069803.36,390931028505.16
4453.265625,519.25,5953028419566.98,441439564849.773
4454.828125,519.701923076923,5866991558931.72,414618416520.663
4456.390625,519.989990234375,5947909675876.18,423863056771.439
4457.953125,519.989990234375,6094819349386.01,462043774357.276
4459.515625,519.989990234375,6084926809548.86,397973316644.725
4461.078125,519.989990234375,5969184453564.65,401531847650.674
4462.640625,519.989990234375,6041737479918.48,342055524489.972
4464.203125,520.489990234375,6024451928989.57,438272736400.644
4465.765625,520.72998046875,5912388276909.13,479268491458.684
4467.328125,520.489990234375,6099169829898.1,434089224625.976
4468.890625,520.489990234375,5940918870177.82,419359305675.042
4470.453125,520.239990234375,6061577306930.96,427995864666.125
4472.015625,520.509189453125,6031533689018.15,441881722940.46
4473.578125,520.72998046875,6195420863721.45,446630159786.239
4475.140625,520.239990234375,5975767045111.19,459029273055.6
4476.703125,520.97998046875,5953104997093.96,440063315803.884
4478.265625,520.97998046875,5907435287138.4,445569173498.777
4479.828125,520.97998046875,5991034993862.08,452748249539.734
4481.390625,521.08998046875,5922054420212.12,434366360678.798
4482.953125,521.22998046875,6008536012456.05,454648692359.701
4484.515625,520.97998046875,5954930546319.27,465563838135.477
4486.078125,521.008826622596,6187616691177.87,425574964798.121
4487.640625,521.22998046875,5866472806037.78,467541106694.562
4489.203125,521.22998046875,6107919932009.96,457552511341.304
4490.765625,521.469970703125,6063736394852.79,443484298587.479
4492.328125,521.719970703125,6051301518964.48,465348773853.48
4493.890625,521.719970703125,6204887518448.64,403296685854.778
4495.453125,521.806509164664,6094357536549.54,470059577663.221
4497.015625,521.719970703125,6111116397394.57,430764055785.687
4498.578125,522.2099609375,6035645724847.77,490453370413.72
4500.140625,521.969970703125,6097951724736.06,475735518222.84
4501.703125,521.969970703125,6073374732868.03,443885846987.285
4503.265625,522.094765625,6131945245102.16,396149805770.522
4504.828125,522.2099609375,6045615320136.01,452360149991.051
4506.390625,522.0563671875,6297554122767.13,391913616978.331
4507.953125,522.2099609375,6152427704707.02,438058255809.662
4509.515625,522.7099609375,6188247119003.97,458924692003.884
4511.078125,522.7099609375,6161767825205.65,456712750414.302
4512.640625,522.7099609375,6065048104035.77,461026675592.538
4514.203125,522.950012207031,6085376001214.74,450534316197.53
4515.765625,522.7099609375,6344847817379.66,461338974469.642
4517.328125,522.950012207031,6204470032555.7,436373035077.037
4518.890625,523.200012207031,6105942835653.65,399225338558.668
4520.453125,522.573049692007,6115243211413.39,462552765562.033
4522.015625,523.046166053185,6247241125010.78,520437134479.474
4523.578125,522.950012207031,6257116721461.81,483020243271.461
4525.140625,523.450012207031,6330919034892.81,471934873287.398
4526.703125,523.690002441406,6260468498270.14,469778031218.52
4528.265625,523.450012207031,6308079922598.75,402579122430.497
4529.828125,523.52385535607,6268433026658.44,479439009671.209
4531.390625,523.450012207031,6132823929458.14,452487174514.238
4532.953125,523.690002441406,6184873492703.3,435921222863.013
4534.515625,523.940002441406,6129566781716.9,467980563082.641
4536.078125,523.940002441406,6182340846973.96,433658750046.403
4537.640625,523.940002441406,6106326407049.19,429708061480.195
4539.203125,523.690002441406,6134107701946.21,487372014276.545
4540.765625,523.940002441406,6200977706832.12,486910286391.573
4542.328125,524.190002441406,6173792389131.76,476864236864.755
4543.890625,524.429992675781,6058993226956.88,465100583218.314
4545.453125,524.190002441406,6268920693357.23,443686872912.342
4547.015625,524.559992675781,6140105825216.76,435038151561.366
4548.578125,524.679992675781,6213431749241.06,447646121076.876
4550.140625,524.429992675781,6349403212727.65,446476481213.228
4551.703125,524.679992675781,6224471534364.46,418522883263.83
4553.265625,524.679992675781,6243797997028.26,436726965562.776
4554.828125,524.190002441406,6214439107041.18,450414726949.595
4556.390625,524.679992675781,6220396624146.92,497936977596.324
4557.953125,524.679992675781,6076909433893.44,492742330781.13
4559.515625,524.699992675781,6303498766134.5,494262554382.238
4561.078125,524.929992675781,6110906581805.55,450437138685.613
4562.640625,525.169982910156,6245988131118.84,436731449923.131
4564.203125,525.169982910156,6250456423416.79,458984194500.326
4565.765625,525.419982910156,6266415895550.97,488256343595.532
4567.328125,525.169982910156,6388981097914.41,479719300031.487
4568.890625,525.304598294771,6472722808035,421432782783.737
4570.453125,525.659973144531,6312769850803.93,456533950738.686
4572.015625,525.659973144531,6292661753035.66,437421046502.385
4573.578125,525.659973144531,6417708009333.02,487660533456.829
4575.140625,525.909973144531,6390093897802.66,448485931631.322
4576.703125,525.909973144531,6373053114348.12,469673625302.025
4578.265625,525.909973144531,6309585872925.25,419480319225.356
4579.828125,525.909973144531,6367747818096.68,450802101565.268
4581.390625,525.909973144531,6494949390534.23,472878192569.057
4582.953125,526.215369591346,6480062230377.72,436523843246.569
4584.515625,526.159973144531,6446845768778.23,437446292143.748
4586.078125,526.400024414063,6222290204905.19,465421164655.919
4587.640625,526.400024414063,6390186496067.4,472729490315.975
4589.203125,526.640409029448,6431531306826.02,453339984338.904
4590.765625,526.530024414063,6451848509792.5,476911278344.249
4592.328125,526.650024414063,6322856546513.91,507581412432.252
4593.890625,526.490024414063,6385912035051.35,470169901185.256
4595.453125,526.900024414063,6356367361224.02,480221186353.493
4597.015625,527.140014648438,6304186329229.56,439220847380.617
4598.578125,527.140014648438,6395055427606.03,406343299805.197
4600.140625,527.140014648438,6395064303084.43,466894682578.515
4601.703125,527.390014648438,6537312930253.1,489378232328.007
4603.265625,527.390014648438,6300150615763.71,440907662521.153
4604.828125,527.390014648438,6303097071946.19,503453996607.138
4606.390625,527.390014648438,6426725525722.25,461393511137.98
4607.953125,527.19770695613,6299963201871.78,488990809761.023
4609.515625,527.390014648438,6347579359399.57,465774697055.33
4611.078125,527.390014648438,6272747565128.61,489911170147.643
4612.640625,527.640014648438,6318746723072.1,474317617984.214
4614.203125,527.640014648438,6289070329401.12,441062145101.356
4615.765625,527.713857797477,6422796483240.08,471061868823.288
4617.328125,527.880004882813,6502609715681.96,417077609650.147
4618.890625,527.880004882813,6491758049799.15,452332746429.562
4620.453125,527.880004882813,6398900964804.31,434479273153.854
4622.015625,528.130004882813,6415445115160.38,468543574867.199
4623.578125,528.130004882813,6512961434953.85,425007988099.123
4625.140625,528.380004882813,6419737421217.69,495818366388.605
4626.703125,528.380004882813,6463544126175.55,473624043047.571
4628.265625,528.380004882813,6580997662558.79,461668899830.936
4629.828125,528.619995117188,6462413158818.03,488381919930.751
4631.390625,528.619995117188,6392443029841.37,485377217321.77
4632.953125,528.619995117188,6308948351167.13,463072035573.034
4634.515625,528.739995117188,6512053070355.3,456292285353.371
4636.078125,528.648841271034,6388396010736.52,419579202157.307
4637.640625,529.109985351563,6488646462248.34,456445799622.815
4639.203125,529.109985351563,6416244632412.6,450120899300.258
4640.765625,528.733069786659,6552402521256.76,505658153739.494
4642.328125,529.063989257813,6475345907974.13,527850761937.746
4643.890625,529.109985351563,6488556375670.36,493808155295.03
4645.453125,529.359985351563,6525005194085.54,497984556484.634
4647.015625,528.889194335938,6503933461158.04,476284534502.52
4648.578125,529.359985351563,6575761654488.02,488783846835.341
4650.140625,529.609985351563,6420301208512.6,469246368594.076
4651.703125,529.849975585938,6610224560952.6,477177227198.123
4653.265625,529.849975585938,6544979038316.27,485313779912.078
4654.828125,529.629184570313,6460692341060.17,484048951410.833
4656.390625,529.849975585938,6470760632197.52,496618249803.961
4657.953125,529.849975585938,6463435440773.23,502789804077.588
4659.515625,529.609985351563,6537815092631.24,465734034932.794
4661.078125,530.042283278246,6516685990602.78,508481276376.426
4662.640625,530.099975585938,6471945601558.7,509802119609.965
4664.203125,530.099975585938,6618874957390.33,460148963462.446
4665.765625,530.128821739784,6570923181253.31,463246916465.663
4667.328125,530.099975585938,6459569631576.86,462528958836.228
4668.890625,530.589965820313,6494839842651.55,399921885646.172
4670.453125,530.589965820313,6495939138544.54,469786390316.644
4672.015625,530.839965820313,6513237817631.52,477846224577.015
4673.578125,530.589965820313,6557188107225.03,458992860109.833
4675.140625,530.589965820313,6561428133373.46,491816908439.577
4676.703125,531.080350435698,6479336741237.31,529719339719.863
4678.265625,531.233959960938,6780554176901.98,475409578916.773
4679.828125,531.329956054688,6529551282383.76,488323639221.802
4681.390625,531.089965820313,6685144573348.72,446259464833.552
4682.953125,531.329956054688,6592474883469.49,458624203133.203
4684.515625,531.579956054688,6681351789319.72,437096398335.887
4686.078125,531.329956054688,6667654478013.98,497013221832.38
4687.640625,531.329956054688,6497098950308.08,489719546225.241
4689.203125,531.329956054688,6618810677078.3,498118665669.618
4690.765625,531.579956054688,6600095157522.97,473166802879.7
4692.328125,531.647170410157,6488524055348.28,456495600144.894
4693.890625,531.579956054688,6455495235227.41,482100827917.486
4695.453125,531.783076359676,6687735162904.57,525463292114.121
4697.015625,531.820007324219,6719289856861.35,488242087353.006
4698.578125,532.070007324219,6755631433825.39,471253650792.489
4700.140625,531.820007324219,6433939965984.71,486153968860.803
4701.703125,531.820007324219,6507739973119.33,506089150647.123
4703.265625,531.935391939604,6816046301243.46,462226579795.504
4704.828125,532.559997558594,6588789065708.41,453795866137.13
4706.390625,532.559997558594,6613144406610.26,477535209144.836
4707.953125,532.559997558594,6694624733098.58,455459520638.733
4709.515625,532.559997558594,6673168582557.24,474625121825.426
4711.078125,532.809997558594,6536336603846.66,483076394937.235
4712.640625,532.559997558594,6599626379741.96,456268263110.482
4714.203125,532.809997558594,6441622080767.63,533173206710.431
4715.765625,532.559997558594,6646542462147.33,490299834194.168
4717.328125,532.955758901743,6686864589524.25,410333318421.245
4718.890625,532.915593261719,6691406446649.72,533295363976.922
4720.453125,533.049987792969,6668870954800.54,496776068180.063
4722.015625,533.179987792969,6639891972124.17,495166463903.02
4723.578125,533.049987792969,6641462710263.89,512321151167.184
4725.140625,533.049987792969,6692457455500.1,519344260133.466
4726.703125,533.299987792969,6661639939432.66,555549033487.811
4728.265625,533.299987792969,6533941344812.04,521231751886.206
4729.828125,533.889254056491,6683373643447.45,528534868503.292
4731.390625,533.299987792969,6625579952308.81,507673568683.46
4732.953125,533.7900390625,6728532051880.45,458079274109.982
4734.515625,533.7900390625,6721279550366.96,465648774823.982
4736.078125,533.7900390625,6704731826739.07,494003896111.617
4737.640625,534.0400390625,6757181931855.72,474009281106.196
4739.203125,533.7900390625,6681511866250.34,504849944717.452
4740.765625,534.0400390625,6669242550273.74,512715787116.754
4742.328125,534.088115985577,6673268168017.02,499057635868.706
4743.890625,533.953500600962,6788070199791.23,516250139392.256
4745.453125,533.7900390625,6876325253413.46,531754366391.558
4747.015625,534.2900390625,6733703546077.5,501876310763.506
4748.578125,534.780029296875,6782072414521.34,527240389234.205
4750.140625,534.530029296875,6749310159282.89,485234789138.195
4751.703125,534.493107722356,6745302600311.77,499471608603.994
4753.265625,534.530029296875,6715648126223.33,466246125694.613
4754.828125,534.853872445914,6903286065999.25,489595749753.785
4756.390625,535.02001953125,6798439666613.5,528667090874.975
4757.953125,534.530029296875,6744033434565.88,466407325724.033
4759.515625,535.02001953125,6871037250890.67,454436626575.342
4761.078125,535.52001953125,6702836933220.4,454452480415.164
4762.640625,535.02001953125,6693884570370.18,465136206126.825
4764.203125,535.27001953125,6695216488368.72,462270876428.478
4765.765625,535.16001953125,6777364672501.21,506685477472.249
4767.328125,535.52001953125,6816539384212.69,491502191849.439
4768.890625,535.404634915865,6536777232918.63,495082921768.659
4770.453125,535.52001953125,6833944038654.05,527601605738.536
4772.015625,535.27001953125,6885882009331.41,513154101369.613
4773.578125,535.27001953125,6809293809739.64,520032920575.611
4775.140625,535.52001953125,6895642968829.29,483453067999.91
4776.703125,535.760009765625,6966023484048.75,475670749833.394
4778.265625,535.52001953125,6890730648770.82,498238298790.944
4779.828125,535.760009765625,6915115697978.39,438473128373.641
4781.390625,536.010009765625,6909228641971.44,531074881029.783
4782.953125,536.25,7013070381817.45,488773332904.912
4784.515625,536.25,6694948816265.11,464776302103.422
4786.078125,536.5,6785179016291.64,492434344318.548
4787.640625,536.25,6845719218430.58,488506064200.601
4789.203125,536.711538461539,6771557331030.98,559970256621.857
4790.765625,536.311542217548,6903493198184.03,531089683006.234
4792.328125,536.25,6842996415804.78,465350676220.231
4793.890625,536.5,6874402702735.79,511814478118.427
4795.453125,536.480769230769,6913947048532.34,478780793968.996
4797.015625,536.989990234375,6973610024649.54,518031738247.288
4798.578125,536.989990234375,6769154625153.4,450940382314.347
4800.140625,537.172682542067,6931763620925.82,486619515498.401
4801.703125,536.989990234375,6933173465250.36,484142287293.159
4803.265625,536.989990234375,6778477178740.88,491308079658.485
4804.828125,537.239990234375,6768726009326.63,479547690771.423
4806.390625,537.239990234375,6923929675150.23,523516087818.935
4807.953125,537.47998046875,6982037542739.62,522851662683.244
4809.515625,537.72998046875,6924257297145.03,459642177174.167
4811.078125,537.528057391827,6880479629614.71,551394763987.147
4812.640625,537.566518930289,6940288698458.65,537299730625.069
4814.203125,537.72998046875,6870228504721.87,492438171932.213
4815.765625,537.85998046875,7055841987140.32,512369083715.253
4817.328125,537.701134314904,7045051414732.92,481214738550.07
4818.890625,537.72998046875,7097135192423.42,513644114824.313
4820.453125,537.97998046875,7158923260452.34,569625908558.912
4822.015625,537.97998046875,6999308977381.59,538528965877.249
4823.578125,537.97998046875,6982913707825.23,482329140552.959
4825.140625,538.219970703125,6939206281701.41,534609837017.319
4826.703125,538.219970703125,7121885967782.54,500780288866.967
4828.265625,538.219970703125,7040980482741.85,496222726708.51
4829.828125,538.281512920673,7099009758061.15,525121791676.399
4831.390625,538.469970703125,7004864911983.56,484134586081.294
4832.953125,538.52139718192,7022173812157.86,497692586935.172
4834.515625,538.9599609375,7099832135928.49,484610168885.81
4836.078125,538.9599609375,7028925529304.33,504738312627.602
4837.640625,538.9599609375,7184781499968.72,525579561817.783
4839.203125,538.979191706731,7152705062425.65,508193163339.937
4840.765625,539.2099609375,7302092837243.36,484266435608.349
4842.328125,539.110727163462,7132503693892.35,468197956854.362
4843.890625,539.2099609375,7233961782602.2,499931141969.138
4845.453125,539.449951171875,7105873275044.84,503291507980.462
4847.015625,539.2099609375,7228428984001.24,501152159723.54
4848.578125,539.699951171875,7247573704193.21,520673436686.22
4850.140625,539.699951171875,7053015059715.29,553264325582.373
4851.703125,539.699951171875,7104284805157.17,537741792723.065
4853.265625,539.544191800631,7131620314200.76,546696884720.283
4854.828125,539.699951171875,7164713887258.72,445082679490.022
4856.390625,539.75534761869,7202255975708.33,502400059270.302
4857.953125,539.940002441406,7243040594194.03,524110391789.006
4859.515625,540.03615628756,7098387281456.52,530172420864.641
4861.078125,540.440002441406,7123591935044.13,543353428618.467
4862.640625,540.305387056791,7303632917825.92,518722662238.118
4864.203125,540.6046095628,7071421733197.78,518670728998.008
4865.765625,540.440002441406,7059168510414.69,518159476977.87
4867.328125,540.440002441406,6955039406910.57,543682441406.298
4868.890625,540.679992675781,7223959999588.59,485975200153.474
4870.453125,540.679992675781,7055043773618.58,509420636088.251
4872.015625,540.679992675781,7182805351593.18,494147372132.385
4873.578125,540.679992675781,7170361945689.03,544507471146.159
4875.140625,540.440002441406,7219477586907.77,506060563874.202
4876.703125,541.013066218449,7154582052168.03,543976831319.695
4878.265625,541.169982910156,7213075378192.75,519968566717.668
4879.828125,541.169982910156,7208585894763.04,457160951696.866
4881.390625,541.169982910156,7119709958360.01,553842338719.989
4882.953125,540.929992675781,7024933958127.98,524797122801.561
4884.515625,541.169982910156,7045218618065.52,493662097196.979
4886.078125,541.419982910156,7123508877187.99,567493120427.497
4887.640625,541.910034179688,7286315395863,535532931116.668
4889.203125,541.669982910156,7208898827651.35,543712627021.479
4890.765625,541.669982910156,7015881832585.25,557939714558.999
4892.328125,541.169982910156,7020834650990.03,495135630998.799
4893.890625,541.631521371695,7028867582057.74,519838038823.226
4895.453125,541.669982910156,7072817639535.99,550576780621.748
4897.015625,541.669982910156,7203107981571.67,511293897065.648
4898.578125,541.762310321515,7133358205575.83,506501945177.034
4900.140625,541.96360560826,7098202764375.4,478562353318.239
4901.703125,541.910034179688,7109751448504.79,516221346354.857
4903.265625,542.160034179688,7004484788981.82,516749000901.147
4904.828125,542.160034179688,7110239404202.03,486524023721.493
4906.390625,542.400024414063,7143126577594.78,492831551172.648
4907.953125,542.391453334264,7142720375617.63,497238998932.109
4909.515625,542.160034179688,7211574838905.21,525801829642.092
4911.078125,542.400024414063,7220596491869.2,537369136162.028
4912.640625,542.650024414063,7386295877328.8,522345871131.709
4914.203125,542.650024414063,7163345116154.72,620696735807.444
4915.765625,543.140014648438,7196305894604.18,460389182022.293
4917.328125,542.890014648438,7164250481679.87,508592774801.391
4918.890625,543.140014648438,7143307173684.07,492236544646.377
4920.453125,543.140014648438,7254283091376.77,486445488756.539
4922.015625,543.140014648438,7288634681227.19,479207899489.913
4923.578125,543.210014648438,7124143507556.02,434848252152.525
4925.140625,543.140014648438,7223959999588.59,485039485654.069
4926.703125,543.390014648438,7299456586530.72,563216195404.398
4928.265625,543.630004882813,7115457156234.33,531376418677.925
4929.828125,543.630004882813,7287158374171.9,507688640761.953
4931.390625,543.390014648438,7223077890981.78,528295682572.761
4932.953125,543.630004882813,7280819769159.22,549021422106.846
4934.515625,543.706927959736,7136305403497.02,598930002636.16
4936.078125,543.880004882813,7352742715190.71,561728057423.686
4937.640625,543.880004882813,7248107138745.29,477260747111.534
4939.203125,543.764620267428,7292654870250.11,546785669737.818
4940.765625,544.119995117188,7341017629038.16,540024852678.113
4942.328125,544.369995117188,7236755617199.74,546948577155.329
4943.890625,544.369995117188,7291653061965.99,551523172633.338
4945.453125,544.369995117188,7312220598712.01,526657214545.658
4947.015625,544.369995117188,7286010213577.56,511637051562.331
4948.578125,544.369995117188,7253261164116.79,570011176852.515
4950.140625,544.609985351563,7313158883252,530966596372.974
4951.703125,544.859985351563,7498909815777.41,484346567232.881
4953.265625,544.859985351563,7380997357231.41,526724993646.056
4954.828125,544.859985351563,7378309969869.88,536984722296.42
4956.390625,544.859985351563,7343485178436.12,497424940939.742
4957.953125,544.859985351563,7409069041314.45,524584327195.031
4959.515625,544.859985351563,7190765487986.77,506327501021.53
4961.078125,545.2761324369,7398187898024.6,505112650426.7
4962.640625,545.109985351563,7329234238781.08,567727286399.776
4964.203125,545.086134690505,7425632798751.98,525095331589.588
4965.765625,545.149184570313,7230128717066.96,575564619141.865
4967.328125,545.599975585938,7381013020394.69,440159815837.136
4968.890625,545.839965820313,7357625788794.83,476087664430.907
4970.453125,545.784583458534,7398646052751.21,467333931863.409
4972.015625,545.747661884015,7309753065332.79,538429651573.215
4973.578125,545.599975585938,7282720305358.98,530814325850.075
4975.140625,545.349975585938,7169209917052.27,466763369722.495
4976.703125,545.764582707332,7259176556095.79,517311038343.665
4978.265625,545.839965820313,7273384802441.24,547637212180.75
4979.828125,545.839965820313,7311880422527.72,518897311429.741
4981.390625,546.089965820313,7349967124492.5,530310651748.01
4982.953125,545.839965820313,7334877551967.76,537774948803.394
4984.515625,546.089965820313,7444622728458.15,530588940781.119
4986.078125,546.185961914063,7356916479402.83,527565475389.184
4987.640625,546.329956054688,7505838838345.94,502962596581.661
4989.203125,546.329956054688,7252923487480.22,536968066885.678
4990.765625,546.349956054688,7462798997630,535305952263.883
4992.328125,546.579956054688,7470911115578.17,545452068078.447
4993.890625,546.820007324219,7454560625435.33,561806847004.94
4995.453125,546.820007324219,7314012267761.82,548804453731.497
4997.015625,546.734274727958,7512226720625.27,530793215540.403
4998.578125,547.070007324219,7460918927301.5,576017438556.984
5000.140625,547.070007324219,7576248960270.77,558404139156.495
5001.703125,547.320007324219,7409692472591.25,513662961773.097
5003.265625,547.070007324219,7479556750307.54,527379514872.502
5004.828125,547.070007324219,7488681084376.33,493025581058.513
5006.390625,547.559997558594,7344983522976.66,502875757466.362
5007.953125,547.495384803185,7389296504217.89,524632498346.676
5009.515625,547.809997558594,7509593247117.37,523136134805.609
5011.078125,547.559997558594,7637124074291.46,534356566539.693
5012.640625,547.329237717849,7420519067255.53,542136002912.158
5014.203125,547.809997558594,7472372565432.26,548520927518.809
5015.765625,547.809997558594,7478843033402.26,553658632964.413
5017.328125,547.809997558594,7530951296041.48,560433834471.309
5018.890625,548.049987792969,7599835984449.72,564081869264.294
5020.453125,548.299987792969,7412273867241.49,581389797350.614
5022.015625,548.049987792969,7538140556766.74,538837307104.664
5023.578125,548.049987792969,7332055109364.63,584534346773.649
5025.140625,548.299987792969,7410393471173.07,595193006920.064
5026.703125,548.299987792969,7533974568557.49,544816910751.658
5028.265625,548.277695875902,7364829780937.49,534314762372.644
5029.828125,548.299987792969,7590118550475.25,529108530523.208
5031.390625,548.722731370192,7525999437580.78,555744174951.336
5032.953125,548.6300390625,7588944515525.48,578038276421.916
5034.515625,548.7900390625,7657911527837.36,570137925187.446
5036.078125,549.030029296875,7527515290067.59,518936127250.513
5037.640625,549.030029296875,7440926190070.63,526622778624.995
5039.203125,548.5400390625,7567644495198.39,593751604886.699
5040.765625,549.030029296875,7546902553247.67,541685590517.672
5042.328125,549.030029296875,7511017612332.09,550329743174.465
5043.890625,549.030029296875,7563570858296.17,555024000197.224
5045.453125,549.280029296875,7561564708790.99,558395140230.824
5047.015625,549.280029296875,7533445559254.14,571350392996.001
5048.578125,549.030029296875,7677326868852.36,564130535185.465
5050.140625,549.530029296875,7429434260628.23,554910273417.336
5051.703125,549.77001953125,7486603301651.84,590499244286.765
5053.265625,549.827711838942,7649005880483.23,535180649275.661
5054.828125,549.846942608173,7611446334076.5,521819898487.797
5056.390625,549.77001953125,7561153206594.3,540264194592.213
5057.953125,550.122872488839,7531651341289.37,551006365722.65
5059.515625,550.260009765625,7528157583740.05,547446481568.375
5061.078125,550.260009765625,7479961736541.97,550555372448.381
5062.640625,550.260009765625,7525054576572.71,522084397202.895
5064.203125,549.77001953125,7495100717037.57,505375877758.158
5065.765625,550.260009765625,7411194512402.31,488259118479.013
5067.328125,550.510009765625,7498174500595.8,544354846163.757
5068.890625,550.639235276442,7474654576798.81,561728486211.297
5070.453125,550.510009765625,7507438754079.97,556416766048.071
5072.015625,550.75,7450266508578.92,560727659759.11
5073.578125,551,7605369748564.21,614541721390.123
5075.140625,550.574622521034,7579065168259.03,532990800378.013
5076.703125,550.75,7568251808935.96,570365309355.539
5078.265625,550.722308819111,7559535132393.86,495068071320.934
5079.828125,550.87,7531311221150.1,542696177796.811
5081.390625,551,7519942155998.21,564530254996.006
5082.953125,550.75,7600283422132.1,537555725457.423
5084.515625,551.239990234375,7601233602866.02,528678067926.354
5086.078125,551.489990234375,7539498432431.26,566528105655.535
5087.640625,551.239990234375,7585514751168.72,564936743387.52
5089.203125,551.489990234375,7611511600084.15,585125073656.936
5090.765625,551.239990234375,7690453958684.05,575348677133.316
5092.328125,551.509189453125,7664984755754.78,605079035540.754
5093.890625,551.72998046875,7684856928273.18,545492184523.906
5095.453125,551.72998046875,7672729918912.65,532660500827.477
5097.015625,551.72998046875,7651014816939.54,523939552900.974
5098.578125,551.97998046875,7724035626524.56,529435129460.66
5100.140625,552.155357947716,7799786150622.29,555425217260.421
5101.703125,552.219970703125,7644156413628.86,608669939772.119
5103.265625,552.219970703125,7792386040380.61,536123791646.956
5104.828125,552.123974609375,7747582567017.64,513509836188.54
5106.390625,552.469970703125,7548402139039.05,540231409890.534
5107.953125,552.469970703125,7633789471335.35,548629360918.069
5109.515625,552.469970703125,7724490610514.33,545067232794.096
5111.078125,552.9599609375,7631900767552.23,567690123000.792
5112.640625,552.7099609375,7721022407393.12,538708055681.036
5114.203125,552.748422475962,7782320357542.36,535779965535.532
5115.765625,552.7099609375,7653499813237.02,615293913905.365
5117.328125,552.9599609375,7634701845927.36,555375988099.788
5118.890625,552.7999609375,7670912952869,536668311212.437
5120.453125,552.9599609375,7713874093388.24,527797630224.033
5122.015625,552.7099609375,7728258473697.52,544703899551.885
5123.578125,552.9599609375,7597173555554.13,573829194430.039
5125.140625,553.449951171875,7737862514470.55,561164936572.06
5126.703125,553.699951171875,7734817079374.92,548047128953.002
5128.265625,553.430751953125,7612439979300.66,539978005263.195
5129.828125,553.699951171875,7642902025842.3,568634319449.442
5131.390625,553.507643479567,7776165132609.67,511504812676.486
5132.953125,553.699951171875,7758086831674.33,545970493129.328
5134.515625,553.940002441406,7654881870887.93,553901414923.223
5136.078125,553.699951171875,7669537886062.88,566405969400.159
5137.640625,553.699951171875,7754830182188.08,531078713504.499
5139.203125,553.940002441406,7551570250851.36,563097170484.396
5140.765625,554.016925518329,7637962949320.16,563459629717.705
5142.328125,554.132310133714,7602473334448.6,571553380420.881
5143.890625,553.940002441406,7789769860222.87,553727965423.337
5145.453125,554.190002441406,7644741138744.23,543253540103.427
5147.015625,554.190002441406,7644463140411.45,519140419947.786
5148.578125,554.429992675781,7721331532042.08,540456256429.63
5150.140625,554.679992675781,7723802628351.95,559492460703.508
5151.703125,554.679992675781,7770017070955.67,560364014802.716
5153.265625,554.919982910156,7903243493672.01,536580039510.527
5154.828125,554.873830942007,7726422029708.71,574612104323.816
5156.390625,554.919982910156,7827055765023.49,574895536398.17
5157.953125,554.919982910156,7825237808147.41,581999497546.411
5159.515625,555.169982910156,7771237253340.34,558168774658.235
5161.078125,555.169982910156,7647281582118.64,578805520910.951
5162.640625,555.089625767299,7759300122381.25,504026499311.432
5164.203125,555.169982910156,7758439763248.1,565777886650.878
5165.765625,555.354637732873,7878503519343.55,570137860858.668
5167.328125,555.510034179688,7925622785446.52,599655537872.587
5168.890625,555.410034179688,7786996666404.27,547110117819.955
5170.453125,555.410034179688,7775187487386.85,611257940117.037
5172.015625,555.458111102765,7744464713531.02,574349552831.93
5173.578125,555.169982910156,7706675028628.87,539600402828.638
5175.140625,555.410034179688,7794667234524.64,537225138436.643
5176.703125,555.660034179688,7791027040624.53,533194549014.303
5178.265625,556.390014648438,7792692265231.41,595245460009.156
5179.828125,556.150024414063,7861067499373.85,528318076073.127
5181.390625,556.015409029448,7896280620410.4,518662444537.797
5182.953125,556.150024414063,7652219536739.05,556614655274.752
5184.515625,556.150024414063,7862015196267.74,589446214862.913
5186.078125,556.390014648438,7667845168512.05,605945483170.947
5187.640625,556.214637169472,7819434971938.08,552655989457.897
5189.203125,556.457322340746,7771290343726.28,633041189257.762
5190.765625,556.640014648438,7730200069437.79,601040926092.849
5192.328125,556.640014648438,7778009862630.48,568339526262.89
5193.890625,556.640014648438,7920719876525.44,597125654056.975
5195.453125,556.640014648438,7745979652845.46,595379854422.93
5197.015625,556.880004882813,7831682357842.41,557158374095.885
5198.578125,556.880004882813,7933358827344.19,572122710215.409
5200.140625,556.880004882813,7722788949152.25,529444169569.216
5201.703125,556.880004882813,8007883207313.96,620188993524.56
5203.265625,557.27769118089,7810453184900.66,557050678058.854
5204.828125,556.640014648438,7925521340901.91,516774841336.015
5206.390625,557.369995117188,7780074214531.82,562952994910.929
5207.953125,557.369995117188,7854991843674.39,595390935052.41
5209.515625,557.369995117188,7968502642978.23,584866275250.036
5211.078125,557.619995117188,8059720628897.08,581611899482.664
5212.640625,557.619995117188,7835337452917.26,595915272312.485
5214.203125,557.706391601563,7650669882223.53,594392372879.024
5215.765625,557.859985351563,7702165308279.96,571139292560.415
5217.328125,558.109985351563,7929379886057.46,601630739111.72
5218.890625,558.100369966948,7960271036190.91,530993794532.326
5220.453125,557.619995117188,7928601951982.06,586283590294.615
5222.015625,558.109985351563,7861466352161.09,548157096228.893
5223.578125,558.169982910157,7889942945981.04,588958526404.18
5225.140625,558.349975585938,7868707032018.13,535305821518.183
5226.703125,558.384458344559,7879559390015.63,583320409828.61
5228.265625,558.479975585938,7963712958150.08,572823044215.965
5229.828125,558.599975585938,7826860530235.8,564007549246.89
5231.390625,558.599975585938,7963822966640.45,598545961145.682
5232.953125,558.636897160457,7994882009625.74,562195432660.131
5234.515625,558.839965820313,7945693561255.77,577600437313.604
5236.078125,558.839965820313,7851417341594.64,571421354427.409
5237.640625,559.070735051082,7803589994657.27,602671448753.595
5239.203125,559.089965820313,7961688422848.56,537339798321.393
5240.765625,558.859965820313,7930628455038.63,535374314288.133
5242.328125,559.329956054688,7978586583058.02,598449016266.1
5243.890625,559.089965820313,7792259815562.48,577150158741.143
5245.453125,559.579956054688,8003894847603.72,552306278193.091
5247.015625,559.089965820313,7973957402379.08,638405737318.295
5248.578125,559.329956054688,8015745040309.03,583302212034.077
5250.140625,559.469956054688,7838908268026.5,580747962830.637
5251.703125,559.329956054688,7980450176326.14,550435224723.667
5253.265625,559.579956054688,7839133596149.16,538969354500.818
5254.828125,559.431345972522,8002018386139.57,570102097078.011
5256.390625,559.820007324219,7915248519336.22,583769073665.533
5257.953125,560.309997558594,7953404852740.85,572955530745.917
5259.515625,560.309997558594,7971730988462.18,543191790575.018
5261.078125,560.309997558594,8028325225171.77,578776287159.436
5262.640625,560.309997558594,7944075480174.68,560557290907.368
5264.203125,560.175603027344,8022854016503.31,538277120393.792
5265.765625,560.511920635517,8100360706736.78,535050080872.238
5267.328125,560.070007324219,8025960370004.56,556430047147.536
5268.890625,560.309997558594,8005786191858.39,572341890161.318
5270.453125,560.521536020133,7980868009614.71,600275304422.371
5272.015625,560.309997558594,7982258936377.11,561067400536.138
5273.578125,560.799987792969,7958898178285.01,564588103349.168
5275.140625,560.559997558594,7974870068956.93,591118871379.285
5276.703125,560.76306621845,8024837942328.16,605141400861.01
5278.265625,561.049987792969,8029997907084.41,571491681659.487
5279.828125,560.710763784556,8066699189613.46,559080810998.048
5281.390625,561.049987792969,8074589819999.48,564125372683.4
5282.953125,561.2900390625,8158242302683.49,593435886758.177
5284.515625,561.5400390625,8102967573193.97,544028360863.783
5286.078125,561.5400390625,7910501112467.75,583893345171.67
5287.640625,561.2900390625,8002140253987.76,609624344414.643
5289.203125,561.5400390625,8128929204057.3,587197061873.856
5290.765625,561.5400390625,7770946756700.79,573025930898.891
5292.328125,561.049987792969,8246651279282.55,533693372093.412
5293.890625,561.5400390625,8109504421043.61,594553742253.836
5295.453125,561.780029296875,8062602565420.22,592510230745.649
5297.015625,561.953106219952,8067382485781.04,558615085903.617
5298.578125,561.5400390625,8106725586111.97,610811582470.004
5300.140625,561.818490835337,8052505929064.63,557421801611.354
5301.703125,561.870029296875,8013915476791.66,524784389782.868
5303.265625,562.27001953125,8090088078855.02,548538274967.096
5304.828125,562.030029296875,8030019977161.23,563623732893.4
5306.390625,561.780029296875,8115349619712.77,574922522514.076
5307.953125,562.030029296875,8116011758813.57,553470938831.675
5309.515625,562.52001953125,8335350812648.61,634020963334.314
5311.078125,562.030029296875,8123414227408.97,594711152136.741
5312.640625,562.030029296875,8169891584111.83,598543229201.071
5314.203125,563.21230844351,8192631273552.57,585918033102.451
5315.765625,562.40001953125,8164788608537,640594765251.919
5317.328125,562.732318584736,8391422551042.52,587051464635.5
5318.890625,563.5,8292096871140.02,610828967757.207
5320.453125,563.943058894231,8326272814115.82,582458651769.279
5322.015625,563.010009765625,8368545324250.5,610118679915.904
5323.578125,563.010009765625,8343390891557.64,583095928514.873
5325.140625,563.23153921274,8360778911942.15,621328301081.668
5326.703125,562.972318209135,8206073670482.71,634290867427.154
5328.265625,564.22998046875,8253640485668.86,622867566384.733
5329.828125,563.25,8290312498492.86,599004629840.77
5331.390625,563.010009765625,8279760121971.66,583790486215.122
5332.953125,563.5,8328971871382.29,604811709295.892
5334.515625,563.739990234375,8328328617225,619887065038.228
5336.078125,563.97998046875,8624169515639.78,640656858335.359
5337.640625,563.739990234375,8365885008602.75,618696682679.212
5339.203125,563.97998046875,8462305379242.67,641027396361.014
5340.765625,563.86478515625,8489984433771.35,545552869405.207
5342.328125,565.2099609375,8440990868710.98,589671351331.524
5343.890625,564.469970703125,8506956213068.97,585866459670.277
5345.453125,563.97998046875,8275734869116.12,565965112093.856
5347.015625,563.97998046875,8441776060784.68,629591949371.935
5348.578125,565.2099609375,8301804536389.13,608453979740.63
5350.140625,564.22998046875,8542165623708.53,593527273878.487
5351.703125,564.469970703125,8432383713624.12,566634117931.998
5353.265625,564.30837890625,8521447179321.11,553561586109.406
5354.828125,564.719970703125,8539087429730.71,588286071895.989
5356.390625,564.719970703125,8574433600052.3,621178805050.684
5357.953125,564.508432241587,8512396885232.78,601646025376.738
5359.515625,564.9599609375,8502537295623.19,631269134537.894
5361.078125,564.759169921875,8551635776507.59,614037718973.482
5362.640625,565.2099609375,8546667005008.42,559181959516.367
5364.203125,565.449951171875,8625822379362.55,630641685779.063
5365.765625,565.2099609375,8411895715506.81,593583412551.007
5367.328125,565.2099609375,8417699307986.54,596597974364.162
5368.890625,565.2099609375,8558339573432.33,626289262549.154
5370.453125,565.449951171875,8551041350269.59,604280460947.443
5372.015625,565.449951171875,8551755690186.22,632760865478.866
5373.578125,565.699951171875,8477633755795.25,610698652681.677
5375.140625,565.699951171875,8558157916190.64,631956615504.145
5376.703125,566.593454214243,8450774740827.18,661388629153.34
5378.265625,565.2099609375,8376843779122.3,586273749117.219
5379.828125,565.940002441406,8661755474534.62,573194973391.748
5381.390625,565.940002441406,8397716884629.51,604725183611.79
5382.953125,566.180387056791,8276294076653.16,572412082035.766
5384.515625,567.044809570313,8565409985200.03,622141263761.252
5386.078125,566.190002441406,8519240126027.83,590567819431.43
5387.640625,566.692807617188,8557969352104.17,618189236181.459
5389.203125,567.259258563702,8636462299197.17,594728968010.339
5390.765625,566.429992675781,8417900622758.26,595814357902.06
5392.328125,567.410034179688,8523724142089.59,615211323478.173
5393.890625,566.429992675781,8392372129839.43,633506563826.245
5395.453125,566.679992675781,8322414581560.91,639655271366.108
5397.015625,567.104644775391,8544602928357.81,648377709473.427
5398.578125,566.679992675781,8327074557625.16,565076611753.087
5400.140625,566.919982910156,8321361238945.8,595737255574.179
5401.703125,567.003077580379,8641644364769.86,605922795838.175
5403.265625,566.772308349609,8378284376021.11,587767900284.15
5404.828125,567.34849196214,8412182524324.19,638141993767.993
5406.390625,566.868580409459,8390892609912.19,668057834149.298
5407.953125,567.160034179688,8484433114681.93,648744397118.956
5409.515625,567.410034179688,8547340892620.56,650803824703.766
5411.078125,567.160034179688,8691681720708.61,605006174882.794
5412.640625,567.650024414063,8471577128882.88,635573902357.843
5414.203125,567.650024414063,8498133414152.21,631020674501.421
5415.765625,567.900024414063,8423128434069.06,661328006422.605
5417.328125,567.650024414063,8545474181632.71,652563640465.435
5418.890625,568.427706204928,8542784186634.5,639883664758.288
5420.453125,568.010789137621,8532436742860.34,614485841645.611
5422.015625,569.119995117188,8693754860533.24,638019017115.243
5423.578125,567.900024414063,8380112020042.28,635649557888.364
5425.140625,568.716674804688,8458532061006.25,643101962276.436
5426.703125,568.140014648438,8309102876792.24,648622520816.817
5428.265625,568.140014648438,8380573808451.97,622190485901.15
5429.828125,568.390014648438,8537073169614.88,649818213565.033
5431.390625,568.250014648438,8516234448688.79,647995368614.755
5432.953125,568.407156808036,8542145043746.43,579285019830.305
5434.515625,568.390014648438,8565861045345.7,629827221950.952
5436.078125,568.856154221755,8351091526869.49,646616830466.116
5437.640625,568.140014648438,8235955176620.72,622782617143.088
5439.203125,568.880004882813,8549091667534.42,631997546253.797
5440.765625,569.847567854257,8632674132911.19,627457489591.704
5442.328125,569.359985351563,8578692448367.28,631057236880.15
5443.890625,569.119995117188,8656426052436.53,559863566752.389
5445.453125,569.499985351563,8587943207494.37,651654104751.856
5447.015625,570.021577148438,8641520122981.91,625528337964.047
5448.578125,569.359985351563,8472504553535.36,621888923880.672
5450.140625,569.359985351563,8619058160800.29,619196652446.706
5451.703125,569.359985351563,8447099738222.94,646793479439.726
5453.265625,569.609985351563,8500048495439.16,619540890299.48
5454.828125,569.609985351563,8612448708648.41,631306172984.199
5456.390625,569.849975585938,8490350702016.27,593998446172.315
5457.953125,570.118436373198,8759877411452,604056173580.749
5459.515625,571.079956054688,8472719974131.2,597601478774.537
5461.078125,569.849975585938,8600131129934.37,667204751660.479
5462.640625,570.099975585938,8484867563845.81,607055957550.883
5464.203125,570.099975585938,8611300330538.09,663385567489.168
5465.765625,570.339965820313,8573774602827.65,599481507831.469
5467.328125,570.589965820313,8751562965865.54,619956358022.979
5468.890625,570.589965820313,8729494607862.86,610496727610.076
5470.453125,570.842672494742,8644497669347.25,638218205435.476
5472.015625,570.872758789063,8596836408855.92,622367764257.748
5473.578125,570.589965820313,8731932492185.23,603367216546.703
5475.140625,570.829956054688,8544187583383.69,615735884769.523
5476.703125,570.829956054688,8504584711140.66,626620784356.677
5478.265625,570.829956054688,8483450893580.87,582812451869.587
5479.828125,570.829956054688,8548563657336.45,632289303131.263
5481.390625,570.829956054688,8572821584342.47,567687089241.044
5482.953125,571.659221942608,8589100778333.95,593619407412.42
5484.515625,571.320007324219,8475274494888.16,597103232022.682
5486.078125,571.809997558594,8555832977006.6,620055966054.663
5487.640625,570.905348557693,8619827644817.9,610552512562.79
5489.203125,571.559997558594,8586221184051.21,579950216562.556
5490.765625,571.347698505108,8688611154158.85,594851810459.721
5492.328125,571.310375976563,8673048909234.64,661031322778.561
5493.890625,572.780423677885,8767344801295.42,602590753268.712
5495.453125,571.809997558594,8617002761902.26,646316362703.646
5497.015625,571.761920635517,8511858042196.55,637798993291.931
5498.578125,571.809997558594,8566734222877.21,621672922553.871
5500.140625,571.809997558594,8665787845038.21,612880718469.911
5501.703125,571.846919133113,8461448411332.71,685765106925.587
5503.265625,572.5400390625,8672640340610.76,601429317615.754
5504.828125,572.049987792969,8523234180432.81,589224297724.246
5506.390625,572.299987792969,8577159267015.58,607996935112.259
5507.953125,572.049987792969,8499594842003.09,648675004591.222
5509.515625,571.809997558594,8606654917783.04,612916110140.525
5511.078125,572.5400390625,8726666909135.52,650443595320.744
5512.640625,572.503108097957,8636019266811.1,565414163674.915
5514.203125,572.6300390625,8764330405149.99,620108916593.571
5515.765625,572.5400390625,8719719594731.51,619133744749.269
5517.328125,572.882342998798,8734898533348.37,624072848655.395
5518.890625,573.030029296875,8735086652550.19,663317555789.013
5520.453125,573.27001953125,8805934112188.88,679361999171.438
5522.015625,573.27001953125,8852472828385.02,635958599870.005
5523.578125,573.52001953125,8930305039503.36,580171463869.933
5525.140625,573.27001953125,8830628540642.28,711209694218.678
5526.703125,573.27001953125,8755160299512.2,675486773714.735
5528.265625,573.63521484375,8697413674556.68,624756326710.511
5529.828125,573.27001953125,8746794205405.24,653212498463.74
5531.390625,573.525373186384,8787875563298.39,648324648425.743
5532.953125,573.760009765625,8745659517236,617811617286.396
5534.515625,573.52001953125,8730052641552.82,624243376195.901
5536.078125,573.760009765625,8835654936873.25,621908403403.748
5537.640625,574.910696847098,8773595618440.56,652100843168.119
5539.203125,574.010009765625,8843270237410.69,693052470644.742
5540.765625,575.22998046875,8786431726396.75,618716300158.441
5542.328125,574.25,8825452249390.12,664808232463.555
5543.890625,574.010009765625,8747099075261.28,646142292205.286
5545.453125,574.010009765625,8698334030021.84,597254619431.63
5547.015625,574.489990234375,8911121899737.38,626141102601.712
5548.578125,575.469970703125,8800414373484.2,622884612173.104
5550.140625,574.489990234375,8585815963395.55,659054942742.545
5551.703125,574.489990234375,8663838805362.68,628381478996.601
5553.265625,574.785986328125,8709179966744.76,590452642277.06
5554.828125,574.68345289964,8661118658844.72,654201809056.19
5556.390625,574.489990234375,8624785972504.52,623898634564.363
5557.953125,575.098060021034,8673541213175.18,645064778866.331
5559.515625,574.739990234375,8767843913942.22,617245247499.717
5561.1875,574.739990234375,8704950990427.04,628194189231.236
5562.75,575.00998046875,8714508382425.64,648509120671.538
5564.3125,575.7099609375,8706577596161.47,674145711640.484
5565.875,575.469970703125,8791398183155.03,680288022323.981
5567.4375,575.307578125,8716566840096.14,635135778663.219
5569,575.469970703125,8828446098830.97,646836383132.092
5570.5625,575.22998046875,8861518022188.24,629423398890.39
5572.125,575.7099609375,8824032025635.93,631571500903.474
5573.6875,575.7099609375,9012653534841.29,675672992725.057
5575.25,575.7099609375,8787311380593.13,649588052226.655
5576.8125,575.7099609375,8886395201182.32,650645863081.203
5578.375,575.7099609375,8702419624594.88,650752816806.929
5579.9375,576.199951171875,8834278508408.23,694062113460.383
5581.5,576.690002441406,8867799201460.45,669221187332.424
5583.0625,576.199951171875,8978503209514.55,667779697713.884
5584.625,576.199951171875,8676564292395.5,638446243965.599
5586.1875,577.179992675781,8785897820746.94,640115745624.911
5587.75,576.199951171875,8755158349842.59,635107123741.921
5589.3125,576.199951171875,8771297852339.34,665510726017.578
5590.875,576.199951171875,8789816174946.23,641666087613.936
5592.4375,576.199951171875,8582080073191.07,640422838574.594
5594,576.449951171875,8694235835218.22,634685267424.44
5595.5625,576.449951171875,8733239140953.98,635232573143.376
5597.125,576.690002441406,8663178569807.49,615239059502.041
5598.6875,576.929992675781,8890727926412.37,620348532830.33
5600.25,576.929992675781,8889459103287.33,657044613474.299
5601.8125,576.929992675781,8807594225725.44,700958393219.412
5603.375,577.179992675781,8864415346015.05,613131559560.568
5604.9375,577.179992675781,8982650363974.48,612129702297.645
5606.5,577.419982910156,8922005892516.87,626427674900.269
5608.0625,577.336909367488,8963985186696.42,666717887848.161
5609.625,577.669982910156,8879272491999.49,659804582241.166
5611.1875,577.669982910156,8870348885132.32,655545836189.531
5612.75,577.991201171875,8811628064327.49,631130802209.922
5614.3125,577.419982910156,8802668185480.1,659735286428.823
5615.875,577.669982910156,8881835051665.12,637607350866.616
5617.4375,577.669982910156,8943403229861.5,659543091642.966
5619,577.910034179688,8884557345970.72,652609537144.756
5620.5625,578.890014648438,8884981218341.15,624424279587.272
5622.125,577.669982910156,8856254999037.23,639926904081.852
5623.6875,577.669982910156,8805150543483.8,579602202521.323
5625.25,579.101928710938,8867208067932.67,620711673332.265
5626.8125,578.150024414063,8985027849197.62,639322517848.288
5628.375,578.400024414063,8972422546087.93,607489519698.414
5629.9375,578.400024414063,8838192815585.76,622585075085.225
5631.5,578.400024414063,9020915198965.87,672085134259.665
5633.0625,578.630415039063,8843548236775.41,635309007116.938
5634.625,578.640014648438,8936961391194.7,656072629322.859
5636.1875,578.640014648438,8934363032015.23,619265886038.982
5637.75,578.736168494592,8898207113141.6,629881350074.097
5639.3125,578.890014648438,9006908290980.5,677748526224.83
5640.875,579.130004882813,9021223195099.76,661457577081.055
5642.4375,579.859985351563,9047530022203.15,637338062409.381
5644,579.130004882813,8865679473341.02,689967561232.402
5645.5625,579.859985351563,8989002934601.6,724473982201.926
5647.125,579.369995117188,8999548153318.54,664057565716.759
5648.6875,579.369995117188,9028354744322.1,661562791799.11
5650.25,579.42768742488,9037751566605.08,671922353042.097
5651.8125,579.619995117188,9064693914587.86,625891584001.151
5653.375,579.619995117188,8856286870558.31,618954655245.066
5654.9375,579.918383789063,9070385498501.35,671469944063.702
5656.5,579.859985351563,9045848738557.8,658708284281.188
5658.0625,579.859985351563,9093979468819.98,649622106192.783
5659.625,580.109985351563,9066609266432.1,657060343391.273
5661.1875,579.909985351563,9109368360501.73,659991649205.788
5662.75,580.109985351563,8964410896823.18,618283138328.98
5664.3125,580.372778320313,9051111008603.98,670053352051.529
5665.875,580.109985351563,9092880065831.79,667518071412.224
5667.4375,580.109985351563,8917987641573.35,638624194770.152
5669,580.109985351563,8942125781170.52,637161328312.805
5670.5625,580.589965820313,9162493510891.46,646573378763.88
5672.125,580.349975585938,9087804155431.99,646942836985.908
5673.6875,580.396127554087,9145982549405,616061459062.174
5675.25,580.911184082032,9099321656754.34,665212750941.151
5676.8125,581.079956054688,9005893221470.35,647734268549.027
5678.375,580.955161132813,9011101894136.18,664076386479.737
5679.9375,581.570007324219,9139560973330.4,691268933845.934
5681.5,581.079956054688,9110323372589.31,630609131482.194
5683.0625,581.079956054688,9006270161256.37,585690094422.815
5684.625,581.079956054688,8941921518329.81,686305843830.444
5686.1875,581.246145395133,9014115460744.72,634717083205.841
5687.75,580.839965820313,9081149480935.29,574035160625.627
5689.3125,581.320007324219,9081597153285.38,651164379023.289
5690.875,581.570007324219,9022429312876.45,676653262534.281
5692.4375,581.809997558594,9103553095664.51,678614912870.469
5694,581.570007324219,9089016868818.81,662879721018.854
5695.5625,581.809997558594,9141023699978.33,612666426024.009
5697.125,582.049987792969,8934795716506.99,630849244313.581
5698.6875,582.049987792969,9154831728878.09,648980597368.547
5700.25,581.944392089844,8990281594368.09,641777470436.686
5701.8125,582.049987792969,8898285349374.75,685007215543.092
5703.375,581.809997558594,9130070726213.29,639576750742.47
5704.9375,582.5400390625,9100670662391.92,645389285752.382
5706.5,582.9892578125,9106306899709.54,633756698085.404
5708.0625,582.503108097957,9298640160547.06,644335510279.516
5709.625,582.5400390625,9055265079690.22,636186432943.058
5711.1875,582.373849722056,9000455466999.88,712028479524.844
5712.75,582.7900390625,9241603048641.47,642149196965.486
5714.3125,583.52001953125,9043933657270.91,623331938735.944
5715.875,582.299987792969,9144794835754.02,702245918502.647
5717.4375,582.7900390625,8929087452274.43,650629331853.294
5719,582.7900390625,9030154364903.51,644575544459.589
5720.5625,582.965234375,9099202120170.91,678884257807.639
5722.125,583.0972265625,8949279858117.45,686686347066.217
5723.6875,583.27001953125,8930906906695.82,652941271777.58
5725.25,583.67880859375,9091744349580.39,673673314592.072
5726.8125,583.25155874399,9013195167484.07,682174504360.779
5728.375,583.27001953125,9060496963382.92,648781174079.226
5729.9375,583.52001953125,9032372084268.04,650695547697.656
5731.5,583.2265625,8990055872514.22,639023280659.994
5733.0625,583.702412109375,9091098684960.15,641814940836.609
5734.625,583.27001953125,8953723410139.47,633443570627.562
5736.1875,583.27001953125,9038129834847.04,688064049268.058
5737.75,583.557326096755,9022002794159.01,723824966872.627
5739.3125,583.27001953125,9132427872171.66,669324598905.278
5740.875,584.72998046875,9276152042009.84,613942723750.192
5742.4375,583.704627403846,9141602802904.25,653764580860.531
5744,584.25,9238248782368.06,650730438097.581
5745.5625,584.489990234375,9219442410959.83,684729506441.317
5747.125,584.939208984375,9271317165271.59,711921539776.848
5748.6875,584.489990234375,9211787371870.4,662873562378.965
5750.25,584.489990234375,9213365387707.83,649777245935.261
5751.8125,584.508451021635,9110535330961.54,686398005380.135
5753.375,584.489990234375,9226505993114.47,678007266877.702
5754.9375,584.97998046875,9301864412884.72,717567565210.292
5756.5,585.219970703125,9199365596674.63,633539469672.628
5758.0625,585.13357421875,9345173182323.02,653733993806.36
5759.625,584.97998046875,9225527588345.3,678130369745.09
5761.1875,586.440002441406,9268377117259.75,694999079553.898
5762.75,585.7099609375,9411856614978.34,650864792410.419
5764.3125,585.4599609375,9197154339161.54,628919318527.124
5765.875,585.219970703125,9255370197092.94,662716277419.227
5767.4375,585.413808969351,9260338534808.46,685199181015.545
5769,585.4599609375,9054206054815.46,665235141778.987
5770.5625,585.4599609375,9004898632037.48,703736570917.28
5772.125,585.604191706731,9109296385347.54,609702093385.892
5773.6875,585.276508037861,9020313859988.96,659967013729.078
5775.25,585.949951171875,9162094337991.86,666040906471.022
5776.8125,585.7099609375,9229186263967.05,716778849428.567
5778.375,585.7099609375,9102606554081.66,583375972672.369
5779.9375,585.4599609375,9285307560616.7,673226725795.803
5781.5,585.7099609375,9105215945493.31,661164586294.129
5783.0625,585.949951171875,9150016288159.07,645790809860.467
5784.625,586.199951171875,9215014713646.31,689921533036.001
5786.1875,586.440002441406,9194696663997.48,686927911279.686
5787.75,586.440002441406,9117520891228.12,675231109749.236
5789.3125,586.283045842097,9226613260408.06,637853912195.223
5790.875,586.440002441406,9151073785930.36,669784166551.509
5792.4375,586.199951171875,9122343837500.81,594760118672.158
5794,586.334379882813,9067603539286.44,704073834799.339
5795.5625,586.456553492053,9015309563187.03,614534981129.86
5797.125,586.440002441406,9125640505787.96,650420602659.592
5798.6875,586.652301494892,9140464408956.61,714249437163.389
5800.25,586.679992675781,9286795169901.11,692464178397.464
5801.8125,588.140014648438,9173142530744.84,681086353507.987
5803.375,587.001525878906,9232840338240.3,640978874126.929
5804.9375,587.169982910156,9438487782934.92,672270164916.19
5806.5,587.169982910156,9299118345937.86,712912390185.734
5808.0625,588.145019531251,9388661988779.27,704082419454.25
5809.625,587.678494966948,9341342283903.78,656632218900.149
5811.1875,587.900024414063,9390342049090.82,691739647919.469
5812.75,587.660034179688,9341920458141.03,710183454401.32
5814.3125,587.527631835938,9310994454446.15,629402561676.936
5815.875,587.660034179688,9349881458964.47,687226756312.387
5817.4375,587.900024414063,9304072396563.59,662637638148.737
5819,588.326811523438,9290967345169.4,724142285676.557
5820.5625,587.881563626803,9171443949873.24,654254920118.414
5822.125,588.140014648438,9305803193956.54,689270387690.548
5823.6875,588.140014648438,9242467451253.29,611884772380.732
5825.25,587.900024414063,9190676518212.06,680371238135.198
5826.8125,588.869995117188,9264731880210.03,656768908279.827
5828.375,588.390014648438,9301667155768.57,672601740439.809
5829.9375,588.9382589589,9291387233100.22,635765399662.543
5831.5,588.630004882813,9319588556214.97,660728555908.901
5833.0625,588.390014648438,9356731420993.66,674682561128.211
5834.625,588.390014648438,9217568616771.95,661360084400.865
5836.1875,588.869995117188,9382266299562.5,689719548861.157
5837.75,588.869995117188,9308854388820.43,693237020951.371
5839.3125,588.840795898438,9216106015999.89,628838603826.841
5840.875,588.989995117188,9386231145554.12,679917210852.826
5842.4375,589.038452148438,9451090697521.72,712736711121.86
5844,589.119995117188,9506964477829.62,648670599549.06
5845.5625,589.302387695313,9400784189190.62,669400525815.767
5847.125,590.329956054688,9407901864563.7,774028645643.222
5848.6875,589.359985351563,9516144864088.48,675908353315.951
5850.25,589.599975585938,9440055718862.07,710384709703.723
5851.8125,589.119995117188,9321711595572.1,605606382137.272
5853.375,589.839965820313,9455509237679.07,693109126186.118
5854.9375,589.50767164964,9169837947778.96,692539463033.4
5856.5,589.704973493304,9489466851094.33,691660079234.176
5858.0625,590.329956054688,9392107507977.01,661663408791.704
5859.625,589.839965820313,9269001949585.67,638631074449.611
5861.1875,590.570007324219,9251961546104.05,684378800104.284
5862.75,590.749587402344,9154818422047.16,669297416876.827
5864.3125,591.059997558594,9224757741358.66,647923620469.234
5865.875,590.089965820313,9306217917625.27,693245839389.68
5867.4375,590.329956054688,9290693121379.29,703898528320.496
5869,590.329956054688,9339006523184.68,669337100321.722
5870.5625,589.599975585938,9227401187549.93,714723867853.921
5872.125,590.089965820313,9339860386828.66,702748604071.335
5873.6875,590.820007324219,9493094887174.62,651083645330.406
5875.25,590.820007324219,9364182786466.66,663975488971.722
5876.8125,590.973601074219,9449538201823.95,727106141547.518
5878.375,590.820007324219,9420520890832.58,664073700689.06
5879.9375,590.924350904382,9526484584040.31,730899929727.485
5881.5,590.579622708834,9355511667671.86,678593562983.612
5883.0625,590.820007324219,9360249235334.22,701896444203.09
5884.625,590.820007324219,9508623167701.84,683352752423.948
5886.1875,590.820007324219,9669220600546.47,687125320235.804
5887.75,591.7900390625,9486730733557.13,676757284896.119
5889.3125,591.7900390625,9498117064768.74,685890999076.412
5890.875,591.549987792969,9352969071526.42,686185287315.376
5892.4375,591.7900390625,9479817378127.24,674849281796.224
5894,591.7900390625,9449440480655.08,692917155920.321
5895.5625,591.7900390625,9393745902384.97,712482475653.042
5897.125,591.7900390625,9557519029169.06,729360440467.245
5898.6875,591.7900390625,9278745184452.6,691523130456.866
5900.25,591.7900390625,9366813198402.72,638174693010.967
5901.8125,592.030029296875,9576328331381.03,683300746829.534
5903.375,592.280029296875,9516878835480.66,708153620230.196
5904.9375,592.280029296875,9690164122693.83,668545653265.197
5906.5,592.86361328125,9445185291817.13,719438678267.532
5908.0625,592.030029296875,9298621873965.29,628131583770.908
5909.625,592.52001953125,9359543462788.58,652831074432.75
5911.1875,592.52001953125,9515738274111.74,676130039624.261
5912.75,592.280029296875,9416388825913.98,679876801591.246
5914.3125,592.760009765625,9533158209196.87,668344731619.678
5915.875,593.010009765625,9504945589055.72,635458332019.846
5917.4375,592.760009765625,9438834888869.82,692738837642.187
5919,593.010009765625,9267172828246.17,713953612590.186
5920.5625,593.25,9523403631334.01,673883545230.176
5922.125,593.25,9537062297687.33,618421012870.389
5923.6875,593.083852914664,9485740413082.46,672664101509.55
5925.25,593.25,9415910229323.45,698539832421.429
5926.8125,593.379225510817,9482239241145.52,669977504678.971
5928.375,593.489990234375,9482489348321.54,666428205025.342
5929.9375,593.72998046875,9511997104393.41,694416515795.885
5931.5,593.489990234375,9508857564225.2,688701793510.185
5933.0625,594.4599609375,9418314434149.43,667366613522.618
5934.625,593.25,9363785964685.89,651173850381.154
5936.1875,593.72998046875,9316860393025.23,704218666352.841
5937.75,593.72998046875,9464118901792.6,692410105405.806
5939.3125,593.97998046875,9465141927749.07,675324879909.031
5940.875,593.97998046875,9355625333307.68,733305285956.339
5942.4375,593.995361328125,9409724446587.74,679954780169.479
5944,594.181572265625,9396183514055.75,712800149800.663
5945.5625,594.219970703125,9471587197470.09,684082334217.881
5947.125,593.577587890625,9395191915648.07,657197494119.948
5948.6875,594.4599609375,9413486508908.95,672157706542.369
5950.25,594.067578125,9501427047112.41,722361829159.873
5951.8125,594.4599609375,9435888575596.5,741844477058.428
5953.375,594.88275390625,9583341652168.63,716847799629.284
5954.9375,594.7099609375,9554743539631.77,648923781936.877
5956.5,594.7099609375,9513868358566.2,740853538756.862
5958.0625,594.7099609375,9574818870315.03,694829270423.521
5959.625,594.949951171875,9575048549283.75,768330709871.929
5961.1875,594.7099609375,9555900566948.91,714573790403.011
5962.75,594.885338416466,9650894247199.25,676926227255.518
5964.3125,594.949951171875,9479202280937.2,708936839461.666
5965.875,594.949951171875,9554432806159.21,711984537866.99
5967.4375,595.429992675781,9698524321611.88,717255478503.493
5969,595.429992675781,9487491298625.37,691111012409.774
5970.5625,596.650024414063,9640802965412.54,715589658969.809
5972.125,595.429992675781,9608246583534.72,677590656938.88
5973.6875,595.356149526743,9674636298853.12,690043673076.611
5975.25,595.913605957031,9494617965767.17,713623892201.137
5976.8125,595.190002441406,9669529184716.47,710422067823.813
5978.375,595.429992675781,9659763142083.6,718472691648.443
5979.9375,595.919982910156,9559863741739.6,684881648551.312
5981.5,596.160034179688,9625004985304.93,698625270915.021
5983.0625,596.160034179688,9679991473241.6,685806619589.318
5984.625,596.012329101563,9524468196786.98,707669413992.987
5986.1875,595.919982910156,9706980055808.77,658952963199.037
5987.75,596.611625976563,9695298029209.36,742431350865.465
5989.3125,596.302891322545,9813620119608.33,741024732603.531
5990.875,596.650024414063,9716643850853.43,702471735042.312
5992.4375,596.650024414063,9748618865321.59,688095664979.789
5994,597.078578404018,9877458774205.5,710703099872.593
5995.5625,597.130004882813,9972789702535.7,725387860041.98
5997.125,597.130004882813,9965438369778.01,703855464674.467
5998.6875,597.130004882813,10072900967187.6,708974715695.068
6000.25,598.349975585938,9812421564373.88,708604952656.44
6001.8125,598.589965820313,9968084725160.01,732309506363.633
6003.375,597.619995117188,10067002773766.3,726860994371.21
6004.9375,597.619995117188,9849338511752.11,690855164310.679
6006.5,597.619995117188,9965091216856.86,652575900229.96
6008.0625,597.859985351563,9851594136464.07,675630907572.959
6009.625,597.564612755409,9837330789790.55,723863745998.266
6011.1875,597.476000976563,9650531983727.42,744526210548.878
6012.75,597.859985351563,9988177465815.87,669835378551.86
6014.3125,597.859985351563,9924035908135.99,671524818013.182
6015.875,598.689575195313,9919867390890.5,729509156340.47
6017.4375,597.859985351563,9982950679613.63,737733811815.412
6019,598.099975585938,9894001326131.45,688649762375.509
6020.5625,598.099975585938,9802723082922.69,661670714680.182
6022.125,599.320007324219,9763620866917.26,674961282502.802
6023.6875,598.349975585938,9794875528948.76,662171823971.341
6025.25,598.349975585938,9964512522263.79,678106738463.672
6026.8125,598.349975585938,9807710025363.24,717698152403.697
6028.375,598.589965820313,9721476410644.91,699268585417.313
6029.9375,598.589965820313,9802252049993.36,686297854983.153
6031.5,598.589965820313,9790947085891.88,674337812932.528
6033.0625,598.589965820313,9792312128034.49,715178887669.529
6034.625,598.829956054688,9790335021339.64,698100490414.741
6036.1875,599.079956054688,9713870814412.37,722836548465.711
6037.75,598.88764836238,9763048831077.36,667577855382.503
6039.3125,599.079956054688,9652143384324.22,663077297749.627
6040.875,599.079956054688,9648125694838.59,699067488803.422
6042.4375,599.079956054688,9900941821897.25,701293915951.87
6044,599.320007324219,9745116988159.05,703261636554.787
6045.5625,599.799987792969,9749254233444.84,720068088754.548
6047.125,599.559997558594,9687466255794.21,721987217762.102
6048.6875,599.559997558594,9700756057898.41,717297856688.128
6050.25,599.521599121094,9846143718857.8,691541499838.366
6051.8125,599.713591308594,9688986658637.82,731338140709.62
6053.375,600.049987792969,9657810945134.38,675507100281.348
6054.9375,599.799987792969,9667036478632.66,674208280380.129
6056.5,599.790757399339,9618360263833.79,701926842463.951
6058.0625,600.049987792969,9728582226226.21,691079502800.184
6059.625,600.049987792969,9705642030941.94,692091813253.123
6061.1875,599.65422644982,9787276480864.69,717013692598.064
6062.75,599.956804199219,9722678123809.83,684046746505.049
6064.3125,600.2900390625,9778110456482.47,692767893472.927
6065.875,600.049987792969,9779349079131.99,660062159694.556
6067.4375,600.049987792969,9764883413250.41,724167978689.057
6069,600.2900390625,9735246059906.35,732719992705.067
6070.5625,600.530029296875,9858411172316.58,739882008744.728
6072.125,600.827711838942,9863443139728.4,719032656890.664
6073.6875,601.02001953125,9850608465433.45,704195199601.117
6075.25,600.77001953125,9911458981664.07,688598948450.245
6076.8125,601.130784254808,9814056974465.96,694791935577.331
6078.375,601.260009765625,9881908516325.4,702241928918.081
6079.9375,601.02001953125,9803323833422.94,687716301113.227
6081.5,600.77001953125,9504208140795.69,709249651855.226
6083.0625,601.5,9892300088416.52,684540571901.662
6084.625,601.989990234375,9813460814576.59,656294361237.932
6086.1875,601.260009765625,9547826710144.77,673627635414.372
6087.75,601.260009765625,9673358367843.76,729534176428.237
6089.3125,601.03848031851,9830801381409.27,759974039053.884
6090.875,602.469970703125,9755070405018.79,703040974928.581
6092.4375,601.739990234375,9660791589133.93,676939591365.659
6094,601.5,9720703525079.06,687165690736.338
6095.5625,602.469970703125,9699229802663.48,702963522577.846
6097.125,601.876915564904,9843465102929.18,716350785304.811
6098.6875,602.063833383414,9701137258231.3,680100607856.716
6100.25,601.989990234375,9665414671197.4,732685960829.964
6101.8125,601.989990234375,9603281196148.48,729888023031.635
6103.375,602.22998046875,9538062721097.5,691873081288.383
6104.9375,602.469970703125,9719419586291.24,731860538171.692
6106.5,602.22998046875,9617890297453.3,716828214052.61
6108.0625,601.989990234375,9672499090067.11,701789489503.367
6109.625,602.22998046875,9577479875148.76,653676894745.384
6111.1875,602.22998046875,9578242929088.56,692469407491.6
6112.75,602.359205979567,9550051556129.45,720606671281.139
6114.3125,602.469970703125,9730389926750.18,714145045809.225
6115.875,602.469970703125,9823697456303.71,647738615225.472
6117.4375,602.469970703125,9770735247274.35,750791164982.379
6119,602.7099609375,9747083502946.81,630371015755.446
6120.5625,602.469970703125,9640313209880.52,683067603595.449
6122.125,603.199951171875,9821460120337.25,663249434930.321
6123.6875,603.684967041016,9796563371492.47,672168047488.961
6125.25,603.440002441406,9772944266325.27,707045824748.46
6126.8125,603.440002441406,9970853944282.46,700645168202.613
6128.375,603.267165527344,9687158971215.07,730010149426.932
6129.9375,603.440002441406,9705979309574.4,720848811516.272
6131.5,604.410034179688,9774783259228.54,733163519259.14
6133.0625,603.679992675781,9799993139359.89,716779410792.341
6134.625,603.679992675781,9761695823296.73,691074714358.332
6136.1875,603.679992675781,9873453901727.01,772556630122.934
6137.75,603.919982910156,9627395923026.04,701681768167.019
6139.3125,603.919982910156,9738452603443.33,714529428734.905
6140.875,603.919982910156,9657849416818.31,748358154361.223
6142.4375,603.919982910156,9784136088875.06,705401683394.111
6144,603.939213679387,9702244040724.25,652856463784.446
6145.5625,603.761193847656,9683871767584.87,730929473208.645
6147.125,604.169982910156,9764624664264.8,721837051293.888
6148.6875,603.996905987079,9766141884182.93,643558350739.399
6150.25,604.650024414063,9746047432051.23,705360628486.156
6151.8125,604.650024414063,9855156709270.96,720692640124.736
6153.375,604.650024414063,9833545694227.1,712221510904.193
6154.9375,604.169982910156,9869708327528.29,708106980548.292
6156.5,604.890014648438,9774249555614.8,666965919640.107
6158.0625,604.169982910156,9672516282518.49,726772132466.263
6159.625,604.890014648438,9894081815871.02,757885477390.081
6161.1875,605.859985351563,9869661704377.71,674474387352.343
6162.75,605.140014648438,9807295734676.79,669614970561.821
6164.3125,606.349975585938,9631481397145.4,740526390326.821
6165.875,604.890014648438,9907593024090.2,693204974813.076
6167.4375,605.380004882813,9841389188024.27,741394405091.622
6169,605.149245042068,9868627151747.75,684673061903.711
6170.5625,605.380004882813,9920799535240.53,724643910429.226
6172.125,605.333852914664,9838495719986.43,686291245591.212
6173.6875,605.380004882813,9929748304172.59,702826104287.149
6175.25,605.619995117188,9776413754903.43,721611985546.187
6176.8125,605.859985351563,9972611821328.93,664503608569.055
6178.375,605.859985351563,9876727925449.35,706630092442.846
6179.9375,605.619995117188,9797262554503.43,708798564118.443
6181.5,606.109985351563,9963939619980.79,684557717180.901
6183.0625,607.070007324219,9693123400899.51,740612123669.621
6184.625,606.349975585938,10036168007421.6,704063299315.989
6186.1875,606.301977539063,9811109069388.67,687732750950.514
6187.75,607.070007324219,9788320432216.56,766548013480.971
6189.3125,606.247122628349,9774859347612.22,721738334328.952
6190.875,606.349975585938,9860399875799.92,736374541665.522
6192.4375,606.829956054688,9888487965379.71,664213534427.836
6194,606.829956054688,9809896893484.98,729349858945.281
6195.5625,606.589965820313,9816884226701.54,720540526693.308
6197.125,606.484370117188,9850076813888.1,727237916357.757
6198.6875,606.829956054688,9864207197211.74,735097214475.595
6200.25,606.589965820313,9907912296506.69,714381520150.88
6201.8125,607.070007324219,9973838591309.06,675285918312.9
6203.375,607.320007324219,9946278672110.02,697966217941.72
6204.9375,607.320007324219,9887482093098.31,724581392603.322
6206.5,607.166161170373,9998924550297.5,702294119921.655
6208.0625,607.320007324219,9980312106757.84,682254790982.115
6209.625,607.262315016527,9873283405059.17,756654292080.843
6211.1875,607.320007324219,10208069370119.1,719654718786.537
6212.75,607.070007324219,9903769286042.88,690008994002.977
6214.3125,607.799987792969,9914561346996.9,735088527562.821
6215.875,607.559997558594,10009620318689.6,689935417009.209
6217.4375,607.559997558594,9982268550223.22,744027489566.046
6219,607.559997558594,9920137055680.03,672405489697.353
6220.5625,608.280029296875,9931901532849.46,740585706874.251
6222.125,608.530029296875,9801499939085.38,671304511082.53
6223.6875,608.530029296875,9957973174987.84,707673149821.297
6225.25,608.530029296875,9993499406429.23,750808214810.18
6226.8125,608.530029296875,9886905097241.02,689527150248.631
6228.375,608.530029296875,9674259112391.16,693248322653.427
6229.9375,608.77001953125,9755057383705.89,687464512028.709
6231.5,608.862323467548,9824938331287.85,744689236561.499
6233.0625,608.77001953125,9829772218843.88,721348069388.167
6234.625,609.010009765625,9673984839608.88,714391384424.504
6236.1875,608.866015625,9730373413741.86,720343496246.713
6237.75,609.010009765625,9622077280612.22,666200401906.845
6239.3125,608.77001953125,9668062834447.15,717553228044.619
6240.875,608.77001953125,9820699828440.52,718285664141.631
6242.4375,609.010009765625,9556104939526.67,747701866490.102
6244,609.25,9678263382798.86,710270642640.265
6245.5625,609.489990234375,9645233967006.57,721326853523.757
6247.125,609.489990234375,9631779696646.63,715931715151.154
6248.6875,609.25,9891587839970.53,706297065319.842
6250.25,609.739990234375,9713903983150.21,682574845134.411
6251.8125,609.739990234375,9743579225182.6,725098104497.416
6253.375,609.634221003606,9724730686144.53,754016147490.688
6254.9375,609.97998046875,9709171388649.43,720753430379.046
6256.5,609.97998046875,9891654532107.8,720894230945.111
6258.0625,610.162373046875,9676546988443.42,698463826492.541
6259.625,610.219970703125,9771960630545.7,707017339416.311
6261.1875,609.97998046875,9713477138225.49,703486495459.992
6262.75,610.219970703125,9647726104683.63,717380860481.357
6264.3125,610.219970703125,9631763890295.58,744978107561.673
6265.875,609.97998046875,9596755013437.15,730031614213.994
6267.4375,610.293813852164,9671734167915.69,669552462298.24
6269,610.4599609375,9680404847695.15,705765671772.157
6270.5625,610.4599609375,9705646212215.86,737243159985.986
6272.125,610.344765625,9720672708985.04,716521394828.324
6273.6875,610.4599609375,9719505797963.37,700180813852.49
6275.25,610.699951171875,9851911628607.52,653803157909.36
6276.8125,610.699951171875,9777354564190.96,707536155230.082
6278.375,610.949951171875,9778051380461.99,687793522054.079
6279.9375,610.949951171875,9907519656279.51,659507321052.601
6281.5,611.190002441406,9840592371201.88,726275828820.514
6283.0625,611.516389160156,9803335893520.45,739834541476.166
6284.625,611.429992675781,9905798303103.49,742632031748.965
6286.1875,611.190002441406,9653581643278.99,704122001713.318
6287.75,610.949951171875,9691825660118.87,699089752100.911
6289.3125,611.429992675781,9761975872545.02,646188763912.112
6290.875,611.429992675781,9737633715207.54,648429317397.655
6292.4375,611.236154409555,9684233213150.99,611518456221.285
6294,611.833217773438,9844170883219.72,747690644898.145
6295.5625,611.669982910156,9733820912154.2,618995684983.211
6297.125,612.030034179688,9859084051058.32,722648544157.202
6298.6875,611.669982910156,9781436066020.76,704057158163.909
6300.25,611.910034179688,9678274425969.37,680801823990.71
6301.8125,611.910034179688,9892232594755.31,721830484027.009
6303.375,612.160034179688,9719897721565.84,724383087634.906
6304.9375,611.910034179688,9753166058466.6,679566946005.043
6306.5,612.160034179688,9872850972434.43,726307321780.292
6308.0625,612.400024414063,9919353011760.83,686713069944.658
6309.625,612.621553861178,9950690314183.9,745407543349.936
6311.1875,612.640014648438,9867291130969.15,758087228393.766
6312.75,612.880004882813,9864894361462.02,741886662198.767
6314.3125,612.640014648438,9950772018254.7,721140669482.055
6315.875,612.160034179688,9742740520470.71,702532229091.129
6317.4375,612.640014648438,9873805444808.38,690618046126.665
6319,612.880004882813,9905340199968.5,734846136950.591
6320.5625,613.119995117188,9900362099575.05,774418654157.448
6322.125,613.119995117188,10017062875310,706905262979.74
6323.6875,613.359985351563,9965675638942.34,730569437233.856
6325.25,613.359985351563,9838157946198.6,698571542071.422
6326.8125,612.995200195313,9980990684298.52,739289703640.225
6328.375,613.552293043871,9947727653560.77,696169567379.113
6329.9375,613.171997070313,9950547991432.34,688667462541.153
6331.5,613.359985351563,9992729180226.8,643228543859.905
6333.0625,613.359985351563,9928258209739.38,693244601128.465
6334.625,614.089965820313,9909970455196.39,800301075188.119
6336.1875,614.089965820313,10016723819918.9,713000287928.269
6337.75,613.849975585938,9853294343146.49,699242420209.557
6339.3125,614.089965820313,9914411397028.68,718266664490.156
6340.875,614.23765211839,9840560662795.88,726441147420.127
6342.4375,613.849975585938,9849085638741.91,721897874370.154
6344,613.849975585938,9902144621694.17,694419120545.615
6345.5625,614.274573692909,10012776489712.5,735248475307.332
6347.125,614.329956054688,9881039864109.76,734235118050.851
6348.6875,614.570007324219,10005301581854.5,723303769118.578
6350.25,614.329956054688,10051270566883.3,746200825499.784
6351.8125,614.570007324219,10067229346902.8,706554485113.449
6353.375,614.809997558594,10056305703460.2,735922013857.989
6354.9375,614.96384371244,10059795622152.2,659605653786.311
6356.5,614.598806152344,9847464672853.91,688351029272.53
6358.0625,614.809997558594,10037220621369.8,657583273637.266
6359.625,614.570007324219,9922564011646.95,748836071302.604
6361.1875,615.059997558594,10016865255457.3,737129639949.918
6362.75,615.299987792969,10131065851210.2,750278780368.414
6364.3125,615.299987792969,9992992854476.03,730935989827.421
6365.875,615.299987792969,10020571516474.3,675755848190.984
6367.4375,615.299987792969,10040929865739,713599042517.882
6369,615.299987792969,10004213983862,737462820900.589
6370.5625,615.367224121094,10048814478079.8,747432832780.054
6372.125,615.5400390625,10076122731972.2,752682509473.551
6373.6875,615.5400390625,10134558553893,734427952729.232
6375.25,615.780029296875,10067780535385.7,703607076848.018
6376.8125,616.02001953125,10063850526795.3,705028339928.091
6378.375,616.02001953125,10087050929921.4,718018902732.889
6379.9375,615.927715594952,9931019487425.1,694074529031.362
6381.5,616.02001953125,10171591368148.3,728633559816.351
6383.0625,616.02001953125,10123723850510.6,704713802934.468
6384.625,616.260009765625,9878777376297.66,707918166705.627
6386.1875,616.05841796875,10024142297640.2,665849543088.549
6387.75,616.5,10151359245188.8,776394283801.186
6389.3125,616.5,9975150319401.47,783938459183.444
6390.875,616.75,10117258531360.1,773645681534.467
6392.4375,616.75,9897708296212.64,708589074494.434
6394,616.989990234375,10139250326097.1,802804863852.586
6395.5625,617.22998046875,9991742883922.12,720689723752.077
6397.125,616.5,10008805579875.7,738018427413.719
6398.6875,616.989990234375,9997327926555.53,710732385708.022
6400.25,616.75,9990461678692.81,710404348249.244
6401.8125,616.75,10201338860096.1,727880725600.923
6403.375,616.989990234375,10012617913575.7,669373992725.249
6404.9375,617.137676532452,10047927040987.5,723705195869.326
6406.5,617.22998046875,10202562680665.3,756801370201.811
6408.0625,616.8651953125,10125874730425.6,740712168238.394
6409.625,617.22998046875,10056580506169.8,773849446384.084
6411.1875,617.7099609375,10077056794436.9,714660813848.93
6412.75,617.839186448317,10070350182511.5,747607862522.8
6414.3125,617.969181941106,10134369769952,757738427310.01
6415.875,617.7099609375,10180771967462.8,738766592149.286
6417.4375,617.949951171875,10074023917775.4,775183191753.992
6419,617.7099609375,9963733363456.22,754359874269.991
6420.5625,617.949951171875,10085657091640.7,724408519335.031
6422.125,617.92115234375,10052476869543.7,729028442944.627
6423.6875,618.199951171875,10242419541269.7,795963020879.224
6425.25,618.199951171875,10296616646287.8,709773794675.082
6426.8125,618.440002441406,10082758636706.1,731400794794.055
6428.375,618.246114877554,10190806724022.2,662742408042.99
6429.9375,618.440002441406,10144091633135.9,745414084349.805
6431.5,618.353564453125,10212198319528,758558227144.663
6433.0625,618.440002441406,9991468245359.89,726457306787.981
6434.625,618.679992675781,10181203398790.4,736859756564.519
6436.1875,618.679992675781,10028064747905.9,730005695846.147
6437.75,618.919982910156,10253442205612,712334141842.228
6439.3125,619.160034179688,10166747772494.5,730265145856.51
6440.875,619.160034179688,10249847192146.4,809098772518.593
6442.4375,619.160034179688,10265068712520.6,720517209795.322
6444,618.440002441406,10229487921233.8,726222520904.88
6445.5625,618.919982910156,10217815052010.4,807377350369.221
6447.125,619.640014648438,10234454480642.5,762489493699.433
6448.6875,619.400024414063,10264159746971.8,706950498605.764
6450.25,619.400024414063,10128557968289.4,750459786136.255
6451.8125,619.400024414063,10116532075503.1,745811739321.953
6453.375,619.640014648438,10285867605343.1,831329064122.246
6454.9375,619.640014648438,10216535929099.9,737431197516.406
6456.5,619.640014648438,10132878375107.9,681660998358.999
6458.0625,619.880004882813,10369175444742.8,768080338657.959
6459.625,620.130004882813,10334703981578.1,703327964024.883
6461.1875,620.130004882813,10365345282168.9,676050030431.276
6462.75,619.880004882813,10343002436449.9,761122360807.991
6464.3125,620.130004882813,10329048786715.6,767762574113.074
6465.875,620.369995117188,10147080644069.9,743183785302.49
6467.4375,620.369995117188,10353533323473.1,763104025544.859
6469,620.369995117188,10238229963805.5,736979242799.211
6470.5625,620.369995117188,10339063491456,746888917161.837
6472.125,620.609985351563,10234759897111.5,793998320726.964
6473.6875,620.443838266227,10454216999039.7,755649534599.571
6475.25,620.609985351563,10208245832948.2,810073381987.896
6476.8125,620.609985351563,10161227722395.2,828392665550.557
6478.375,620.849975585938,10357715311527.4,708158465411.315
6479.9375,621.089965820313,10316485564320.6,710901110210.941
6481.5,620.849975585938,10329505444461,729597210318.572
6483.0625,621.089965820313,10362367787939,753181349250.341
6484.625,621.089965820313,10341465805825.2,730986412155.315
6486.1875,621.329956054688,10361303054199,776348108517.337
6487.75,621.166772460938,10347598885435.6,782690079586.371
6489.3125,621.329956054688,10433650078774.3,754627011201.605
6490.875,621.329956054688,10307838315291.8,769120319838.607
6492.4375,621.329956054688,10278744959907.1,699455400306.068
6494,622.059997558594,10485504017169.9,769152746847.375
6495.5625,621.809997558594,10479834362216.7,752934615702.13
6497.125,621.570007324219,10231259935238.2,757161988182.161
6498.6875,621.858074481671,10344694996494.6,761705801565.672
6500.25,621.726804199219,10388326257612.1,820944074330.724
6501.8125,622.059997558594,10450747310203.1,749840312214.255
6503.375,622.299987792969,10473946127126.6,745341709818.12
6504.9375,622.299987792969,10354366679494.8,748402213892.696
6506.5,622.299987792969,10593879771931.8,682327217443.698
6508.0625,622.299987792969,10496613035981.3,786393594597.321
6509.625,622.355384239784,10333790476392.2,769336545396.545
6511.1875,622.780029296875,10572567838819.6,806353000800.292
6512.75,622.5400390625,10338010318231.2,754384507663.55
6514.3125,622.175018310547,10220845510843.3,814241095486.53
6515.875,622.780029296875,10342537369479.2,752488137542.955
6517.4375,623.02001953125,10440163461949.5,759007223468.931
6519,623.075401893029,10438583178013,786751373803.605
6520.5625,622.962421875,10425023091259.8,790415659751.04
6522.125,623.167705829327,10492751954054.4,796015955375.481
6523.6875,623.02001953125,10478083405415.8,775761538443.285
6525.25,623.260009765625,10427692586794,837247995429.738
6526.8125,623.278470552885,10482462489588.1,788121472969.41
6528.375,623.5,10404237465745,731442743623.234
6529.9375,623.5,10395348453035.7,765783163139.435
6531.5,623.5,10287924371335.5,748727462619.356
6533.0625,623.5,10450451887422.7,763509348174.91
6534.625,623.739990234375,10326355346445.1,750672873961.746
6536.1875,623.619995117188,10398862865810.9,815169359858.944
6537.75,623.97998046875,10389387470061.4,752567707215.615
6539.3125,623.666147085337,10626926796400,730143305810.004
6540.875,623.786142202524,10566151532391.9,749917369003.781
6542.4375,623.97998046875,10449358105184.8,776411089834.865
6544,624.22998046875,10396617657210.3,833131274517.792
6545.5625,624.469970703125,10556078950435.2,744694543995.366
6547.125,624.34517578125,10408197069168.4,780637828141.215
6548.6875,624.22998046875,10262088291238.7,769007270663.284
6550.25,624.469970703125,10548814050917.7,739656127788.136
6551.8125,624.469970703125,10607923167999.5,731333900152.946
6553.375,624.469970703125,10564895471876.4,767317700417.556
6554.9375,624.7099609375,10514695181477.8,745929149785.142
6556.5,624.7099609375,10525271659752.2,786169965568.936
6558.0625,624.7099609375,10557676569253,770987459936.781
6559.625,624.469970703125,10404020743038.2,786563276594.306
6561.1875,624.949951171875,10570056137802,754500529628.886
6562.75,625.134605994591,10525719341345.8,767753577770.333
6564.3125,625.190002441406,10574744863812.3,743709534635.13
6565.875,625.282306377704,10545663919437.8,715440715716.911
6567.4375,625.429992675781,10677241737390,766050098846.635
6569,625.669982910156,10582982442834.2,756328006056.979
6570.5625,625.910034179688,10754537868857.6,799662268335.424
6572.125,626.150024414063,10706807625843.2,768192014659.083
6573.6875,625.910034179688,10694985510251.7,820268736513.387
6575.25,626.150024414063,10798981625783.2,802692709241.301
6576.8125,625.429992675781,10644011709209.1,771896610264.267
6578.375,626.150024414063,10746870906353.1,749372758595.086
6579.9375,626.390014648438,10771099225600.7,790685462922.94
6581.5,626.390014648438,10756406472112,760172931756.526
6583.0625,626.640014648438,10718185292751.4,825513151826.064
6584.625,626.640014648438,10580291668433,759782476227.82
6586.1875,626.390014648438,10687216467996.1,795308487412.009
6587.75,626.560014648438,10753036078520.4,767288896226.483
6589.3125,626.640014648438,10621223555356.2,809525176939.659
6590.875,626.640014648438,10613546416045.3,775141037356.448
6592.4375,626.640014648438,10572171590270.6,756506834217.343
6594,626.640014648438,10533530920398.2,767342120059.906
6595.5625,626.880004882813,10691534087881.8,768862498744.345
6597.125,626.880004882813,10788448347783.7,785138975742.631
6598.6875,627.167993164063,10779004224374.8,759313501213.87
6600.25,627.119995117188,10717953260424.6,758759369354.134
6601.8125,627.359985351563,10603412118937.2,791623842948.09
6603.375,627.119995117188,10622811600678.7,747664755473.929
6604.9375,627.359985351563,10812838728852.6,767997683161.704
6606.5,627.599975585938,10716913225537.2,758885083510.618
6608.0625,627.599975585938,10739336310094.9,733040513769.026
6609.625,627.359985351563,10706250239868.1,752521242261.305
6611.1875,627.839965820313,10715901457600.2,743669300613.36
6612.75,627.686372070313,10530722870867.2,800076122675.75
6614.3125,627.839965820313,10632463228892.5,751195513030.307
6615.875,627.839965820313,10712801965435.9,707114416625.549
6617.4375,627.599975585938,10633757347687.5,707157910508.273
6619,627.839965820313,10696779511299.8,786554972153.957
6620.5625,628.079956054688,10525857865606.1,766459184971.905
6622.125,628.246145395133,10598542827715.8,764879735951.489
6623.6875,628.320007324219,10819197095728.8,777914479730.281
6625.25,628.559997558594,10633581322919.8,787492151502.898
6626.8125,628.320007324219,10638482805976.3,837760054163.122
6628.375,628.137561035157,10752162186186.5,798540386713.469
6629.9375,628.302832467216,10783551294620.1,791587884946.854
6631.5,628.799987792969,10700213451563.1,795939292030.421
6633.0625,628.799987792969,10670899885430.1,771762932748.385
6634.625,628.606149526743,10604917659701.1,765427430712.159
6636.1875,628.799987792969,10726250381382.3,710745640156.671
6637.75,628.799987792969,10687029237484.5,759839831558.263
6639.3125,628.799987792969,10799492978115.8,759769547925.084
6640.875,629.0400390625,10564477906847.7,778539106597.437
6642.4375,629.0400390625,10610158957393.9,729867445064.536
6644,629.169264573317,10616616195471.5,753779123055.543
6645.5625,629.280029296875,10764116143977.3,814438774771.325
6647.125,629.353872445914,10755881982590.1,796512837675.189
6648.6875,629.446176382212,10676985860724.8,775608324288.469
6650.25,629.52001953125,10676037478140.6,773722544530.397
6651.8125,629.52001953125,10732649679400.1,785612297961.887
6653.375,629.77001953125,10704334586147.4,780553616088.434
6654.9375,629.77001953125,10492139068578.2,808058748424.162
6656.5,629.77001953125,10648139875024.9,755447125305.446
6658.0625,629.77001953125,10657453299306,749568736567.717
6659.625,630.010009765625,10630095407669.3,744460858697.833
6661.1875,630.010009765625,10608553509880,759733808601.641
6662.75,630.25,10645852192938,777671411813.01
6664.3125,630.176156850962,10725635445091.9,779625939921.333
6665.875,630.25,11006306725004.6,806751968081.446
6667.4375,630.26919921875,10792335006308.2,782078802890.056
6669,630.489990234375,10776704815686.6,741476666458.652
6670.5625,630.71151968149,10619338893327.6,822192480169.774
6672.125,630.489990234375,10755032117312.8,815075839630.851
6673.6875,630.489990234375,10618602592895.6,781216386217.488
6675.25,630.969970703125,10801914543172.2,787407059286.173
6676.8125,630.969970703125,10670506730768.2,792629277478.162
6678.375,630.969970703125,10757161700731.5,737973583013.578
6679.9375,630.873974609375,10751308163081.9,772050381674.115
6681.5,630.969970703125,10610433296373.8,771245104008.146
6683.0625,631.2099609375,10661550706493.4,798871355425.082
6684.625,630.969970703125,10661449675696.1,736940299733.908
6686.1875,631.2099609375,10641293336337.2,783039430766.823
6687.75,631.449951171875,10594905477537.9,740433560316.522
6689.3125,631.449951171875,10610758813617.3,825583613552.152
6690.875,631.449951171875,10510966925200.5,768556713841.89
6692.4375,631.449951171875,10706869265195.7,772172948638.385
6694,631.690002441406,10685803371039.5,810568043675.288
6695.5625,631.708463228666,10721365055480.2,775678164366.436
6697.125,631.690002441406,10689066789454.7,794824355883.187
6698.6875,631.449951171875,10709209729733.1,797228060590.125
6700.25,631.929992675781,10652974317408.1,775961230479.04
6701.8125,632.016389160156,10926514808364.7,820835903049.152
6703.375,632.169982910156,10826786267651.3,758045134475.891
6704.9375,632.169982910156,10550470729391.6,768351509650.853
6706.5,632.400801438552,10782834386948.7,776470094886.305
6708.0625,632.410034179688,10752126381199.4,759848893820.443
6709.625,632.650024414063,10627954414097.5,783512099606.537
6711.1875,632.216146615835,10821774834526,696077742318.756
6712.75,632.410034179688,10587367794763.1,747269668030.35
6714.3125,632.410034179688,10702572730166.1,759523009665.002
6715.875,632.650024414063,10750208651415.4,816542393456.974
6717.4375,632.650024414063,10716704925983,773567311017.119
6719,632.890014648438,10814663324063.5,772322237474.985
6720.5625,632.926936222957,10860837653899.2,789797330826.864
6722.125,633.130004882813,10792328303157.4,783307241169.263
6723.6875,632.890014648438,10830474594320.6,802985369108.76
6725.25,633.369995117188,10853450245111.6,795110143110.589
6726.8125,633.480759840746,10711278706388.4,760761779711.389
6728.375,633.388455904448,10862025336639.2,816484798065.162
6729.9375,633.369995117188,10836660352037.8,784504252249.911
6731.5,633.859985351563,10813192516711.6,812872879333.496
6733.0625,633.859985351563,10737859373760.4,791527579164.001
6734.625,634.099975585938,10783533635816.6,775382651420.214
6736.1875,633.859985351563,10726842107690,784186289924.976
6737.75,633.859985351563,10659857240080.1,832263524082.13
6739.3125,633.609985351563,10585906904176.2,750408295378.328
6740.875,633.971409388951,10571365403660.7,757293627432.714
6742.4375,634.072284405049,10755924506221.3,746116989196.187
6744,633.609985351563,10914821290967.8,788254665065.038
6745.5625,634.099975585938,10772097177854,811639937798.958
6747.125,634.099975585938,10869651866699.3,795311074816.882
6748.6875,634.339965820313,10911637521575.9,841061574480.039
6750.25,634.099975585938,10821869035568.8,812106162089.385
6751.8125,634.579956054688,10946287986152.4,805218650930.872
6753.375,634.820007324219,10915756747285.7,765675909798.796
6754.9375,634.820007324219,10969609881472.5,833903403658.704
6756.5,634.820007324219,10744516826016.6,773368207349.006
6758.0625,635.059997558594,11009677701166.6,749112954593.066
6759.625,634.820007324219,10687866750121.8,818620044236.462
6761.1875,635.059997558594,11003439017860.1,793278666053.461
6762.75,635.059997558594,10851363313300,846379581953.229
6764.3125,635.059997558594,10854792135862.7,787815520052.784
6765.875,635.059997558594,10840511708556.2,823334384575.687
6767.4375,635.299987792969,10801351668160.5,762387044215.742
6769,635.780029296875,10942319820722.5,850062557113.215
6770.5625,635.299987792969,10825637627323.6,771585798920.775
6772.125,635.328793945313,10939888843048.5,826750288501.33
6773.6875,635.780029296875,10887800178166.3,801825587366.608
6775.25,635.5400390625,10954334674578.9,802833784716.616
6776.8125,635.487830120584,10859148031019,782194404901.62
6778.375,635.826181265024,10978370804587.9,804877861171.701
6779.9375,636.260009765625,10900629486398.4,755403140110.175
6781.5,636.02001953125,10871183414079.3,800836402717.938
6783.0625,636.260009765625,10887770568003.5,751081194170.522
6784.625,636.144814453125,10864822717573.8,886785334588.516
6786.1875,636.260009765625,10883585317756.4,751501751039.821
6787.75,636.362862723214,10870206207250.8,811655546796.917
6789.3125,636.260009765625,10939862630157.8,743830717968.614
6790.875,636.260009765625,10772942536671.4,762176012470.318
6792.4375,636.5,10895555164705.4,793767129890.892
6794,636.739990234375,10986525548034.7,807156504186.187
6795.5625,636.739990234375,10960259776802.3,873201832852.616
6797.125,636.97998046875,10905986778910,808514260180.4
6798.6875,637.072284405048,10769980790932.4,844281403899.603
6800.25,636.739990234375,10975196318299.5,847426203899.027
6801.8125,636.97998046875,11010788740127.2,816253960954.684
6803.375,637.127666766827,11093190347304,797552761840.053
6804.9375,636.97998046875,10916216187028.9,760268802511.366
6806.5,637.699951171875,10979392988249.4,780265298302.112
6808.0625,637.699951171875,11018348882758.1,783998827280.371
6809.625,637.4599609375,11035882186311.5,793561472035.137
6811.1875,637.699951171875,10923838724851.6,837436202786.844
6812.75,637.699951171875,11009632952888.8,785938586663.396
6814.3125,637.699951171875,10985503755142.2,805569028545.099
6815.875,637.699951171875,10847846490006.5,804484544123.906
6817.4375,637.699951171875,10742637124236,837468279084.346
6819,637.940002441406,10812613438460.2,779589788434.051
6820.5625,637.940002441406,10844874524721.3,757935430451.189
6822.125,638.179992675781,10852678998091.5,770797968835.911
6823.6875,637.940002441406,10924696551777.8,839595172245.656
6825.25,638.285588378906,11037136298401.2,789906258992.381
6826.8125,638.419982910156,10864610214511.7,785201727914.949
6828.375,638.078458345853,10844725464809.9,787866324968.776
6829.9375,638.371984863281,10947876602717.8,868585134820.777
6831.5,638.419982910156,10943757483040.5,816951375263.896
6833.0625,638.660034179688,10986574242884.1,796349779872.57
6834.625,638.900024414063,11091791720225.1,789764598979.506
6836.1875,638.900024414063,10882277373055.4,800417485530.384
6837.75,638.900024414063,10840500957264.6,767199235524.836
6839.3125,638.900024414063,10860418843037.6,818105994935.458
6840.875,638.900024414063,10916456132194.4,761310336560.856
6842.4375,639.140014648438,10923912964572,800656276024.184
6844,639.140014648438,10982642354742.8,819078875298.014
6845.5625,639.140014648438,11054066955286.8,836191680151.192
6847.125,639.380004882813,10840210122408.1,834714606436.411
6848.6875,639.380004882813,10914835346269.7,807955984454.864
6850.25,639.490769606371,10885903986543.8,894798149349.4
6851.8125,639.41428920201,10929020078708.7,820768048376.003
6853.375,639.619995117188,11021582802320,852307432157.569
6854.9375,639.284008789063,11040220041962.6,826422290280.524
6856.5,639.619995117188,11024375578833.8,809334147003.771
6858.0625,639.859985351563,11069075334123.1,776505964323.321
6859.625,640.099975585938,11138943666387.6,862752157270.246
6861.1875,640.339965820313,11092762829844.2,795408322245.577
6862.75,640.099975585938,11017748719335.7,833777785190.136
6864.3125,640.183049128606,11140132467333.5,802504438413.117
6865.875,639.965581054688,10961417668501.9,857692144854.139
6867.4375,640.339965820313,10874281454522.8,785902653359.561
6869,640.339965820313,11044369715014.9,803533186554.374
6870.5625,640.579956054688,10999945593554.2,790380254458.424
6872.125,640.579956054688,11175564957412.5,826129887894.813
6873.6875,640.339965820313,11151370683611.3,807922061090.719
6875.25,640.579956054688,10882828356580.4,811858484157.567
6876.8125,640.637568359376,11061291521903.2,788590452888.821
6878.375,640.820007324219,10967753920135.4,788560639524.848
6879.9375,641.059997558594,10983124805059.8,782523759908.907
6881.5,640.820007324219,10975187788472.9,838108086474.465
6883.0625,641.059997558594,10977198866659.1,825091945149.811
6884.625,641.059997558594,11217794268217.3,819143840878.535
6886.1875,641.373849722056,11002168322933.7,819509194759.265
6887.75,641.299987792969,11135190708407.5,843682975824.388
6889.3125,641.299987792969,10915149615912.6,834658682744.411
6890.875,641.299987792969,11095643909983.6,845232039168.627
6892.4375,641.5400390625,10997228564813.9,884818480985.587
6894,641.5400390625,11103580407403.4,836991165511.439
6895.5625,641.5400390625,11132375693533,843548196844.524
6897.125,641.780029296875,11064122857801.4,818946347456.784
6898.6875,642.02001953125,11219807870702.3,801099449215.262
6900.25,642.02001953125,11035712230579.5,840711646833.149
6901.8125,641.890794020433,11076432580811.1,820957650175.025
6903.375,642.260009765625,11170426317614.8,854162992652.613
6904.9375,642.260009765625,11152026959037.1,811939595955.399
6906.5,642.02001953125,11239566544015.6,807362691111.134
6908.0625,642.260009765625,11067896590157.6,780384846234.922
6909.625,642.5,11059543093285.2,826202995221.719
6911.1875,642.739990234375,11105846378944.9,727182551692.489
6912.75,642.90318359375,11240417483954.9,833005141128.703
6914.3125,642.97998046875,11180387338954.6,810760310196.154
6915.875,642.855185546875,11157449742149.3,816160113314.717
6917.4375,642.97998046875,11189951001722.7,799494393885.654
6919,642.97998046875,11065709500195.5,792001854043.826
6920.5625,642.97998046875,11051971761863.6,817325365326.551
6922.125,642.739990234375,11091439150037.9,796634723516.922
6923.6875,643.219970703125,11164926222432.3,776470502963.153
6925.25,642.97998046875,11320849586870,884592555185.499
6926.8125,642.97998046875,11200137516421.3,815294278002.753
6928.375,643.238431490385,11218148198205.9,808709038387.739
6929.9375,643.4599609375,11272197901308.3,832952638159.223
6931.5,643.4599609375,11032768608741.7,825324367093.092
6933.0625,643.4599609375,11316086591752.9,798424911134.834
6934.625,643.219970703125,11239554379096.3,794441190387.186
6936.1875,643.920798339844,11284907190423.3,793306835886.77
6937.75,643.4599609375,11355643098677.1,834815966005.066
6939.3125,644.161531888521,11230189800081.9,865042558022.681
6940.875,643.940002441406,11363951581208.6,824512517384.605
6942.4375,644.179992675781,11187470898660.9,818319643137.381
6944,644.419982910156,11242429890814,811106551070.429
6945.5625,644.660034179688,11233919345671.4,838937185330.584
6947.125,644.179992675781,11176031372527.6,872030461541.543
6948.6875,644.419982910156,10993127335760,827759220921.913
6950.25,644.419982910156,11102016054278.3,820328965983.33
6951.8125,644.576939509465,11229103028307.9,831845560330.123
6953.375,644.466146615835,11221053138669.6,829374269817.841
6954.9375,644.419982910156,11300883422259.3,806037482950.339
6956.5,644.179992675781,11278903660151.8,892539308482.832
6958.0625,644.900024414063,11290318640603.5,847493846170.175
6959.625,644.900024414063,11180828325635.6,790885292109.275
6961.1875,644.900024414063,11387213091317.8,903895178391.03
6962.75,645.269240159255,11267853278896.6,817606460067.139
6964.3125,645.380004882813,11379044273793.1,881387190710.485
6965.875,644.660034179688,11286906006765.6,852175892889.233
6967.4375,645.140014648438,11273325650026.7,855392183813.503
6969,645.380004882813,11209447315836.7,818089588119.083
6970.5625,645.619995117188,11411930406058.1,897848059194.592
6972.125,645.380004882813,11357047670541,806070847461.348
6973.6875,645.619995117188,11259748414399.9,805420547996.033
6975.25,645.619995117188,11228490885060.6,864719924242.318
6976.8125,645.859985351563,11335861562643.1,814478547344.221
6978.375,645.927182617188,11283474663096.4,804355716932.319
6979.9375,646.053823617789,11192443913021.5,854972541737.007
6981.5,645.859985351563,11166810034708.4,831587338892.529
6983.0625,646.109575195313,11202038172478.1,855764563433.19
6984.625,645.975180664063,11148176773251.7,825618396563.624
6986.1875,646.339965820313,11230827993307.5,825840346408.927
6987.75,646.339965820313,11289475299123.1,888662378787.8
6989.3125,646.376887394832,11258067663067.5,805233717693.239
6990.875,646.579956054688,11366811328287.6,842485239972.769
6992.4375,646.579956054688,11282730773130.9,846985906259.752
6994,646.541557617188,11230228951652.2,835304553404.165
6995.5625,646.579956054688,11319686483260.2,872704034905.933
6997.125,646.339965820313,11354317859083.2,824611756387.094
6998.6875,646.820007324219,11244451759985.7,838510623570.702
7000.25,646.791201171875,11164450746306,878955184191.299
7001.8125,646.579956054688,11365366398972.3,860810466379.113
7003.375,646.820007324219,11340928222084.1,825783141138.393
7004.9375,646.522672213041,11431148773114.6,820552064650.892
7006.5,647.2900390625,11440413878989.9,841044725185.401
7008.0625,647.530029296875,11359776346073,838854837498.197
7009.625,647.428494966947,11487258952207.7,837805071898.983
7011.1875,647.31773024339,11515823360789.6,843217807841.768
7012.75,647.530029296875,11386932233512.2,853136440303.199
7014.3125,647.77001953125,11394581275783.6,844096994292.658
7015.875,647.77001953125,11336791109234.7,833907974991.285
7017.4375,648.010009765625,11529726986226.7,860495355884.782
7019,648.010009765625,11390522626621.8,852380374139.064
7020.5625,648.010009765625,11520254986575.3,831619119496.188
7022.125,648.010009765625,11406224095864.3,778442082280.991
7023.6875,648.095720563616,11330770114506.8,855428029391.321
7025.25,648.25,11450974783182.2,866970009783.39
7026.8125,648.25,11380837857393.7,894856284293.761
7028.375,648.25,11394337162887.5,860971267857.933
7029.9375,648.489990234375,11279708428174.2,873461324085.662
7031.5,648.600754957933,11331917243060.8,794210152145.63
7033.0625,648.72998046875,11240569091625,825183834161.026
7034.625,648.489990234375,11399553007758.4,782858389631.936
7036.1875,648.72998046875,11276634415969.7,867069298127.164
7037.75,648.969970703125,11356725795661.8,824241107325.154
7039.3125,648.969970703125,11370878157454.7,851282176643.202
7040.875,649.449951171875,11361808693348,837564897486.408
7042.4375,649.449951171875,11414161984666.1,810361989759.025
7044,649.2099609375,11392409607720.8,837427825534.092
7045.5625,649.334755859375,11344078624776,869224578362.87
7047.125,649.2099609375,11432223680409.8,832287429165.669
7048.6875,649.449951171875,11277096241227.1,830078024088.536
7050.25,649.181162109375,11358322894876.3,836742942085.394
7051.8125,649.449951171875,11311956369221.8,890764811437.272
7053.375,649.690002441406,11178762662351.3,824057893755.215
7054.9375,649.690002441406,11363005675815.4,814946506450.782
7056.5,649.690002441406,11366243390454,807459019639.091
7058.0625,649.690002441406,11361801649740.4,797286076244.402
7059.625,649.718801269531,11413190654858.4,750476131289.502
7061.1875,649.929992675781,11546491227022.3,833439539104.529
7062.75,650.169982910156,11354575875565.4,844091870425.292
7064.3125,650.169982910156,11387855437378,831796447519.781
7065.875,649.929992675781,11413131477097.4,818079185767.35
7067.4375,650.169982910156,11480535627092.4,874483077435.835
7069,650.650024414063,11336180065762,851133588951.555
7070.5625,650.410034179688,11591318234989.5,842368282228.877
7072.125,650.79771071214,11455022629493,870268561260.64
7073.6875,650.410034179688,11489451452734.4,786033307442.853
7075.25,650.650024414063,11533585233443.4,788296324548.323
7076.8125,650.428494966948,11494408393231,812469616734.287
7078.375,650.890014648438,11404361732243.1,893452009339.722
7079.9375,651.130004882813,11339379124125.5,852078631022.208
7081.5,651.130004882813,11293167045836.3,895066281164.39
7083.0625,650.890014648438,11448561814440.7,887344192650.16
7084.625,651.130004882813,11340820425980.9,875470060870.366
7086.1875,650.890014648438,11330622160704,848583969480.323
7087.75,651.369995117188,11483240925476.2,870654138263.938
7089.3125,651.609985351563,11435336379389.6,898731421515.973
7090.875,651.369995117188,11458135072029.7,858472031617.128
7092.4375,651.443838266227,11368043078476.8,842054178489.133
7094,651.609985351563,11442329703090.5,837148191855.708
7095.5625,651.839965820313,11409209915566.2,840365650131.26
7097.125,651.729575195313,11438454809145.5,854085197799.748
7098.6875,651.839965820313,11478667104560.7,827888081146.555
7100.25,652.320007324219,11412367764269.4,832237859056.688
7101.8125,651.839965820313,11585610812176.5,811068836822.145
7103.375,652.079956054688,11455184789688.8,835380613877.864
7104.9375,652.079956054688,11439294266194,861690413179.414
7106.5,652.09710257394,11437934488466.8,824661027199.773
7108.0625,652.320007324219,11521035391420.1,924641016489.59
7109.625,652.320007324219,11487708969427.6,855992586415.708
7111.1875,652.153817983775,11435758615453.7,908432684692.678
7112.75,652.559997558594,11531546821686.4,884088183814.178
7114.3125,652.559997558594,11489992844874.7,858575075967.282
7115.875,652.799987792969,11541265924185.6,910571677409.789
7117.4375,652.799987792969,11506915296770.1,872568963834.278
7119,653.0400390625,11450586596318.4,865513072094.428
7120.5625,652.76306621845,11597112345026.5,901238115192.699
7122.125,652.799987792969,11429023155619.7,891139057811.271
7123.6875,653.280029296875,11448991345189.8,828312881287.763
7125.25,653.52001953125,11681584199862.4,865459222448.296
7126.8125,653.280029296875,11648271763681.6,818726952935.589
7128.375,653.52001953125,11472624695445.2,796615027184.671
7129.9375,653.280029296875,11519509908496.4,858559035389.066
7131.5,653.52001953125,11453391053385.7,868371091753.306
7133.0625,653.922860281808,11555843714235.9,798313480861.14
7134.625,653.760009765625,11382051806554,895055141984.507
7136.1875,653.760009765625,11426232673506.8,847409383610.943
7137.75,653.760009765625,11404061238802.6,893745166626.166
7139.3125,653.760009765625,11674199383332,851742505813.54
7140.875,653.760009765625,11587927042656.1,855913979536.708
7142.4375,654,11534005061731.7,813406249535.141
7144,653.760009765625,11642974750411.1,912699005967.368
7145.5625,653.875205078125,11484524098884.5,846244503829.223
7147.125,654.451181640625,11718385577029.7,823603444542.789
7148.6875,654.47998046875,11760700659648.3,865615588920.22
7150.25,654.701115534856,11506325032799.6,867691185620.384
7151.8125,654.47998046875,11589788619125.8,873894550879.965
7153.375,654.7099609375,11670541439140.6,908558911670.822
7154.9375,654.524207481971,11638594091216.3,821905759100.336
7156.5,654.949951171875,11544855152495.7,827472534736.301
7158.0625,654.949951171875,11508621000377.1,887758517126.509
7159.625,654.949951171875,11490125325204,847681463544.645
7161.1875,655.190002441406,11625712753093.3,889887229649.864
7162.75,654.949951171875,11436011232051.5,889193981244.277
7164.3125,654.552283653846,11514420501027.9,830299977669.374
7165.875,655.190002441406,11593904569386.9,842127628980.482
7167.4375,655.429992675781,11694364192594.4,854229554971.395
7169,655.631584472656,11535293852620.9,886449329708.54
7170.5625,655.429992675781,11577914288104.8,886639686079.34
7172.125,655.669982910156,11667005997192.5,840483685085.316
7173.6875,655.910034179688,11504812949768.2,866534232405.8
7175.25,655.910034179688,11546469996075.3,876153705862.761
7176.8125,655.669982910156,11590140042006.5,875132338882.239
7178.375,655.669982910156,11560207434720.5,856033624062.19
7179.9375,655.910034179688,11602770945395.4,873255602828.114
7181.5,655.910034179688,11573441588255.7,850734848843.999
7183.0625,656.150024414063,11657341324431.9,873659936452.815
7184.625,656.28848031851,11422447306112.5,856119508193.186
7186.1875,656.150024414063,11591346701212.6,836097463181.18
7187.75,656.150024414063,11595285791861.3,883907803528.993
7189.3125,656.390014648438,11683484183984.5,850123289439.593
7190.875,656.390014648438,11663311896105.5,911600245605.995
7192.4375,656.630004882813,11583913542195.8,890588516553.197
7194,656.390014648438,11701733353722.2,911165834507.529
7195.5625,656.630004882813,11531458864865.3,826073435401.219
7197.125,656.869995117188,11577014107875.4,853757071623.015
7198.6875,657.109985351563,11631807087501.6,881233216698.214
7200.25,657.524573692909,11592097225652.2,878900218673.195
7201.8125,656.927592773438,11681083711795.7,853667682632.33
7203.375,657.109985351563,11547839880052.7,860209360736.248
7204.9375,657.109985351563,11519460900177.6,851147388731.392
7206.5,657.109985351563,11550802441300.9,828681048062.47
7208.0625,657.109985351563,11630563967876.3,869420450413.755
7209.625,657.339965820313,11518776841047.9,890051460093.876
7211.1875,657.387963867188,11656127009239.8,897700098864.372
7212.75,657.339965820313,11713128822712.6,934002626462.739
7214.3125,657.339965820313,11800904486079.8,897308723482.921
7215.875,657.166381835938,11557708702966.8,888909694645.113
7217.4375,657.820007324219,11697438389793.2,813109464270.27
7219,657.820007324219,11756126109191.3,872449232030.973
7220.5625,658.059997558594,11814208122944.8,839233723859.16
7222.125,657.838468111479,11733910355025.5,867516896796.397
7223.6875,658.299987792969,11705750336029.3,874563019596.916
7225.25,658.170776367188,11771129072095.8,854314306186.743
7226.8125,658.5400390625,11787572748777.4,894287998074.541
7228.375,658.5400390625,11689378199458.2,893631732455.324
7229.9375,658.5400390625,11770059777952,894968048859.506
7231.5,658.650803786058,11479193191661.2,928311358732.883
7233.0625,658.5400390625,11656752009071,886876433761.139
7234.625,658.5400390625,11595915087307.8,884089757892.047
7236.1875,658.780029296875,11680835063999.7,863445887544.558
7237.75,658.780029296875,11678972293582.2,885857715417.121
7239.3125,658.780029296875,11708683337480.8,905585850533.541
7240.875,658.780029296875,11558825310128.3,817881377593.982
7242.4375,658.900024414063,11709874071340.7,864274022977.056
7244,659.260009765625,11558847924652.2,843527438559.109
7245.5625,659.260009765625,11750820964789.9,884760337275.194
7247.125,659.260009765625,11622944137505.4,922764229299.583
7248.6875,659.260009765625,11757371747130.4,953702939391.296
7250.25,659.489990234375,11698474728880.6,863466869954.259
7251.8125,659.489990234375,11645014776483,917059857295.724
7253.375,659.489990234375,11700258004709.7,898454214727.688
7254.9375,659.72998046875,11617038291860.5,903668937663.831
7256.5,659.489990234375,11686568704390,899735964843.153
7258.0625,659.547587890625,11562831903863.7,868266917499.06
7259.625,659.72998046875,11689929172620.7,907157807295.466
7261.1875,659.72998046875,11697190967278.9,869974385237.683
7262.75,659.969970703125,11732156377605.7,838083994867.593
7264.3125,659.969970703125,11898548098306.6,890630191511.978
7265.875,660.2099609375,11708681321027,926994471183.26
7267.4375,660.302264873798,11766161873116.5,875142540947.982
7269,660.238759765625,11849216619262.8,881281836920.589
7270.5625,660.2099609375,11902045551803.3,875564812013.277
7272.125,660.622788085937,11619235064661.8,829098724792.158
7273.6875,660.449951171875,11808713729764.7,839015700693.372
7275.25,660.690002441406,11928807494119.7,871402110881.781
7276.8125,661.169982910156,11867254204853.1,744111462830.115
7278.375,660.929992675781,11703129799893.3,878238197456.35
7279.9375,660.929992675781,11885784848062.1,866684048789.176
7281.5,660.99460543119,11624264616515.5,882738052712.423
7283.0625,661.054787597656,11732664766290,845741462566.262
7284.625,660.929992675781,11757575934720.5,920490711113.15
7286.1875,661.169982910156,11829870725729.3,865805655659.007
7287.75,661.400024414063,11808395507405.4,881288557455.943
7289.3125,661.298806152344,11699259649411.9,822868985034.266
7290.875,661.640014648438,11784207408014.1,884335666038.472
7292.4375,661.400024414063,11675048684779.5,879885851873.603
7294,661.412807617188,11845783334434.1,899094894604.149
7295.5625,661.640014648438,11959876009389.7,882768109281.139
7297.125,661.640014648438,11760134172221.8,904192307546.796
7298.6875,661.880004882813,11926040658145.5,897210193400.119
7300.25,661.880004882813,11763573766195.9,911569184087.929
7301.8125,662.359985351563,11815594730466.2,958435898685.615
7303.375,662.193838266227,11902418953606.2,889996460910.634
7304.9375,662.119995117188,11852411048474.8,907029742571.509
7306.5,662.359985351563,11790516244545.3,935064077651.619
7308.0625,662.230759840746,11931850854142.1,856184733962.103
7309.625,662.599975585938,11778880562683,864481672700.672
7311.1875,662.359985351563,11790291273378.4,962506021286.791
7312.75,662.388784179688,11723096404289.7,896972366918.283
7314.3125,662.417583007813,11820203432377.1,853633279454.251
7315.875,662.465581054688,11892391910820.3,959729372013.055
7317.4375,662.599975585938,11911287801149.7,860313339510.179
7319,662.839965820313,11750287929086.3,884641604332.348
7320.5625,662.618436373198,11898312101812.8,875968800050.843
7322.125,663.309997558594,11809271641025,906058562506.453
7323.6875,663.079956054688,11978630297995.3,927980095866.979
7325.25,663.309997558594,11837104831974.7,934198654368.938
7326.8125,663.309997558594,12007423340220.9,897886300088.635
7328.375,663.761232910156,11878086834183,901385558931.949
7329.9375,663.646008300782,11937590641647,851990598649.271
7331.5,663.549987792969,11886045296590.3,893752310212.49
7333.0625,663.684416503907,11999435473849.3,894236923955.448
7334.625,663.531527005709,11852673297353.7,915636483018.056
7336.1875,663.549987792969,11853258511116.7,897226355331.069
7337.75,664.030029296875,11669656791545.2,846308335324.462
7339.3125,664.27001953125,11928549044031.2,874456116988.338
7340.875,664.15482421875,11782694452658.3,930461806766.165
7342.4375,664.030029296875,11893820148905.4,928436276525.291
7344,664.27001953125,11800357123500.3,882392018728.615
7345.5625,664.066950871394,11735407468034.9,841619722482.076
7347.125,664.27001953125,11858232530541.9,891075934658.003
7348.6875,664.27001953125,11698766020573.6,871979655912.908
7350.25,664.491548978365,11834312925175.4,917225310195.739
7351.8125,664.510009765625,11802995614288.4,902975291598.472
7353.375,664.27001953125,11937739914134,881136964573.707
7354.9375,664.891526442308,11840785652019.6,907142923021.222
7356.5,664.75,11896655719510.2,930673625335.357
7358.0625,664.97998046875,12050556766571.2,845996511082.724
7359.625,664.682802734375,11730477994485.9,894062501541.94
7361.1875,664.510009765625,11749284553373.5,870815728307.019
7362.75,664.97998046875,11959122827385.4,897548835806.741
7364.3125,664.97998046875,11797031034954.4,869809082925.535
7365.875,665.219970703125,11861878303436.8,915184722867.524
7367.4375,665.219970703125,11907316147130.8,928816521641.107
7369,665.395348182091,11981225623236.4,900921088640.768
7370.5625,665.219970703125,12101996407115.5,914088138598.096
7372.125,665.4599609375,12058398396518.5,871753714048.635
7373.6875,665.219970703125,11936021791725.5,881183765144.136
7375.25,665.699951171875,11840968539475.7,931017819259.142
7376.8125,665.565556640625,12041939763306.9,945065478969.085
7378.375,665.699951171875,11998050514342.8,916915472868.707
7379.9375,665.940002441406,12112099784340.3,876026218877.389
7381.5,666.179992675781,12011859839938.4,877802345954.222
7383.0625,666.419982910156,12099414226668,914273039369.303
7384.625,666.419982910156,12097167671932.8,936146739630.861
7386.1875,666.419982910156,12070192059964.1,912280668076.964
7387.75,666.419982910156,12013321552064.2,903988714467.248
7389.3125,666.650024414063,12116747073752.9,892061401268.524
7390.875,666.473069411058,11982398034064.5,917385371246.068
7392.4375,666.650024414063,12038773479589,867708128345.415
7394,666.650024414063,12003070414673.1,905548737139.787
7395.5625,666.77924992488,12093532241314,946349372559.057
7397.125,666.890014648438,12149586512469.7,954689420880.042
7398.6875,666.890014648438,12019155558972,866220913914.028
7400.25,667.130004882813,12067098705685.5,875463391633.685
7401.8125,667.046931340145,12173935277202.3,912502104381.385
7403.375,666.957211914063,12198119037610.6,984480937688.708
7404.9375,667.369995117188,11946750355097.9,921673413309.595
7406.5,667.235600585938,12060406895997.9,907751229948.512
7408.0625,667.609985351563,12126699800707.3,900761788242.347
7409.625,667.369995117188,12071965971472.3,894074665148.633
7411.1875,667.369995117188,12175331581165,960243914457.864
7412.75,667.609985351563,12089603939484.5,888434508766.814
7414.3125,667.130004882813,12020971310863.6,924281379790.381
7415.875,667.609985351563,12007199414492.9,887767867247.862
7417.4375,667.369995117188,12090671123384.1,898606581911.263
7419,667.849975585938,12061214008058.3,914546215358.127
7420.5625,667.849975585938,12153378169339.3,891626326931.246
7422.125,668.029960300612,12117057353656.5,966522563048.355
7423.6875,668.079956054688,12267926043949.3,912323511184.874
7425.25,668.320007324219,12113075278459.6,958277336116.949
7426.8125,668.320007324219,12042508235355.7,908417496845.064
7428.375,668.320007324219,12157056039294.3,953001242450.847
7429.9375,668.320007324219,12097333165518.8,902494750424.041
7431.5,668.559997558594,12120506726874.5,924324681226.106
7433.0625,668.799987792969,12231396390156.9,901733826386.156
7434.625,669.0400390625,12054204002828.3,923493084060.281
7436.1875,669.0400390625,11962458342346,944884971961.35
7437.75,668.799987792969,12005355689530.2,898932708181.774
7439.3125,668.799987792969,11959531862636.5,939481762770.956
7440.875,668.799987792969,12040038503296.6,923042060683.571
7442.4375,668.717266214305,12060651096499.9,892127317020.977
7444,669.0400390625,12052724704235.7,924101371418.516
7445.5625,669.280029296875,12081466447803.8,934228641839.372
7447.125,669.107236328125,12099158939716.7,919497416831.7
7448.6875,669.280029296875,12162011580854.6,908233383086.322
7450.25,669.280029296875,11979858733006.1,915497796914.339
7451.8125,669.510009765625,12086083117027.5,897175380704.516
7453.375,669.75,12142053102344.3,950484083973.69
7454.9375,669.722308819111,12157217808935.1,953725393050.739
7456.5,669.989990234375,12181310479206.1,888512733249.08
7458.0625,669.989990234375,12289509343623.9,939204220728.613
7459.625,669.989990234375,12221213454889.2,924707087070.812
7461.1875,670.22998046875,12128834748736.5,888384347777.154
7462.75,670.21151968149,12241915936395.8,900078715885.603
7464.3125,670.0955859375,12134259510475.6,907883866173.324
7465.875,670.22998046875,12194673050145.1,919123427348.979
7467.4375,670.22998046875,12161267875538.3,944447908589.454
7469,670.469970703125,12006916484433.7,902710311666.479
7470.5625,670.469970703125,12000761947145.7,923907806064.006
7472.125,670.469970703125,12192574008402.5,903479276073.57
7473.6875,670.699951171875,12120432098617.1,909573005017.786
7475.25,670.940002441406,12216337993533,932665014611.19
7476.8125,670.709553222656,12090986493722.2,939732712914.112
7478.375,670.801511324369,12160693356739.8,949476750041.163
7479.9375,670.8919921875,12198956568435.9,888984440740.457
7481.5,670.940002441406,12073363763545,887496646159.548
7483.0625,670.940002441406,12010151403902.7,914734890407.079
7484.625,671.391184082031,12098222118637.3,923559570052.078
7486.1875,671.419982910156,12115245032625.3,899142166204.099
7487.75,671.419982910156,12008295320961.3,912050118913.838
7489.3125,671.419982910156,11951485757565.1,909542518391.36
7490.875,671.419982910156,12136909680443.3,947074954103.056
7492.4375,671.660034179688,12196844253137.9,943620918880.344
7494,671.419982910156,12008557742737.7,886043533653.385
7495.5625,671.660034179688,12129017809634.3,985974776461.479
7497.125,671.660034179688,12192073767025.4,894847112188.542
7498.6875,671.900024414063,12185677889487.8,932937382170.627
7500.25,671.660034179688,12273670628354.5,917910540785.331
7501.8125,671.900024414063,12202601163472.2,912784566007.751
7503.375,672.076932466948,12087201306573.3,997612479648.338
7504.9375,672.226000976563,12158183650297.7,864295893519.471
7506.5,672.130004882813,12103700303639.2,907318752880.071
7508.0625,672.130004882813,12262755750176.9,909707865692.37
7509.625,672.369995117188,12186445368128.4,970411736638.801
7511.1875,672.609985351563,12108294828498.1,845976308641.59
7512.75,672.849975585938,12245669322611.9,962670130370.291
7514.3125,672.609985351563,12130298239974.3,879890136447.266
7515.875,672.425377478967,12264516221768,958706018266.966
7517.4375,672.369995117188,12061476151348.3,951201670076.743
7519,672.849975585938,12121064802023.6,942123315044.457
7520.5625,672.886897160457,12120911203544.1,911870823012.418
7522.125,672.849975585938,11991157195948.8,939416806588.977
7523.6875,673.320007324219,12306545525363.1,913822804947.19
7525.25,673.206403808594,12324758608741.2,915785142876.863
7526.8125,673.559997558594,12233825210607.3,948930968696.96
7528.375,673.320007324219,12138223626275.2,894252807073.89
7529.9375,673.559997558594,12129792432675.9,916948908242.734
7531.5,673.588796386719,12069337348738.8,936442803703.347
7533.0625,673.320007324219,12001110336526.9,878975333540.429
7534.625,673.320007324219,12031948672520.1,942972976262.984
7536.1875,673.089965820313,12023116043965.3,919554743030.537
7537.75,673.799987792969,12136901632067.3,909039963206.301
7539.3125,674.0400390625,12217654078680.3,926730829314.853
7540.875,673.902866908482,12200115881628.4,944180710749.573
7542.4375,673.799987792969,12128929289672.5,950073128911.844
7544,673.799987792969,12197404836593.9,899219759329.837
7545.5625,674.0400390625,12192791941406,953980016651.177
7547.125,674.0400390625,12150451252907,931176798943.362
7548.6875,674.0400390625,12142343324266.3,987437411629.418
7550.25,674.510009765625,12276335710831,915292013896.718
7551.8125,674.510009765625,12129480486989.4,961015104282.526
7553.375,674.510009765625,12214536677646.2,989280377858.243
7554.9375,674.421555739183,12120011173314,958851929756.177
7556.5,674.510009765625,12319901168670.4,1001068961743.17
7558.0625,674.75,12284077966337.2,927347275509.553
7559.625,674.989990234375,12332259824135.5,921361811834.275
7561.1875,674.989990234375,12422758669376.3,961974393059.557
7562.75,674.989990234375,12365605236064,953936907518.681
7564.3125,675.24844125601,12269847136511.5,913060512677.893
7565.875,675.22998046875,12205391680437,967090367896.109
7567.4375,675.469970703125,12291247406062.7,941924619392.221
7569,675.22998046875,12276035948887.1,895899848109.407
7570.5625,675.22998046875,12237211128482.1,934596206449.899
7572.125,675.497568359375,12113006472463.5,914272675879.458
7573.6875,674.75,12343184648739.8,936816600020.601
7575.25,675.645338792067,12261428876094.8,935811357920.589
7576.8125,675.834379882813,12464157761912.3,941907297548.73
7578.375,675.718416654147,12346790922417.4,908906505552.238
7579.9375,675.699951171875,12427032358311.7,900394486918.963
7581.5,675.884605994591,12319646336279.8,924951277468.924
7583.0625,675.940002441406,12390089600442.2,961644909864.9
7584.625,676.179992675781,12267283558945.1,917918181559.198
7586.1875,676.179992675781,12351010379683.9,964804904848.961
7587.75,676.179992675781,12319902638333.5,900571839984.318
7589.3125,676.419982910156,12291731810119.3,930860432332.19
7590.875,676.890014648438,12454275283830.6,988430438838.318
7592.4375,676.660034179688,12504319183776.1,901377027780.47
7594,676.660034179688,12270452136838.8,949308887838.297
7595.5625,676.890014648438,12454850106105.6,956128500303.049
7597.125,677.130004882813,12313349036653.6,975595836324.153
7598.6875,676.74848820613,12169807762332.2,926709317946.882
7600.25,676.890014648438,12473621577671.4,916437242950.087
7601.8125,677.130004882813,12374496923835.3,888995115362.096
7603.375,677.176156850962,12396812209227.7,944748724821.58
7604.9375,677.130004882813,12288694828678.5,894085041167.83
7606.5,677.369995117188,12397753801521.6,933909488810.227
7608.0625,677.609985351563,12346264050153.4,973048758232.702
7609.625,676.890014648438,12422719020023,964346339440.068
7611.1875,677.839965820313,12324506243944.6,938727379865.211
7612.75,677.434607872597,12301942513521.1,907026946557.593
7614.3125,677.130004882813,12297881074240.8,956879755238.22
7615.875,677.609985351563,12392665286218.3,930376477676.559
7617.4375,677.839965820313,12249615280242.6,991414712607.466
7619,678.070725661058,12221360298466.5,910081812752.404
7620.5625,677.839965820313,12411272154160.9,929900105445.766
7622.125,678.320007324219,12405914001504.5,922160417847.554
7623.6875,678.126119760367,12223281753538.4,961158849697.368
7625.25,678.079956054688,12224101847962.2,939987808869.823
7626.8125,678.320007324219,12316848340768.1,953740075365.514
7628.375,678.320007324219,12241786506101.9,1007578983945.91
7629.9375,678.295174434268,12244434845918.3,1012343345971.63
7631.5,678.559997558594,12231956738864,948831341541.539
7633.0625,678.320007324219,12210636804424.7,941985953692.358
7634.625,679.030029296875,12368017230219.1,979295203191.984
7636.1875,678.799987792969,12349755960445,936113966650.347
7637.75,679.012333796575,12292158139118.5,878557735961.622
7639.3125,678.689223069411,12520632436210.4,923627822303.532
7640.875,679.030029296875,12303873289007.5,914035036778.964
7642.4375,679.27001953125,12471919520527.5,915190529736.072
7644,679.27001953125,12331159492846.7,924280113253.85
7645.5625,679.030029296875,12338004927915.4,932898455818.695
7647.125,679.510009765625,12250886349339.1,953004548333.837
7648.6875,679.510009765625,12209036119401,932123207551.389
7650.25,679.75,12244719601945.3,940382372007.594
7651.8125,679.28848031851,12065259241318.1,892899424945.073
7653.375,679.27001953125,12143043722900,923902139376.549
7654.9375,679.75,12251783289494.6,925463604151.869
7656.5,679.75,12352255021522.1,899805798852.239
7658.0625,679.75,12197337570788.8,932556194892.758
7659.625,679.75,12384313730999.9,911423008406.05
7661.1875,679.97998046875,12195365378510.1,989668621510.171
7662.75,680.219970703125,12235541907987,931997908622.903
7664.3125,680.114375,12205087457671.2,993214620324.834
7665.875,679.97998046875,12304879972197.1,948113912403.175
7667.4375,680.4599609375,12182476171344.5,884761977678.838
7669,680.528529575893,12245895803834.7,934819712318.651
7670.5625,680.219970703125,12205026113093.3,942263015270.7
7672.125,680.4599609375,12285455142267.8,948372961180.021
7673.6875,680.219970703125,12383522816055.8,936778866395.215
7675.25,680.699951171875,12244568986651.3,893045274801.024
7676.8125,680.699951171875,12455230364562.7,930992335856.172
7678.375,680.929992675781,12230020246598.2,956419029585.688
7679.9375,680.929992675781,12443241640444.8,991231403577.396
7681.5,680.929992675781,12230595108661.5,908900454477.704
7683.0625,681.169982910156,12380462156233.8,952653434325.431
7684.625,680.929992675781,12249130635893.8,991578108697.901
7686.1875,681.077678973858,12413120666588.3,899616318462.549
7687.75,681.169982910156,12353946371197.5,909537725786.855
7689.3125,681.477216796875,12329206709107,899691676001.741
7690.875,681.410034179688,12505419195435.8,911785486219.073
7692.4375,681.650024414063,12305491261674.4,917058664452.272
7694,681.880004882813,12492615408623.2,984835662642.336
7695.5625,681.880004882813,12346833364220,987258903328.536
7697.125,681.650024414063,12390044993004.5,958977017523.481
7698.6875,682.119995117188,12319478670640.5,983181697715.92
7700.25,681.818087064303,12224536083355,950926841509.307
7701.8125,682.119995117188,12138772978693.8,998517657565.547
7703.375,682.091196289063,12312067863486.1,910227442701.6
7704.9375,682.239990234376,12261036081450.5,933560930766.744
7706.5,682.119995117188,12278924678571.9,946283478025.903
7708.0625,682.359985351563,12328403379170.5,949352942201.882
7709.625,682.359985351563,12398660145372.9,956202139132.587
7711.1875,682.193838266227,12387557032717.8,967600524516.966
7712.75,682.436782226563,12337192481970.8,943321639673.249
7714.3125,682.599975585938,12388164132425.6,996261303297.471
7715.875,682.475180664063,12407115509439.2,960605314766.068
7717.4375,682.839965820313,12468166050260.3,952693683894.07
7719,682.839965820313,12464076829459.6,926904166367.428
7720.5625,682.839965820313,12426586959163.1,955415956480.38
7722.125,683.070007324219,12397103237750.8,937750510470.177
7723.6875,683.070007324219,12350488281256,894988763621.658
7725.25,683.108405761719,12197145914424.3,896698061537.154
7726.8125,682.946138822116,12388390804297,901862072982.364
7728.375,683.309997558594,12385527220900.7,936216916484.763
7729.9375,683.457683856671,12402231485465,920529698641.109
7731.5,683.361424037389,12336429507736.2,969621985533.633
7733.0625,683.549987792969,12419029375608,971226182197.212
7734.625,683.549987792969,12396371399280.7,970580454437.786
7736.1875,683.743875356821,12487871546181.5,900137120571.507
7737.75,683.684416503907,12470399008009.6,944294134458.366
7739.3125,683.7900390625,12355382664391.1,972157057419.303
7740.875,683.7900390625,12310177590130.3,996461161481.461
7742.4375,683.7900390625,12427608737285.6,978316063479.195
7744,684.260009765625,12388067954877.9,987852475390.608
7745.5625,684.5,12553489741396.7,894678860577.667
7747.125,684.260009765625,12561286932454.7,983431293563.868
7748.6875,684.260009765625,12312149333612.5,910899520761.299
7750.25,684.260009765625,12385682695856,944738746078.18
7751.8125,684.5,12358836019143.2,969672764321.706
7753.375,684.5,12445578289630.8,955120613863.869
7754.9375,684.5,12477169429042.5,965718002654.243
7756.5,684.553072415865,12408282204699.1,991762723833.349
7758.0625,684.969970703125,12337613311053.2,1001369507368.31
7759.625,684.969970703125,12370279036163,983818556076.471
7761.1875,684.969970703125,12526746080290.5,979431243489.616
7762.75,684.969970703125,12416085417285.7,1007379096403.63
7764.3125,685.2099609375,12279284386967.4,1003257460943.32
7765.875,684.969970703125,12441714076405.5,959569174356.853
7767.4375,685.449951171875,12560232464957.7,970051621413.131
7769,685.449951171875,12463784856985.9,973303748708.413
7770.5625,685.449951171875,12464861381015.7,948004140542.595
7772.125,685.679992675781,12535712607295.7,956200298625.073
7773.6875,685.587976074219,12624002220650.9,974236010598.368
7775.25,685.449951171875,12245593634326.9,973353291653.004
7776.8125,685.814387207031,12431624235838.4,958276786270.233
7778.375,685.919982910156,12495702158699,1001278905832.17
7779.9375,685.679992675781,12481228065350.7,969029061036.004
7781.5,685.919982910156,12482839530317.8,924414743095.809
7783.0625,685.679992675781,12431228978004.6,937084477114.712
7784.625,686.160034179688,12585219907201.9,966070321527.228
7786.1875,686.400024414063,12482121088556.3,927146924403.462
7787.75,686.400024414063,12500317928813.5,959812868788.73
7789.3125,686.160034179688,12330997856876.8,957080887877.719
7790.875,686.400024414063,12500871717506.3,982753595605.261
7792.4375,686.630004882813,12559371909606.3,981630751294.437
7794,686.361625976563,12529383544088.5,947136305888.781
7795.5625,686.630004882813,12443419490995.5,1028394528793.65
7797.125,686.898793945313,12561489804050.4,964949006686.992
7798.6875,686.989990234376,12668362810636.5,940463463259.378
7800.25,686.879225510818,12487665949135.5,984674477006.452
7801.8125,686.869995117188,12441184382448.2,963515429358.18
7803.375,687.063833383414,12344140102992.2,1013692501083.17
7804.9375,687.109985351563,12511957983775.5,1000745242669.83
7806.5,687.349975585938,12542447441563.6,972207929131.727
7808.0625,687.349975585938,12455317782924.5,981807406230.748
7809.625,687.349975585938,12534150025892.1,977691599680.506
7811.1875,687.579956054688,12306454717954,979895840457.569
7812.75,687.473811222957,12419105324818.5,996191668466.308
7814.3125,687.579956054688,12423569530479.4,993246000740.292
7815.875,687.579956054688,12549972985527.1,988535909271.773
7817.4375,687.349975585938,12544697191298.8,920362893639.338
7819,687.995384803185,12420026573400.9,972106617442.023
7820.5625,687.973601074219,12539663322917.9,967370620359.74
7822.125,688.059997558594,12710201410861.4,960439763246.286
7823.6875,688.059997558594,12581502420191.3,1011065342802.23
7825.25,688.2900390625,12510720884948.3,955296912450.487
7826.8125,688.059997558594,12548080698371,976610051891.659
7828.375,688.2900390625,12469993925371.6,918063901385.222
7829.9375,688.530029296875,12511907076478.3,965547065463.014
7831.5,688.530029296875,12533115669595,984857422087.079
7833.0625,688.2900390625,12306039116896.8,977917601682.969
7834.625,688.530029296875,12408592760827.9,883252601879.083
7836.1875,688.77001953125,12428485290872.2,1014489316445.09
7837.75,688.77001953125,12456900117919.3,937315227216.563
7839.3125,688.77001953125,12462322456217.4,986199927093.468
7840.875,689.010009765625,12586529424366.4,932387684751.506
7842.4375,689.239990234375,12584888759559.1,976806947650.862
7844,689.010009765625,12589827858987.9,988923301076.393
7845.5625,689.010009765625,12538480370426.6,998373135662.88
7847.125,689.010009765625,12481311369060.5,936372221890.638
7848.6875,689.47998046875,12580506994485.8,1021293672055.77
7850.25,689.535362830529,12550881161342.7,993302603972.72
7851.8125,689.719970703125,12568139780925.4,937391336736.526
7853.375,689.47998046875,12594640233862.2,975341882329.16
7854.9375,689.700771484375,12556677700689.9,997168976286.545
7856.5,689.719970703125,12587975657456.9,943116246348.247
7858.0625,689.719970703125,12414953186786.8,945745352481.564
7859.625,689.9599609375,12621415990054.1,977033977123.149
7861.1875,689.76796875,12615540172359.2,994738839201.523
7862.75,689.9599609375,12398928204353.9,957137357289.976
7864.3125,690.343596191406,12485365766809.6,928344797022.718
7865.875,690.190002441406,12632710184121.1,964520898707.8
7867.4375,690.190002441406,12662973463172.6,1054945167190.12
7869,690.190002441406,12660233357984.3,983475367565.226
7870.5625,690.429992675781,12655420578643.1,931728115430.418
7872.125,690.47614464393,12610187675904.4,1020659771535.75
7873.6875,690.190002441406,12719148013309.9,990747038887.394
7875.25,690.669982910156,12581460504398.2,986461157840.208
7876.8125,690.900024414063,12614561078097.1,942797660914.204
7878.375,690.900024414063,12535372785909.9,981956721950.194
7879.9375,691.140014648438,12414634237466.2,1042729652288.36
7881.5,691.04771071214,12377204341552.9,953082098118.935
7883.0625,691.140014648438,12648612388712.4,985438551067.654
7884.625,691.140014648438,12424002529769.9,988966047994.594
7886.1875,690.973867563102,12737350854237.1,973296705191.424
7887.75,690.900024414063,12542454799951.8,994437429182.478
7889.3125,691.609985351563,12736594952121.1,1009310872934.77
7890.875,691.609985351563,12629080054773.9,980838671985.581
7892.4375,691.380004882813,12703046579007,909405308997.671
7894,691.380004882813,12546718374765,960505005965.737
7895.5625,691.530376727765,12548163789815.2,930910602723.843
7897.125,691.782778320313,12641292030269.9,969069966246.61
7898.6875,691.849975585938,12652026991847.6,954137852627.518
7900.25,691.849975585938,12570050476450.4,1023411534240.21
7901.8125,692.089965820313,12688431193397.2,964981120296.208
7903.375,692.089965820313,12562623878558.6,1000270662926.11
7904.9375,691.849975585938,12671023407919.4,994709541711.896
7906.5,692.154578575722,12527951852611.3,986675294760.079
7908.0625,691.965170898438,12500209657272.4,988329629920.281
7909.625,692.329956054688,12625905348946.5,1015551406159.39
7911.1875,692.42197265625,12496812180237,1041026146408.85
7912.75,692.559997558594,12692700401093.8,987875630029.8
7914.3125,692.559997558594,12567636393487.9,1008494819522.88
7915.875,692.799987792969,12594067452100.4,994973364575.868
7917.4375,692.799987792969,12698391170506.5,996600376923.704
7919,692.799987792969,12654867304108.8,976149329611.014
7920.5625,693.0400390625,12643583344187.5,984150826624.754
7922.125,692.892315204327,12729611599996.2,963856606359.458
7923.6875,693.0400390625,12651383005777.6,1016492364311.63
7925.25,693.0400390625,12645293407449.6,981479408810.963
7926.8125,693.27001953125,12721265955767.6,1017438866731.04
7928.375,693.454627403846,12739528879254,948203100730.575
7929.9375,693.75,12720495873378.3,1023629316222.94
7931.5,693.73153921274,12830733513334.5,986011761521.238
7933.0625,693.75,12671289881115.6,958862953681.592
7934.625,693.27001953125,12422487142154.9,1014073461637.42
7936.1875,693.75,12600241871075,975518197867.918
7937.75,693.69240234375,12676356468036.2,1015550294348.63
7939.3125,693.97998046875,12718083848802.3,1027052023745.65
7940.875,693.97998046875,12678005318848.9,1056636402286.68
7942.4375,693.97998046875,12747767229391,990583604902.038
7944,693.75,12619441740496.9,1022072548897.86
7945.5625,694.21037109375,12721400079644.5,991939244745.167
7947.125,694.081514798678,12709813699250.4,1005266373197.32
7948.6875,694.247661884015,12718582134398.8,1039179464342.52
7950.25,694.4599609375,12641710423663.7,1019829066328.23
7951.8125,694.40236328125,12806664412031.9,994659486242.161
7953.375,694.699951171875,12659361798871.6,1029725332185.82
7954.9375,694.699951171875,12852687072847.2,1020473602668.99
7956.5,694.929992675781,12646333515996.5,968175436731.149
7958.0625,694.801169433594,12755163613342.9,1017681038876.95
7959.625,694.744189922626,12734566881846.6,1008772615779.7
7961.1875,694.929992675781,12578253899262.4,992022354719.941
7962.75,695.169982910156,12720724158136,1043453751305.54
7964.3125,695.169982910156,12765056264637.2,982439381275.895
7965.875,695.169982910156,12739824154246.8,1000055745366.66
7967.4375,695.169982910156,12674603358110.9,1008923553943.29
7969,695.169982910156,12713440819033.7,1022274873896.64
7970.5625,695.410034179688,12639888215893.4,974695830154.923
7972.125,694.86381648137,12649391297155.4,984789189907.127
7973.6875,695.640014648438,12762509594872.3,1031776726949.8
7975.25,695.640014648438,12774385161609.1,963572574229.89
7976.8125,695.640014648438,12750835143866.9,1037336097595.25
7978.375,695.410034179688,12628918918130.6,1018588732972.47
7979.9375,696.119995117188,12988702167539.4,964533811424.77
7981.5,695.410034179688,12824723160506.3,984644934997.933
7983.0625,696.349975585938,12851783670590.9,922045318962.331
7984.625,696.119995117188,12890301074480.5,983356753499.089
7986.1875,696.119995117188,12648069942752.4,943654447452.568
7987.75,696.119995117188,12512732373267.4,1014526664455.44
7989.3125,695.898803710938,12805853948628.5,1044630027104.1
7990.875,696.349975585938,12773631068767.4,1027192103910.09
7992.4375,696.829956054688,12700565403387.1,937659878641.982
7994,696.525353064904,12989528464305.5,1014414556454.83
7995.5625,696.589965820313,12751216308642.6,952072232737.24
7997.125,696.589965820313,12820063950196.1,986175015112.63
7998.6875,697.111975097657,12672955532847.2,949074085612.413
8000.25,696.829956054688,12762455006363.1,1013690163168.83
8001.8125,696.829956054688,12840811598054.2,990848351425.833
8003.375,696.829956054688,12900235550302.8,987471579776.873
8004.9375,697.059997558594,12756935046123.2,1025868611640.91
8006.5,698.010009765625,12823781632138.5,1015788974169.69
8008.0625,697.5400390625,12742503151913.1,1011756186568.14
8009.625,697.5400390625,12698148338004.6,954227274765.32
8011.1875,697.5400390625,12874554688959.4,975235580056.053
8012.75,697.5400390625,12818557391684.7,1003398849348.05
8014.3125,697.5400390625,12685556827287.9,1036301308351.2
8015.875,697.227675217849,12600330646585,1008818217720.92
8017.4375,697.77001953125,12578752466878.3,1015115275111.21
8019,697.77001953125,12508811139953.2,1057183460437.39
8020.5625,698.010009765625,12625270035709.8,1024481230491.09
8022.125,698.010009765625,12913620837538.4,991901309720.667
8023.6875,698.010009765625,12763175154296.6,1034942182336.22
8025.25,698.24076960637,12794537112742.6,982552913176.387
8026.8125,698.010009765625,12788511575422.7,999762743502.461
8028.375,698.25,12768457970137.9,982114737262.86
8029.9375,698.25,12760472193924.9,987472262937.625
8031.5,698.47998046875,12926627335981.9,1027807273654.59
8033.0625,698.47998046875,12911072602512.3,975302647468.927
8034.625,698.604775390625,12768925545568,1078636419491.96
8036.1875,698.719970703125,12724814707815.4,1034959188473.98
8037.75,698.719970703125,12665469562758.8,971003264083.48
8039.3125,698.9599609375,12662102434581.4,946052178313.034
8040.875,698.9599609375,12740552150561.4,965492633019.214
8042.4375,698.9599609375,12750724213362.2,1000913181446.09
8044,698.719970703125,12614567926891.3,1034853138882.53
8045.5625,699.066133939303,12681649110118.5,996488385912.778
8047.125,699.429992675781,12909977979787.8,1018494088994.15
8048.6875,699.190002441406,12701594753692.8,1037856097842.73
8050.25,699.190002441406,12676907323321.2,1031703488223.59
8051.8125,699.429992675781,12685436988214.6,983798066832.458
8053.375,699.669982910156,12764101757275.9,997367530801.887
8054.9375,699.900024414063,12853566602794.5,1022679306495.95
8056.5,700.02924992488,12605008884620.7,931997390488.487
8058.0625,699.900024414063,12609514800453.6,977369842924.594
8059.625,700.140014648438,12616730401519.5,1016494167672.71
8061.1875,699.715991210938,12695093980705.8,1009448962135.99
8062.75,699.669982910156,12583457857642.2,1053106473588.56
8064.3125,699.669982910156,12598499406051.3,1002777148476.92
8065.875,699.900024414063,12601352396695.7,986813028335.75
8067.4375,699.900024414063,12608975192721.3,959783853717.969
8069,700.140014648438,12655576369190.8,1017391951731.02
8070.5625,700.609985351563,12511367799486.7,945742058235.946
8072.125,700.380004882813,12644620585143.6,988340721652.234
8073.6875,700.380004882813,12776217771126.2,988103483064.664
8075.25,700.380004882813,12767241749926.4,1001529939875.27
8076.8125,700.380004882813,12630583263617.5,1036217364118.01
8078.375,700.609985351563,12673809766549.4,984590463830.5
8079.9375,700.849975585938,12731486544232.6,929502825425.471
8081.5,700.849975585938,12885407856049.1,1047146557842
8083.0625,700.849975585938,12755227691602.1,1012129201085.55
8084.625,701.320007324219,12788341836367.5,1033282986441.99
8086.1875,701.320007324219,12735467813011.5,1008919909958.51
8087.75,701.320007324219,12700862615157.5,981114514181.528
8089.3125,701.320007324219,12895573378240.3,1017183642587.84
8090.875,701.089965820313,12860582797288.6,1023656433834.5
8092.4375,701.559997558594,12741574374107.7,1012031602260.29
8094,701.559997558594,12800815185645.3,978728145631.269
8095.5625,701.559997558594,12778349557530.3,1033003596055.86
8097.125,701.799987792969,12795794648436.8,1034074473337.89
8098.6875,701.799987792969,12788325129375.6,955541633467.151
8100.25,701.799987792969,12765726544629.2,990878415663.611
8101.8125,701.799987792969,12776803736352.9,1041316096317.8
8103.375,701.959247295673,12805190602716.2,1023313437636.2
8104.9375,702.27001953125,12788538014701.9,1026340817553.03
8106.5,702.23162109375,12839684811808.7,1048067245487.82
8108.0625,702.27001953125,12826304160959.9,1042550340390.33
8109.625,702.510009765625,12686585822643.8,1023511635407.83
8111.1875,702.739990234375,12877399164002.8,986404817975.397
8112.75,702.298818359375,12834792359773,982369014081.688
8114.3125,702.510009765625,12721062931861.5,1019555350738.15
8115.875,702.739990234375,12886814644286.8,1011124952676.77
8117.4375,702.739990234375,12741009818199.3,1011301889800.2
8119,702.97998046875,12719890474574.7,973527759501.15
8120.5625,702.739990234375,12878261283280.2,1023009546177.22
8122.125,702.813833383414,12666605737788.8,1049460716607.51
8123.6875,702.97998046875,12846000250048.3,1036493414799.11
8125.25,702.97998046875,12718833606466.2,1047010307488.8
8126.8125,703.149169921875,12736471573748.5,1024370853654.2
8128.375,702.739990234375,12881517073068.5,1037352781206.44
8129.9375,703.3349609375,12759778863517.9,1009178916552.55
8131.5,703.690002441406,12805817969855.8,1082426489507.15
8133.0625,703.449951171875,12914414663935.4,1035382514326.58
8134.625,703.264197716346,12760660506336.5,1023370609965.3
8136.1875,703.929992675781,12815552728829.2,1018137874865.64
8137.75,703.929992675781,12808091142302,1016228598918.49
8139.3125,703.929992675781,12989949494667.4,1020516502392.96
8140.875,703.690002441406,12785373800292.1,997002979103.545
8142.4375,704.160034179688,12748523033655.5,994170320428.307
8144,704.053861177885,12812868204895,985070359032.85
8145.5625,704.160034179688,12873352558289.1,1032189901282.62
8147.125,704.326181265025,12850266614602.1,1034041285185.02
8148.6875,704.233877328727,12825523516507.6,1010744249358.73
8150.25,704.640014648438,12846260163367.1,1042321607343.24
8151.8125,704.400024414063,12852082097540.5,1079643758750.24
8153.375,704.400024414063,12797645494639.5,1022888159919.9
8154.9375,704.520019531251,12724026310656.1,997293583562.105
8156.5,704.428823242188,12828091900568.7,1006595630333.86
8158.0625,704.869995117188,12686465867270.2,1023158058362.26
8159.625,704.640014648438,12622681577690.3,1000446887423.64
8161.1875,704.869995117188,12827545421501.4,1003669611322.38
8162.75,705.109985351563,12743899386502.9,982499550793.521
8164.3125,705.339965820313,12805698274166.9,926829204400.644
8165.875,704.869995117188,12804425218240,1028028568292.64
8167.4375,705.109985351563,12566146973714.7,1055173397535.42
8169,705.109985351563,12801601026628.3,992579693768.307
8170.5625,705.397563476563,12647259668106.3,1016321343044.87
8172.125,705.579956054688,12779828199959.8,1005604640699.67
8173.6875,705.435961914063,12833647631864.8,1023406558127.64
8175.25,705.579956054688,12792779110804.6,1030861298459.35
8176.8125,705.820007324219,12767301229044.7,1049776817621.49
8178.375,705.820007324219,12705558679359.1,998382716580.023
8179.9375,705.820007324219,12739998262699.1,1057133955984.39
8181.5,705.820007324219,12773600739094.8,1039910612037.62
8183.0625,706.049987792969,12810611295461.6,1013976743079.83
8184.625,706.049987792969,12797189804466.3,1008402654353.41
8186.1875,706.2900390625,12698020633868.2,1035998591005.17
8187.75,706.530029296875,12589461946219.1,974321898216.753
8189.3125,706.530029296875,12773603720548,1036996396173.29
8190.875,706.2900390625,12861252805413.4,995248307585.793
8192.4375,706.530029296875,12746907352266.6,994085994435.247
8194,706.491630859375,12780168238950.6,1076507073865.47
8195.5625,706.612822265625,12641475834916.7,1050158003653.11
8197.125,706.530029296875,12946232022097.8,1012582960643.6
8198.6875,706.760009765625,12716229028485.4,1023135350851.74
8200.25,706.817607421875,12803357930961,1088284196175.73
8201.8125,707,12961766461196.8,1030248344787.39
8203.375,707,12977080911663.2,1075517994635.9
8204.9375,707.193838266226,12843835187880.6,1005937550774.47
8206.5,707.239990234375,12591192570730,1009527972933.57
8208.0625,707.239990234375,12802641436504,1003965702541.32
8209.625,707,12828566819192.6,1030625852221.94
8211.1875,707.469970703125,12737876184751.2,1018357078853.19
8212.75,707.7099609375,12875978578167.6,1035262107402.38
8214.3125,707.469970703125,12887886613341.9,1028202125788.02
8215.875,707.940002441406,12779047870721.4,1058266953909.2
8217.4375,707.7099609375,12530818152191.4,1071160925225.18
8219,707.940002441406,12741150015479.1,1002680951889.83
8220.5625,707.838784179688,12674831718988.2,1030479506680.48
8222.125,707.754199688251,12773780510548.7,1017953396450.29
8223.6875,707.940002441406,12791099606324.5,1013450407423.31
8225.25,708.179992675781,12802130270519.4,1077618361913.89
8226.8125,708.179992675781,12998172089909.2,1094691967634.18
8228.375,708.419982910156,12789540806766.1,1087763751106.94
8229.9375,708.650024414063,12919105456929.8,1022673704895.63
8231.5,708.309218186598,12998207713919.3,1011671730623.59
8233.0625,708.650024414063,12896698806297.9,997882894595.913
8234.625,708.490764911358,12810394276839.3,1040609181283.54
8236.1875,708.490764911358,12832818883082.6,1051288278658.03
8237.75,708.650024414063,12851733226732.6,1055506145409.16
8239.3125,708.890014648438,12783372531875.7,1010735541057.94
8240.875,708.890014648438,12886049386006.2,1054220555801.67
8242.4375,709.218458909255,12842052078530.6,993673294049.437
8244,709.359985351563,12942167488411.2,1074081692893.88
8245.5625,709.359985351563,12850771659553.6,963008276626.775
8247.125,709.359985351563,12822761172201.4,1068939436121.07
8248.6875,709.359985351563,12990317580587.2,1017611711184.69
8250.25,709.359985351563,12790550393592.9,1022545475358.79
8251.8125,709.359985351563,12706823693870.8,1044387778797.61
8253.375,709.130004882813,12802869093008.5,1041202915884.78
8254.9375,709.829956054688,12937810075482.3,1035965786150.78
8256.5,709.829956054688,12714575053514.1,1063256112745.59
8258.0625,709.829956054688,12973227255085.4,1086839590512.24
8259.625,709.829956054688,12803415433963.8,1062029836190.55
8261.1875,709.925976562501,12874020432671,1068875831968.39
8262.75,710.070007324219,12918405626022.1,968875003835.068
8264.3125,710.070007324219,12948962164654.4,1094681594770.4
8265.875,710.309997558594,12887512527874.3,1029433810626.42
8267.4375,710.309997558594,13037191958080.1,967412466545.756
8269,710.5400390625,12791011807581.8,1015671561379.29
8270.5625,710.309997558594,12916403998531,1048628853264.43
8272.125,710.309997558594,12769993701334.7,1001336111980.25
8273.6875,710.780029296875,12947977241857.1,1060596271928.75
8275.25,710.780029296875,12645349284307.2,1057085580234.61
8276.8125,710.780029296875,12753882597887.6,1053487060500.03
8278.375,710.95693734976,12774456842361.1,1067875801104.66
8279.9375,711.010009765625,12795027408583.4,1043851622515.42
8281.5,711.010009765625,12814037353686.2,1080879690890.17
8283.0625,710.686927208534,12876987454530.5,1007955407586.5
8284.625,711.010009765625,12711879668277.3,1023708367119.14
8286.1875,711.010009765625,12951557674145.3,1008957398119.64
8287.75,711.25,12696093490430.9,1047758264505.77
8289.3125,711.25,12848673775190.1,1064382323958.63
8290.875,711.25,13011839479635,998306149200.631
8292.4375,711.886117788462,12977147243158.3,1058132423289.64
8294,712.199951171875,12701486612932.5,1055629193475.3
8295.5625,711.719970703125,12816714475143.6,1036672201455.32
8297.125,711.719970703125,12882552209183.4,1029474619394.3
8298.6875,711.489990234375,12666385218141.1,990909072819.674
8300.25,711.9599609375,12803610068794.1,1020982075754.69
8301.8125,712.199951171875,12883161311202.7,1022766007380.04
8303.375,711.9599609375,12824390019399.9,1077764909420.05
8304.9375,711.9599609375,12919700695800,1027907678878.38
8306.5,712.429992675781,12749300254346.2,1039857887162.55
8308.0625,712.282766113281,12760115644521.6,1026687297130.82
8309.625,712.199951171875,12792450557934.2,1074698506832.62
8311.1875,712.429992675781,12994362060670.8,949667615969.001
8312.75,712.669982910156,12957441198614.4,1059334730317.42
8314.3125,712.429992675781,13094057262624.1,1050654283928.2
8315.875,712.669982910156,12821138215525.3,1083527047501.64
8317.4375,712.88162109375,12868967703026.6,1030120587838.53
8319,712.900024414063,12893334036010.6,1072514302030.88
8320.5625,713.140014648438,13049384465984.4,1047933336467.1
8322.125,712.900024414063,12819740089788.3,1026654079505.01
8323.6875,713.056080409459,12931275078686.4,1042984588674.94
8325.25,713.380004882813,12739489807562.6,1042557755447.19
8326.8125,713.380004882813,12673410321370.3,1055582049751.77
8328.375,713.140014648438,12871792268661,1100097585709.13
8329.9375,713.380004882813,12668315970353.2,1005087062798.94
8331.5,713.388850285457,12774834382796.8,1033477287724.62
8333.0625,713.380004882813,12913846707287.5,1072607072345.42
8334.625,713.397695688102,12670389620934.2,1097423142637.45
8336.1875,713.380004882813,12683508208193.4,1125408616263.89
8337.75,713.609985351563,12763045985128.5,1011424596995.57
8339.3125,713.722778320313,12913595007038.2,1108780951510.79
8340.875,713.609985351563,12868317117431,1069674016092.27
8342.4375,714.061557617188,12976246921489.5,1020942318137.56
8344,714.320007324219,12973128837699.8,995492957325.588
8345.5625,714.320007324219,12848331529761.1,1026441278541.84
8347.125,714.079956054688,12772523125291.5,1050289677397.07
8348.6875,714.320007324219,13104204495817.8,1011156478995.48
8350.25,714.320007324219,12954863204543,999230229448.592
8351.8125,714.377604980469,12897702766750,1126090802808.78
8353.375,714.320007324219,12902900961961.8,1065479307204.45
8354.9375,714.559997558594,12871221621924.2,1038491858262.76
8356.5,715.030029296875,12780989471802.8,1078160876955.41
8358.0625,714.7900390625,12842224959341.1,1067393826299.15
8359.625,714.559997558594,12873059907143.8,1086203796253.76
8361.1875,714.559997558594,12815823197409.2,1028914703469.99
8362.75,715.030029296875,12744524608753,1015701297393.82
8364.3125,715.030029296875,12846343793348.4,1098796823182.46
8365.875,715.149619140625,12843320953422.5,1044750145936.27
8367.4375,715.030029296875,12817205750972,1028807762576.97
8369,715.260009765625,12892571838034.6,1010999234143.01
8370.5625,715.757681039664,12973938094563.7,1029794837546.6
8372.125,715.260009765625,12770665294996.8,1093732561353.6
8373.6875,715.5,12823414559612,1014231992561.22
8375.25,715.739990234375,12865826015570.6,1084464517769.42
8376.8125,715.432802734375,12767662727007.9,964776166410.375
8378.375,715.739990234375,12814958238024.7,1089210902166.37
8379.9375,715.969970703125,13012273924330.4,1079285731084.24
8381.5,715.979201096755,12734480590964.9,1064589202455.71
8383.0625,716.2099609375,12822904621857.7,1046622242918.7
8384.625,716.2099609375,12860288324765.7,1048856502546.32
8386.1875,716.2099609375,12870262113234.2,1074422994637.27
8387.75,716.2099609375,12830306286281.1,1033433164067.33
8389.3125,716.2099609375,12854006020685.6,1056099818484.66
8390.875,716.351524939904,12679498331548.7,1083984577071.55
8392.4375,716.440002441406,12743887193245.9,1030690578208.14
8394,715.969970703125,13045534972844.9,1027254335741.14
8395.5625,716.919982910156,12938976475275,1082694050969.66
8397.125,716.679992675781,12772720471065.2,1072840717312.82
8398.6875,716.679992675781,13010403128261.2,1086901851227.89
8400.25,716.919982910156,12799632936218.6,1056422619455.24
8401.8125,716.766389160156,12971751305866.5,1110131331365.2
8403.375,717.150024414063,12787082270220.5,991962519874.576
8404.9375,717.150024414063,12815279307081.3,1079834882680.86
8406.5,716.440002441406,12945635903014.8,1037828718449.09
8408.0625,717.150024414063,12834455935572.2,1013265569949.01
8409.625,717.390014648438,13018118837321,1020503186518.96
8411.1875,717.619995117188,12967569886085.2,1061257164488.12
8412.75,717.390014648438,12973014631291,1025515797882.25
8414.3125,717.390014648438,13068193727290.6,1083378038869.96
8415.875,717.619995117188,12944538124560,1051674677730.9
8417.4375,717.390014648438,13029818425585.2,1071036652107.72
8419,717.859985351563,12855643296462,1041067844065.44
8420.5625,717.859985351563,12938310630950.8,1078385481774.24
8422.125,718.089965820313,12858433104257.2,1058559937055.53
8423.6875,718.089965820313,13045674951572.6,1049165848657.23
8425.25,717.859985351563,12896732655923,1094375095066.38
8426.8125,718.089965820313,13044242462066.3,1074629977658.28
8428.375,718.329956054688,12912960235670.7,1023721724952.71
8429.9375,718.329956054688,12942098082570.2,1068648765819.6
8431.5,718.329956054688,12706570027589.2,1017869404355.81
8433.0625,718.570007324219,12971883544653.6,1018335763010.91
8434.625,718.799987792969,12975059919679.4,1076385600277.69
8436.1875,718.799987792969,12987834940626.4,1017597338237.72
8437.75,718.698796386719,12880031358336.6,1051951684259.13
8439.3125,718.799987792969,12825426242440.8,1061389965691.81
8440.875,718.799987792969,12817638671086.3,1121910292755.75
8442.4375,718.411888709436,12816902200690.4,1075206976291.78
8444,718.799987792969,12903817807249.7,1029489311568.57
8445.5625,719.27001953125,12899873704060.4,1079228124220.57
8447.125,719.27001953125,12915298438364.4,1050303062662.2
8448.6875,719.27001953125,13073603320548,1074177891186.32
8450.25,719.510009765625,12879869644338.7,1063152160120.43
8451.8125,719.644404296875,12983319592152.8,1044477822520.26
8453.375,719.510009765625,12870745041384.2,1073977357314.74
8454.9375,719.510009765625,12879266953537,1075442748125.69
8456.5,719.510009765625,12858048150809,1047798128664.61
8458.0625,719.75,12934075804837,1033850470500.88
8459.625,719.79922250601,12805270547768.7,1090965773027.3
8461.1875,719.75,12976850584021.4,1060374165077.27
8462.75,719.97998046875,12877659997541.4,1113082020235.02
8464.3125,720.219970703125,12840161988113.1,1057886179779.95
8465.875,720.219970703125,12969863872446.4,1118245200961.43
8467.4375,720.219970703125,13055330385757.4,1109605820167.73
8469,720.449951171875,12927585801648.5,1091491821014.78
8470.5625,720.219970703125,12704007056325.7,1134472488124.49
8472.125,720.247568359375,12773579425499.3,1056793287504.52
8473.6875,720.827990722656,12924407689331.6,1019517552532.56
8475.25,720.919982910156,12900089801564.8,1102518745156.69
8476.8125,720.690002441406,12798254187641.6,1000427811506.26
8478.375,720.690002441406,12837992462694.8,1044611525817
8479.9375,720.831528883714,12882402524859.3,1073794453676.97
8481.5,720.690002441406,12743113438549.6,1041220000642.83
8483.0625,720.919982910156,12866533663500,1090934671854.72
8484.625,720.855588378906,12852207838371.9,1021911425248.13
8486.1875,721.160034179688,13000926682295.6,1081081769232.67
8487.75,721.160034179688,12911123376911.6,1088748946652.25
8489.3125,721.400024414063,12636882370688.8,1089247817498.07
8490.875,721.400024414063,12826386314019.6,1064562072097.59
8492.4375,721.630004882813,12813483351629.7,1047691584700.36
8494,721.461942232573,12956197591694.7,1122919373654.31
8495.5625,721.630004882813,12858857053217.8,1020166466184.24
8497.125,721.630004882813,12880728799401.6,1063325357433.84
8498.6875,721.630004882813,13024000256423.2,1035974168587.35
8500.25,721.886422293527,12703932523577,1102795411963.05
8501.8125,722.099975585938,13142203139971.6,1043174948881.24
8503.375,722.099975585938,12900035045988.6,1060245864973.86
8504.9375,722.287794030232,12902153580729.9,1078559589493.9
8506.5,722.27139718192,13112803130695.8,1049191864382.89
8508.0625,722.339965820313,12833049634252.9,1085659267140.47
8509.625,722.224770507813,12793003657239.9,1011453576083.28
8511.1875,722.339965820313,12821110038524.1,1131292875468.62
8512.75,722.570007324219,12796640418899.2,1021504281929.89
8514.3125,722.570007324219,12822575907859.8,1121476262492.1
8515.875,722.339965820313,12877726364910.3,1038257512629.31
8517.4375,722.570007324219,12905549690459.5,1071748088814.39
8519,722.588468111479,13033602633064,1081820773767.07
8520.5625,722.809997558594,13052912676891.8,1098722918589.26
8522.125,722.809997558594,13000797517795.3,1091854106716.99
8523.6875,722.454986572266,12941395155059.4,1065304569997.78
8525.25,723.280029296875,12924062420922,1116380022134.15
8526.8125,723.280029296875,12979100141409.1,1043819553086.85
8528.375,723.049987792969,13010592457870.8,1106114910759.01
8529.9375,723.326181265024,13030235977779.7,1044662124335.46
8531.5,723.52001953125,12972960369555.7,1052120070003.78
8533.0625,723.52001953125,13093196062577.8,1028918797220.77
8534.625,723.280029296875,13094548113448,1086322207685.77
8536.1875,723.723463792067,13196280711714.6,1053496656485.53
8537.75,723.75,12873021185141.6,1077383670810.2
8539.3125,723.989990234375,13066958594931.5,1051703696714.62
8540.875,723.989990234375,12927981243318.9,1066724659044.6
8542.4375,723.989990234375,12869048302636.1,1113719849804.76
8544,723.989990234375,12986512711436.2,1022994693279.71
8545.5625,724.483188476563,12937925196096.3,1093141485805.75
8547.125,724.4599609375,13018717238647.3,1071314685804.75
8548.6875,724.4599609375,12902613964274.7,1015028619066.26
8550.25,724.275353064904,12891888305986.5,1051703238556.09
8551.8125,724.4599609375,12779576665020.6,1103792496014.68
8553.375,724.4599609375,12865444361182,1081191310038.47
8554.9375,724.4599609375,12763982886500.6,1074705487309.81
8556.5,724.690002441406,12839469600054.4,1066084893241.13
8558.0625,724.690002441406,12871897227200,1043377042860.72
8559.625,724.929992675781,13067170816476,1097537274715.28
8561.1875,724.690002441406,12961230985486.3,1062842613973.63
8562.75,724.929992675781,13032298592161.9,1058195010483.58
8564.3125,725.169982910156,12906661659582.9,1103239964127.42
8565.875,725.372419433594,12822769985367.6,1137496080552.1
8567.4375,725.169982910156,12902961564545,1106711653504.82
8569,724.929992675781,12920845110853.3,1068276093633.81
8570.5625,725.169982910156,13038043584647.9,1089815056552.73
8572.125,725.640014648438,12973162855688.7,1107079648716.08
8573.6875,725.640014648438,13094774868659.9,1132955648162.05
8575.25,725.640014648438,12935592588796.9,1080126768906.42
8576.8125,725.869995117188,13153588739732.7,1054939452379.18
8578.375,725.869995117188,13075720764406.7,1140560823563.46
8579.9375,726.109985351563,13156838755377.4,1129527548130.07
8581.5,726.216130183294,12965843254518.3,1056743070895.57
8583.0625,725.869995117188,13052990840552.3,1084226112844.92
8584.625,726.109985351563,12979141013222.8,1061250094216.68
8586.1875,726.339965820313,13090901228023.2,1081379685617.35
8587.75,726.541557617188,12852813234954,1063190031263.14
8589.3125,726.339965820313,12947331702055.9,1068417537479.05
8590.875,726.339965820313,13044456591722.1,1012211868646.34
8592.4375,726.694976806641,13045405417743.9,1086179706807.82
8594,726.579956054688,13034771018881.5,1089706503293.69
8595.5625,726.809997558594,12818427086310.1,1097980188507.67
8597.125,726.809997558594,12837671306367.8,1035567725791.36
8598.6875,726.809997558594,12842481477073.1,1038696106286.34
8600.25,726.809997558594,12947125380087,1046803193452.62
8601.8125,726.809997558594,12951760480473.6,1100189200922.39
8603.375,727.2900390625,12808190465934.7,1097394246360.48
8604.9375,727.2900390625,12852719597625.3,1102589764574.41
8606.5,727.197711651142,12909117130324.7,1101943379826.06
8608.0625,727.253108097957,12903140317834.9,1093458327591.25
8609.625,727.52001953125,12646016712371,1104957597823.12
8611.1875,727.52001953125,12865199243612.7,1025538474516.66
8612.75,727.55841796875,12866787120697.1,1069108366770.73
8614.3125,727.2900390625,12898295186824.2,1070374240399.55
8615.875,727.760009765625,12955400742908.3,1052047089365.44
8617.4375,727.875,12779887547035.5,1043650175562.25
8619,727.760009765625,12847742270546.6,1044719217613.86
8620.5625,727.760009765625,12975848886469.7,1057711337373.06
8622.125,727.760009765625,12964465323342.8,1119365143259.99
8623.6875,727.760009765625,12895392152963.1,1030491711835.02
8625.25,728.22998046875,12907847990243.4,1053578560888.94
8626.8125,727.989990234375,12908656791001,1087079681448.88
8628.375,728.4599609375,12828827788617.6,1123083979908.55
8629.9375,728.4599609375,12981342230641.3,1146183786508.49
8631.5,728.699951171875,12937273883565.9,1064365377024.86
8633.0625,728.699951171875,12942038348237.2,1123913881740.37
8634.625,728.608920393319,12856722187142.3,1081455367925.84
8636.1875,728.699951171875,12987611731687,1111663297694.03
8637.75,728.868058424729,12869810818903.6,1041235389592.3
8639.3125,728.699951171875,12777853138254.3,1079451254296.28
8640.875,728.699951171875,12782419582162.3,1057554085846.51
8642.4375,729.169982910156,12765278576771.7,1075783780711.16
8644,728.93856375558,12910406438744.3,1061184730619.12
8645.5625,729.169982910156,13031792468759.1,1031568572444.56
8647.125,729.169982910156,12958605995900.5,1086493655019.33
8648.6875,729.640014648438,12848697025384.5,1043300123526.28
8650.25,729.640014648438,12844194893976.4,1027694525949.42
8651.8125,729.400024414063,12836032976247.3,1062254343743.29
8653.375,729.400024414063,12804405098028.1,1093518317045.64
8654.9375,729.869995117188,12887961222034.8,1031921476738.53
8656.5,729.869995117188,12847955934458,1048578829030.7
8658.0625,729.879594726563,12676962906822.2,1071865117728.6
8659.625,729.869995117188,12674423829083.4,1113423039931.52
8661.1875,730.322284405049,12434799274571.4,1086945198106.05
8662.75,730.109985351563,12711436518918,1111002653169.2
8664.3125,730.292377929688,12698640745366.3,1059641558766.64
8665.875,729.869995117188,12731593715905.4,1051700185802.75
8667.4375,730.109985351563,12633550695502.8,1091809769746.9
8669,730.109985351563,12833763724885.5,1076631105742.17
8670.5625,730.109985351563,12898960496226.3,1060780470712.57
8672.125,730.349975585938,12713009123776.2,1114074925566.55
8673.6875,730.579956054688,12818119697548.2,1091681986989.58
8675.25,730.635352501503,12863873760898.7,1033079802758.28
8676.8125,730.820007324219,12775594454880.5,1062485667719.16
8678.375,730.727679912861,12845739493437.7,1104049983002.1
8679.9375,730.579956054688,12828811343192.6,1063144603711.32
8681.5,731.160780686599,12768785611874.8,1081481728397.14
8683.0625,731.2900390625,12853318662877.7,1075968270111.45
8684.625,730.784465921337,12933274245129.2,1118220295166.19
8686.29296875,731.049987792969,12627550007693.1,1069504330725.99
8687.85546875,730.914013671875,12867557207006.7,1116529865320.92
8689.41796875,731.52001953125,12844434660280.5,1125353351541.92
8690.98046875,731.502328725962,12930149884406.3,1068000241916.76
8692.54296875,731.52001953125,12777516389705.3,1048409855341.07
8694.10546875,731.740810546875,12778786874191.5,1085331776907.72
8695.66796875,731.760009765625,12735963022779.2,1091221194720.76
8697.23046875,731.52001953125,12753505211683.9,1056040240402.52
8698.79296875,731.52001953125,12619790872321.9,1082967423162.7
8700.35546875,731.760009765625,12913959707209.5,1064882095741.91
8701.91796875,731.989990234375,12879363785956,1093995169100.01
8703.48046875,731.989990234375,12807671976064.7,1093451521443.6
8705.04296875,731.989990234375,12892957605773.3,1094753594246.07
8706.60546875,732.15318359375,12709886964530.5,1073058926633.78
8708.16796875,732.4599609375,13015900867434.5,1046843511933.84
8709.73046875,732.699951171875,12829677962998.6,1027013649533.07
8711.29296875,732.4599609375,13000627002568,1078497016148.97
8712.85546875,732.699951171875,12873609682431.3,1080453500622.41
8714.41796875,732.814971923828,12914227326095.3,1065553636900.41
8715.98046875,732.4599609375,12803151320873.6,1095043959111.13
8717.54296875,732.4599609375,12622389289235.7,1086503012503.19
8719.10546875,732.527158203125,12781548676153.2,1086766046625.53
8720.66796875,732.699951171875,12964319133564.1,1083723450065.71
8722.23046875,732.929992675781,12897098112342.1,1019329306462.36
8723.79296875,732.929992675781,12761442299597,1101234568322.87
8725.35546875,732.4599609375,13071651101452.6,1059161178098.75
8726.91796875,732.929992675781,12808047065870.2,1069597045237.8
8728.48046875,733.169982910156,12920846337873.6,1026042249567.65
8730.04296875,733.169982910156,12877051325437.7,1046646346166.73
8731.60546875,733.373481163612,12947963971545.5,1118484417550.59
8733.16796875,733.741548978366,13098935281195.7,1095726083124.83
8734.73046875,733.880004882813,12977943775824.6,1114718528471.04
8736.29296875,733.880004882813,12730677779389,1154305634292.17
8737.85546875,733.640014648438,13016966287640.6,1132091938683.17
8739.41796875,733.812807617188,12743730363814.3,1084191098549.83
8740.98046875,733.880004882813,12870522545079.8,1108231557116.05
8742.54296875,734.109985351563,12839611888229.7,1095280058352.05
8744.10546875,733.880004882813,12929733651079,1057547382242.42
8745.66796875,734.109985351563,12824502433791,1041212266278.23
8747.23046875,734.349975585938,12790062123716.1,1099456389823.37
8748.79296875,734.109985351563,12834331736663.9,1128862143709.43
8750.35546875,734.109985351563,12886245903754.7,1056972140371.52
8751.91796875,734.349975585938,12839255073153.8,1079471359677.31
8753.48046875,734.579956054688,12948743769113.1,1098560430141.47
8755.04296875,734.579956054688,12861499068320.3,1074782769244.51
8756.60546875,734.579956054688,12867241367770.5,1126576401354.96
8758.16796875,734.727679912861,13047603310978.5,1094035514992.57
8759.73046875,734.820007324219,12962969141794.6,1072192526910.58
8761.29296875,735.52001953125,12861654655096.3,1038179483746.95
8762.85546875,735.049987792969,12909802451623.5,1113734625707.05
8764.41796875,734.820007324219,12760073946921.4,1104958162781.08
8765.98046875,735.049987792969,12761110591881.5,1091288586230.87
8767.54296875,735.2900390625,12874305512546.9,1027208186851.9
8769.10546875,735.2900390625,12908423007716.7,1047991921807.62
8770.66796875,735.2900390625,12810786159280.7,1093900516442.89
8772.23046875,735.52001953125,12839221368967.8,1046509170075.58
8773.79296875,735.2900390625,12898945575539.4,1082189092780.94
8775.35546875,735.52001953125,12771487996378.7,1149110880347.65
8776.91796875,735.2900390625,12778073520404,1092323569715.47
8778.48046875,735.760009765625,12922163683240.8,1145553415581.04
8780.04296875,735.888798828125,12795555282818.5,1143876676436.65
8781.60546875,735.760009765625,12900526170879,1051453459412.86
8783.16796875,735.989990234375,12877902733090.4,1113135955676.85
8784.73046875,735.989990234375,12936592636008.5,1082803835074.52
8786.29296875,736.22998046875,12875941165725.6,1098279653655.92
8787.85546875,735.989990234375,12946015579004.5,1130267197140.05
8789.41796875,736.22998046875,12727413278657.4,1103218256236.94
8790.98046875,736.22998046875,12831383371381,1141561575886.52
8792.54296875,736.4599609375,12949626081291,1096188917693.05
8794.10546875,736.22998046875,12910131543440.2,1019728824988.91
8795.66796875,736.699951171875,13005087509783.9,1092644701947.14
8797.23046875,736.699951171875,12865842515870.4,1129976433780.91
8798.79296875,736.699951171875,12811209379563.2,1105386933242.96
8800.35546875,736.929992675781,12873342690784.4,1091565327193.36
8801.91796875,736.929992675781,12833824669445.3,1102309274748.78
8803.48046875,737.169982910156,12866455388379.2,1065170933498.14
8805.04296875,737.169982910156,12828640978275.4,1138960402503.22
8806.60546875,737.400024414063,12817641146726.8,1066477346989.69
8808.16796875,737.169982910156,12940913872702.3,1104493707143.71
8809.73046875,737.400024414063,12875621041210.7,1082670593286.5
8811.29296875,737.400024414063,12862491398386,1115323309072.78
8812.85546875,737.400024414063,12855556197125.5,1094485836457.77
8814.41796875,737.400024414063,12944621109198.8,1110398820844.95
8815.98046875,737.400024414063,12758911745000.1,1173367786114.46
8817.54296875,737.640014648438,12847404194390.2,1028129403359.49
8819.10546875,737.400024414063,12730797836970.9,1070244751049.66
8820.66796875,737.737314077525,12813649271984.7,1023842677936.73
8822.23046875,737.869995117188,12848629415776.3,1083222548826.98
8823.79296875,737.640014648438,13014641432976,1120972377107.28
8825.35546875,738.339965820313,12906541406884.2,1072357470913.43
8826.91796875,738.017681415265,13038544536233.6,1071302558067.55
8828.48046875,738.339965820313,12976062857018.8,1038952203206.9
8830.04296875,738.109985351563,12893251186847.2,1067516465488.19
8831.60546875,738.407163085938,13073584182512.2,1126289380589.68
8833.16796875,738.339965820313,12813347050879.1,1126554243705.45
8834.73046875,738.579956054688,13035246527443.8,1064321890773.1
8836.29296875,738.579956054688,12969872417134.9,1088394174748.17
8837.85546875,738.809997558594,13017832854780.7,1146108398401.53
8839.41796875,738.339965820313,12910782275407.7,1106650521352.87
8840.98046875,739.049987792969,13055355916754.2,1078701133771.98
8842.54296875,738.723009192426,12772453536039.4,1093260758096.25
8844.10546875,739.049987792969,12846303293909.2,1091536552320.94
8845.66796875,739.165008544922,12830807945856.4,1097121819509.4
8847.23046875,739.058835543119,12805048132100.9,1085119981441.61
8848.79296875,739.280029296875,12871325825662.4,1057580093893.01
8850.35546875,739.52001953125,12777924093683.2,1064064831809.77
8851.91796875,739.52001953125,12836534980116.5,1098894919159.83
8853.48046875,739.587317833534,12974678290554.2,1128698444344.54
8855.04296875,739.280029296875,12858223881494.5,1087582087498.92
8856.60546875,739.52001953125,12953353475659.5,1077544525254.57
8858.16796875,739.75,12941821492737.1,1114543137960.9
8859.73046875,739.52001953125,12950138344606.4,1085634868599.6
8861.29296875,739.75,12961026439885.9,1114349070061.77
8862.85546875,739.989990234375,12758053459715.4,1166421357353.88
8864.41796875,739.989990234375,12861202544209.1,1145614765835.33
8865.98046875,740.144775390625,12830127981293.3,1113195868728.68
8867.54296875,740.349196213942,13000320124771.5,1108575204270.95
8869.10546875,740.219970703125,12802889550327.9,1116452320802.67
8870.66796875,740.4599609375,12767741310642.9,1090975745686.31
8872.23046875,740.24876953125,12838309828753.2,1167094833637.3
8873.79296875,740.4599609375,12789383747334.5,1111021523880.16
8875.35546875,740.690002441406,12890613983859.9,1096414626558.33
8876.91796875,740.4599609375,12941487999176.5,1060867521941.16
8878.48046875,740.690002441406,12959128431660.2,1171930178515.83
8880.04296875,740.690002441406,12993972394435.3,1131959777767.48
8881.60546875,740.929992675781,12874036287951,1075655809161.66
8883.16796875,740.929992675781,12883563791485.9,1138801780655.07
8884.73046875,740.929992675781,12943056751416.9,1075736030292.57
8886.29296875,740.929992675781,13052997262203,1203325987855.81
8887.85546875,741.160034179688,12832935187839.5,1134258511642.57
8889.41796875,741.298490084135,13007095264969.5,1081463044828.56
8890.98046875,741.400024414063,12886664273322.8,1168202872175.61
8892.54296875,741.423217773438,12847674416269.9,1166506538419.9
8894.10546875,741.444251427284,13015951497729.8,1122887654633.38
8895.66796875,741.630004882813,12978276635722.2,1101489103030.13
8897.23046875,741.869995117188,12846468441286.9,1182095668113.39
8898.79296875,741.630004882813,12851850712007.4,1136857853880.09
8900.35546875,741.630004882813,12907077722619.2,1082852002132.34
8901.91796875,741.630004882813,12961175535879.8,1149607156090.29
8903.48046875,742.017182617188,12985748137390.8,1087074845151.22
8905.04296875,741.630004882813,13042361471993.6,1063854242210.67
8906.60546875,742.099975585938,12967638370517.8,1119759795693.77
8908.16796875,742.339965820313,12975969493844,1099625990530.78
8909.73046875,742.339965820313,12960458524876.9,1102181394629.7
8911.29296875,742.339965820313,13046576425133.3,1148860740312.82
8912.85546875,742.339965820313,12951485049837.2,1168204932405.75
8914.41796875,742.690002441407,12902551755597.6,1158354133710.09
8915.98046875,742.595720563616,12989532053097.7,1174023257634.24
8917.54296875,742.809997558594,12934658073321.2,1109229862038.77
8919.10546875,742.809997558594,12948713633232.6,1097026263186.15
8920.66796875,742.809997558594,12747562442939.9,1138099668538.13
8922.23046875,743.0400390625,12801981855161.7,1183137212935.33
8923.79296875,743.068837890625,12898238261031.1,1169146130505.14
8925.35546875,742.809997558594,12713308995451.8,1127679692165.71
8926.91796875,743.07763671875,12879844675164.5,1069115236652.63
8928.48046875,743.280029296875,12705776130570.3,1127074465513.1
8930.04296875,743.501164362981,12880207010053,1089758320092.28
8931.60546875,743.510009765625,12652761066470.4,1099821812072.11
8933.16796875,743.510009765625,12857285468480.5,1114719304972.11
8934.73046875,743.574622521034,12820476149401.4,1090591359144.69
8936.29296875,743.75,12953471508472.2,1107683233061.65
8937.85546875,743.510009765625,12912498587552.5,1177773529920.61
8939.41796875,743.75,12904620867525.3,1156943907929.38
8940.98046875,744.219970703125,12813245156951.7,1119100386508.32
8942.54296875,743.97998046875,12826965203362.2,1105398385966.25
8944.10546875,743.97998046875,12895007452665,1085950579838.55
8945.66796875,743.881591796875,12976830832178.2,1121318371617.38
8947.23046875,744.219970703125,12921388763197.9,1129530145370.45
8948.79296875,744.394755859375,12874383413772,1092357917861.56
8950.35546875,744.361497145433,12967809510576.5,1064063848307.85
8951.91796875,744.449951171875,12924772177353.6,1115421318107.62
8953.48046875,744.690002441406,12849595361898.7,1139011216704.75
8955.04296875,744.690002441406,12990678227446.4,1087845916081.27
8956.60546875,744.522289569561,12909300904509.3,1083506726727.71
8958.16796875,744.492817470006,13017698497396.1,1118153177022.88
8959.73046875,744.690002441406,12789117802401.2,1090585362033.59
8961.29296875,744.751920259916,12865571300816.3,1054707755162.34
8962.85546875,744.919982910156,12958302107955.1,1124638213980.08
8964.41796875,744.919982910156,12929215221158.4,1110527726112.79
8965.98046875,745.390014648438,12971273469662.5,1115796863974.7
8967.54296875,745.160034179688,12720306319328.7,1142169442355.14
8969.10546875,745.160034179688,12916083188726.1,1092748057898.28
8970.66796875,745.390014648438,12978395385737.6,1174539538642.31
8972.23046875,745.390014648438,12772426698258,1170450738375.39
8973.79296875,745.390014648438,12896975803094.8,1099216879192.36
8975.35546875,745.390014648438,12956384708488.6,1084198001634.78
8976.91796875,745.390014648438,13048662410270.3,1238103964032.08
8978.48046875,745.630004882813,12944806499997.7,1155738761348.14
8980.04296875,745.859985351563,12942444894274.7,1126185916462.04
8981.60546875,745.936782226563,12808326095105.5,1135699705822.62
8983.16796875,745.789222130409,12901593307036.3,1096845671361.87
8984.73046875,746.099975585938,12808472117236,1074322835782.83
8986.29296875,746.099975585938,12892579761084.3,1110890235849.82
8987.85546875,746.099975585938,12810975033203,1135890221480.79
8989.41796875,745.859985351563,12819118367401.7,1101213838614.92
8990.98046875,746.329956054688,12828538987422.3,1116434548312.73
8992.54296875,746.486912653997,12796887323698,1124522533139.92
8994.10546875,746.799987792969,12854011211001.8,1113860776648.22
8995.66796875,746.799987792969,12875394641324.1,1167466796023.34
8997.23046875,746.512395019532,12708963120397.8,1089291586128.74
8998.79296875,746.570007324219,12752765349523.3,1163793705339.8
9000.35546875,746.570007324219,12826409906129.1,1090214465144.44
9001.91796875,746.799987792969,12869931771570.1,1093395679667.33
9003.48046875,746.799987792969,12712422370495.2,1133627909620.75
9005.04296875,746.80958984375,12921468812042.1,1145900050317.88
9006.60546875,747.27001953125,12796833143182.1,1163333908749.54
9008.16796875,747.0400390625,12875209802752.8,1098080079729.17
9009.73046875,747.0400390625,12844615552845.7,1121230867323.18
9011.29296875,747.27001953125,12912261258286.2,1172012328430.44
9012.85546875,747.510009765625,12754594558582.4,1123290956740.98
9014.41796875,747.27001953125,12904437052976.5,1126408033015.41
9015.98046875,747.739990234375,12852336490540.2,1106239337762.02
9017.54296875,747.660381610577,12716491583401.8,1135764989891.78
9019.10546875,748.078369140625,12790497753082.7,1131361847428.5
9020.66796875,747.739990234375,12877775118523.7,1187296291424.9
9022.23046875,747.739990234375,12866896098955.5,1132498806970.97
9023.79296875,747.97998046875,12914139050220.1,1111324468713.58
9025.35546875,747.97998046875,12843671432241.3,1103443775156.39
9026.91796875,748.2099609375,12806476218208.8,1135849097874.75
9028.48046875,747.97998046875,12861787111885,1105510587442.3
9030.04296875,748.449951171875,12884094959940.1,1109719776887.56
9031.60546875,748.449951171875,12928265868004.9,1159348284780.74
9033.16796875,748.547276423528,12861161122194.7,1110190119655.56
9034.73046875,748.2099609375,12646760670290.1,1087259508027.5
9036.29296875,748.919982910156,12954109942128.6,1133067843581.66
9037.85546875,748.679992675781,12919354844418.3,1102003625066.41
9039.41796875,748.679992675781,12994742382993.9,1112143685054.15
9040.98046875,748.919982910156,12812810708262.8,1095883341099.91
9042.54296875,748.919982910156,12837318270262.1,1182050142730.71
9044.10546875,748.860774113582,12967873891069.6,1100498399250.38
9045.66796875,749.380004882813,12853483989936.7,1146314535347.85
9047.23046875,749.150024414063,12824389343613.7,1119876085194.79
9048.79296875,749.150024414063,12846257422179.3,1112881270930.77
9050.35546875,749.380004882813,12843777029983.7,1120117356582.76
9051.91796875,749.380004882813,13021879830033.8,1181612440051.85
9053.48046875,749.380004882813,12800996067260.1,1117838009177.83
9055.04296875,749.619995117188,12929135126236.5,1077882763245.49
9056.60546875,749.619995117188,12778269564103.8,1139747870009.76
9058.16796875,749.619995117188,12767253415971.4,1115304805832.18
9059.73046875,749.849975585938,12835365720582.1,1076338054422.48
9061.29296875,749.849975585938,12920677698650.7,1152237635359.37
9062.85546875,750.089965820313,12917747071253.2,1123179978923.46
9064.41796875,750.089965820313,12763558320180.1,1118813348481.47
9065.98046875,749.907573242188,12561111933503.8,1057798660029.28
9067.54296875,750.089965820313,12809605263929.3,1078168152511.15
9069.10546875,750.320007324219,12787510899374.2,1118056870705.92
9070.66796875,750.559997558594,12795069294142.5,1203595719835.86
9072.23046875,750.559997558594,12936970664982,1101132515732.28
9073.79296875,750.320007324219,12905048133328.2,1117602664955.79
9075.35546875,750.559997558594,12899222556239.3,1219044559345.84
9076.91796875,750.559997558594,12740202893009.8,1161047756425.5
9078.48046875,750.7900390625,12770275498981.2,1190635105881.93
9080.04296875,750.559997558594,12794363223176.6,1105609480914.09
9081.60546875,750.7900390625,12745210243600,1118625303622.56
9083.16796875,751.030029296875,12828811343192.6,1088274500774.14
9084.73046875,750.7900390625,12800507950550.9,1121158987076.18
9086.29296875,751.030029296875,12827650578867.7,1082645291521.08
9087.85546875,751.030029296875,12824553520560,1152132545770.58
9089.41796875,751.260009765625,12879847573404.1,1111841665210.92
9090.98046875,751.597299429087,13058754920225.1,1121707677619.17
9092.54296875,751.5,12910988286977.5,1150936230766.56
9094.10546875,751.72998046875,12946299233828.6,1127379671487.76
9095.66796875,751.942279522236,12805279392250.2,1125725513434.95
9097.23046875,751.969970703125,12852390417264.1,1065863809023.22
9098.79296875,751.72998046875,12983083858491.6,1166910929409.31
9100.35546875,751.969970703125,12798078287665.5,1134769836156.62
9101.91796875,751.72998046875,12909122796077.4,1130260843640.25
9103.48046875,752.199951171875,12835084976893.9,1093083074202.42
9105.04296875,751.969970703125,12781729271470.3,1145020437182.65
9106.60546875,752.420798339844,12867500295586.2,1150802645144.03
9108.16796875,752.199951171875,12904157493286.3,1123432934786.24
9109.73046875,752.199951171875,12765926938617,1126018998869.82
9111.29296875,752.440002441406,12776274079035.9,1145232076627.16
9112.85546875,752.440002441406,12546924655547,1132368614032.54
9114.41796875,752.651584472656,12750434344021.9,1144204450095.45
9115.98046875,752.669982910156,12633660849091.7,1201206228903.51
9117.54296875,752.708391113281,12724073421030.8,1133261043802.19
9119.10546875,752.910034179688,12804811232238.8,1156566035834.23
9120.66796875,752.910034179688,12877562700988.3,1140113927589.34
9122.23046875,753.140014648438,12780759109423.9,1106543984816.53
9123.79296875,753.140014648438,12658172426510.3,1111844797590.49
9125.35546875,753.140014648438,12696142855152.9,1142129999640.53
9126.91796875,753.140014648438,12689265064107.8,1154750977011.02
9128.48046875,753.140014648438,12836084552773.4,1104701302753.13
9130.04296875,753.369995117188,12740990958214.4,1175758903759.66
9131.60546875,753.369995117188,12709152800694.5,1163100036455.1
9133.16796875,753.369995117188,12818030544904.5,1126379699195.88
9134.73046875,753.609985351563,12687622566795.7,1124829767248.3
9136.29296875,753.609985351563,12682839119234.4,1140860072000.83
9137.85546875,753.609985351563,12512817388831.2,1127566310216.9
9139.41796875,753.839965820313,12647067658171.4,1126604615602.78
9140.98046875,753.671903170073,12904363814340.6,1203266297443.57
9142.54296875,754.079956054688,12792529878842.4,1158636900939.23
9144.10546875,754.079956054688,12890227678788.9,1099160491499.01
9145.66796875,753.959960937501,12664890429056.9,1134209739616.08
9147.23046875,754.309997558594,12653021168583,1173474041559.56
9148.79296875,754.309997558594,12727328137048.6,1187796695024.08
9150.35546875,754.549987792969,12805228944527,1150926000475.57
9151.91796875,754.549987792969,12792933992559.9,1159111048886.57
9153.48046875,754.629617544321,12710108605225.8,1129279336451.55
9155.04296875,754.549987792969,12584908398079.4,1140104282282.16
9156.60546875,754.549987792969,12597885923290.1,1115629961568.4
9158.16796875,755.02001953125,12582942955343.2,1129379639266.67
9159.73046875,754.780029296875,12699980599889.5,1108244001415.53
9161.29296875,755.02001953125,12613874655346.1,1070916380232.18
9162.85546875,755.02001953125,12641757242153.2,1208079227340.57
9164.41796875,755.02001953125,12596612010072.9,1089243973359.3
9165.98046875,755.02001953125,12484249736797,1105263605998.26
9167.54296875,755.143855168269,12701173408081.8,1108341874376.04
9169.10546875,755.25,12722959608603.9,1115234765840.51
9170.66796875,755.151611328125,12756821502342.1,1104521447498.35
9172.23046875,755.432392578125,12674851894058.9,1145306109528.89
9173.79296875,755.25,12770623380764.5,1176895567219.65
9175.35546875,755.719970703125,12577207483733.8,1159728360561.89
9176.91796875,755.719970703125,12745363725944,1152101007542.51
9178.48046875,755.719970703125,12709042182047.2,1088180336078.58
9180.04296875,755.683173828125,12577558930751.3,1122130913091.94
9181.60546875,755.9599609375,12667598266972,1123359047160.41
9183.16796875,755.719970703125,12610133073375.2,1116634958908.53
9184.73046875,755.9599609375,12672932399623.1,1117610644287.56
9186.29296875,755.9599609375,12667027910400.4,1171312829508.79
9187.85546875,756.190002441406,12612934268061.9,1142086110154.01
9189.41796875,755.9599609375,12605331798588.9,1146470019042.51
9190.98046875,756.660034179688,12745565278211.5,1156757739501.74
9192.54296875,756.269611065204,12744465938316.7,1128636527637.8
9194.10546875,756.419982910156,12614794538948.7,1139957021265.52
9195.66796875,756.419982910156,12497078132731.2,1154261065835.28
9197.23046875,756.419982910156,12786707295871.6,1142354374831.09
9198.79296875,756.660034179688,12641281464056.9,1174597449388.57
9200.35546875,757.130004882813,12687183662469.2,1182648430106.67
9201.91796875,756.890014648438,12864246068573.6,1127383421868.24
9203.48046875,757.359985351563,12680566390152,1143876909882.78
9205.04296875,757.130004882813,12580217337036.8,1126156719503.98
9206.60546875,756.890014648438,12610458314686.5,1179042339150.34
9208.16796875,757.130004882813,12735031902333.5,1162466223646.37
9209.73046875,756.660034179688,12638689948808.6,1128471823452.47
9211.29296875,757.829956054688,12681216630185.4,1157486018133.49
9212.85546875,757.599975585938,12651942887902.9,1153122125342.22
9214.41796875,757.599975585938,12609567949486.5,1188325390614.37
9215.98046875,757.599975585938,12543189842603.8,1165689305038.08
9217.54296875,757.417583007813,12688608679787.2,1149450607272.71
9219.10546875,757.765561523438,12686412238459,1128252151887.69
9220.66796875,757.829956054688,12626102330204.9,1110046317656.02
9222.23046875,757.829956054688,12803415433963.8,1127930027363.05
9223.79296875,757.829956054688,12729494977749.9,1142374756390.86
9225.35546875,758.299987792969,12859142081135.2,1182423991956.39
9226.91796875,758.299987792969,12672114850720.1,1135383128047.29
9228.48046875,758.152800292969,12636935023053.5,1167944033639.07
9230.04296875,758.173440786509,12432162381041.8,1145303432647.33
9231.60546875,758.299987792969,12566134971959.2,1141415895202.54
9233.16796875,758.5400390625,12765716294942.9,1160115697125.89
9234.73046875,758.521573580229,12624447840345.1,1162667971583.12
9236.29296875,758.5400390625,12614189554774,1186245778178.41
9237.85546875,758.77001953125,12578877517469.1,1185436377597.94
9239.41796875,758.77001953125,12714884826939.2,1135714420170.67
9240.98046875,758.548884465144,12663248061212.5,1152523878014.97
9242.54296875,759,12623683214485.8,1152435437417.45
9244.10546875,759,12736619916600.2,1127857788212.76
9245.66796875,759.469970703125,12580313313085.1,1125782000314.21
9247.23046875,759.239990234375,12668311959298.9,1179819024549.57
9248.79296875,759.239990234375,12719879629339.2,1160354444076.51
9250.35546875,759.239990234375,12729730180950.6,1097532127402.54
9251.91796875,759.7099609375,12499199214310.8,1148357129191.9
9253.48046875,759,12415262137001.4,1109073794044.78
9255.04296875,759.239990234375,12626500741331.1,1145523320085.24
9256.60546875,759.469970703125,12644134063229,1127118354260.15
9258.16796875,759.7099609375,12617714562159.6,1096746968790.7
9259.73046875,759.742824009487,12600425111219.1,1157789452041.69
9261.29296875,759.833829439603,12561916843848.9,1161201658688.13
9262.85546875,759.940002441406,12934106191146.1,1201525549163.45
9264.41796875,760.087688739483,12706550619244.2,1179190519966.91
9265.98046875,760.179992675781,12663568313325.6,1210865677290.88
9267.54296875,760.179992675781,12591338840645,1153090164575.6
9269.10546875,759.940002441406,12638195873760.1,1129306046391.53
9270.66796875,759.940002441406,12701722141212.5,1173173513191.1
9272.23046875,760.650024414063,12675466509330.1,1148005606408.19
9273.79296875,760.410034179688,12854365083518.8,1131921717736.66
9275.35546875,760.548490084135,12621446127946.1,1144393922753.45
9276.91796875,760.880004882813,12627661292429.8,1114715489221.36
9278.48046875,760.650024414063,12615710223235.8,1165880912059.29
9280.04296875,760.732817382813,12615133204996.2,1135534393356.34
9281.60546875,760.880004882813,12702347992566.2,1085329981448.83
9283.16796875,760.880004882813,12574100346984.5,1155753339537.79
9284.73046875,761.119995117188,12649794300861.2,1149754123061.94
9286.29296875,760.963078425481,12602793203826.5,1121458140830.61
9287.85546875,761.119995117188,12607970013087.2,1181054306403.51
9289.41796875,761.349975585938,12585820321089.8,1135023740832.97
9290.98046875,761.210344587054,12731942551725,1164299834074.72
9292.54296875,761.349975585938,12796193168573.9,1196707787624.48
9294.10546875,761.349975585938,12654673923222.8,1156574570067.4
9295.66796875,761.579956054688,12683103954940.9,1157098562377.88
9297.23046875,761.579956054688,12814444085989.3,1233060041784.94
9298.79296875,761.579956054688,12736349664854.7,1193471450095.42
9300.35546875,761.404210017278,12843320953422.5,1139051960924.07
9301.91796875,761.820007324219,12754116534553.9,1127461223649.24
9303.48046875,762.049987792969,12609271139761.5,1163006406227.46
9305.04296875,762.313205566407,12529373821022,1129097228708.64
9306.60546875,762.049987792969,12689667308668.6,1150537103687.03
9308.16796875,762.2900390625,12606590144560.4,1152242680347.41
9309.73046875,762.2900390625,12678243465912,1185404840680.87
9311.29296875,762.2900390625,12491199647397.7,1159935794601.69
9312.85546875,762.2900390625,12606562400920,1157887935266.06
9314.41796875,762.52001953125,12544751343974,1098580593228.87
9315.98046875,762.52001953125,12613886792129.9,1173184328675
9317.54296875,762.760009765625,12759939964495.5,1136762693021.14
9319.10546875,762.52001953125,12839622055798,1154471416225.5
9320.66796875,762.760009765625,12679111253430.6,1148126047877.79
9322.23046875,762.796806640625,12699883176446.4,1154646917438.55
9323.79296875,762.989990234375,12615099489668.7,1150599678210.69
9325.35546875,762.760009765625,12691237940240.2,1173466953953.67
9326.91796875,763.22998046875,12666129760190,1207192599597.65
9328.48046875,763.22998046875,12684351692539.8,1171963071363.21
9330.04296875,763.4599609375,12594693413193.3,1143741698691.46
9331.60546875,763.402465820313,12714354561050.5,1168996866044.04
9333.16796875,763.4599609375,12665459754636.4,1142599108867.07
9334.73046875,763.4599609375,12653351611211.3,1145295973210.86
9336.29296875,763.662397460937,12640097878499.1,1181970589310.77
9337.85546875,763.690002441406,12483004692454.8,1191757357295.8
9339.41796875,763.929992675781,12654964491306.6,1199231459549.39
9340.98046875,763.929992675781,12677507431115.2,1139682087948.91
9342.54296875,764.160034179688,12589062847511.2,1123453192934.3
9344.10546875,764.160034179688,12669106023872.1,1190210187091.6
9345.66796875,764.160034179688,12496278737602.2,1161385054498.2
9347.23046875,764.142338679388,12650674684004.1,1136648635824.09
9348.79296875,764.289259690505,12599514684727.8,1227596202651.42
9350.35546875,764.160034179688,12655084397241.4,1186849314006.86
9351.91796875,764.307720477765,12654151318116.7,1171322333830.14
9353.48046875,764.602407226563,12554131029927.6,1184117927206.86
9355.04296875,764.869995117188,12711213963990.7,1162018717775
9356.60546875,764.630004882813,12730465414835.1,1152228322700.97
9358.16796875,764.869995117188,12512809197444.8,1157298636434.74
9359.73046875,764.869995117188,12534167413131.1,1129299871179.38
9361.29296875,764.869995117188,12488385261742.5,1123319078416.22
9362.85546875,764.901141826924,12466860951802,1132559697589.39
9364.41796875,764.869995117188,12612979555774.7,1110371372758.8
9365.98046875,765.099975585938,12594240098742.3,1111164934799.14
9367.54296875,765.099975585938,12677371583690.9,1148201250455.97
9369.10546875,765.329956054688,12663142332768.6,1167759561146.86
9370.66796875,765.329956054688,12670929931231.4,1180662059443.96
9372.23046875,765.329956054688,12514347515822.8,1182746715397.94
9373.79296875,765.486912653997,12664676661278.5,1178706677844.3
9375.35546875,765.329956054688,12423838531223.2,1172191637076.25
9376.91796875,765.329956054688,12536242920903.1,1176218733479.33
9378.48046875,765.702688363883,12482175495296.1,1190145960009.46
9380.04296875,765.570007324219,12528884864612.5,1130741022319.79
9381.60546875,766.0400390625,12511523163641.5,1239539519423.22
9383.16796875,766.0400390625,12507948214989,1164506992205.74
9384.73046875,766.0400390625,12620491870597.5,1176238283313.67
9386.29296875,766.27001953125,12502724669892.8,1164268021183.29
9387.85546875,765.664013671875,12662113664889,1150446433880.27
9389.41796875,766.27001953125,12602099269644.4,1140009125706.84
9390.98046875,766.27001953125,12516711279727.4,1163256791385.84
9392.54296875,766.4044140625,12498750266655.1,1117391347590.35
9394.10546875,766.27001953125,12473382521303.5,1072446206359.49
9395.66796875,766.510009765625,12525474191364.6,1100533435966
9397.23046875,766.510009765625,12644875339611,1118453042916.4
9398.79296875,766.712392578125,12661222104379.2,1152717682928.99
9400.35546875,766.97998046875,12653043546971.2,1174575613266.69
9401.91796875,766.97998046875,12570746580696.2,1186797720932.91
9403.48046875,766.97998046875,12546849861882.3,1149197949853.04
9405.04296875,766.703193359375,12638365944636.1,1194139672855.73
9406.60546875,766.97998046875,12533298424173.2,1193832784371.17
9408.16796875,767.2099609375,12360175313895.8,1169744120780.09
9409.73046875,767.2099609375,12615241483711.8,1164184961133.41
9411.29296875,767.2099609375,12404868273879.1,1135444118550.58
9412.85546875,767.440002441406,12674343272082.6,1123441578673.13
9414.41796875,767.679992675781,12328300405061.9,1187503270889.09
9415.98046875,767.449232835036,12380098257193.9,1142698035227.26
9417.54296875,767.440002441406,12452221772506.2,1158531252244.74
9419.10546875,767.679992675781,12350804533897.2,1098989293245.17
9420.66796875,767.679992675781,12630938600267,1113683376275.39
9422.23046875,767.679992675781,12379866732861.8,1187205082046.77
9423.79296875,767.910034179688,12503956383759.3,1163693377351.21
9425.35546875,768.150024414063,12597604788317,1166571779855.74
9426.91796875,768.150024414063,12491906219988.2,1166492427463.26
9428.48046875,768.150024414063,12543708205911.4,1142105929607.41
9430.04296875,768.150024414063,12436935270864.7,1135875678549.73
9431.60546875,768.619995117188,12583199552716,1171216687833.07
9433.16796875,768.619995117188,12531594151905.6,1144763129889.89
9434.73046875,768.81712123326,12565130593144.9,1100250459782.53
9436.29296875,768.702788085938,12478053412255.4,1150330869364.23
9437.85546875,768.619995117188,12544236678798.8,1121122009322.21
9439.41796875,768.849975585938,12467263244580.7,1146054032974.27
9440.98046875,768.849975585938,12394706499616.4,1223445160762.18
9442.54296875,768.849975585938,12431937163043.3,1201929870340.32
9444.10546875,768.849975585938,12520426597378.9,1160442017272.29
9445.66796875,768.619995117188,12475991996683.3,1155564058396.92
9447.23046875,769.320007324219,12402064142120.5,1184022068419.29
9448.79296875,769.089188795824,12416859521078.7,1170205295864.09
9450.35546875,769.079956054688,12462929154767.1,1205195445883.1
9451.91796875,769.107654278096,12454626781492,1153687899078.98
9453.48046875,769.320007324219,12365518435348,1140682434158.71
9455.04296875,769.549987792969,12540881449815.6,1154888884394.42
9456.60546875,769.549987792969,12521577893991.9,1176796741687.1
9458.16796875,769.549987792969,12582962212208.1,1181011223954.79
9459.73046875,770.002328725962,12539008289711.2,1148421517996.22
9461.29296875,770.02001953125,12451575264301.2,1169164976103.65
9462.85546875,769.7900390625,12439643814392.1,1145676905057.44
9464.41796875,770.02001953125,12416706687751.1,1141176393246.02
9465.98046875,770.0776171875,12405863565616.8,1203167533746.31
9467.54296875,770.260009765625,12513742579744.6,1150800827507.53
9469.10546875,770.260009765625,12391434059390.6,1143294468140.16
9470.66796875,770.260009765625,12510427923180.9,1189459453425.75
9472.23046875,770.489990234375,12514017186370.6,1133504219953.71
9473.79296875,770.260009765625,12508278362817.8,1132256276100.08
9475.35546875,770.489990234375,12452703108291.8,1194959986167.9
9476.91796875,770.401536207933,12616551878591.6,1196718242238.13
9478.48046875,770.719970703125,12376001282116.8,1168880385941.84
9480.04296875,770.719970703125,12518222048690.5,1181936777036.35
9481.60546875,770.719970703125,12424337165744.7,1151346222118.63
9483.16796875,770.839965820313,12467575164309.1,1228436621591.28
9484.73046875,771.190002441406,12506468535987.6,1165744088205.62
9486.29296875,771.190002441406,12473882065900.2,1191973676976.05
9487.85546875,771.190002441406,12315142545560.2,1134289905449.26
9489.41796875,771.190002441406,12465652526575.3,1188235462411
9490.98046875,771.190002441406,12406905530981.9,1172040189429.99
9492.54296875,771.429992675781,12567528757247,1104147250481.63
9494.10546875,771.429992675781,12405441625199.7,1213783122619.89
9495.66796875,771.429992675781,12609600708270.6,1184699432458.73
9497.23046875,771.553861177885,12485870000079.9,1186122518772.01
9498.79296875,771.660034179688,12367796729120.8,1201918855453.67
9500.35546875,771.900024414063,12440654786245.1,1170920191744.01
9501.91796875,771.708032226563,12268119950635.9,1245828577272.35
9503.48046875,771.900024414063,12502385797137.6,1268420990993.38
9505.04296875,771.900024414063,12428276211123.3,1272322556424.44
9506.60546875,771.926560621996,12549774380660.2,1171231866829.23
9508.16796875,772.015014648438,12535744802855.6,1272825875191.06
9509.73046875,772.138850285457,12567744081142.7,1172095581123.25
9511.29296875,772.599975585938,12422889040072.3,1192260779759.07
9512.85546875,772.379184570313,12600012917756.4,1171108203872.23
9514.41796875,772.359985351563,12399967040836.6,1187917912938.33
9515.98046875,772.599975585938,12435678519095.5,1252534458297.48
9517.54296875,772.599975585938,12397677407587.2,1157381850106
9519.10546875,772.599975585938,12427646115805.8,1241470788794.32
9520.66796875,772.599975585938,12554200237606.1,1146657200497.82
9522.23046875,772.599975585938,12524987233248.4,1192547147657.41
9523.79296875,772.868364257813,12507559908600.3,1171749969499.21
9525.35546875,772.829956054688,12354375664493.1,1199056462273.01
9526.91796875,773.070007324219,12438381896361.8,1185784631681.07
9528.48046875,773.299987792969,12466844860831.4,1171824600953.06
9530.04296875,773.070007324219,12377705956353.4,1168684731347.54
9531.60546875,773.299987792969,12477995466398.4,1187377542564.99
9533.16796875,773.420013427735,12412024323960.8,1179145474444.81
9534.73046875,773.530806321364,12501418401024,1145469309210.03
9536.29296875,774,12375492166664,1185121864470.89
9537.85546875,773.77001953125,12489692455305.7,1171431138530.56
9539.41796875,773.070007324219,12370512765956.6,1193380259832.98
9540.98046875,774,12719967501912.8,1207492316629.23
9542.54296875,774,12573004002799.8,1181640862723.52
9544.10546875,773.885009765625,12528235284246.6,1192677907022.9
9545.66796875,774,12338099848802.3,1201425414521.32
9547.23046875,773.8528125,12499469770075.3,1204022365776.4
9548.79296875,774.239990234375,12668294805933.6,1177341529421.25
9550.35546875,774.469970703125,12438226716798.1,1205368377234.73
9551.91796875,774.469970703125,12568557607059.7,1169488834381.6
9553.48046875,774,12534260141999.6,1220982943029.48
9555.04296875,774.469970703125,12409417953380.3,1237923105723.94
9556.60546875,774.7099609375,12449749588261.8,1171527977614.23
9558.16796875,774.7099609375,12433232466899.8,1170229613751.84
9559.73046875,774.527568359375,12402415207307.4,1156171657802.86
9561.29296875,774.940002441406,12471518877300.2,1164543843227.24
9562.85546875,774.940002441406,12560745933558.8,1204562529384.02
9564.41796875,774.7099609375,12344150214537.4,1166077379140.11
9565.98046875,775.169982910156,12531057514554.3,1167450317008.36
9567.54296875,775.169982910156,12364630657738.9,1193768961740.01
9569.10546875,775.169982910156,12519595071489.7,1159902449325.32
9570.66796875,775.169982910156,12378220343724.7,1202512295702.7
9572.23046875,775.410034179688,12412494427269.5,1188580744356.11
9573.79296875,775.533869816707,12567841225088.7,1121622339744.97
9575.35546875,775.640014648438,12634816443482.3,1199798130318.85
9576.91796875,775.640014648438,12452597732057,1158325807809.4
9578.48046875,775.640014648438,12386480764688.8,1217104031667.73
9580.04296875,775.640014648438,12516774074644.2,1188871891949.98
9581.60546875,775.880004882813,12389280094621.5,1220534379817.04
9583.16796875,775.880004882813,12369033268893.6,1171356010434.37
9584.73046875,775.880004882813,12374252798048.6,1162754010148.58
9586.29296875,776.109985351563,12367852541366.4,1217445874835.83
9587.85546875,776.109985351563,12466123330867.6,1140758233042.56
9589.41796875,776.579956054688,12468866001172.5,1189416635363.34
9590.98046875,776.263579101563,12420258490583.8,1170053484847.71
9592.54296875,776.349975585938,12429467763589.1,1165576947165.62
9594.10546875,776.349975585938,12287095062201.8,1212778034487.11
9595.66796875,776.579956054688,12314294751701.3,1200607540383.64
9597.23046875,776.119215745193,12398944518110.9,1216969811552.96
9598.79296875,776.809997558594,12457302738277.3,1187907348658.45
9600.35546875,777.012385253907,12333229655152.6,1171228901237.09
9601.91796875,777.049987792969,12459758142358.9,1230128820702.08
9603.48046875,777.049987792969,12558289412351.8,1193957736675.92
9605.04296875,776.992390136719,12456721225182.4,1194058090855.31
9606.60546875,776.809997558594,12245224593415.1,1184620568620.65
9608.16796875,777.280029296875,12447305837759.6,1191090964759.51
9609.73046875,777.008857140175,12418341284424.4,1191848552559.7
9611.29296875,777.059189453125,12379898942121.2,1140774093186.29
9612.85546875,777.52001953125,12542633578447.2,1136745140544.46
9614.41796875,777.52001953125,12488018059059.7,1215453448221.12
9615.98046875,777.75,12417961651339.9,1207495211631.68
9617.54296875,777.52001953125,12211068362373.4,1211094586730.24
9619.10546875,777.52001953125,12451762609084.3,1199342079402.32
9620.66796875,777.864990234375,12410365206103.3,1187888142045.19
9622.23046875,777.971135066106,12228649822339.2,1200572342749.56
9623.79296875,777.97998046875,12374448278298,1227586126228.53
9625.35546875,777.97998046875,12392565278232.5,1187467463686.72
9626.91796875,778.219970703125,12429556435834.3,1221896781592.49
9628.48046875,778.449951171875,12306154683965.1,1210237576621.16
9630.04296875,778.219970703125,12430729778140.5,1203491122381.5
9631.60546875,778.099975585938,12399375275582.3,1253193527556.28
9633.16796875,778.219970703125,12323690644049.4,1232888820983
9634.73046875,778.449951171875,12412750840329.8,1187557590125.37
9636.29296875,778.449951171875,12436627804775.4,1204624687997.95
9637.85546875,778.919982910156,12375198068089,1227469540074.01
9639.41796875,778.919982910156,12423518128439,1210473066957.82
9640.98046875,778.919982910156,12307865761363.5,1198519134072.49
9642.54296875,778.560744065505,12168645551501.2,1243712149120.11
9644.10546875,778.706429617746,12391400278898.8,1196947066672.65
9645.66796875,779.160034179688,12400794674016,1213862531277.87
9647.23046875,779.131228027344,12402023208338.9,1248938332099.97
9648.79296875,778.919982910156,12377521429849.1,1173094499136.46
9650.35546875,779.160034179688,12388929441415.6,1234014959506.87
9651.91796875,779.434241661659,12459068442990,1170401332959.38
9653.48046875,779.619995117188,12434076481582.2,1178491985458.8
9655.04296875,779.398860051082,12428322406504.2,1195829226624.09
9656.60546875,779.859985351563,12452961282779.7,1194787004138.93
9658.16796875,779.859985351563,12481183033180.1,1235170397810.17
9659.73046875,779.859985351563,12399160736166.6,1183703672813.2
9661.29296875,779.690795898438,12384794533065.4,1229027833895.17
9662.85546875,779.859985351563,12497261428449.9,1190854510455.74
9664.41796875,780.089965820313,12397261405991.4,1161111272681.02
9665.98046875,780.089965820313,12508178612854.3,1257546541178.49
9667.54296875,779.859985351563,12367610055941.7,1173313954229.94
9669.10546875,780.329956054688,12372252710702.1,1230422997712.63
9670.66796875,780.329956054688,12170713457164.7,1234935390911.49
9672.23046875,780.559997558594,12258517424285.7,1260335134757.13
9673.79296875,780.559997558594,12166732846157.7,1233711592377.61
9675.35546875,780.559997558594,12087487768060.7,1193666693115.53
9676.91796875,780.559997558594,12226292202129.8,1191896853562.19
9678.48046875,780.7900390625,12270696629455.1,1259617021489.96
9680.04296875,780.7900390625,12308366294989.3,1249916026799.12
9681.60546875,780.559997558594,12379775083753.9,1259409301941.17
9683.16796875,780.7900390625,12344678032862.9,1224433794253.48
9684.73046875,780.7900390625,12451079041163.4,1234547905347.37
9686.29296875,781.030029296875,12502002402681.1,1192748650660.71
9687.85546875,781.030029296875,12461875381626.3,1247531625865.13
9689.41796875,781.260009765625,12386241238878,1199394371974.04
9690.98046875,781.5,12287772305918.9,1222920560139.17
9692.54296875,781.5551953125,12222027519321.7,1224966880002.85
9694.10546875,781.5,12331193950020.5,1232064065362.16
9695.66796875,781.5183984375,12387876290418.2,1200802724452.92
9697.23046875,781.5,12409208382951,1238998583444.41
9698.79296875,781.72078125,12435365830148.2,1238980742092.83
9700.35546875,781.5,12234115275278,1151956798071.07
9701.91796875,781.72998046875,12356001111487.5,1179322429008.83
9703.48046875,781.9599609375,12169560669597.1,1189739877552.67
9705.04296875,782.199951171875,12361826171575.9,1188523959862.96
9706.60546875,782.199951171875,12361729342543.7,1231190809344.28
9708.16796875,782.199951171875,12374772073239.9,1189042260615.9
9709.73046875,782.429992675781,12258571537838.5,1194242161852.21
9711.29296875,782.429992675781,12435087327094,1147002489569.12
9712.85546875,782.199951171875,12359242745898.3,1251910039331.89
9714.41796875,782.199951171875,12120856145337.9,1247401019871.33
9715.98046875,782.669982910156,12425097786428,1218496703555.71
9717.54296875,782.844814453126,12316340497682.3,1184857294907.58
9719.10546875,782.522296612079,12174077546931.3,1196552681077.69
9720.66796875,782.669982910156,12248329928551.2,1179728978281.35
9722.23046875,782.776155911959,12359430490542.1,1197158662995.68
9723.79296875,782.900024414063,12297327001783.4,1230991302919.66
9725.35546875,782.983499278194,12226693503148.1,1276383363386.31
9726.91796875,783.140014648438,12445184225521.8,1242540794727.54
9728.48046875,782.863217773438,12335001632624.6,1191274949249.35
9730.04296875,783.140014648438,12426448292462,1170647346946.72
9731.60546875,783.369995117188,12432433438238.5,1169668203162.52
9733.16796875,783.369995117188,12469761501982.9,1199975028433.21
9734.73046875,783.591130183294,12404714069756.9,1242028686204.93
9736.29296875,783.369995117188,12379698079845.7,1301930891620.18
9737.85546875,783.599975585938,12353760264862.6,1218691758918.44
9739.41796875,783.708374023438,12233998544186.4,1243264977315.74
9740.98046875,783.599975585938,12243557276550.8,1205886844977.98
9742.54296875,784.061159574069,12360545385215.5,1240117196173.91
9744.10546875,784.070007324219,12399492084874.7,1269311780863.85
9745.66796875,784.070007324219,12272275961908.8,1230850822209.38
9747.23046875,783.839965820313,12393671453624.4,1277291475257.23
9748.79296875,784.070007324219,12343271695465.7,1204837576353.36
9750.35546875,784.309997558594,12453268549644.8,1209702852051.42
9751.91796875,784.236154409556,12301204899700.2,1270137833325.94
9753.48046875,784.106163611779,12231601271760,1181003980983.91
9755.04296875,784.333225097657,12337932468369.5,1199616561635.18
9756.60546875,784.5400390625,12271266696878.2,1241094084928.73
9758.16796875,784.77001953125,12421822163111.5,1247672101597.08
9759.73046875,784.5400390625,12283181675560.9,1255374521856.22
9761.29296875,784.77001953125,12207624026069.5,1184696874012.73
9762.85546875,784.77001953125,12358513347465.8,1177410664896.22
9764.41796875,784.963857797476,12453388237603.3,1212631602591.57
9765.98046875,784.738872821515,12140074665585.8,1179543217233.95
9767.54296875,785.239990234375,12410931593337.3,1188659266009.89
9769.10546875,785.239990234375,12380736145359,1161740669394.97
9770.66796875,785.425753079928,12383271846566.4,1188954898805.96
9772.23046875,785.47998046875,12141954879276.9,1211051219599.33
9773.79296875,785.239990234375,12286027908385.9,1185890030231.48
9775.35546875,785.47998046875,12258079962846.9,1236257912240.64
9776.91796875,785.7099609375,12398198196391.5,1149825241910.64
9778.48046875,785.7099609375,12398190858732.8,1213380426293.57
9780.04296875,785.47998046875,12333745316984.1,1207976681812.25
9781.60546875,786.160844726563,12282061279756,1232964647159.39
9783.16796875,785.93994140625,12306696016200.4,1162688821557.82
9784.73046875,785.93994140625,12260197264462.9,1239600128562.62
9786.29296875,786.122426757813,12189287932374,1244648516877.94
9787.85546875,786.180053710938,12271800491371,1170879346800.62
9789.41796875,786.410034179688,12325598613218,1224342898249.12
9790.98046875,786.078467735878,12276707250225,1222372432021.21
9792.54296875,786.410034179688,12330356038025.5,1229553630467.87
9794.10546875,786.410034179688,12326552686354.4,1249406171748.89
9795.66796875,786.650024414063,12353898229787.3,1268068324075.91
9797.23046875,786.650024414063,12352848855582.8,1222636432087.32
9798.79296875,786.650024414063,12357923081783.3,1208908977015.07
9800.35546875,786.825777493991,12203915279430.3,1232896191585.95
9801.91796875,787.109985351563,12163478825421.6,1129602981469.61
9803.48046875,786.880004882813,12231176602015.6,1219975942517.97
9805.04296875,787.109985351563,12189281906983.2,1263275419629.92
9806.60546875,786.880004882813,12244922483735,1292871080727.26
9808.16796875,787.109985351563,12213781554036.5,1195015182522.1
9809.73046875,787.109985351563,12117694476240.4,1189526157650.01
9811.29296875,787.349975585938,12293817280735.8,1245276015650.29
9812.85546875,787.290743314304,12213326216167.7,1246779352417.45
9814.41796875,787.349975585938,12225615712544.1,1263933698666.21
9815.98046875,787.349975585938,12288628937284.3,1228252922021.19
9817.54296875,787.579956054688,12237101895368.3,1204492979470.48
9819.10546875,788.050048828125,12356320782475.8,1230130708989.61
9820.66796875,787.819946289063,12388809571259.9,1247499892616.79
9822.23046875,788.050048828125,12272255462348.9,1252136679124.99
9823.79296875,788.050048828125,12221484745730.2,1192366003523.41
9825.35546875,788.076585036058,12296178866156.3,1200359626859.95
9826.91796875,788.050048828125,12180858284968.7,1267528298766.64
9828.48046875,788.050048828125,12178331541763.2,1203431284709.56
9830.04296875,788.280029296875,12364534360143.8,1246334377337.76
9831.60546875,788.280029296875,12110135884479.5,1299426954177.99
9833.16796875,788.52001953125,12190272122689,1245008627869.68
9834.73046875,788.52001953125,12329007726540.8,1276675888930.48
9836.29296875,788.289259690505,12343326226290,1235097982331.02
9837.85546875,788.75,12288130276806.7,1186813278847.9
9839.41796875,788.935762845553,12174343476802.8,1155669891216.3
9840.98046875,788.75,12290610005168.6,1252191433076.68
9842.54296875,788.75,12348496296123.4,1222689951884.07
9844.10546875,788.989990234375,12174319579695.6,1263938574409.18
9845.66796875,788.989990234375,12102061754219.1,1237191555146.2
9847.23046875,789.219970703125,12313597800511.9,1262902294331.59
9848.79296875,788.989990234375,12089903852156.3,1216323572066.38
9850.35546875,788.989990234375,12269867874666.5,1100674019395.04
9851.91796875,789.219970703125,12295156007799.9,1251417203966.89
9853.48046875,789.449951171875,12296287256846.5,1233839772919.08
9855.04296875,789.920043945313,12044129225822.4,1245661265264.61
9856.60546875,789.449951171875,12231956903443.8,1244583842142.25
9858.16796875,789.920043945313,12031012118627,1206648966149.37
9859.73046875,789.449951171875,12139272404491.8,1207483746125.67
9861.29296875,789.68994140625,12365424683448.7,1249877655530.2
9862.85546875,789.920043945313,12303433211301.4,1235572598328.51
9864.41796875,789.920043945313,12142184629978.5,1247078234501.47
9865.98046875,789.920043945313,12070464612058.8,1251959275313.71
9867.54296875,790.160034179688,12405930927358.3,1229677610976.59
9869.10546875,789.920043945313,12210564989878.8,1182066908128.72
9870.66796875,790.390014648438,12302831506016,1221350371547.29
9872.23046875,790.390014648438,12153094790940.4,1205557440625.55
9873.79296875,790.390014648438,12234289693753,1234016330966.48
9875.35546875,790.390014648438,12218764053910.2,1220396017252.81
9876.91796875,790.390014648438,12228083056496.6,1253592815365.61
9878.48046875,790.619995117188,12108936139715.2,1230016169701.43
9880.04296875,790.859985351563,12198832872079.5,1204161651089.85
9881.60546875,790.619995117188,12253113800699.9,1198734714930.85
9883.16796875,790.859985351563,12290722923992.4,1226960316927.37
9884.73046875,791.089965820313,12250401519719.8,1320827808959.02
9886.29296875,791.089965820313,12239806956168.9,1196278437024.19
9887.85546875,791.089965820313,12290481712128.4,1199694191824.22
9889.41796875,791.137963867188,12233954049262.8,1278981353887.87
9890.98046875,791.329956054688,12157644705959.2,1191228485112.51
9892.54296875,791.089965820313,12325972281058.7,1240864142476.25
9894.10546875,791.302264873799,12266840979964.2,1245117653671.65
9895.66796875,791.559936523438,12270750768440.9,1250744662283.8
9897.23046875,791.7900390625,12185942727288.8,1254664262783.66
9898.79296875,791.7900390625,12223328180819.3,1263326298017.02
9900.35546875,791.601026262556,12162313936794.6,1237991802807.75
9901.91796875,791.7900390625,12099050921218.1,1180231764145.1
9903.48046875,791.84763671875,12140776799054.6,1175733350406.85
9905.04296875,792.030029296875,12350859175904.2,1246827776696.16
9906.60546875,792.030029296875,12238124881994.1,1221791413531.68
9908.16796875,792.030029296875,12162182311616.8,1183716278437.19
9909.73046875,792.5,12198731963749.9,1268655084257.67
9911.29296875,792.260009765625,12284524917246.6,1229930213354.77
9912.85546875,792.5,12187759433025.3,1291639404502.39
9914.41796875,792.260009765625,12143722347764.5,1250346321848.85
9915.98046875,792.5,12162985411917.7,1209573737524.8
9917.54296875,792.030029296875,12207325343796.2,1229989390545.75
9919.10546875,792.72998046875,12101992607990.8,1242224649546.06
9920.66796875,792.614990234375,12114026945508.6,1187419282027.02
9922.23046875,792.9599609375,12155520422221.2,1251896414922.1
9923.79296875,792.9599609375,12267766194654.1,1235398352707.77
9925.35546875,792.9599609375,12162319802396.8,1228961655496.05
9926.91796875,792.9599609375,12106045738697.8,1269588787091.25
9928.48046875,792.72998046875,12063995460484.1,1227820254148.29
9930.04296875,793.430053710938,12217335159624.7,1276151921595.65
9931.60546875,792.9599609375,12107240743907.6,1264731990837.11
9933.16796875,793.199951171875,12239133358181.2,1301486946058.66
9934.73046875,793.430053710938,12170099242333.9,1192101525343.04
9936.29296875,793.670043945313,12064618618573.7,1265140829401.52
9937.85546875,793.670043945313,12063448791874.2,1193159718917.62
9939.41796875,793.900024414063,11996515312179.6,1206179023461.92
9940.98046875,793.863227539063,12113322188718,1212264534811.05
9942.54296875,793.900024414063,12199033597351.7,1283303011282.6
9944.10546875,793.900024414063,12077439770882,1282566208427.08
9945.66796875,793.785034179688,12148072962692.4,1260755673755.05
9947.23046875,794.102407226563,12176503853640.1,1272126261740.2
9948.79296875,794.369995117188,12266894755667.9,1276763517136.31
9950.35546875,794.369995117188,12070572688582.9,1237267266524.6
9951.91796875,793.900024414063,12144014749525.3,1263403824140
9953.48046875,794.130004882813,12085903204796,1276067819937.95
9955.04296875,794.378840519832,12130895099128.8,1319446379960.53
9956.60546875,794.599975585938,12095078287363.7,1246511902411.99
9958.16796875,794.599975585938,12248811313614.4,1266607582637.61
9959.73046875,794.599975585938,12146393135014.2,1287359217576.5
9961.29296875,794.839965820313,12161923926453.2,1211986594689.91
9962.85546875,794.839965820313,12052525626846.9,1237832956501.45
9964.41796875,794.599975585938,11975766403710.5,1266678361405.55
9965.98046875,794.857656625602,12112185827331.9,1253400213976.49
9967.54296875,795.070007324219,12226786729153,1250522897074.87
9969.10546875,795.069946289063,12016275444607.6,1281634545481.91
9970.66796875,795.300048828125,12077379506357.8,1271500936901.72
9972.23046875,795.300048828125,12147830835484.4,1248073506072.3
9973.79296875,795.77001953125,12218055024508.2,1226234486995.62
9975.35546875,795.77001953125,12195224937960.7,1187487843194.28
9976.91796875,795.5400390625,12107849956585.3,1279164685960.23
9978.48046875,795.5400390625,11972059314995.4,1260650730495.66
9980.04296875,795.77001953125,12182023824928.6,1277965620158.99
9981.60546875,795.6904296875,12000427510213.4,1224776621140.85
9983.16796875,796.010009765625,12113128576449.7,1238106394978.93
9984.73046875,795.971611328125,12123568460912.1,1244769042114.08
9986.29296875,796.07080078125,12038669903560.5,1232238716319.73
9987.85546875,796.010009765625,12033824431313.2,1278458072439.98
9989.41796875,796.010009765625,12035376452448.3,1284784777019.39
9990.98046875,796.239990234375,12008664287467.2,1240329975918.53
9992.54296875,796.239990234375,12097636838065.5,1270518188565.21
9994.10546875,796.258388671875,12039417509528.4,1242943131619.41
9995.66796875,796.7099609375,12067428381722.5,1250201703947.86
9997.23046875,796.469970703125,12003210531382.8,1234843162267.52
9998.79296875,796.7099609375,12154034204356.7,1226447334800.27
10000.35546875,797.180053710938,12032186006722.9,1255247193721.61
10001.91796875,797.180053710938,12091121710016.6,1224920692089.4
10003.48046875,796.93994140625,12065247710631.2,1197009149150.95
10005.04296875,797.180053710938,12070436328200.5,1175968132131.3
10006.60546875,797.180053710938,11924222920013.3,1239774209982.83
10008.16796875,797.180053710938,11996515312179.6,1240712861764.79
10009.73046875,796.93994140625,12201291916343.3,1183183091326.88
10011.29296875,797.026381835938,12066506741321.6,1217089897431.74
10012.85546875,797.180053710938,12067682874589.6,1303111241594.76
10014.41796875,797.515441894532,12032110760658.4,1325204827061.03
10015.98046875,797.640014648438,12088990793788.7,1263826925615.84
10017.54296875,797.640014648438,12063448791874.2,1266824584888.1
10019.10546875,797.686166616587,11999479817631.3,1247035352895.97
10020.66796875,797.640014648438,12183859077729,1243447613499.15
10022.23046875,797.640014648438,12100441459407.3,1291836693186.05
10023.79296875,797.640014648438,12200827990308.4,1246614918262.48
10025.35546875,798.109985351563,12252261707055.2,1228430082722.31
10026.91796875,798.129184570313,12198247062039.2,1323664977361.37
10028.48046875,798.220750075121,12112013127461.7,1304607112200.09
10030.04296875,798.349975585938,12132513236262.9,1215827861689.36
10031.60546875,798.109985351563,12124722017199.7,1231571752817.9
10033.16796875,798.349975585938,11955624145714,1257656195614.62
10034.73046875,798.349975585938,12122892163503.1,1255346511842.88
10036.29296875,798.809936523438,12096684609395.5,1300703408443.47
10037.85546875,798.579956054688,12073659948268.3,1255201465094.1
10039.41796875,798.809936523438,12065626565927.9,1276756985858.56
10040.98046875,798.809936523438,12161318036829.1,1246601715296.09
10042.54296875,798.809936523438,11927852609350.4,1270901348867.44
10044.10546875,798.877167968751,12057581521265.9,1301992881291.79
10045.66796875,798.809936523438,12151720552506.6,1283254500517.02
10047.23046875,799.050048828125,12077984178768.8,1223440479114.13
10048.79296875,799.280029296875,12235944521686.3,1229068748589.42
10050.35546875,799.050048828125,12148963406498.7,1266385383413.86
10051.91796875,799.52001953125,12059165671451.8,1267746556547.92
10053.48046875,799.36642578125,12037949307568.7,1258274938178.5
10055.04296875,799.52001953125,12146730143403,1267533413499.76
10056.60546875,799.75,12029435183632.8,1300499609615.7
10058.16796875,799.590782752404,12054665911550.8,1256711155533.6
10059.73046875,799.97998046875,12055157733964.4,1249412097777.02
10061.29296875,799.75,11984891906333.9,1252690723003.79
10062.85546875,799.97998046875,12132471513635.6,1222887470577.58
10064.41796875,799.75,12131535225825.4,1247041836671.15
10065.98046875,799.97998046875,11954005544326.4,1278330008935.72
10067.54296875,799.97998046875,11934833201530.1,1238039788341.03
10069.10546875,800.219970703125,11942876073557.6,1285992809225.73
10070.66796875,799.97998046875,12108906741798.2,1221997239270.9
10072.23046875,800.219970703125,12010366148534,1208170352896.88
10073.79296875,800.219970703125,11866145632181.4,1228978100572.57
10075.35546875,800.449951171875,11964538531586,1272775397581.18
10076.91796875,800.449951171875,12031218804120.4,1297605032354.64
10078.48046875,800.597216796876,12047769719488.9,1250536160222.93
10080.04296875,800.855431189904,12031288608878.6,1285869595020.51
10081.60546875,800.920043945313,12048952395265.9,1310213116105.77
10083.16796875,800.920043945313,11979758036017,1234644576845.14
10084.73046875,800.920043945313,12007451412851.1,1261206667453.53
10086.29296875,800.920043945313,12007714585317,1223606650841.14
10087.85546875,801.150024414063,12011209904499.1,1235637863494.89
10089.41796875,801.150024414063,11898736343249.8,1261685324454.02
10090.98046875,801.390014648438,11970898978676.9,1261993973951.04
10092.54296875,801.390014648438,12022820011696.2,1275179401130.18
10094.10546875,801.390014648438,11799887764625.4,1230589009967.42
10095.66796875,801.619995117188,11990898618184.9,1259984194000.55
10097.23046875,801.619995117188,11869740372003.2,1255494592904.58
10098.79296875,801.628840519832,11947714717017.5,1276849883300.99
10100.35546875,801.522695688102,11978721056092.6,1316121477057.1
10101.91796875,801.849975585938,11937081922451.1,1269732221036.58
10103.48046875,802.089965820313,11969969696538.1,1268613979032.84
10105.04296875,802.089965820313,11955683022156.9,1300900548161.04
10106.60546875,802.089965820313,11890791585653.2,1294454296158.74
10108.16796875,802.089965820313,11956759013225.9,1262848340302.54
10109.73046875,802.089965820313,11949216430507.4,1279209629252.67
10111.29296875,802.319946289063,11931239380803.4,1304349497554.28
10112.85546875,802.319946289063,12047830237756.4,1260041726633.6
10114.41796875,802.492739257813,11979976796230,1296679705447.68
10115.98046875,802.559936523438,11901255783327,1253254618043.91
10117.54296875,802.7900390625,11965261796072.7,1239321668788.92
10119.10546875,802.7900390625,11879914126095.5,1266787603330.42
10120.66796875,802.319946289063,11834595350020.1,1265644399774.09
10122.23046875,802.91387469952,11730849968588.5,1226794309226.45
10123.79296875,802.7900390625,11996515312179.6,1284748798060.2
10125.35546875,802.707163085938,12060688299023,1257041051634.24
10126.91796875,803.02001953125,11881983106563.4,1228428882831.21
10128.48046875,803.489990234375,11969122299461.6,1237075137297.28
10130.04296875,803.489990234375,12046137781075,1234533168958.46
10131.60546875,803.260009765625,11807392929611.3,1265267112355.27
10133.16796875,803.489990234375,11914674059129.7,1251047288949.92
10134.73046875,803.260009765625,11809628256010.8,1198087537793.79
10136.29296875,803.489990234375,11821807516581.7,1305479625139.11
10137.85546875,803.72998046875,11831919193254,1252271078126.55
10139.41796875,803.683828500601,12111072145647,1322339367787.02
10140.98046875,803.827279897837,11869026814696,1278579524788.29
10142.54296875,803.72998046875,11964044063542.3,1241390060577.69
10144.10546875,803.9599609375,11911959801133.4,1298430560149.61
10145.66796875,803.9599609375,11890654142586.7,1318852051246.68
10147.23046875,803.72998046875,11871660264894,1249445616890.25
10148.79296875,804.18994140625,11746526200816.3,1205027275895.28
10150.35546875,803.9599609375,11850186577311,1250032028701.66
10151.91796875,804.231168306791,11946746742021.7,1244081627269.89
10153.48046875,804.430053710938,11936441845695.3,1240739761454.38
10155.04296875,804.18994140625,12088656227282.5,1282623378355.63
10156.60546875,804.430053710938,12043721649252.9,1278478615072.07
10158.16796875,804.660034179688,11776598299924.5,1221437312322.14
10159.73046875,804.900024414063,11877162275835.4,1246824248132.26
10161.29296875,804.900024414063,11978747269463.8,1301122620186.12
10162.85546875,804.780029296876,11735800116018.1,1230570162937.32
10164.41796875,804.900024414063,11793588264122.7,1230611049547.91
10165.98046875,804.660034179688,11874115863233.3,1262837128285.52
10167.54296875,805.093208007813,11800985105830,1278488074450.15
10169.10546875,804.660034179688,11862770347476.3,1327995266290.72
10170.66796875,805.359985351563,11766904670657,1299386116143.74
10172.23046875,805.599975585938,12151104317531.3,1253383982887.65
10173.79296875,805.599975585938,12020249856174.9,1231777323836.06
10175.35546875,805.359985351563,11836730106724.4,1239029784953.93
10176.91796875,805.359985351563,11962370385710.8,1317002763968.14
10178.48046875,805.590745192308,11941345701550.5,1252887209550.38
10180.04296875,805.829956054688,11939867751648,1245611790633.16
10181.60546875,805.599975585938,11863106892190.7,1261288660208.72
10183.16796875,805.829956054688,11864141374335.1,1319534773946.26
10184.73046875,805.829956054688,11793576809209.7,1313539357955.07
10186.29296875,806.069946289063,11938454096508.4,1285576655053.43
10187.85546875,805.949951171876,11934073400528.8,1242114172697.81
10189.41796875,806.069946289063,11965577338662.3,1223393362762.1
10190.98046875,806.530029296875,11900792355312,1228223565995.43
10192.54296875,806.300048828125,11746127776036.5,1306236141366.2
10194.10546875,806.300048828125,11919664090583.9,1268849525506.09
10195.66796875,806.530029296875,11896351325858.5,1309287523726.71
10197.23046875,806.530029296875,11820912070246.7,1279919388335.6
10198.79296875,806.530029296875,11887217004345.9,1287804023939.67
10200.35546875,806.557720477765,11756613802158.4,1255840577021.34
10201.91796875,806.77001953125,11956739907796.9,1305188868760.24
10203.48046875,806.77001953125,11859291300323.1,1330883653668.03
10205.04296875,807,11899696266225.3,1242356468059.53
10206.60546875,807.22998046875,12000238547443.8,1226733959693.69
10208.16796875,807.22998046875,11765344109080.6,1254164375988.84
10209.73046875,807.22998046875,11772302698444.3,1256038858919.61
10211.29296875,807.22998046875,11847656559977.9,1288699639611.32
10212.85546875,807.271136944111,11809180691141.7,1321557379327.24
10214.41796875,807.469970703125,11777865008225.4,1259554536582.13
10215.98046875,807.699951171875,11763529277304.4,1312197792583.05
10217.54296875,807.469970703125,11723563607543.2,1287388526561.39
10219.10546875,807.699951171875,11795825909815.8,1279511153928.07
10220.66796875,807.699951171875,11823283579447,1345633138968.74
10222.23046875,807.921480618991,11892386578263,1289993847116.54
10223.79296875,807.733154296875,11956767577849.2,1274427634263.69
10225.35546875,807.699951171875,11786706972780.8,1258182418432.88
10226.91796875,808.170043945313,11909884240288.4,1251330106273.31
10228.48046875,808.170043945313,11720143993849.4,1284333074778.79
10230.04296875,808.400024414063,11943657065672.1,1304405462261.81
10231.60546875,808.400024414063,11720369215546.9,1315737357786.27
10233.16796875,808.170043945313,11758962971303.6,1263523414942.96
10234.73046875,808.400024414063,11732012226652.2,1315779210667.33
10236.29296875,808.438422851563,11725220303472.3,1271354269540.58
10237.85546875,808.400024414063,11756927010752.5,1283744239042.67
10239.41796875,808.385413536659,11824647692525.3,1259539918134.48
10240.98046875,808.640014648438,11863732094674.3,1247899979004.08
10242.54296875,808.869995117188,11870738333450,1323816684800.6
10244.10546875,808.869995117188,11813114118426.6,1250848983267.11
10245.66796875,808.869995117188,11708224342472,1280645749978.26
10247.23046875,809.339965820313,11710555058163.9,1248479602418.93
10248.79296875,809.189593975361,11808676255194.8,1277655970013.4
10250.35546875,809.174379882813,11774786630080.2,1291946270787.66
10251.91796875,809.339965820313,11808197501954.1,1287469058293.26
10253.48046875,809.20728478065,11636981610512.5,1285144896467.83
10255.04296875,809.569946289063,11889345867226.5,1296078722908.63
10256.60546875,809.569946289063,11860627538596.3,1338946781732.35
10258.16796875,809.809936523438,11829522149752.8,1271737324114.67
10259.73046875,809.339965820313,11747890307810.1,1333102048122.25
10261.29296875,809.809936523438,11812566754471.5,1288631266620.2
10262.85546875,809.809936523438,11751047056558,1318540598867.41
10264.41796875,809.809936523438,11856489854577.2,1242737939692.43
10265.98046875,810.0400390625,11826933499090.3,1301026044028.09
10267.54296875,810.0400390625,11810181832557.6,1321532486869.82
10269.10546875,810.0400390625,11744248200820,1208521662534.58
10270.66796875,810.280029296875,11640536733162.3,1316579218685.64
10272.23046875,810.280029296875,11889345867226.5,1246700404499.46
10273.79296875,810.45361328125,11752486694499.4,1266535409161.45
10275.35546875,810.39501953125,11761278023032.1,1258855780763.47
10276.91796875,810.510009765625,11733211697317.8,1266837291636.41
10278.48046875,810.739990234375,11695735431598.6,1241520808754.07
10280.04296875,810.546806640625,11886299749824.5,1327223932359.99
10281.60546875,810.739990234375,11933506854083.7,1338487545210.59
10283.16796875,810.97998046875,11524981978388.7,1257904904604.43
10284.73046875,811.192270132212,11802323199286.9,1281010639407.86
10286.29296875,810.97998046875,11579325777731.9,1285452166702.2
10287.85546875,810.97998046875,11658787861895.3,1297578440545.89
10289.41796875,811.2099609375,11728066905770.3,1261721220111.25
10290.98046875,811.449951171875,11843113583429.7,1292466305869.91
10292.54296875,811.449951171875,11603628923256.8,1282197937965.18
10294.10546875,811.2099609375,11721711709449.9,1263041799822.03
10295.66796875,811.449951171875,11915537317028.3,1260601728378.43
10297.23046875,811.812734750602,11714017488640.1,1316294417307.33
10298.79296875,811.910034179688,11774997786641.6,1272144446778.59
10300.35546875,811.582702636719,11742261931528.4,1281740819115.95
10301.91796875,811.680053710938,11605957044489.1,1328117865964.45
10303.48046875,811.910034179688,11829190983306.3,1265997455254.96
10305.04296875,811.910034179688,11619282580302.5,1284012387715.3
10306.60546875,811.910034179688,11575750154909.8,1288994598710.64
10308.16796875,812.150024414063,11789680983983.8,1329067351837.56
10309.73046875,812.609985351563,11699542716510.4,1301426621094.59
10311.29296875,812.508793945313,11615716922323.6,1324323149519.79
10312.85546875,812.380004882813,11649699610443.9,1289901982996.05
10314.41796875,812.315610351563,11694588043515.4,1263962386473.71
10315.98046875,812.022827148438,11471855180774.7,1227512466402.59
10317.54296875,812.582387695313,11698038098856.7,1343302522108.39
10319.10546875,812.609985351563,11583960607120.9,1285257930145.41
10320.66796875,812.830776367188,11646952601706,1249770473879.06
10322.23046875,812.849975585938,11569060596800.7,1289884798012.88
10323.79296875,813.070756835938,11537608519785.2,1282438135402.7
10325.35546875,812.849975585938,11659352390958,1292654334784.21
10326.91796875,813.033959960938,11688702063593.9,1267163126286.84
10328.48046875,813.079956054688,11702799689594.4,1285484979652.6
10330.04296875,813.319946289063,11569397693504,1298249612328.35
10331.60546875,813.079956054688,11654061170303.6,1269775234828.46
10333.16796875,813.550048828125,11751965406044.4,1299093981121.83
10334.73046875,813.762338491587,11690281859822.7,1342265217720.53
10336.29296875,813.780029296875,11593422540140.4,1300673703545.86
10337.85546875,813.550048828125,11697057880240.3,1263613986750.07
10339.41796875,813.550048828125,11750489641142.6,1308132061019.21
10340.98046875,813.550048828125,11747538743234.1,1262467592106.52
10342.54296875,813.962421875,11638318411801.4,1327465234804.06
10344.10546875,813.681640625,11554054778535.9,1237029023225.95
10345.66796875,813.780029296875,11631698807072.5,1271459940461.94
10347.23046875,813.97886305589,11759384121265.9,1280097763444.67
10348.79296875,814.480390625,11529968539053.6,1277629558236.95
10350.35546875,814.02001953125,11645218593393.8,1318899507060.74
10351.91796875,814.25,11712383917091.9,1272753737686.43
10353.48046875,814.25,11486230725031.1,1279721349812.91
10355.04296875,814.25,11540432108925.2,1296068157167.37
10356.60546875,814.489990234375,11727063816886.1,1292287963396.45
10358.16796875,814.369995117188,11630120061854,1305923997014.28
10359.73046875,814.719970703125,11656782525632.7,1263544426703.58
10361.29296875,814.949951171875,11550568488650.1,1287956202761.34
10362.85546875,814.899955417799,11536658056348,1268834758325.51
10364.41796875,814.949951171875,11671655907601.1,1277490715209.51
10365.98046875,814.949951171875,11562272268074.4,1308680130455.72
10367.54296875,814.95955078125,11564715670626.2,1250062445238.16
10369.10546875,815.051485501803,11601368219046.7,1265836285297.7
10370.66796875,815.162250225361,11550798753825.4,1350814455988.29
10372.23046875,815.420043945313,11666799885352.4,1306235413794.8
10373.79296875,815.420043945313,11716221073955.8,1249610281930.51
10375.35546875,815.420043945313,11673801886467.5,1248381245814.63
10376.91796875,815.420043945313,11586468960850.7,1264097566780.14
10378.48046875,815.660034179688,11603928747378,1288943792337.89
10380.04296875,815.660034179688,11666799885352.4,1357479088523.74
10381.60546875,815.18994140625,11691207945542.2,1322124857063.91
10383.16796875,815.660034179688,11669561120778.8,1321048596564.54
10384.73046875,815.890014648438,11745469425501.4,1291800786372.73
10386.29296875,816.119995117188,11792007598155.7,1253937781884.89
10387.85546875,816.239990234376,11723540986349.1,1310673528957.03
10389.41796875,816.119995117188,11738789218163.8,1287079000148.74
10390.98046875,816.119995117188,11641659236640.9,1279230772981.28
10392.54296875,816.119995117188,11677337355660.7,1359509439767.04
10394.10546875,816.359985351563,11541243557845.1,1275843704745.57
10395.66796875,816.119995117188,11621649640774,1286849982328.2
10397.23046875,815.943857046275,11710911034086.5,1312067227755.28
10398.79296875,816.691157226563,11531917860833,1283359900686.45
10400.35546875,816.608364257813,11628979718722.3,1326914549601.33
10401.91796875,816.819946289063,11689790349621.4,1313856436946.68
10403.48046875,816.819946289063,11563793378169.9,1311417060914.23
10405.04296875,817.031137695313,11457126764608,1346828977863.12
10406.60546875,816.819946289063,11663424287942.4,1280003405497.87
10408.16796875,816.819946289063,11728090464420.4,1228891808261.01
10409.73046875,816.94917179988,11766479550070.5,1258136076094.77
10411.29296875,817.078740234376,11592007827719.9,1273755116501.07
10412.85546875,817.530029296875,11623389175739.3,1342860849062.19
10414.41796875,817.2900390625,11635748443516.4,1309742019391.21
10415.98046875,817.530029296875,11557169074433.6,1276127936599.79
10417.54296875,817.530029296875,11390713789741.6,1342209127422.38
10419.10546875,817.760009765625,11530618977196,1308816830534.37
10420.66796875,817.530029296875,11702077516637,1281755879585.66
10422.23046875,817.760009765625,11675006052170.5,1330715876461.35
10423.79296875,817.585224609375,11584216504614.4,1320581448590.02
10425.35546875,817.925595703125,11595214067389.2,1307841173337.89
10426.91796875,818.22998046875,11700928082139.6,1250057680849.7
10428.48046875,818.128446138822,11666705144653.6,1288487548766.99
10430.04296875,818.22998046875,11624376444873.1,1268054698269.77
10431.60546875,818.4599609375,11605228242775.5,1319083970943.29
10433.16796875,818.4599609375,11654315058662.1,1299282218862.14
10434.73046875,818.4599609375,11691404246282.2,1269729204437.3
10436.29296875,818.29189828726,11720001530432.4,1343240855945.37
10437.85546875,818.699951171875,11595086128316.3,1325621937438.55
10439.41796875,818.930053710938,11654074131813.5,1341216031180.82
10440.98046875,818.699951171875,11522014366258,1305764964397.26
10442.54296875,818.930053710938,11661308181808.6,1371686015032.63
10444.10546875,818.930053710938,11645400283068.9,1343436102510.91
10445.66796875,818.930053710938,11663941073220.8,1364921709862.69
10447.23046875,818.930053710938,11497888604192.4,1314878068902.23
10448.79296875,818.930053710938,11527786834551.1,1355237384743.78
10450.35546875,819.160034179688,11597742080886.2,1318687939012.69
10451.91796875,819.400024414063,11585382396075.8,1293931648538.99
10453.48046875,819.400024414063,11662575128021.8,1321853597798.79
10455.04296875,819.160034179688,11532672829333.5,1296976370049.17
10456.60546875,819.160034179688,11581317536315.6,1344558194768.11
10458.16796875,819.678002929688,11749914753263.3,1358499996948.95
10459.73046875,819.630004882813,11736886100920,1293352994259.05
10461.29296875,819.329223632813,11559350692788.6,1351755904153.82
10462.85546875,819.869995117188,11544832345507.3,1330600272796.15
10464.41796875,820.099975585938,11552857869379.1,1282063291179.75
10465.98046875,820.099975585938,11718493993582,1242638901565.28
10467.54296875,820.099975585938,11563488525289.5,1315300537454.18
10469.10546875,820.099975585938,11637030205520.4,1306854549919.51
10470.66796875,820.099975585938,11531900115052.8,1337330380421.4
10472.23046875,820.329956054688,11562396378226.5,1343750571355.63
10473.79296875,820.329956054688,11664608441818,1382532734292.94
10475.35546875,820.569946289063,11619801700984.3,1321307702692.85
10476.91796875,820.773498535156,11679184915414.2,1334826138383.12
10478.48046875,821.0400390625,11561617282680.2,1313307835678.42
10480.04296875,820.569946289063,11432173084320.6,1398286022421.98
10481.60546875,820.800048828125,11398865579520.8,1314844064708.81
10483.16796875,820.800048828125,11587169401622.2,1325045676818.75
10484.73046875,820.800048828125,11551629853470.4,1349065421665.8
10486.29296875,820.934443359375,11693128351502.8,1299036163977.13
10487.85546875,820.588354492188,11605712482198.7,1267370357017.6
10489.41796875,821.27001953125,11533457190067.7,1295136066369.36
10490.98046875,821.27001953125,11636574363012.9,1307343841288.2
10492.54296875,821.401436941965,11518933955779.3,1286703076660.77
10494.10546875,821.0400390625,11444261672820.6,1265261783065.84
10495.66796875,821.5,11661847681424,1359661324504.24
10497.23046875,821.739990234375,11594206764905.1,1378006321127.38
10498.79296875,821.739990234375,11608918384385,1266366528350.38
10500.35546875,821.27001953125,11730674871682.8,1320933913145.14
10501.91796875,821.899207481971,11534507891597.9,1248718009033.6
10503.48046875,821.969970703125,11516230910037.6,1324071223872.22
10505.04296875,821.969970703125,11469581047476,1334915481389.79
10506.60546875,821.969970703125,11396210424130.9,1402545211860.8
10508.16796875,821.969970703125,11512207991081.3,1353155944585.35
10509.73046875,822.43994140625,11595638438497.8,1279809264724.88
10511.29296875,822.126887394832,11566899115228.6,1326364712906.65
10512.85546875,822.2099609375,11548373616603.8,1320145692972.1
10514.41796875,822.43994140625,11648084462379.9,1287023744960.85
10515.98046875,822.2099609375,11627458555057.5,1328952695265.87
10517.54296875,822.900803786058,11633659436917.6,1326563980505.6
10519.10546875,822.572692871094,11659231666712,1337610505690.25
10520.66796875,822.910034179688,11433635108806.1,1330880741493.04
10522.23046875,822.910034179688,11522422551831.3,1309596480862.04
10523.79296875,822.670043945313,11504599358841.1,1339141248901.87
10525.35546875,822.910034179688,11568299119467,1340365007464.55
10526.91796875,822.910034179688,11765013342251.3,1304684102747.91
10528.48046875,823.140014648438,11532433824746.4,1292409222241.65
10530.04296875,823.140014648438,11535583060454.1,1366185510817.52
10531.60546875,823.140014648438,11516573948763.6,1345997685250.34
10533.16796875,823.140014648438,11422930889580.5,1315538202723.11
10534.73046875,823.369995117188,11485423433637.3,1352775461482.77
10536.29296875,823.369995117188,11576431971920.7,1339101662247.81
10537.85546875,823.502403522361,11579980224217.7,1371379644983.58
10539.41796875,823.609985351563,11706036233327.7,1395341394441.63
10540.98046875,823.839965820313,11571271442861.5,1317633186875.91
10542.54296875,823.839965820313,11510734203642.9,1309249049719.75
10544.10546875,823.839965820313,11480962804761.3,1382269944340.06
10545.66796875,823.839965820313,11502846564297.9,1278609772942.6
10547.23046875,823.839965820313,11553973628505,1268843692491.68
10548.79296875,823.96919133113,11592604246971.3,1309765521270.65
10550.35546875,824.079956054688,11653109893188.5,1227021989319.37
10551.91796875,824.079956054688,11466384095927.1,1224738045100.71
10553.48046875,824.309936523438,11589427466878.7,1334991973460.53
10555.04296875,824.309936523438,11460389733599.9,1328558991471.75
10556.60546875,824.5400390625,11361997202192.9,1396209739199.56
10558.16796875,824.354187011719,11556906456833,1341954947169.18
10559.73046875,824.5400390625,11449127695471,1324979980715.42
10561.29296875,824.5400390625,11593047692764.7,1322442653417.74
10562.85546875,824.89501953125,11479550974553.9,1287258819469.55
10564.41796875,824.590393066406,11724104591067.8,1323668198721.71
10565.98046875,825.010009765625,11469460234617,1332212908434.99
10567.54296875,825.25,11496538676711.4,1341220243601.19
10569.10546875,825.25,11689502633436.2,1307886429222.11
10570.66796875,825.176156850962,11349788385684.7,1319629602814.25
10572.23046875,825.25,11447788679213.5,1297592738466.87
10573.79296875,825.25,11501931006985.5,1350107070948.83
10575.35546875,825.47998046875,11408928116554.5,1322198891556.9
10576.91796875,825.47998046875,11584686723665.4,1297731713611.07
10578.48046875,825.7099609375,11337765225561.4,1310389764526.39
10580.04296875,825.654765625,11550613381625,1312684343692.18
10581.60546875,825.7099609375,11519327504774.8,1355376328527.23
10583.16796875,825.7099609375,11610589048508.3,1316250167230.91
10584.73046875,825.7099609375,11546380800433,1318451037544.61
10586.29296875,826.143237304688,11515262298065.8,1319669403391.59
10587.85546875,825.949951171875,11511220444096.1,1311620239511.72
10589.41796875,826.180053710938,11545777648904.6,1337426709489.46
10590.98046875,826.420043945313,11513167526619.7,1339745037663.3
10592.54296875,826.650024414063,11405838646214.4,1336371102251.87
10594.10546875,826.650024414063,11354825031254.6,1364709137412.9
10595.66796875,826.420043945313,11499439814175.6,1371543361801.69
10597.23046875,826.650024414063,11453936204435.5,1315022368941.44
10598.79296875,826.263127253606,11516537448102.8,1341882995005.93
10600.35546875,826.880004882813,11487054464699,1367604042513.74
10601.91796875,826.650024414063,11539465904883.2,1391405761254.25
10603.48046875,826.880004882813,11523317516156.2,1376376923880.99
10605.04296875,826.852407226563,11405542450171.2,1337396890458.5
10606.60546875,826.972308819111,11401884612382.2,1364117368806.86
10608.16796875,827.119995117188,11447430111703.2,1411020763462.33
10609.73046875,827.119995117188,11523490429812,1342997581268.06
10611.29296875,827.044799804688,11365300945159,1278942504128.83
10612.85546875,827.119995117188,11497807360927.9,1392871575195.08
10614.41796875,827.349975585938,11394987183960.6,1351910454935.93
10615.98046875,827.349975585938,11492962224885.9,1307614312572.64
10617.54296875,827.589965820313,11459567761731.1,1348488316265.64
10619.10546875,827.819946289063,11500778502147.7,1342914511692.95
10620.66796875,827.934997558594,11451001711771.6,1259927471027.56
10622.23046875,827.819946289063,11405716256562.2,1316930647184.5
10623.79296875,827.970397949219,11437605282499.5,1301009724716.32
10625.35546875,827.819946289063,11354656707824.2,1370769301448.4
10626.91796875,828.050048828125,11334081551870.6,1297702711907.67
10628.48046875,827.819946289063,11363248740133.3,1419995707121.53
10630.04296875,828.050048828125,11486976199498.2,1332788700934.36
10631.60546875,828.050048828125,11361689830370.5,1356823567701.47
10633.16796875,828.2900390625,11393213835196,1335500790819.05
10634.73046875,828.2900390625,11658880042568.2,1357858992194
10636.29296875,828.125244140625,11482368968934,1288287484754.31
10637.85546875,828.52001953125,11328267776203.7,1305682131522.82
10639.41796875,828.760009765625,11436525821362.6,1325574068258.86
10640.98046875,828.760009765625,11438753354862.4,1363900970080.8
10642.54296875,828.760009765625,11494696085931.1,1289799361703.57
10644.10546875,828.989990234375,11457001468055.4,1302000421924.25
10645.66796875,828.989990234375,11424271864240.8,1391444016116.23
10647.23046875,828.815205078125,11476619595529.4,1307612724308.89
10648.79296875,829.219970703125,11500025595516.9,1352803205988.24
10650.35546875,829.078444260817,11377210004073.4,1364419593792.92
10651.91796875,829.219970703125,11469084854559,1314153229314.39
10653.48046875,829.219970703125,11457391535844,1322242561929.07
10655.04296875,829.219970703125,11421699309733.5,1393948159667.87
10656.60546875,829.296767578125,11522742929833.3,1393493305190.77
10658.16796875,829.315354567308,11438078329138.5,1322806392376.41
10659.73046875,829.68994140625,11311607374854.2,1371223890337.66
10661.29296875,829.68994140625,11274747596907.2,1351591262306.4
10662.85546875,829.68994140625,11378507419963.8,1332308670606.88
10664.41796875,829.930053710938,11354227529814.2,1288007986461.05
10665.98046875,829.930053710938,11429753278724.4,1363574896422.14
10667.54296875,829.930053710938,11536478266020,1346654899063.16
10669.10546875,830.160034179688,11378145767020.3,1298963386425.98
10670.66796875,830.204261192909,11406188059305,1396588373825.17
10672.23046875,830.292715219352,11551952544212.4,1358783134536.48
10673.79296875,830.390014648438,11379324782124.5,1402252171456.14
10675.35546875,830.390014648438,11366170692892.1,1340129783483.28
10676.91796875,830.818917410715,11426773537735.4,1359546210219.38
10678.48046875,830.630004882813,11440075555934,1356246152285.36
10680.04296875,830.859985351563,11350096703796.5,1341232210899.52
10681.60546875,830.630004882813,11529008438587.5,1377396480261.1
10683.16796875,830.859985351563,11525961092140.4,1272236589439.99
10684.73046875,830.859985351563,11416207093552.8,1275257439350.4
10686.29296875,831.099975585938,11427309675297.9,1369405200810.29
10687.85546875,831.099975585938,11254603932042.3,1365012378161.44
10689.41796875,831.099975585938,11297523071244.5,1417861314660.04
10690.98046875,831.099975585938,11477837291208.7,1358695437136.73
10692.54296875,831.302358398438,11379556379359,1386371648473.46
10694.10546875,831.241502028246,11425422705999.8,1396535956769.89
10695.66796875,831.559936523438,11403481374212.7,1363811997647.85
10697.23046875,831.713608398438,11343866280711.2,1334572516351.7
10698.79296875,831.800048828125,11332550676854.4,1350248667867.87
10700.35546875,831.559936523438,11352942450113.3,1342871494405.39
10701.91796875,831.800048828125,11278785679518.9,1337261503830.43
10703.48046875,832.030029296875,11293168817648.3,1436134166414.09
10705.04296875,831.800048828125,11233551546257,1363222072709.29
10706.60546875,831.559936523438,11486758891816.2,1332347907523.36
10708.16796875,832.122333233173,11340305868328.7,1353518185190.31
10709.73046875,832.27001953125,11309447204165.9,1393225050657.83
10711.29296875,832.212421875,11181087756564.2,1390887331009.2
10712.85546875,832.27001953125,11148406399501.2,1336765702534.09
10714.41796875,832.5,11473030417426.2,1387331458190.82
10715.98046875,832.5,11279985567272.9,1388297139590.63
10717.54296875,832.5,11356909340560.2,1399849614657.8
10719.10546875,832.5,11335941138721.7,1372398407133.67
10720.66796875,832.969970703125,11402100149946.7,1367787195489.16
10722.23046875,833.43994140625,11402985633096,1323736248719.42
10723.79296875,833.670043945313,11370273750510.4,1362312942380.19
10725.35546875,833.670043945313,11431311269571.2,1314742405938.41
10726.91796875,833.670043945313,11401483574396.5,1325014330786.38
10728.48046875,833.670043945313,11241548997104.9,1367304850266.35
10730.04296875,833.900024414063,11206069427704,1277972333235.5
10731.60546875,833.900024414063,11258654293412.2,1252638728948.53
10733.16796875,833.900024414063,11172772576008.9,1321050506055.96
10734.73046875,833.550361328125,10994538980596.5,1273812363919.52
10736.29296875,834.140014648438,11120483677433.2,1324328050343.36
10737.85546875,833.900024414063,11213662092248.9,1319308385721.1
10739.41796875,834.140014648438,11052262759583.4,1298173986951.62
10740.98046875,834.140014648438,11098186053797.2,1316244853885.73
10742.54296875,834.140014648438,10986209058839.5,1323147751028.93
10744.10546875,834.213608398438,10931788763440.8,1290256229226.62
10745.66796875,834.369995117188,11017326221302.4,1237404337319.94
10747.23046875,834.609985351563,11027874645592,1285981647214.96
10748.79296875,834.609985351563,11024400674614.2,1338353244595
10750.35546875,834.609985351563,10968921192489.6,1285677002857.81
10751.91796875,834.609985351563,11003650410714.6,1287178738041.49
10753.48046875,834.839965820313,11003559727566.2,1323637739266.65
10755.04296875,834.766043526786,10901951774686,1324424574035.31
10756.60546875,834.609985351563,10843380492460.8,1317735216912.98
10758.16796875,835.025719275842,10840919523194.3,1230899487473.25
10759.73046875,834.9372652494,10978329721926.5,1233956083107.45
10761.29296875,835.069946289063,11009018998986.9,1261510080893.1
10762.85546875,835.069946289063,11122769319008.8,1261856905901.96
10764.41796875,835.04341008113,10877765469355,1301099338735.16
10765.98046875,835.069946289063,10871763256470.8,1329081156106.54
10767.54296875,835.309936523438,10880243351470.7,1308641478335.19
10769.10546875,835.309936523438,10906624455380.1,1328486857463.88
10770.66796875,835.309936523438,10964129671597.5,1292378871718.43
10772.23046875,835.780029296875,10792941483752.4,1273063701995.51
10773.79296875,835.780029296875,10849552083201.7,1266846183840.84
10775.35546875,835.780029296875,10771276577611.9,1213678685284.71
10776.91796875,835.5400390625,10565460539156.3,1314696601793.98
10778.48046875,835.5400390625,10718274279175.4,1281939112407.74
10780.04296875,835.780029296875,10753525335422.5,1280188204177.25
10781.60546875,835.921555739183,10720405134928.8,1342909735615.03
10783.16796875,836.010009765625,10868674186505.8,1265669856436.86
10784.73046875,836.116154597356,10747972635118.2,1232497944239.45
10786.29296875,836.230791015625,10860736427707,1236643669053.26
10787.85546875,836.010009765625,10829786490908.2,1241577243023.79
10789.41796875,836.010009765625,10682052847342.8,1244346921500.29
10790.98046875,836.47998046875,10706637133802,1300136767251.75
10792.54296875,836.47998046875,10738746318953.4,1266616575967.19
10794.10546875,836.47998046875,10856941457933.9,1282459671099.67
10795.66796875,836.7099609375,10830885538491.4,1291097445273.54
10797.23046875,836.47998046875,10517293919230.7,1228320944399.11
10798.79296875,836.47998046875,10740248747538.2,1276719514780.13
10800.35546875,836.7099609375,10727519315541.5,1286887407649.37
10801.91796875,836.144615760217,10858076015757.9,1265290921404.42
10803.48046875,836.7099609375,10700553088375.1,1302513492156.23
10805.04296875,837.180053710938,10789221426875.9,1291357504639.84
10806.60546875,837.082702636719,10665999743922.2,1325891866875.42
10808.16796875,837.206589918871,10629055377149.7,1302002156113.8
10809.73046875,837.410034179688,10804020987187.2,1307143751998.37
10811.29296875,837.348116361179,10829435159673.8,1319083474579.96
10812.85546875,837.410034179688,10757148878341.4,1281517881719.82
10814.41796875,837.410034179688,10710124051271.3,1356193966808.83
10815.98046875,837.631563626804,10603051480871.2,1294801618530.87
10817.54296875,837.180053710938,10815260626355.5,1277181147055.36
10819.10546875,837.650024414063,10722029812619.7,1335197974622.48
10820.66796875,837.650024414063,10774009316408.9,1287297356242.29
10822.23046875,837.880004882813,10629050242091.4,1304032740131.88
10823.79296875,838.119995117188,10720089515243.3,1300786695910.88
10825.35546875,838.349975585938,10589024960613.9,1299208730281.17
10826.91796875,838.119995117188,10506962388794.9,1192131423746.11
10828.48046875,838.252676156852,10491052167135,1299679125725.63
10830.04296875,838.119995117188,10678609366070.9,1244048185329.1
10831.60546875,838.349975585938,10526596918510.5,1294295624023.56
10833.16796875,838.376511793871,10582389993046.5,1289455610096.37
10834.73046875,838.349975585938,10569065389680.2,1298766468243.17
10836.29296875,838.579956054688,10565954049236,1331035200320.9
10837.85546875,838.579956054688,10618079839016.8,1259322292482.33
10839.41796875,838.579956054688,10716387336702.5,1302204132528.59
10840.98046875,838.819946289063,10622605688570.8,1271316865474.1
10842.54296875,838.948803710938,10664407109937.3,1225249581337.64
10844.10546875,838.819946289063,10539678343265.3,1263771819828.27
10845.66796875,838.9021257673,10626438397842.8,1347161731600.55
10847.23046875,838.875170898438,10675470991479,1250032998776.13
10848.79296875,839.050048828125,10511667743033,1274254657091.57
10850.35546875,839.52001953125,10568306624666.8,1334278001775.69
10851.91796875,839.2900390625,10575335409671,1300839701261.06
10853.48046875,839.41387469952,10681863645037.4,1235047621117.03
10855.04296875,839.5108203125,10518208748923.7,1322177594089.94
10856.60546875,839.52001953125,10530770690941.5,1260898509391.84
10858.16796875,839.566015625,10485410236785.3,1293968826360.16
10859.73046875,839.2900390625,10548083424822.7,1312646572850.74
10861.29296875,839.52001953125,10555382716870,1244344772621.98
10862.85546875,839.75,10676572760316.6,1265956092675.03
10864.41796875,839.989990234375,10598286862638.5,1239621938075.27
10865.98046875,839.989990234375,10741979550199.1,1327874521139.1
10867.54296875,839.989990234375,10723254445612.7,1340211652430.02
10869.10546875,840.219970703125,10669916264035.8,1270902419721.11
10870.66796875,840.4599609375,10609564291254,1322461352332.28
10872.23046875,840.219970703125,10740579917066.7,1293381294284.43
10873.79296875,839.75,10445463918062,1251621009992.21
10875.35546875,840.4599609375,10582569203311.5,1300250783219.98
10876.91796875,840.68994140625,10478762819805.3,1301654221995.68
10878.48046875,840.366887019231,10671520669701.5,1251741669735.46
10880.04296875,840.68994140625,10656775542275.8,1260013022051.89
10881.60546875,840.920043945313,10694460695396.4,1326636158669.84
10883.16796875,840.920043945313,10582426616483.5,1279663973182.71
10884.73046875,840.68994140625,10397809655917.8,1244710923994.68
10886.29296875,841.160034179688,10471995125610.8,1283865616226.21
10887.85546875,840.947735126203,10418943451700.4,1279401434791.21
10889.41796875,841.160034179688,10490587661215.5,1329352162450.59
10890.98046875,841.390014648438,10618128171830.8,1265982232918.27
10892.54296875,840.953193359376,10593192830631.6,1269454534889.38
10894.10546875,841.390014648438,10540415755838.2,1246964334238.16
10895.66796875,841.390014648438,10539191650055.5,1317027131764.2
10897.23046875,841.390014648438,10532009980287.1,1308620008780.15
10898.79296875,841.390014648438,10665595893350.6,1311557439351.17
10900.35546875,841.859985351563,10485381281640.9,1294728091878.53
10901.91796875,842.099975585938,10526247892180.2,1294963816831.03
10903.48046875,841.859985351563,10503795426717.6,1237389076648.08
10905.04296875,841.639204101563,10704233562781.1,1243225779086.52
10906.60546875,841.859985351563,10612173333533.2,1310329670263.33
10908.16796875,842.099975585938,10469787362805.4,1292387438990.83
10909.73046875,842.136772460938,10412279463967.7,1258343927898.23
10911.29296875,842.099975585938,10539580952755.3,1317780134420.25
10912.85546875,842.303419846755,10572843737211.1,1278970936198.16
10914.41796875,842.427255483775,10586732352120.2,1308234902602.7
10915.98046875,842.559936523438,10843359815143,1277768935885.49
10917.54296875,842.559936523438,10671396965127.1,1305759611640
10919.10546875,842.329956054688,10638347639811.5,1261821104271.15
10920.66796875,842.800048828125,10509196926907.9,1333311027334.69
10922.23046875,842.559936523438,10647410055017.5,1268906491208.67
10923.79296875,842.800048828125,10595518981110.9,1322077138869.08
10925.35546875,842.800048828125,10567423841248.2,1285536838073.64
10926.91796875,843.030029296875,10510594354871,1260008427804.22
10928.48046875,843.030029296875,10603094825079.5,1314601253985.47
10930.04296875,843.27001953125,10608129172875.4,1313553244154.62
10931.60546875,843.030029296875,10458233900976,1236294154724.76
10933.16796875,843.5,10496744810199.9,1277583923484.74
10934.73046875,843.482309194712,10630904143442.6,1311739282813.59
10936.29296875,843.27001953125,10566112472282.9,1309607652706.45
10937.85546875,843.72998046875,10649653664928.9,1299042775473.61
10939.41796875,843.5,10597709631840.8,1293848173707.72
10940.98046875,843.5,10620453185998.4,1336535217810.48
10942.54296875,843.72998046875,10613410971158,1296213357714.79
10944.10546875,843.5,10681707104691.1,1294783975031.97
10945.66796875,843.969970703125,10666020664831.8,1304143494777.58
10947.23046875,843.72998046875,10564237863388,1257542669426.86
10948.79296875,844.199951171875,10652123098974,1276758108446.15
10950.35546875,844.199951171875,10639600110791.8,1252593906151.99
10951.91796875,844.199951171875,10640123007614.2,1278941971268.39
10953.48046875,844.36474609375,10516797464514,1283661557746.51
10955.04296875,844.052763671875,10609289914600.4,1314474410060.85
10956.60546875,844.199951171875,10548319247107,1271977058557.27
10958.16796875,844.43994140625,10674564904613.6,1227982030363.73
10959.73046875,844.43994140625,10500477648717.6,1288029443284.99
10961.29296875,844.670043945313,10678969863188,1325337949777.79
10962.85546875,844.259948730469,10564859016471.9,1342210292526.61
10964.41796875,844.670043945313,10662568262769.6,1273428945512.08
10965.98046875,844.809674944197,10674879677188.7,1312248152735.73
10967.54296875,845.369995117188,10579723486514.2,1302738196450.66
10969.10546875,845.140014648438,10711455340716.2,1304624032064.34
10970.66796875,845.140014648438,10524152086708.7,1308108576399.7
10972.23046875,845.369995117188,10611912895217.4,1274137475476.91
10973.79296875,845.369995117188,10716905490498.2,1308991233437.56
10975.35546875,845.417993164063,10503242554422.4,1321731772268.46
10976.91796875,845.443838266227,10598812985431.7,1314374511579.51
10978.48046875,845.609985351563,10767480048958.6,1291500076519.63
10980.04296875,845.757172851563,10725737750527.8,1324524107873.22
10981.60546875,845.609985351563,10751116291356.1,1274596578385.65
10983.16796875,845.839965820313,10411552721099.4,1235626691471.88
10984.73046875,845.839965820313,10544158635898.9,1354776272668.6
10986.29296875,845.99688251202,10442122806632.6,1276054709197.22
10987.85546875,846.012758789063,10643950540503.8,1330686484625.61
10989.41796875,846.309936523438,10517424259914.2,1258295495369.15
10990.98046875,846.309936523438,10462731152149.2,1258474497817.34
10992.54296875,846.309936523438,10655108165638.4,1314247448205.08
10994.10546875,846.079956054688,10363125140162.7,1271831977300.97
10995.66796875,846.309936523438,10361239789932.1,1328983059288.31
10997.23046875,846.309936523438,10657656801284.8,1289010170306.07
10998.79296875,846.309936523438,10587371024208.1,1322030994626.84
11000.35546875,846.73203125,10692794220359.9,1336068159294.33
11001.91796875,846.641573392428,10673787306930.3,1287833967380.74
11003.48046875,847.010009765625,10526991081044.9,1261753262453.91
11005.04296875,847.010009765625,10589017625509.7,1257217853948.43
11006.60546875,847.010009765625,10589748452043.8,1337058070141.97
11008.16796875,847.25,10523318725954.9,1249929354079.09
11009.73046875,846.892822265625,10620859003324.7,1310104949849.63
11011.29296875,847.19240234375,10635926407957.3,1228848847839.01
11012.85546875,847.25,10662801853240.9,1321271578520.16
11014.41796875,847.25,10535788208820.3,1365814879297.73
11015.98046875,847.47998046875,10583027111269.4,1300012748432.44
11017.54296875,847.47998046875,10673386191414.7,1319370625165.78
11019.10546875,847.47998046875,10584186872787,1291635341522.52
11020.66796875,847.7099609375,10666014428446.1,1317792425484.39
11022.23046875,847.7099609375,10601383648762.9,1361328612892.33
11023.79296875,847.7099609375,10689747671230.1,1316261897377.66
11025.35546875,847.949951171875,10455184426431.5,1309886162973.08
11026.91796875,848.047302246094,10531854169472.9,1345113245576.01
11028.48046875,848.189284104568,10592800062978.6,1304267534189.74
11030.04296875,848.420043945313,10547762157048.9,1347191711873.9
11031.60546875,848.180053710938,10596048555433.9,1262637883225.69
11033.16796875,848.180053710938,10609384128547.4,1318367235984.19
11034.73046875,848.180053710938,10529105546630.8,1329442109734.55
11036.29296875,848.420043945313,10465019329879,1357009434324.47
11037.85546875,848.535034179688,10540756006086.9,1296999062879.91
11039.41796875,848.420043945313,10479562131288.6,1347220291137.16
11040.98046875,848.650024414063,10653118897066.8,1338271139686.2
11042.54296875,849.119995117188,10627354419649.3,1306489924734.47
11044.10546875,848.842016601563,10645294753338.2,1362893316730.15
11045.66796875,848.890014648438,10381730850940.7,1373246237489.64
11047.23046875,848.890014648438,10487768051916.2,1316681636795.77
11048.79296875,849.226139948919,10478444365707.4,1318240531387.17
11050.35546875,848.908413085938,10547462404322,1317291857367.16
11051.91796875,848.890014648438,10577875261679.3,1314151431965.28
11053.48046875,849.349975585938,10622099051509.1,1298575553027.13
11055.04296875,849.589965820313,10544689038488.5,1337662654846.81
11056.60546875,849.589965820313,10458658440990.9,1317001894523.26
11058.16796875,849.387573242188,10573860837228.1,1294971120041.65
11059.73046875,849.119995117188,10577133282596,1328555516921.68
11061.29296875,849.819946289063,10662361116215.4,1365269831839.15
11062.85546875,849.819946289063,10383083755126.6,1377099300015.72
11064.41796875,849.819946289063,10426436858891.2,1337939556801.7
11065.98046875,850.059936523438,10372183359126.2,1332830110261.64
11067.54296875,850.059936523438,10589152944552.4,1358792722829.29
11069.10546875,850.2900390625,10511786451850.8,1342023372298.44
11070.66796875,850.01883169321,10419530512446,1297300688545.24
11072.23046875,850.2900390625,10493251196602.3,1318650323246.03
11073.79296875,850.2900390625,10345287002449.5,1353093744586.23
11075.35546875,850.078344726563,10662394653212.9,1332930532982.05
11076.91796875,850.52001953125,10505146908229.4,1300913407712.67
11078.48046875,850.52001953125,10683490080672.5,1362714799620.35
11080.04296875,850.989990234375,10594819376910.4,1350219683140.21
11081.60546875,850.760009765625,10580531659512,1316660925047.17
11083.16796875,850.52001953125,10579196948695.5,1299227068335.65
11084.73046875,850.543100210337,10560046135826.2,1274522894385.84
11086.29296875,850.989990234375,10545146681361.1,1294410709102.51
11087.85546875,851.066787109375,10476757798609.3,1333818462249.4
11089.41796875,850.989990234375,10511855971754.7,1353410655629.18
11090.98046875,850.821927584135,10507757426402.5,1352963012163.74
11092.54296875,851.22998046875,10494448733981.9,1366835860116.66
11094.10546875,851.4599609375,10568751237696.8,1398153276432.05
11095.66796875,851.22998046875,10488118240958.6,1349082042211.75
11097.23046875,851.238825871395,10671435482105.9,1338747239386.47
11098.79296875,851.699951171875,10577919997132.7,1351277868261.93
11100.35546875,851.4599609375,10611326957765.9,1360008822719.29
11101.91796875,851.699951171875,10456913278856.6,1332852379182.18
11103.48046875,851.22998046875,10506320210673.2,1365355453290.3
11105.04296875,851.699951171875,10565479688779.6,1354366497087.49
11106.60546875,852.160034179688,10661155118828.9,1280580254686.66
11108.16796875,851.930053710938,10554528224165.7,1377502009431.69
11109.73046875,852.160034179688,10478973899936.5,1311716440189.1
11111.29296875,852.361625976563,10689633533613.3,1314737368076.54
11112.85546875,852.400024414063,10471600123873.9,1353590346550.38
11114.41796875,852.160034179688,10544092664988.6,1301878920407.71
11115.98046875,852.160034179688,10586627799940.2,1358438936301.02
11117.54296875,852.400024414063,10490533969663.1,1377499485518.84
11119.10546875,852.630004882813,10580591261777.7,1336921643992.68
11120.66796875,852.307720477765,10599788299268.9,1366251388254.07
11122.23046875,852.658803710938,10510037133581.4,1296156916915.41
11123.79296875,852.869995117188,10453300401722.1,1295067484830.15
11125.35546875,852.400024414063,10434451144470.9,1347548968541.83
11126.91796875,852.630004882813,10559852365185.5,1356772729156.1
11128.48046875,853.339965820313,10517325021714.8,1368490960430.14
11130.04296875,853.330735426683,10640376366272.9,1362081139662.34
11131.60546875,853.463169642858,10585714334902.6,1353416681355.13
11133.16796875,853.339965820313,10556513051767.3,1259825107477.52
11134.73046875,853.422758789063,10509090739012.2,1333674153699.13
11136.29296875,853.376762695313,10605025247507.1,1335147143127.55
11137.85546875,853.569946289063,10493015444732.5,1308646580246.12
11139.41796875,853.339965820313,10672397802031,1366072721024.82
11140.98046875,853.569946289063,10528690831981.2,1362745114771.91
11142.54296875,853.800048828125,10533451145274.2,1283142913123.62
11144.10546875,853.800048828125,10402381177916.2,1321889743208.6
11145.66796875,854.0400390625,10667499923877.8,1370842499118.07
11147.23046875,853.956965519832,10458893631977.4,1320707075971.72
11148.79296875,854.0400390625,10608383730839,1303334891862.87
11150.35546875,854.0400390625,10610845129960,1319722590332.42
11151.91796875,854.0400390625,10347515549728.8,1322088180392.57
11153.48046875,854.27001953125,10592650950158.2,1382041099519.39
11155.04296875,854.27001953125,10560075580209.2,1356303537032.69
11156.60546875,854.510009765625,10452466827521.2,1341172871358.01
11158.16796875,854.739990234375,10493139643398.5,1361592907080.28
11159.73046875,854.739990234375,10380977413344.8,1415118337529.56
11161.29296875,854.739990234375,10542683044736.2,1371212057779.72
11162.85546875,854.739990234375,10334998963093.7,1384422004964.06
11164.41796875,854.739990234375,10575170858381.2,1365815118400.44
11165.98046875,854.97998046875,10426857269414.7,1303286207754.34
11167.54296875,854.739990234375,10496131207370.4,1362699751266.54
11169.10546875,854.739990234375,10433011949050.2,1309072288181.41
11170.66796875,855.2099609375,10487117090805.2,1340134687718.85
11172.23046875,854.97998046875,10555773812525.3,1401806845950.53
11173.79296875,855.2099609375,10513208719782.3,1320681749095.98
11175.35546875,855.2835546875,10570584401629.9,1301915903135.05
11176.91796875,855.43994140625,10536408610000.1,1301326345971.18
11178.48046875,855.43994140625,10588566012186,1331466100559
11180.04296875,855.43994140625,10338109276234.3,1390257247955.16
11181.60546875,855.680053710938,10484216453965.6,1379413846070.81
11183.16796875,855.910034179688,10322528164345.3,1270928405074.1
11184.73046875,856.140794020433,10301906053654.7,1402754612086.94
11186.29296875,855.910034179688,10494697819994.9,1346906896732.81
11187.85546875,855.910034179688,10472913589784.5,1328143148284.15
11189.41796875,856.150024414063,10491956246300.1,1353694172367.04
11190.98046875,856.380004882813,10570129681441.2,1348497597418.19
11192.54296875,856.371159480169,10432357800372.7,1326284370929.89
11194.10546875,856.150024414063,10358107494229.3,1337055376264.57
11195.66796875,856.380004882813,10551980649522.9,1337054681935.82
11197.23046875,856.466401367188,10316556243022.1,1337866763817.32
11198.79296875,856.444617638222,10492962258302.2,1378287689343.17
11200.35546875,856.619995117188,10590088719230.4,1353603853902.13
11201.91796875,856.752676156852,10557161739159.9,1356032537438.09
11203.48046875,856.619995117188,10535463294115.8,1399561056385.71
11205.04296875,856.619995117188,10454737314016,1353906109863.18
11206.60546875,856.849975585938,10650638573178.7,1392487325521.38
11208.16796875,857.147153320313,10728933662829,1451515271531.95
11209.73046875,857.137553710938,10603054034166,1402246758863.34
11211.29296875,857.079956054688,10551727151860.1,1370307499257.1
11212.85546875,857.319946289063,10438679111535.1,1364651570187.8
11214.41796875,857.319946289063,10596442128711,1404517454482.35
11215.98046875,857.079956054688,10560171167490.1,1323646478273.25
11217.54296875,857.550048828125,10446517425189.6,1328484055733.59
11219.10546875,857.550048828125,10402356102155.6,1399311741503.17
11220.66796875,857.550048828125,10560213042063.2,1357222467829.05
11222.23046875,857.7900390625,10656439022011.4,1324391575375.85
11223.79296875,857.7900390625,10413028616819.6,1395051197072.01
11225.35546875,857.7900390625,10672800432007,1366308610071.37
11226.91796875,857.7900390625,10438720034666.8,1386088161505.88
11228.48046875,858.011174128606,10489620579163,1436487252365
11230.04296875,858.260009765625,10690697910401.7,1431539210601.7
11231.60546875,858.260009765625,10585316759945.6,1392488786326.36
11233.16796875,858.066171499399,10610219752286.4,1475711756937.77
11234.73046875,858.339618389423,10671362759955,1407242066891.04
11236.29296875,858.260009765625,10485969841044.6,1390517701590.17
11237.85546875,858.260009765625,10509137536696.9,1351101550713.02
11239.41796875,858.489990234375,10672247413543.2,1386682831754.01
11240.98046875,858.260009765625,10458061725069.9,1378350042936.72
11242.54296875,858.9599609375,10614945363423.1,1419357547607.24
11244.10546875,858.9599609375,10653246989161.7,1347298310704.8
11245.66796875,858.9599609375,10778609957144.7,1317676776701.79
11247.23046875,859.430053710938,10547663620224,1350180802881.3
11248.79296875,859.04275390625,10449431188227.2,1348203894914.25
11250.35546875,859.18994140625,10472605074142.4,1394628653115.5
11251.91796875,859.18994140625,10607923167999.5,1395057924137.43
11253.48046875,859.18994140625,10610483123438.1,1402002743876.96
11255.04296875,859.430053710938,10360665748485.2,1371769785600.04
11256.60546875,859.430053710938,10591498463739,1350992087547.99
11258.16796875,859.474280724159,10620740591075.3,1412975741946.48
11259.73046875,859.660034179688,10396751188720.8,1427499132819.11
11261.29296875,859.660034179688,10405424222701.9,1400130792935.28
11262.85546875,859.660034179688,10597338569363.4,1417124588805.58
11264.41796875,859.660034179688,10448468633267.1,1377108411975.36
11265.98046875,859.900024414063,10370549321557.8,1386093311749.02
11267.54296875,860.130004882813,10498771245950.9,1364476675920.64
11269.10546875,859.758007812501,10494899657015.8,1380853961149.78
11270.66796875,860.130004882813,10514806273256,1389155627560.67
11272.23046875,860.369995117188,10677399755751.3,1434863059427.38
11273.79296875,860.369995117188,10620137874303.8,1412761015441.06
11275.35546875,860.581577148438,10609672216357.6,1398507984743.78
11276.91796875,860.369995117188,10659138820868,1379506280461.47
11278.48046875,860.599975585938,10466739810582.3,1407064945104.66
11280.04296875,860.544780273438,10496170082802.5,1378509128657.96
11281.60546875,860.369995117188,10601538226639.7,1382138424973.19
11283.16796875,860.811557617188,10503882321619.5,1365661563481.1
11284.73046875,860.829956054688,10561372880524.5,1361552903722.76
11286.29296875,861.069946289063,10421817269434.6,1348974132865.36
11287.85546875,861.069946289063,10522944334635.9,1404518456345.48
11289.41796875,861.069946289063,10492789728444.4,1409339348218.68
11290.98046875,861.069946289063,10497380074055.6,1382247770854.82
11292.54296875,861.300048828125,10432094833580.9,1399001637302.77
11294.10546875,861.300048828125,10391960668407.5,1469076064280.42
11295.66796875,861.420043945313,10498653117779.5,1387156591902.68
11297.23046875,861.5400390625,10501121879838,1458736894702.1
11298.79296875,861.5400390625,10431568072676.9,1398801051755.84
11300.35546875,861.77001953125,10530769007223.9,1342306868073.98
11301.91796875,861.77001953125,10343639774905.8,1386828683431.91
11303.48046875,861.77001953125,10515782679836.9,1318094868010.08
11305.04296875,862.000779371995,10497694128994.2,1369268810854.57
11306.60546875,862.125,10579424741611.6,1348246532572.98
11308.16796875,861.77001953125,10440892584273,1391957808919.81
11309.73046875,862.010009765625,10327993644845.6,1337614669277.11
11311.29296875,862.469970703125,10443395286093.8,1421344289900.04
11312.85546875,862.469970703125,10462317175764.3,1340358730601.56
11314.41796875,862.469970703125,10594840025556.7,1397936293774.79
11315.98046875,862.239990234375,10372571541397.8,1368425023671.32
11317.54296875,862.338553292411,10337257192589.1,1331004312144.41
11319.10546875,862.7099609375,10411726561730.5,1346318572379.66
11320.66796875,862.469970703125,10357721921162.4,1392681597893.4
11322.23046875,862.7099609375,10602716413358.3,1430658322510.11
11323.79296875,862.7099609375,10357669993069.6,1449067219843.9
11325.35546875,862.93994140625,10474854604581,1397351391863.33
11326.91796875,862.895714393029,10525468099263.3,1326312536949.41
11328.48046875,863.180053710938,10394673991238.8,1371938151685.71
11330.04296875,863.161973219652,10496865498208.9,1430852587937.91
11331.60546875,863.138826810397,10508668728730.5,1342893679941.18
11333.16796875,863.180053710938,10470064650193.2,1391903822593.95
11334.73046875,863.410034179688,10343997653991,1443771941889.04
11336.29296875,863.306584284856,10364906928572.7,1453725916363.13
11337.85546875,863.650024414063,10470021088847.4,1399825164592.23
11339.41796875,863.650024414063,10451542632232.4,1414498624653.71
11340.98046875,863.631563626804,10457646103236.5,1331853730394.8
11342.54296875,863.650024414063,10459473632085.4,1396747175082.8
11344.10546875,863.650024414063,10294785428562.3,1370056516246.46
11345.66796875,863.880004882813,10384809694762.8,1394223181963.51
11347.23046875,863.650024414063,10365934652833.7,1397829747662.48
11348.79296875,863.880004882813,10383252900692.5,1385547233044.07
11350.35546875,864.349975585938,10391817135383.1,1415506888267.32
11351.91796875,864.119995117188,10567511720764.4,1388658811755.57
11353.48046875,864.217294546275,10547321522583.3,1363626160239.78
11355.04296875,864.349975585938,10409417339078.2,1422031151115.21
11356.60546875,864.349975585938,10609812396721.8,1406675928133.34
11358.16796875,864.395971679688,10452415757285.5,1417021233935.84
11359.73046875,864.579956054688,10459312148296.6,1372428126172.79
11361.29296875,864.579956054688,10487671216598.4,1387874376624.74
11362.85546875,865.050048828125,10543011479654.8,1407432876005.26
11364.41796875,865.050048828125,10588585059884.6,1385460529452.61
11365.98046875,864.819946289063,10485334491985.8,1419414334283.97
11367.54296875,865.050048828125,10210133071595,1378586859384.48
11369.10546875,865.005798339844,10545118704612.8,1424594476518.51
11370.66796875,865.2900390625,10464070704726.8,1365614768951.43
11372.23046875,865.2900390625,10294200613539.6,1341832879336.66
11373.79296875,865.2900390625,10481088370902.5,1428624422408.75
11375.35546875,865.760009765625,10458198911794.8,1357564852989.79
11376.91796875,865.2900390625,10409982782271,1408995877203.48
11378.48046875,865.52001953125,10429922872934.5,1394542600524.79
11380.04296875,865.3268359375,10264505798263.4,1408361120958.8
11381.60546875,865.52001953125,10426943143650.3,1420225868190.6
11383.16796875,865.449256310096,10358297520191.7,1415198270635.36
11384.73046875,865.760009765625,10416597828385.6,1393647837211.32
11386.29296875,865.989990234375,10447558176995.2,1425777429411.96
11387.85546875,866.22998046875,10415776217467.9,1368699813020.67
11389.41796875,866.22998046875,10404607444609.9,1418250000097.43
11390.98046875,865.989990234375,10563238602410.2,1404995822036.3
11392.54296875,866.146906926082,10445309127197.8,1416400003532.28
11394.10546875,866.22998046875,10450157364196.8,1443384231419.82
11395.66796875,866.4599609375,10344085483234.2,1428732359062.56
11397.23046875,866.4599609375,10366254377043.1,1403973760678.32
11398.79296875,866.4599609375,10323609792132.4,1449159306475.06
11400.35546875,866.574951171875,10535210954947.5,1380514873262.15
11401.91796875,866.68994140625,10458246766603.7,1361563795361.94
11403.48046875,866.776381835938,10453735089706,1311481364609.31
11405.04296875,866.930053710938,10564477690163.9,1421334994895.53
11406.60546875,866.930053710938,10393396096696.7,1404151862185.72
11408.16796875,866.930053710938,10457616642780.8,1340155837338.14
11409.73046875,866.930053710938,10381056420126.7,1429616447089.01
11411.29296875,867.160034179688,10401856814418.9,1400459102376.36
11412.85546875,867.160034179688,10351939836240.6,1350220529558.33
11414.41796875,867.061645507813,10354258592583.2,1390250339275.21
11415.98046875,867.630004882813,10285580032779.9,1409717878755.3
11417.54296875,867.427622070313,10468304364299,1414962424659.32
11419.10546875,867.488478440505,10398058570565,1436958823263.91
11420.66796875,867.630004882813,10379803467667,1424283129654.48
11422.23046875,867.630004882813,10401783756119.3,1441337780955.11
11423.79296875,867.400024414063,10309051225310.3,1468581740040
11425.35546875,868.026381835938,10290725871529.8,1407469787584.8
11426.91796875,868.099975585938,10260970777648.6,1394854878640.92
11428.48046875,868.099975585938,10393523279647.6,1416207964995.59
11430.04296875,868.017182617188,10353744227317.7,1449582651130.57
11431.60546875,867.630004882813,10379478778237.7,1425633036176.16
11433.16796875,868.099975585938,10328150121914.9,1425333491072.97
11434.73046875,868.569946289063,10352661153849.1,1365237835453.69
11436.29296875,868.099975585938,10078394011938.6,1407085987704.09
11437.85546875,868.339965820313,10363809097178.2,1350574638332.2
11439.41796875,868.404360351563,10400175026561.8,1437035617584.98
11440.98046875,868.569946289063,10443893552691,1400226630188
11442.54296875,868.569946289063,10322327276738.1,1323901647740.38
11444.10546875,868.924987792969,10281480183589.1,1426760390722.03
11445.66796875,868.809936523438,10435383969969.9,1416049000955.31
11447.23046875,869.27001953125,10294243448327.1,1382223211963.7
11448.79296875,869.510009765625,10460049833592.4,1389892020393.06
11450.35546875,869.739990234375,10273238880396.9,1459929409165.8
11451.91796875,869.739990234375,10317199080193.8,1387340234875.82
11453.48046875,869.739990234375,10282414360874.6,1367400079273.23
11455.04296875,869.739990234375,10080431761709.7,1430397537259.22
11456.60546875,869.739990234375,10164018810440.2,1346085165390.11
11458.16796875,869.739990234375,10078233877124.4,1352637303802.12
11459.73046875,869.739990234375,10149282761598.7,1341845277974.48
11461.29296875,870.154765625,10084403128179.9,1359856157567.6
11462.85546875,870.2099609375,10213121958962.1,1334364267931.08
11464.41796875,870.1915625,10064161169392.3,1369214811514.5
11465.98046875,870.311495267428,10100893350448,1459218626203.39
11467.54296875,869.97998046875,10019693910141.1,1452576132237.54
11469.10546875,870.449951171875,10023050138449.8,1348310006114.34
11470.66796875,870.034207857572,9959871718100.12,1380815917368.93
11472.23046875,870.2099609375,9912640513980.24,1374782398745.08
11473.79296875,870.680053710938,9968044064948.11,1335066951119.99
11475.35546875,870.680053710938,9971897186168.61,1413678293272.67
11476.91796875,870.920043945313,9897361181403,1338229871772.88
11478.48046875,870.920043945313,9882467342637.35,1426675276088.86
11480.04296875,871.150024414063,10042333290172.8,1414229800636.48
11481.60546875,870.920043945313,9930923851655.6,1364362567992.54
11483.16796875,870.920043945313,9906277312537.01,1355330219584.79
11484.73046875,870.920043945313,9896480404400.5,1393672702082.05
11486.29296875,871.390014648438,9956059600483.15,1341866757975.87
11487.85546875,871.150024414063,9957639606254.62,1333854259714.78
11489.41796875,871.150024414063,9978336627489.62,1363283673172.86
11490.98046875,871.513850285457,9837418900356.72,1408375047903.36
11492.54296875,871.399213867188,10016799103718.6,1407383063655.24
11494.10546875,871.390014648438,9967322377355.64,1363245791816.76
11495.66796875,871.619995117188,9683048162580.07,1365613519991.04
11497.23046875,871.619995117188,9773647789760.3,1383500345436.56
11498.79296875,871.619995117188,9868403928734.56,1343045037259.77
11500.35546875,871.859985351563,9855623587973.12,1376482379584.59
11501.91796875,871.758451021635,9921483040125.17,1394592163556.61
11503.48046875,871.619995117188,9826378687798.45,1357837633847.05
11505.04296875,872.089965820313,9821586462895.96,1367496507031.32
11506.60546875,872.089965820313,9942110241413.72,1370949915271.93
11508.16796875,872.089965820313,9918727166881.67,1378930010321.93
11509.73046875,872.319946289063,9878279801193.37,1365521016119.02
11511.29296875,872.146362304688,9945582961556.43,1377276166819.09
11512.85546875,872.439941406251,9874538767172.86,1411590310813.41
11514.41796875,872.319946289063,9736463288707.4,1427902934368.47
11515.98046875,872.7900390625,9763731110734.36,1353468274938.76
11517.54296875,872.728088378907,9675532269611.05,1363874778716.85
11519.10546875,872.559936523438,9666024171882.12,1359288923090.07
11520.66796875,872.7900390625,9694880992020.86,1443118828266.84
11522.23046875,872.772338867188,9638709521119.91,1390047914198.07
11523.79296875,872.7900390625,9811334673546.03,1348083150686.1
11525.35546875,873.030029296875,9789978675349.63,1342443689086.17
11526.91796875,873.030029296875,9790610929587.9,1349073589391.71
11528.48046875,873.085224609375,9996761687525.51,1351683594553.57
11530.04296875,873.260009765625,9713265916975.97,1432037144648.7
11531.60546875,873.260009765625,9798100440186.63,1341663441640.18
11533.16796875,873.260009765625,9888185340390.39,1419379171516.16
11534.73046875,873.5,9790481343660.85,1404745757883.67
11536.29296875,873.5,9715065854227.64,1387682682157.87
11537.85546875,873.5,9794542458613.73,1381616488845.61
11539.41796875,873.570763221154,9749601226895.83,1281465151955.22
11540.98046875,873.72998046875,9814384226196.77,1379641026072.86
11542.54296875,874.199951171875,9675773354859.69,1347219899258.86
11544.10546875,873.767578125,9883038306972.14,1351244411205.18
11545.66796875,873.969970703125,9718231290678.78,1321787241236.23
11547.23046875,873.969970703125,9716249131760.5,1327755039337.22
11548.79296875,873.969970703125,9731071097229.61,1328792404671.82
11550.35546875,874.199951171875,9642228908892.02,1348098469031.89
11551.91796875,874.199951171875,9718542962377.37,1352696877984.65
11553.48046875,874.43994140625,9832166161360.17,1349552472253.74
11555.04296875,874.43994140625,9634123722337.1,1388222512173.44
11556.60546875,874.43994140625,9753464019999.75,1395402728710.2
11558.16796875,874.670043945313,9721276388260.37,1352761562173.58
11559.73046875,874.43994140625,9753561101640.06,1319032496358.22
11561.29296875,874.43994140625,9799874968611.15,1309897734020.97
11562.85546875,874.670043945313,9679711626042.11,1376166262361.31
11564.41796875,874.670043945313,9807602745767.42,1400854711357.92
11565.98046875,874.199951171875,9755155920341.59,1445339179249.51
11567.54296875,875.369995117188,9832937971707.64,1337999908163.65
11569.10546875,875.369995117188,9575326949288.14,1412269296784.46
11570.66796875,875.140014648438,9703154550541.28,1334288125333.78
11572.23046875,874.910034179688,9837510709854.16,1353423800840.84
11573.79296875,875.369995117188,9616381122118.48,1283121294948.77
11575.35546875,875.051560621996,9721237071578.21,1398230092415.47
11576.91796875,875.369995117188,9847632436515.47,1352692933856.41
11578.48046875,875.140014648438,9628035526128.09,1445129615229.1
11580.04296875,875.830766601563,9726114941520.9,1338351561559.83
11581.60546875,875.609985351563,9719189445006.26,1367541722525.64
11583.16796875,875.609985351563,9732723782462.49,1441360181669.06
11584.73046875,875.609985351563,9961423503450.17,1335100325403.12
11586.29296875,875.839965820313,9697160530523.87,1376752190093.42
11587.85546875,875.839965820313,9804482641231.94,1378689174723.87
11589.41796875,875.881122295674,9684314774395.86,1346537499566.3
11590.98046875,876.079956054688,9872919727864.46,1405228152039.14
11592.54296875,876.550048828125,9823254811008.22,1349573938163.12
11594.10546875,876.550048828125,9769458794713.29,1379135108934.85
11595.66796875,876.550048828125,9838751068652.09,1375184491954.45
11597.23046875,876.550048828125,9643996001179.69,1350197811919.99
11598.79296875,876.577646484375,9746265938408.22,1394651587226.59
11600.35546875,876.6650390625,9749375714227.23,1303227541874.13
11601.91796875,876.780029296875,9679210150155.25,1383015278438.7
11603.48046875,876.780029296875,9711435187759.01,1339555574681.15
11605.04296875,876.818427734375,9667925832646.59,1327752847168.77
11606.60546875,877.02001953125,9611027486686.14,1393486445916.23
11608.16796875,877.02001953125,9715299436858.64,1375060857102.18
11609.73046875,877.05681640625,9529637916099.37,1354801030221.41
11611.29296875,877.02001953125,9612734878298.08,1386854694665.69
11612.85546875,877.489990234375,9884087508470.54,1324401524994.07
11614.41796875,877.25,9745604908691.54,1392195124869.19
11615.98046875,877.25,9680489336450.9,1290786213737.95
11617.54296875,877.489990234375,9621808101591.1,1351780885608.62
11619.10546875,877.719970703125,9690881574737.94,1411725258935.28
11620.66796875,877.534217247596,9612995887392.13,1355077430349.49
11622.23046875,877.797278771034,9751239550330.27,1357356845523.23
11623.79296875,877.489990234375,9767540682234.44,1400409098065.49
11625.35546875,877.839965820313,9487939071858.19,1431103957599.91
11626.91796875,877.719970703125,9656027900642.67,1342248301251.28
11628.48046875,877.9599609375,9613513922487.5,1288532442427.26
11630.04296875,878.430053710938,9774678167605.19,1349264238556.54
11631.60546875,878.18994140625,9731450607736.9,1367312237444.33
11633.16796875,878.18994140625,9727366582017.73,1360247902191.75
11634.73046875,878.18994140625,9776781702726.87,1368554261397.19
11636.29296875,878.300762469952,9668914048014.94,1345205378082.41
11637.85546875,878.430053710938,9737835600964.74,1299606393005.59
11639.41796875,878.51850773738,9498447118164.52,1400893727733.32
11640.98046875,878.457651367188,9606546896024.21,1410250303135.64
11642.54296875,878.430053710938,9860124833526.65,1456540478137.8
11644.10546875,878.900024414063,9718155510530.09,1388396640783.85
11645.66796875,878.900024414063,9726763462549.17,1383535335143.95
11647.23046875,878.900024414063,9793187210849.03,1419104567203.43
11648.79296875,879.130004882813,9619096862822.59,1387353178796.34
11650.35546875,879.130004882813,9719448245551.65,1369301803076.3
11651.91796875,879.10346867488,9548975973860.22,1395972836463.01
11653.48046875,879.369995117188,9593780778895.12,1387209112932.23
11655.04296875,879.130004882813,9712972531636.35,1380503505109.09
11656.60546875,879.415991210938,9444034778867.29,1378318129850.21
11658.16796875,879.130004882813,9440325045029.76,1387004758006.27
11659.73046875,879.369995117188,9657860123691.75,1368805729547.3
11661.29296875,879.710740309496,9718683168452.51,1328252558980.66
11662.85546875,879.820766601563,9844441095780.38,1410684311259.43
11664.41796875,879.839965820313,9779919869076.1,1422559419238.72
11665.98046875,880.042348632813,9653195768704.51,1369444005347.93
11667.54296875,879.839965820313,9745487395812.69,1298353793575.64
11669.10546875,879.938354492188,9744501652010.18,1382775960541.33
11670.66796875,880.300048828125,9805406543791.34,1379485713638.4
11672.23046875,880.052311823919,9644324389934.79,1396664271784.1
11673.79296875,880.300048828125,9818751573448.66,1418468713943.16
11675.35546875,880.300048828125,9590133070549.22,1367101957572.65
11676.91796875,880.069946289063,9482218220754.28,1347739337829.57
11678.48046875,880.5400390625,9606169717618.9,1373494959628.95
11680.04296875,880.300048828125,9844311909698.23,1391534999239.46
11681.60546875,880.124187762921,9660592600120.53,1387587464823.39
11683.16796875,880.77001953125,9681952159206.36,1420425581711.9
11684.73046875,881.010009765625,9600491907625.74,1401373855353.01
11686.29296875,880.77001953125,9608678526148.52,1411213305162
11687.85546875,881.010009765625,9625259397445.94,1441811121302.54
11689.41796875,881.239990234375,9833319881406.13,1378761385504.1
11690.98046875,881.239990234375,9616545038406.52,1428245064221.89
11692.54296875,881.010009765625,9680684429976.89,1377387219048.44
11694.10546875,881.010009765625,9774633310666.75,1337507999517.2
11695.66796875,881.7099609375,9607052314085.45,1382703378890.4
11697.23046875,881.47998046875,9699532355583.21,1427078919758.84
11698.79296875,881.47998046875,9898063371814.39,1366532307074.76
11700.35546875,881.7099609375,9594202884802.14,1391842404410.77
11701.91796875,881.949951171875,9791210970024.86,1387706821168.53
11703.48046875,881.634765625,9594754749921.74,1406200003366.96
11705.04296875,881.7099609375,9677265364401.66,1416414482725.47
11706.60546875,881.7099609375,9588142308618.57,1402314436731.59
11708.16796875,881.949951171875,9710177352214.1,1397791668144.28
11709.73046875,882.152441406251,9739749062608.7,1372208426313
11711.29296875,882.180053710938,9696874149749.71,1396258352287.03
11712.85546875,882.180053710938,9574453409844.94,1419646644116.38
11714.41796875,882.420043945313,9666434798391.52,1492078626149.26
11715.98046875,882.420043945313,9678264925394.87,1375994329560.6
11717.54296875,882.420043945313,9672655164737.73,1433164115312.93
11719.10546875,882.420043945313,9641754500514.83,1385503548924.76
11720.66796875,882.650024414063,9596279967395.85,1373170801062.27
11722.23046875,882.890014648438,9650941776897.4,1352497423480.15
11723.79296875,882.650024414063,9707113636518.07,1398223083565.39
11725.35546875,883.359985351563,9869272448251.18,1423046398860.92
11726.91796875,883.119995117188,9604804282737.4,1321025481256.35
11728.48046875,882.890014648438,9663157201095.04,1352315710222.07
11730.04296875,882.996159480169,9528507934342.83,1387471729132.06
11731.60546875,882.890014648438,9561537286851.22,1365300923092.78
11733.16796875,883.119995117188,9596461304493.94,1371431380444.02
11734.73046875,883.387583007813,9670119222636.56,1381397886616.1
11736.29296875,883.359985351563,9686981515422.65,1389107680432.12
11737.85546875,883.359985351563,9588393126391.75,1445872203658.35
11739.41796875,883.589965820313,9636090966833.13,1397995570872.48
11740.98046875,883.359985351563,9741775193640.08,1384882299836.49
11742.54296875,883.589965820313,9542126942593.22,1415869716933.57
11744.10546875,883.829956054688,9517601313500.94,1456247227903.48
11745.66796875,883.589965820313,9574428182562.68,1447563741718.61
11747.23046875,883.912749023438,9554042581364.16,1344802823064.52
11748.79296875,884.235403207633,9688659007836.84,1427691444055.79
11750.35546875,883.875952148438,9517043825974.54,1404183160115.19
11751.91796875,884.059936523438,9802325552116.62,1438883845219.58
11753.48046875,883.866752929688,9718825311691.65,1359173654106.59
11755.04296875,884.406193659856,9784288138100.29,1384238060109.1
11756.60546875,884.059936523438,9544294960031.78,1387201073809.77
11758.16796875,884.530029296875,9703491847590.22,1418638981844.9
11759.73046875,884.77001953125,9786987965057.85,1402491679667.66
11761.29296875,884.77001953125,9599071624870.28,1308280233318.52
11762.85546875,884.77001953125,9571386421876.06,1393914833276.01
11764.41796875,884.723867563101,9638196932828.97,1456238975121.56
11765.98046875,884.530029296875,9457002484694.46,1432753172299.65
11767.54296875,884.7976171875,9455410300383.16,1413388600078.95
11769.10546875,885,9741026014171.58,1403686005891.23
11770.66796875,885,9608884713258.85,1422237634413.44
11772.23046875,885.239990234375,9781095490904.34,1362750285423.35
11773.79296875,885.239990234375,9503708290729.84,1399180116180.88
11775.35546875,885.396376953125,9662080609898.1,1400353828935.9
11776.91796875,885.469970703125,9528375647874.24,1407676371913.27
11778.48046875,885.469970703125,9524333521853.14,1387958398640.27
11780.04296875,885.7099609375,9489472907182.38,1391011998035.02
11781.60546875,885.469970703125,9577773164372.85,1444231282571.4
11783.16796875,885,9623379850817.46,1353062959807.45
11784.73046875,885.93994140625,9597714881268.76,1427986673504.41
11786.29296875,885.93994140625,9650867213000,1374753870385.59
11787.85546875,885.93994140625,9684962114945.84,1399457099143.45
11789.41796875,885.93994140625,9602850874110.59,1403125134125.55
11790.98046875,885.93994140625,9621280697227.06,1423027554973.77
11792.54296875,886.180053710938,9492442588523.61,1445103487734.21
11794.10546875,885.93994140625,9631334850314.93,1432375341087.49
11795.66796875,886.180053710938,9571464139294.06,1372708064643.34
11797.23046875,886.650024414063,9650673047664.72,1423720892707.35
11798.79296875,886.410034179688,9744613573673.38,1430545651256.75
11800.35546875,886.573227539063,9537018402727.29,1378913935462.01
11801.91796875,886.410034179688,9667052349684.48,1435469437308.18
11803.48046875,886.650024414063,9658677518833.65,1427536826972.96
11805.04296875,886.880004882813,9523344185071.09,1414280324886.21
11806.60546875,886.880004882813,9694766337148.5,1423064669817.99
11808.16796875,886.880004882813,9638312783258.61,1453778199532.19
11809.73046875,887.119995117188,9748746237985.54,1424448353972.74
11811.43359375,887.119995117188,9568290852230.98,1431629586267.01
11812.99609375,887.349975585938,9679328954956.85,1388974850343.82
11814.55859375,887.146531325121,9676067810896.93,1424494320666.8
11816.12109375,887.349975585938,9661882018339.45,1434728524968.61
11817.68359375,887.349975585938,9681498738999.63,1382601975275.74
11819.24609375,887.349975585938,9557569056487.72,1368146178744.43
11820.80859375,887.451509915866,9573142529186.45,1366010993269.64
11822.37109375,887.349975585938,9486957640619.5,1456810895866.93
11823.93359375,887.819946289063,9574038809173.71,1378342556286.73
11825.49609375,887.819946289063,9529013190742.27,1414017231624.05
11827.05859375,888.059936523438,9665459870270.13,1433851316688.5
11828.62109375,888.059936523438,9476469477367.3,1395699669461.95
11830.18359375,888.059936523438,9540442955806.65,1447876481203.73
11831.74609375,888.059936523438,9666201544134.28,1453091887566.81
11833.30859375,888.059936523438,9634796742746,1447665474365.69
11834.87109375,888.183837890625,9572285780562.94,1469152692356.19
11836.43359375,888.30849984976,9569864287657.35,1416996120395.46
11837.99609375,888.2900390625,9454796990447.28,1457134989159.76
11839.55859375,888.338037109375,9682058045225.01,1380592556984.03
11841.12109375,888.530029296875,9645360553228.54,1385855775514.77
11842.68359375,888.530029296875,9672676345492.27,1393568674949.42
11844.24609375,888.530029296875,9758632871818.51,1345978450144.68
11845.80859375,888.861544095553,9581513486681.26,1418622467892.12
11847.37109375,889,9665554118401.83,1485531897333.44
11848.93359375,889.22998046875,9717398925744.07,1372525209490.92
11850.49609375,889.22998046875,9549709446423.85,1430181468035.21
11852.05859375,889.22998046875,9556867638128.22,1370360600823.47
11853.62109375,888.530029296875,9604105459427.96,1412650787023.5
11855.18359375,889.2023828125,9483537326783.08,1445482786355.42
11856.74609375,889.22998046875,9763819879496.99,1400723535456.78
11858.30859375,889.469970703125,9604610543651.23,1442676892482.68
11859.87109375,889.593806340145,9702981903561.35,1444171716159.85
11861.43359375,889.663154296875,9680792167875.62,1428144989042.44
11862.99609375,889.699951171875,9591756355177.81,1415776376359.35
11864.55859375,889.469970703125,9754859336110.2,1421648730612.12
11866.12109375,889.699951171875,9628433604609.32,1418499172061.97
11867.68359375,889.93994140625,9613530738826.18,1393744253993.02
11869.24609375,889.699951171875,9544177182898.19,1422803131402.5
11870.80859375,890.170043945313,9660912627975.32,1424625261277.1
11872.37109375,889.948791503906,9813799795189.51,1418703043150.73
11873.93359375,890.410034179688,9609422186518.1,1447032135168.09
11875.49609375,890.410034179688,9424808369416.32,1449645627260.82
11877.05859375,890.237241210938,9702281941146.08,1457878880125.16
11878.62109375,890.410034179688,9536749754079.61,1433212231450.62
11880.18359375,890.640014648438,9667614103429.52,1393150889239.83
11881.74609375,890.640014648438,9547977585554.48,1423867845711.14
11883.30859375,890.870774489183,9644233982056.69,1409672228401.34
11884.87109375,890.880004882813,9681591951258.37,1439936490058.18
11886.43359375,890.947143554688,9554142716481.71,1431492236366.91
11887.99609375,890.880004882813,9586541867539.78,1511562768881.38
11889.55859375,891.109985351563,9535329270841.39,1464814379384.38
11891.12109375,891.232482910157,9624535392730.11,1416904366511.76
11892.68359375,891.349975585938,9625216589101.04,1426807314987.37
11894.24609375,891.322284405049,9602315768211.77,1439425622731.57
11895.80859375,891.349975585938,9635090435250.75,1448322218595.5
11897.37109375,891.146906926082,9583125533446.35,1504891252902.64
11898.93359375,891.819946289063,9648089139454.71,1476501429724.7
11900.49609375,891.819946289063,9465217955230.97,1481856107796.81
11902.05859375,891.819946289063,9484768375512.38,1413596566165.82
11903.62109375,891.714350585938,9616021288210.12,1446981352752.92
11905.18359375,891.819946289063,9524522541039.07,1418525407380.5
11906.74609375,891.819946289063,9644930768351.84,1429240662274.73
11908.30859375,892.098046875,9579520364230.8,1399059261607.16
11909.87109375,892.050048828125,9666975973705.45,1469798223695.78
11911.43359375,891.819946289063,9509512903374.71,1432803541053.58
11912.99609375,892.2900390625,9503614016025.37,1472668463459.63
11914.55859375,892.050048828125,9497854329624.62,1455229267190.94
11916.12109375,892.29923828125,9636062169431.93,1427400952278.18
11917.68359375,892.387338491587,9455580797505.05,1427705988798.39
11919.24609375,892.52001953125,9454074539022.77,1465562229437.72
11920.80859375,892.667705829327,9494316011373.47,1456510286575.27
11922.37109375,892.71827233356,9533095073132.45,1457113992951.38
11923.93359375,892.676936222957,9601599119982.61,1413638946221.73
11925.49609375,892.760009765625,9772343712610.53,1446998156542.14
11927.05859375,892.945763221154,9561976992723.73,1439150329826.89
11928.62109375,892.861201171875,9415060200396.22,1458849495948
11930.18359375,892.760009765625,9406916476848.55,1426677256228.87
11931.74609375,893.22998046875,9339123732274.13,1457991551314.06
11933.30859375,893.405733548678,9438301749578.27,1456078582900.21
11934.87109375,893.22998046875,9353401136644.81,1451312289612.19
11936.43359375,892.989990234375,9439985254542.72,1560275892514.09
11937.99609375,893.645723783053,9605013704990.45,1416128714265.15
11939.55859375,893.699951171875,9560467508027.21,1394767790723.23
11941.12109375,893.699951171875,9504071574353.73,1408231198339.72
11942.68359375,893.658846341647,9435659485289.61,1436436196122.8
11944.24609375,893.930053710938,9475688822614.37,1443434954635.22
11945.80859375,893.930053710938,9526141671155.94,1447377569333.82
11947.37109375,893.874829101563,9443148399861.68,1387341464936.61
11948.93359375,893.699951171875,9534552494079.64,1416274525209.42
11950.49609375,894.262036132813,9602128995316.26,1377561203003.66
11952.05859375,894.170043945313,9450830358984.27,1435057055214.79
11953.62109375,894.42310509315,9485719043924.6,1473194438923.02
11955.18359375,894.382333608775,9329130331012.48,1403540645441.06
11956.74609375,894.400024414063,9398289994431.46,1413765034057.83
11958.30859375,894.400024414063,9523086137283.33,1474239477577.52
11959.87109375,894.640014648438,9561317139438.71,1419875978186.95
11961.43359375,894.400024414063,9453485667851.64,1433221483845.99
11962.99609375,894.640014648438,9297734165113.8,1454978813490.44
11964.55859375,894.640014648438,9417714106333.15,1517165536072.57
11966.12109375,894.869995117188,9367433842356.08,1433594147401.39
11967.68359375,895.109985351563,9389619115963.75,1472189512540.05
11969.24609375,894.916147085337,9437959869549.81,1456312457710.34
11970.80859375,895.109985351563,9422876315545.98,1435911390933.74
11972.37109375,895.109985351563,9513127101473.48,1444847607347.38
11973.93359375,895.109985351563,9450593009399.04,1430987546508.11
11975.49609375,895.109985351563,9378933100988.33,1510287194373.68
11977.05859375,895.376511793871,9416548478374.01,1427228804973.53
11978.62109375,895.349975585938,9408692209759.59,1435700151955.35
11980.18359375,895.504760742188,9553200187684.72,1424201853335.42
11981.74609375,895.579956054688,9384708525990.39,1413995738114.94
11983.30859375,895.819946289063,9372615607126.63,1478236371521.01
11984.87109375,895.810346679688,9409026269592.87,1456259028608.05
11986.43359375,895.579956054688,9472441985813.36,1423357169580.76
11987.99609375,895.819946289063,9241614986768.41,1473756210097.34
11989.55859375,895.908447265625,9291182096118.08,1442259438550.59
11991.12109375,896.0146484375,9355710213149.87,1434352627594.97
11992.68359375,896.2900390625,9564064445258.06,1461055244653.33
11994.24609375,896.11724609375,9442534199415.95,1489313038497.52
11995.80859375,896.2900390625,9412008755968.34,1457655339391
11997.37109375,896.52001953125,9601214282793.87,1424135345416.55
11998.93359375,896.2900390625,9515719053727.01,1406968011523.86
12000.49609375,896.760009765625,9525259266358.04,1444872097621.97
12002.05859375,896.760009765625,9483517777789.98,1404741563556.95
12003.62109375,896.760009765625,9555260169925.16,1435443646788.14
12005.18359375,896.67361328125,9480574267034.58,1446139739769.34
12006.74609375,896.760009765625,9343719065548.16,1456172887829.8
12008.30859375,896.989990234375,9447435150427.93,1434847687628.48
12009.87109375,896.760009765625,9418206451033.29,1421181001598.57
12011.43359375,896.989990234375,9386734591860.46,1451957861838.59
12012.99609375,896.989990234375,9386225156692.58,1427693587331.25
12014.55859375,897.22998046875,9436714325395.58,1458810784718.23
12016.12109375,897.22998046875,9477706048770.27,1452773925284.05
12017.68359375,897.22998046875,9414694592492.28,1458418947093.91
12019.24609375,897.699951171875,9439263559283.36,1425354293282.25
12020.80859375,897.699951171875,9513153397028.56,1485061103377.23
12022.37109375,897.699951171875,9351702794176.12,1424808411107.6
12023.93359375,897.4599609375,9357946604000.59,1465487533930.54
12025.49609375,897.626108022837,9375235620519.55,1487820060222.93
12027.05859375,897.930053710938,9428277765147.5,1491167824267.87
12028.62109375,897.854838867188,9449027552726.14,1459008838958.22
12030.18359375,898.059279221755,9281282781398.38,1445626516577.35
12031.74609375,898.383597237724,9356890331532.01,1413139740542.93
12033.30859375,898.400024414063,9448811518957.82,1458276125709.07
12034.87109375,897.930053710938,9428916847533.91,1417603912447.52
12036.43359375,898.584632286659,9552183916658.78,1408730739353.65
12037.99609375,898.640014648438,9596892599044.54,1478888722361.38
12039.55859375,898.640014648438,9355614172185.23,1445169182765.43
12041.12109375,898.741206054688,9300887385355.85,1429883939179.75
12042.68359375,898.869995117188,9401200050782.43,1427812383936.89
12044.24609375,898.400024414063,9372984212950.79,1458599524739.65
12045.80859375,898.640014648438,9431985158444.52,1486440563015.82
12047.37109375,898.869995117188,9326803255906.08,1437146011301.69
12048.93359375,898.869995117188,9363490176186.77,1465481126784.9
12050.49609375,898.869995117188,9360769076146.07,1464804447250.3
12052.05859375,899.008451021635,9376183607084.87,1437480607753.73
12053.62109375,899.109985351563,9419757384371.52,1439996660760.18
12055.18359375,899.339965820313,9463993100586.72,1443660519070.94
12056.74609375,899.359165039063,9318575256853.9,1462724631512.16
12058.30859375,899.339965820313,9480841537864.44,1485846363121.96
12059.87109375,899.579956054688,9353869239333.16,1492611330679.2
12061.43359375,899.579956054688,9310553238405.89,1490821370011.33
12062.99609375,899.579956054688,9407726018952.64,1479184644476.22
12064.55859375,899.579956054688,9389899296027.97,1465139794717.49
12066.12109375,900.050048828125,9477294224088.17,1434823125650.69
12067.68359375,900.050048828125,9375274250299.15,1452350925533.94
12069.24609375,899.819946289063,9390831504494.93,1463426064838.03
12070.80859375,899.819946289063,9419159163645.9,1463783335033.61
12072.37109375,900.251640625,9380013762943.81,1494478544980.79
12073.93359375,900.2900390625,9436631631557.18,1421257214285.86
12075.49609375,900.52001953125,9242867736878.62,1475123677763.32
12077.05859375,900.17484375,9442243709312.23,1475189130605.67
12078.62109375,900.52001953125,9409575190664.46,1490613125622.13
12080.18359375,900.760009765625,9426682350359.74,1461437709356.48
12081.74609375,900.566171499399,9366306827428.34,1498732520463.98
12083.30859375,900.760009765625,9308854388820.43,1494258921513.37
12084.87109375,900.760009765625,9415049024578.85,1494928141288.4
12086.43359375,900.52924992488,9395474849598.28,1464649844255.64
12087.99609375,900.760009765625,9380537291261.49,1476734564231.44
12089.55859375,900.52001953125,9372211869647.54,1507826594133.26
12091.12109375,901.22998046875,9544019044328.7,1367064969191.93
12092.68359375,901.22998046875,9320072696226.66,1435784610153.1
12094.24609375,901.22998046875,9224813007023.25,1444261575827.46
12095.80859375,901.22998046875,9260641659025.83,1433716075078.46
12097.37109375,901.22998046875,9501032519920.34,1482017319630.86
12098.93359375,901.4599609375,9382845523873.58,1431873918142.9
12100.49609375,901.4599609375,9391098215108.1,1454662475473.44
12102.05859375,901.607647235577,9435632838712.62,1429852228332.24
12103.62109375,902.170043945313,9410992518866.42,1455887443998.6
12105.18359375,902.400024414063,9355294514234.71,1436837574267.47
12106.74609375,901.930053710938,9336493845098.09,1472909970536.44
12108.30859375,901.4599609375,9268891986539.31,1442592386510.5
12109.87109375,901.930053710938,9144382505927.68,1477317994658.04
12111.43359375,901.930053710938,9326152413996.33,1490383082255.17
12112.99609375,902.170043945313,9306300485694.79,1485602364946.13
12114.55859375,902.170043945313,9298549217020.52,1452525937890.06
12116.12109375,902.170043945313,9299349263609.64,1446890448781.93
12117.68359375,902.400024414063,9394632688235.76,1410909432154.4
12119.24609375,902.640014648438,9317754909584.05,1486819327167.77
12120.80859375,902.640014648438,9350714405488.19,1459506219089.01
12122.37109375,902.400024414063,9423251566707.36,1534152532032.19
12123.93359375,902.730010986329,9326632036854.88,1457229648647.16
12125.49609375,902.833852914664,9263924319760.83,1447189217531.37
12127.05859375,902.880004882813,9277609804912.67,1482614414847.83
12128.62109375,902.880004882813,9315745725492.03,1500137609779.07
12130.18359375,903.109985351563,9379015222479.07,1474649728038.91
12131.74609375,903.349975585938,9203282840356.32,1490591970157.18
12133.30859375,903.109985351563,9376029098193.29,1457537219837.52
12134.87109375,903.349975585938,9257944130853.6,1426345986484.67
12136.43359375,903.349975585938,9232375462471.46,1473729400460.5
12137.99609375,903.401691305227,9311794239791.13,1493274829226.46
12139.55859375,903.301977539063,9340772640974.12,1463776551818.7
12141.12109375,903.109985351563,9280428182582.22,1487907745214.66
12142.68359375,904.050048828125,9237017313641.03,1531654808291.24
12144.24609375,903.607647235578,9424415904288.78,1502277092089.69
12145.80859375,903.819946289063,9327909008247.29,1490300544970.26
12147.37109375,904.050048828125,9315086227605.73,1518761629687.68
12148.93359375,903.952697753907,9151256311303.19,1557320247513.01
12150.49609375,904.2900390625,9368349554751.23,1479486829899.77
12152.05859375,904.050048828125,9322883467482.8,1551700717000.63
12153.62109375,904.050048828125,9156661986660.18,1452551116736.73
12155.18359375,904.52001953125,9298536350137.05,1461626959429.34
12156.74609375,904.52001953125,9299060030278.58,1463395964018.7
12158.30859375,904.2900390625,9236185197558.38,1465377246051.64
12159.87109375,904.52001953125,9275296802944.67,1554174161940.21
12161.43359375,904.2900390625,9158805429471.16,1527787526214.7
12162.99609375,904.621553861178,9232194338116.54,1453642669564.4
12164.55859375,904.71201171875,9150844547117.32,1446292974881.13
12166.12109375,904.407531738281,9203969501554.86,1481944423360.87
12167.68359375,904.989990234375,9195946113362.47,1488258551116.52
12169.24609375,904.989990234375,9155963625114.01,1522567362963.67
12170.80859375,904.879599609375,9196021834735.33,1479770197464.83
12172.37109375,905.22998046875,9312662453101.83,1440481736376.28
12173.93359375,905.22998046875,9171606637778,1434860988404.92
12175.49609375,905.22998046875,9256319563050.52,1491789072979.84
12177.05859375,905.22998046875,9180647504311.35,1532227286812.6
12178.62109375,905.469970703125,9370439869794.01,1476556003801.49
12180.18359375,905.699951171875,9326873069656.58,1534805041656.76
12181.74609375,905.699951171875,9329539878830.69,1437077391128.16
12183.30859375,905.469970703125,9268444947973.52,1491027875319.97
12184.87109375,905.93994140625,9106560957777.01,1439676131549.82
12186.43359375,905.93994140625,9192948305908.34,1488136424065.46
12187.99609375,905.93994140625,9199976901011.19,1497293736671.83
12189.55859375,905.93994140625,9170837049091.24,1526012070890.95
12191.12109375,905.93994140625,9293511952691.96,1490661558062.8
12192.68359375,906.170043945313,9305455767046.41,1470186968488.41
12194.24609375,906.410034179688,9132879839733.03,1460867064095.66
12195.80859375,906.410034179688,9327457090278.49,1473989245301.21
12197.37109375,906.114819335938,9180566994707.84,1515832150832.93
12198.93359375,906.640014648438,9269275811519.01,1466939170474.34
12200.49609375,906.880004882813,9284027807396.23,1531140094331.53
12202.05859375,906.640014648438,9164698650932.4,1416885241298.84
12203.62109375,906.640014648438,9119344860925.54,1436664302846.52
12205.18359375,906.640014648438,9166598642528.84,1410917063013.62
12206.74609375,907.109985351563,9019309647186.2,1472083380789.21
12208.30859375,907.109985351563,9180368532864.27,1503341950863.13
12209.87109375,906.678413085938,9186288494342.32,1487983700214.82
12211.43359375,907.196381835938,9359284632004.67,1515927995204.76
12212.99609375,907.109985351563,9144156706029.95,1507757381958.68
12214.55859375,906.880004882813,9134205795939.07,1454396198240.41
12216.12109375,907.045161806305,9100766102593.16,1496172484509.23
12217.68359375,907.349975585938,9262573417303.19,1460490711259.05
12219.24609375,907.589965820313,9160232267808.93,1466506849409.87
12220.80859375,907.589965820313,9269227834546.28,1454384191144.89
12222.37109375,907.349975585938,9198403146977.71,1517497996985.25
12223.93359375,907.819946289063,9036723549360.34,1497009468626.59
12225.49609375,907.589965820313,9230529255694.31,1481687302780.66
12227.05859375,907.819946289063,9289260503586,1474731966769.48
12228.62109375,907.819946289063,9130289310134.77,1529603977296.98
12230.18359375,908.059936523438,9160526767805.66,1525298593706.33
12231.74609375,908.105957031251,9250096012646.43,1471913668786.04
12233.30859375,908.453232421875,9161794298544.63,1468157756023.64
12234.87109375,908.2900390625,9073799399673.05,1460259498480.94
12236.43359375,908.400803786058,9172083000726.11,1474013400407.2
12237.99609375,908.530029296875,9072108263791.56,1474466242942.08
12239.55859375,908.530029296875,9224798261988.83,1449577203230.56
12241.12109375,908.530029296875,9152241007692.19,1462644775765.5
12242.68359375,908.530029296875,9227782152930.7,1524520899042.47
12244.24609375,908.530029296875,9140796692146.21,1479289081459.13
12245.80859375,908.779208984375,9160991321871.9,1430362213110.99
12247.37109375,909,9241086813276.84,1472365399516.25
12248.93359375,909,9036310591409.15,1521721773268.82
12250.49609375,908.760009765625,9079491412118.17,1442145682280.59
12252.05859375,909.469970703125,9057141223875.71,1502341525961.07
12253.62109375,909,9223772723457.89,1480861445382.07
12255.18359375,909.239990234375,9287727011716.55,1511494635204.32
12256.74609375,909.239990234375,8977159149635.8,1472629025040.39
12258.30859375,909.571505033053,9183367946487.56,1471143182623.47
12259.87109375,909.7099609375,9007993204269.83,1479431747842.44
12261.43359375,909.7099609375,9038188413410.13,1495164231180.93
12262.99609375,909.469970703125,9105448419666.6,1528905889668.8
12264.55859375,909.7099609375,9309606617288.88,1519778750973.66
12266.12109375,909.93994140625,9065988910540.17,1445595765710.7
12267.68359375,909.93994140625,9040028686580.62,1497869718479.48
12269.24609375,909.93994140625,9169929883710.2,1519053697212.39
12270.80859375,909.93994140625,9174683463536.87,1576100666138.07
12272.37109375,910.180053710938,9079300025160.93,1459525003907.35
12273.93359375,910.410034179688,9098400903962.08,1465452930944.32
12275.49609375,910.180053710938,8997947413891.93,1446010752184.08
12277.05859375,910.410034179688,9208247622007.24,1509124815543.45
12278.62109375,910.306584284856,9130413824889.57,1511711591224.36
12280.18359375,910.410034179688,9150883809732.26,1528218726292.66
12281.74609375,910.410034179688,9090970205517.36,1535559559293.42
12283.30859375,910.880004882813,9238546446221.57,1538199438265.58
12284.87109375,910.880004882813,9065228192072.42,1545377959686.91
12286.43359375,910.650024414063,9192504716053.36,1480499263831.1
12287.99609375,910.880004882813,9057982137028.14,1477028392050.95
12289.55859375,911.119995117188,9076264791466.02,1538426785528.77
12291.12109375,911.359985351563,8939491381942.33,1516347652290.39
12292.68359375,911.175377478967,9065927671786.65,1512189586024.84
12294.24609375,911.187192382813,8944806508189.36,1497370825314.22
12295.80859375,911.589965820313,8991979823536.46,1492561240902.21
12297.37109375,911.225590820313,9118227075431.73,1486475498757.73
12298.93359375,911.359985351563,9047606116307.28,1494121870025.22
12300.49609375,911.492666391227,9100109836430.56,1448327265126.46
12302.05859375,911.589965820313,9067709585736.9,1414771931199.8
12303.62109375,911.765343299279,9384406765305.47,1461482629592.07
12305.18359375,911.765343299279,8989034429674.02,1544758138082.1
12306.74609375,911.829956054688,9070013740604.64,1527617240291.94
12308.30859375,912.300048828125,9115493123860.97,1502015135009.07
12309.87109375,912.059936523438,9106225261912.32,1494585621307.75
12311.43359375,912.059936523438,9030122833914.91,1471648258519.33
12312.99609375,912.059936523438,9146804946065.47,1478620493328.52
12314.55859375,912.059936523438,8777110329889.19,1491415338585.46
12316.12109375,912.300048828125,9027127651258.82,1520064305091.85
12317.68359375,912.502431640625,8991920191868.33,1518572696692.2
12319.24609375,912.300048828125,8894120569041.94,1488073852838.63
12320.80859375,912.77001953125,8920063008044.43,1506817204501.29
12322.37109375,912.77001953125,9026968871937.49,1438265634785.52
12323.93359375,912.77001953125,8882177324122.31,1507759623893.89
12325.49609375,912.530029296875,9030641662101.73,1404442039548.94
12327.05859375,912.818017578125,8987973396164.41,1537121261243.76
12328.62109375,913.010009765625,9047284691172.08,1502608688565.47
12330.18359375,913.113459660457,9033549856007.23,1491955471693.2
12331.74609375,913.010009765625,8952888809673.73,1478341485694.17
12333.30859375,913.010009765625,9090755173265.7,1575469600951.6
12334.87109375,913.239990234375,9012158588581.71,1473387807181.27
12336.43359375,913.239990234375,9061976857616.36,1532554000095.61
12337.99609375,913.47998046875,8958812489671.63,1561851674994.93
12339.55859375,913.3071875,9002211661061.2,1530091858580.18
12341.12109375,913.53517578125,8887989972628.76,1489178099744.77
12342.68359375,913.47998046875,8811828825413.65,1452432081279.74
12344.24609375,913.7099609375,8917203808196.4,1501962785764.77
12345.80859375,913.959181565505,8945625689798.76,1497054400095.37
12347.37109375,913.949951171875,9056835460313.14,1485985602335.2
12348.93359375,914.18994140625,8982688716795.73,1513046655365.3
12350.49609375,914.18994140625,8906902064622.46,1517664311387.4
12352.05859375,914.026748046875,8914811918677.36,1495775185054
12353.62109375,913.95955078125,8892888768234.43,1532091885388.34
12355.18359375,914.18994140625,8830901061910.05,1475673553285.16
12356.74609375,913.7099609375,8917903640243.11,1536752162365.99
12358.30859375,914.18994140625,9039414815159.14,1521632963506.48
12359.87109375,914.660034179688,9068531819442.19,1527819168264.33
12361.43359375,914.731407428611,8906490695183.45,1543209174979.05
12362.99609375,914.420043945313,9027974185136.69,1486892616129.73
12364.55859375,914.660034179688,9044571786994.98,1434091061905.78
12366.12109375,914.396782226563,8996718151869.45,1504818369849.6
12367.68359375,914.660034179688,8997493562588.44,1499225628515.36
12369.24609375,914.890014648438,9036444700117.62,1503193480229.6
12370.80859375,915.130004882813,8960335963170.04,1510210167550.26
12372.37109375,915.130004882813,8939879670970.02,1516880743900.56
12373.93359375,915.359985351563,8757742682017.59,1486084713950.53
12375.49609375,915.313989257813,8899879883235.08,1511212873853.01
12377.05859375,915.359985351563,8741152333079.53,1546466006058.83
12378.62109375,915.359985351563,8939054945310.3,1498900702219.57
12380.18359375,915.599975585938,9076416019035.02,1485375139551.25
12381.74609375,915.599975585938,8825359762679.63,1536236059323.73
12383.30859375,915.599975585938,8798924903126.7,1473129989766.47
12384.87109375,915.599975585938,8822239048117.99,1507240272067.36
12386.43359375,915.839965820313,9160672763097.05,1481059243804.42
12387.99609375,916.213940429688,9046071394570.1,1540187911911.07
12389.55859375,916.069946289063,8881775976919.58,1512536390011.09
12391.12109375,916.069946289063,8780347262049.75,1515094679834.59
12392.68359375,915.876117412861,8680754284661.58,1486414370052.39
12394.24609375,916.309936523438,8712656967244.78,1456831500823.14
12395.80859375,916.069946289063,8634238037265.51,1510828730785.83
12397.37109375,916.309936523438,8844905278863.4,1463554578917.38
12398.93359375,916.5400390625,8891426978080.14,1552932468722.43
12400.49609375,916.686010742188,8884060365840.82,1494867954641.45
12402.05859375,916.383569335938,8980519435647.5,1437868712020.51
12403.62109375,916.5400390625,8635449296304.98,1463223127781.19
12405.18359375,916.5400390625,8940193915773.6,1524986478187.93
12406.74609375,916.780029296875,8828091223573.41,1517370066522.12
12408.30859375,916.872333233173,9040822689541.93,1496625839856.07
12409.87109375,917.02001953125,9021642695645.82,1477817179487.21
12411.43359375,917.073091947116,8727437221818.43,1533446147729.59
12412.99609375,917.0844140625,9026160357921.03,1532016709447
12414.55859375,917.02001953125,8816599206015.88,1550596771215.36
12416.12109375,917.489990234375,8734720043449.31,1428581323588.65
12417.68359375,917.489990234375,8696992926685.73,1483923839191.62
12419.24609375,917.489990234375,8705249929100.99,1442245370506.01
12420.80859375,917.489990234375,8812616323773.68,1497463377420.84
12422.37109375,917.489990234375,8820746996889.08,1539598031886.93
12423.93359375,917.719970703125,8821783535872.52,1515438273996.81
12425.49609375,917.747661884015,8963961152308.51,1536444969877.93
12427.05859375,917.719970703125,8818001411923.36,1549165759888.31
12428.62109375,917.9599609375,8950029610417.44,1492049673950.92
12430.18359375,917.9599609375,8883033902421.84,1540092558448.65
12431.74609375,918.199951171875,8792661554235.54,1578769385133.62
12433.30859375,917.9599609375,8769197141941.55,1551414272737.23
12434.87109375,918.199951171875,8827610925106.48,1459203125179.48
12436.43359375,918.430053710938,8720705856336.98,1527128696930.07
12437.99609375,918.670043945313,8857064444309.38,1434607732201.87
12439.55859375,918.430053710938,8871847723339.64,1528009302063.4
12441.12109375,918.430053710938,8805523574179.56,1482031145338.29
12442.68359375,918.670043945313,8732270360275.3,1489840208131.94
12444.24609375,918.670043945313,8728877198335.15,1502180998931.85
12445.80859375,918.670043945313,8782113117982.63,1522561681965.8
12447.37109375,918.900024414063,8786945289540.32,1536951799705.93
12448.93359375,918.817231445313,8759791503881.33,1502238641069.69
12450.49609375,919.140014648438,8716589506200.41,1535608117971.38
12452.05859375,919.140014648438,8846441774324.4,1526759960831.97
12453.62109375,919.140014648438,8826907943251.21,1593200754886.27
12455.18359375,919.369995117188,8918165075849.04,1549595602007.26
12456.74609375,919.369995117188,8825819742916.4,1520688043217.57
12458.30859375,919.140014648438,8782457430134.73,1504772680962
12459.87109375,919.140014648438,8791780365005.71,1483021858747.84
12461.43359375,919.849975585938,9040444545866.73,1500611185927.2
12462.99609375,919.849975585938,8704754412092.29,1526538768629.19
12464.55859375,919.609985351563,8838883281702.55,1466935309013.38
12466.12109375,919.849975585938,8689137502831.42,1506160177146.32
12467.68359375,919.849975585938,8861926830884.18,1517542549314.17
12469.24609375,919.891043526786,8775238499439.78,1455734714893.64
12470.80859375,919.779587965746,8823384440032.39,1489328214415.06
12472.37109375,920.079956054688,8724858952844.97,1518957782211.77
12473.93359375,919.808819110578,8962444164347.62,1491413568345.05
12475.49609375,920.100824770721,8902413240388.51,1508636788107.73
12477.05859375,920.319946289063,8820380591937.39,1518111139680.01
12478.62109375,920.550048828125,8829725676763.35,1449619084068.35
12480.18359375,920.319946289063,8705103868644.93,1536490853483.67
12481.74609375,920.319946289063,8701036402309.89,1508929621344.66
12483.30859375,920.550048828125,8795977451299.32,1513349522180.4
12484.87109375,920.550048828125,8755143330263.24,1502494403431.45
12486.43359375,920.568509615385,8748111825997.66,1544885025140.73
12487.99609375,921.030029296875,8755677443647.49,1502507289941.35
12489.55859375,920.7900390625,8750248520950.39,1523017213815.66
12491.12109375,920.965416541467,8800462617280.51,1485516271376.75
12492.68359375,921.030029296875,8787498222814.56,1519717290338
12494.24609375,921.030029296875,8672986216001.03,1507561632483.64
12495.80859375,921.030029296875,8655189949886.98,1519553337065.53
12497.37109375,921.260009765625,8771573414405.41,1549378010386.05
12498.93359375,921.260009765625,8686732466721.46,1560108281728.69
12500.49609375,921.5,8822404235553.8,1511382341761.73
12502.05859375,921.739990234375,8790657502500.2,1541826579839.56
12503.62109375,921.5,8621604840371.1,1517666514344.79
12505.18359375,921.74883563702,8646345124177.6,1492760343819.06
12506.74609375,921.5,8736043421523.54,1582586273136.51
12508.30859375,921.739990234375,8846146438532.68,1504108117176.35
12509.87109375,921.819598858173,8650466457418.71,1508480211837.16
12511.43359375,921.969970703125,8824694879131.29,1539196039363.06
12512.99609375,922.2099609375,8766830827007.16,1490192112599.84
12514.55859375,922.2099609375,8845243045291.02,1492792697795.89
12516.12109375,922.4307421875,8803560950616.88,1489171298377.28
12517.68359375,922.223031850962,8832143756867.45,1501765511010.17
12519.24609375,922.43994140625,8582418867737.72,1534952402869.75
12520.80859375,922.680053710938,8621582121869.34,1564398447727.93
12522.37109375,922.322783203125,8748826271930.62,1522414392519.86
12523.93359375,922.680053710938,8637771228377.17,1468289007119.29
12525.49609375,922.680053710938,8640551443374.66,1523405755242.88
12527.05859375,922.2099609375,8665763706911.72,1488614505731.35
12528.62109375,922.920043945313,8900921074837.19,1512742086279.73
12530.18359375,922.920043945313,8656526795971.78,1580647594850.04
12531.74609375,922.878887469953,8657273613571.93,1533503375808.77
12533.30859375,923.150024414063,8741521926581.1,1558418718868.73
12534.87109375,923.150024414063,8709013171871.26,1517992276803.45
12536.43359375,923.303618164063,8703393487533.37,1537492935863.97
12537.99609375,923.619995117188,8655357778610.02,1570717373894.21
12539.55859375,923.619995117188,8943710608511.81,1521619712254.2
12541.12109375,923.390014648438,8655594997938.62,1515651547399.53
12542.68359375,923.619995117188,8564395134623.27,1535803728558.55
12544.24609375,923.619995117188,8709453729947.36,1512010586383.28
12545.80859375,923.840786132813,8778247239047.56,1560977844461.22
12547.37109375,923.619995117188,8696123212853.18,1475509185456.5
12548.93359375,923.859985351563,8642609179741.22,1463946093578.01
12550.49609375,924.099975585938,8789217382146.69,1560578377656.8
12552.05859375,924.099975585938,8700021915191.15,1559163256609.27
12553.62109375,924.099975585938,8547399429273.02,1572373615689.86
12555.18359375,924.329956054688,8796518750565.03,1528501135717.16
12556.74609375,924.329956054688,8670288719655.86,1565745971166.15
12558.30859375,924.329956054688,8703630144681.02,1444491255607.74
12559.87109375,924.569946289063,8733925209177.54,1596419995730.14
12561.43359375,924.569946289063,8669366628449.83,1490084085563.48
12562.99609375,924.800048828125,8695020017732.17,1496327628341.54
12564.55859375,924.569946289063,8578665252397.29,1546815164123.52
12566.12109375,924.800048828125,8685676974738.8,1546947382950.44
12567.68359375,924.800048828125,8682342199619.18,1583570125301.11
12569.24609375,924.800048828125,8714537690063.75,1528577365087.79
12570.80859375,925.0400390625,8670691063281.16,1485847223385.16
12572.37109375,925.021578275241,8825418459681.35,1524565403629.92
12573.93359375,925.241630859375,8697748501975.23,1526490379140.61
12575.49609375,925.0400390625,8711253014641.85,1492541419612.92
12577.05859375,925.0400390625,8672587962184.09,1447043304479.07
12578.62109375,925.316826171875,8645876197340.51,1507364399061.43
12580.18359375,925.510009765625,8549944808565.43,1543460823522.62
12581.74609375,925.75,8601254416341.1,1548378983592.87
12583.30859375,925.647147042411,8703977997609.55,1508467717378.45
12584.87109375,925.75,8552931696614.1,1500165496461.76
12586.43359375,925.75,8542921852920.12,1507764421994.9
12587.99609375,925.92279296875,8593591163639.07,1524760680730.86
12589.55859375,925.989990234375,8542691613347.51,1625373534503.5
12591.12109375,925.989990234375,8663047333092.91,1520426952534.09
12592.68359375,926.219970703125,8480819923779.26,1465939224285.84
12594.24609375,926.219970703125,8614550387863.21,1550100391622.46
12595.80859375,926.4599609375,8592008897950.09,1551818288205.06
12597.37109375,926.219970703125,8705001785247.94,1565376457801.87
12598.93359375,926.4215625,8547652893390.63,1523161298744.49
12600.49609375,926.4599609375,8706199236915.78,1522603244213.51
12602.05859375,926.68994140625,8574953206025.37,1527854041617.23
12603.62109375,926.4599609375,8645236663864.63,1455992979039.88
12605.18359375,926.68994140625,8537588655905.1,1509471752381.75
12606.74609375,926.68994140625,8681234802701.96,1508937944550.71
12608.30859375,926.68994140625,8654172643639.54,1542355279707.33
12609.87109375,926.930053710938,8466051831199.42,1601384499129.67
12611.43359375,927.170043945313,8553573224558.98,1553800065065.44
12612.99609375,926.930053710938,8448293216543.96,1577970913345.53
12614.55859375,927.170043945313,8438388108062.22,1572024063299.64
12616.12109375,927.400024414063,8464713260936.61,1563762834843.77
12617.68359375,926.939284104568,8592090541737.79,1582247276808.66
12619.24609375,927.302724984977,8462706534481.57,1533952953376
12620.80859375,927.640014648438,8587504104913.81,1534840150594.58
12622.37109375,927.575401893029,8610392298432.58,1552783742588.62
12623.93359375,927.640014648438,8624176631860.96,1523933560930.08
12625.49609375,927.448022460938,8478628217403.3,1492547442091.22
12627.05859375,927.880004882813,8590149674983.72,1586628982927.98
12628.62109375,927.880004882813,8599216649466.67,1454233188436.49
12630.18359375,928.012685922477,8531481179994.79,1506088525327.6
12631.74609375,927.921072823661,8586227153350.92,1525234022180.68
12633.30859375,928.109985351563,8454064915861.21,1514685168695.78
12634.87109375,928.109985351563,8578551069525.59,1486452136111.86
12636.43359375,928.109985351563,8580114056824.14,1539236000893.17
12637.99609375,928.349975585938,8643438092435.15,1525283154045.22
12639.55859375,928.349975585938,8599597362738.6,1517290069019.51
12641.12109375,928.819946289063,8439424799032.4,1555705590169.34
12642.68359375,928.109985351563,8560194397515.37,1541955362301.73
12644.24609375,928.420738807092,8450920680452.83,1490065249766.78
12645.80859375,928.656752929688,8639567115465.28,1531686618289.24
12647.37109375,929.059936523438,8537038762183.97,1573897267667.08
12648.93359375,928.709181565505,8428877915623.24,1585178378054.47
12650.49609375,929.059936523438,8409077797711.6,1488400729695.54
12652.05859375,929.2900390625,8581534431231.94,1502500384950.78
12653.62109375,929.2900390625,8520303062117.86,1542795674761.42
12655.18359375,929.139587402344,8564673698870.52,1556053460045.88
12656.74609375,929.117462158204,8412618343509.2,1552190395034.48
12658.30859375,929.2900390625,8566438210757.55,1506037425873.68
12659.87109375,929.530029296875,8424982560465.61,1585190389951.29
12661.43359375,929.77001953125,8587069977910.09,1564231828041.51
12662.99609375,929.530029296875,8362090347390.73,1454060071904.57
12664.55859375,929.2900390625,8601976639605.61,1533024620767.79
12666.12109375,929.932701697717,8509436600825.88,1540564760073.74
12667.68359375,930,8544822915799.08,1536146064266
12669.24609375,929.95400390625,8422620056774.84,1521102803618.58
12670.80859375,929.939622145433,8488993423151.4,1551469207159.46
12672.37109375,930,8524540627384.8,1530112329221.55
12673.93359375,930,8458927934461.81,1504162764152.08
12675.49609375,930.239990234375,8474232368762.75,1528104068413.15
12677.05859375,930.47998046875,8477758182003.02,1514801031583.69
12678.62109375,930.239990234375,8429189795708.11,1561588558525.93
12680.18359375,930.47998046875,8564214809602.23,1537396441672.57
12681.74609375,930.47998046875,8442401735269.46,1469940070775.3
12683.30859375,930.7099609375,8465520542556.29,1485355104563.74
12684.87109375,930.47998046875,8456818900367.71,1480607957917.42
12686.43359375,930.949951171875,8528983383471.64,1522741077214.9
12687.99609375,930.47998046875,8564103549480.09,1581895915812.89
12689.55859375,930.949951171875,8521084800312.73,1489659570278.9
12691.12109375,931.118103027344,8688633648672.35,1521457412666.88
12692.68359375,931.010820312501,8435311189138.18,1575322846863.79
12694.24609375,931.180053710938,8538428620379.48,1525663022645.83
12695.80859375,931.420043945313,8479524977451.58,1520053736815.5
12697.37109375,931.180053710938,8270956170839.2,1527564656831.08
12698.93359375,931.420043945313,8384464344924.31,1505749814419.63
12700.49609375,931.420043945313,8543019730601.63,1566725150961.3
12702.05859375,931.420043945313,8561005283099.43,1519553640369.87
12703.62109375,931.660034179688,8607701054396.47,1530666849317.96
12705.18359375,931.660034179688,8404649753581.4,1507135022626.44
12706.74609375,931.55849984976,8332621984237.06,1618460840204.43
12708.30859375,931.660034179688,8514110997531.58,1518368776773.12
12709.87109375,931.890014648438,8386527494400.97,1538431399660.02
12711.43359375,932.130004882813,8539083256064.94,1503550494032.66
12712.99609375,931.890014648438,8403262761301.41,1475172478219.93
12714.55859375,931.890014648438,8404343465310.94,1544968123409.05
12716.12109375,932.130004882813,8371004266635.33,1556975357767.47
12717.68359375,932.231539212741,8417005034953.53,1545067388589.98
12719.24609375,932.369995117188,8298157182730.02,1533147090217.35
12720.80859375,932.369995117188,8351339122370.67,1522515385999.64
12722.37109375,932.544780273438,8403428394802.12,1596415169906.18
12723.93359375,932.599975585938,8438746159283.54,1652396617302.34
12725.49609375,932.130004882813,8431078562443.93,1509727430099.49
12727.05859375,932.599975585938,8353839835962.02,1515528006617.31
12728.62109375,932.839965820313,8547501650310.84,1549954366104.22
12730.18359375,933.079956054688,8503656567472.93,1473759041257.05
12731.74609375,932.984572190505,8315017421728.37,1522788833804.6
12733.30859375,932.916762695313,8439316340758.25,1567683212859.99
12734.87109375,933.079956054688,8266925697423.49,1524007014966.66
12736.43359375,933.079956054688,8435573861407.65,1600116143323.68
12737.99609375,933.53083984375,8515941049250.06,1564597450926.04
12739.55859375,933.309936523438,8347371449499.9,1561383904447.11
12741.12109375,933.7900390625,8393845326596.28,1595827215717.24
12742.68359375,933.550048828125,8401055755905.53,1513729879096.3
12744.24609375,933.7900390625,8362655723302.73,1544510638909.2
12745.80859375,933.7900390625,8213131605491.21,1567997841063.46
12747.37109375,933.7900390625,8411821699493.51,1519957776958.09
12748.93359375,933.807729867789,8460053643039.92,1510676021131.57
12750.49609375,934.02001953125,8428248748157.22,1621206089432.48
12752.05859375,934.02001953125,8460797584849.59,1547700641360.24
12753.62109375,934.02001953125,8468156729513.51,1557041429552.6
12755.18359375,933.7900390625,8296852817622.05,1558415416775.28
12756.74609375,934.489990234375,8458428953277.66,1548227152887.67
12758.30859375,934.489990234375,8382499281097.19,1470955584262.31
12759.87109375,934.489990234375,8319027409562.33,1617922540053.56
12761.43359375,934.72998046875,8297696113844.18,1541972450677
12762.99609375,934.260009765625,8194321841992.7,1588988763188.22
12764.55859375,934.489990234375,8272086379424.11,1599801824097.42
12766.12109375,934.72998046875,8433234180667.85,1560368537906.99
12767.68359375,934.72998046875,8275841010037.29,1537744024984.9
12769.24609375,934.969970703125,8319533509708,1517886421543.19
12770.80859375,934.969970703125,8366328244703.01,1492061378190.1
12772.37109375,934.931572265625,8467016713081.05,1566058482755.82
12773.93359375,934.969970703125,8244688890917.22,1529862598828.97
12775.49609375,935.199951171875,8396633064582.78,1554587217169.38
12777.05859375,935.089560546875,8373411633472.04,1565845261337.97
12778.62109375,935.43994140625,8461108047861.8,1535075789561.01
12780.18359375,935.43994140625,8375248429804.01,1542152800009.66
12781.74609375,935.43994140625,8404870366176.15,1561267565387.66
12783.30859375,935.486116849459,8324250070188.17,1569740026638.52
12784.87109375,935.680053710938,8342773415413.94,1577970537413.69
12786.43359375,935.910034179688,8435693293093.3,1565061246061.79
12787.99609375,935.910034179688,8429030879151,1587927529194.18
12789.55859375,935.706589918871,8395184805393.35,1553655653062.91
12791.12109375,935.910034179688,8355079092553.84,1507868990705.77
12792.68359375,935.680053710938,8230095330520.7,1512778690877.37
12794.24609375,936.150024414063,8345953130379.94,1502342476366.1
12795.80859375,935.680053710938,8418094155376.42,1553016012386.65
12797.37109375,936.399213867188,8235883735625.46,1506135416876.34
12798.93359375,936.390014648438,8318504403110.09,1580050843538.88
12800.49609375,936.619995117188,8187799657187.04,1521534412695.36
12802.05859375,936.390014648438,8252190936631.81,1587514486891.64
12803.62109375,936.619995117188,8289627285235.26,1589460417964.74
12805.18359375,936.859985351563,8395461125604.94,1518404221260.51
12806.74609375,936.763989257813,8337265893935.56,1568466446759.48
12808.30859375,936.619995117188,8321061421968.43,1490715519669.23
12809.87109375,936.859985351563,8219703648372.1,1547291684291.2
12811.43359375,936.859985351563,8397686616102.98,1552062057009.29
12812.99609375,937.099975585938,8346070639257.45,1510765812502.45
12814.55859375,937.099975585938,8263925270977.31,1512671015584.38
12816.12109375,937.329956054688,8201203475632.06,1564048632048.59
12817.68359375,937.329956054688,8291397514924.7,1539671140229.15
12819.24609375,937.597637469953,8395137052806.61,1598528751976.12
12820.80859375,937.468411959135,8235342506469.92,1559308768085.38
12822.37109375,937.569946289063,8187288438312.77,1519748380562.35
12823.93359375,937.468411959135,8041736572972.78,1600351857019.36
12825.49609375,937.809936523438,8253001625196.06,1582260234995.32
12827.05859375,937.809936523438,8178704765581.63,1556585262629.35
12828.62109375,938.0400390625,8076892051712.31,1546937665746.86
12830.18359375,937.809936523438,8359485580769.25,1477808050544.17
12831.74609375,938.0400390625,8336560123520.5,1595398928057.96
12833.30859375,938.031188964844,8370916963331.04,1572240023956.07
12834.87109375,937.809936523438,8223530339639.44,1576451805140.44
12836.43359375,938.241630859375,8303260460937.77,1567891753855.37
12837.99609375,938.0400390625,8388780197892.7,1472192493101.56
12839.55859375,938.280029296875,8124052357133.03,1594463187143.95
12841.12109375,938.52001953125,8247113000941.07,1513295368903.61
12842.68359375,938.52001953125,8264702347263.03,1581924991732.3
12844.24609375,938.75,8300878657369.22,1562750770483
12845.80859375,938.75,8258597288585.89,1557873093294.34
12847.37109375,938.555401141827,8254675933848.46,1548010091921.89
12848.93359375,938.989990234375,8141870359594.9,1546677560089.9
12850.49609375,939.0571875,8064891931870.39,1550288694372.36
12852.05859375,938.75,8176441801075.56,1567734161770.84
12853.62109375,938.989990234375,8097087594343.33,1600085598539.26
12855.18359375,939.22998046875,8098292338123.59,1553708265871.84
12856.74609375,939.22998046875,8203728415110.67,1547805371951.47
12858.30859375,939.4599609375,8127314131701.42,1577412511232.81
12859.87109375,939.524573692909,8160035987679.44,1497350624464.57
12861.43359375,939.3127734375,8016368233874.19,1563506814416.15
12862.99609375,939.699951171875,8197802593233.96,1475691833869.99
12864.55859375,939.4599609375,8038626672613.69,1561498933070.72
12866.12109375,939.4599609375,8233640355882.8,1509330022134.14
12867.68359375,939.783024714543,8152294709691.04,1465053422943.47
12869.24609375,940.170043945313,8073674265654.22,1589836199361.11
12870.80859375,940.363882211539,8093940759393.11,1568814688406.46
12872.37109375,940.170043945313,8124533796611.25,1610491660900.15
12873.93359375,940.170043945313,7968748833843.25,1455930402152.77
12875.49609375,940.410034179688,8179729966381.73,1530743634250.75
12877.05859375,940.410034179688,8022278774237.52,1546430184284.86
12878.62109375,940.410034179688,7979019018884.61,1543301212292.22
12880.18359375,940.410034179688,8108406633176.61,1569393589950.98
12881.74609375,940.602026367188,8089853058572.07,1544605951549.27
12883.30859375,940.650024414063,8079895377145.67,1488564162194.34
12884.87109375,940.650024414063,8099779923430.65,1589780661629.73
12886.43359375,940.880004882813,8058183469808.97,1539122714050.81
12887.99609375,940.861606445313,8011232354559.7,1546890601975.45
12889.55859375,941.119995117188,7968457267291.71,1582068928221.51
12891.12109375,940.937602539063,8125972517135.78,1568869201758.32
12892.68359375,941.119995117188,7938128587272.41,1595828836581.99
12894.24609375,941.359985351563,8048733861027.92,1601385055415.02
12895.80859375,941.359985351563,8029349623808.35,1592253113444.57
12897.37109375,941.483820988582,7881761888275.15,1537358795678.25
12898.93359375,941.359985351563,7876161175719.52,1558458411695.42
12900.49609375,941.589965820313,7965238262949.65,1529525249574.63
12902.05859375,941.359985351563,7976542478930.69,1562979698955.2
12903.62109375,941.589965820313,7976808237688.76,1480311816615.36
12905.18359375,941.359985351563,8048533709792.91,1563259629819.19
12906.74609375,941.829956054688,8153182640955.84,1553386280461.85
12908.30859375,941.585571289063,7836590734144.96,1517752139814.67
12909.87109375,941.829956054688,8007055873351.37,1563090724991.05
12911.43359375,942.069946289063,7901431547609,1525756765938.5
12912.99609375,942.069946289063,7922264132830.44,1475698546542.03
12914.55859375,942.069946289063,8012897798115.41,1539789864225.1
12916.12109375,942.300048828125,7885725867732.48,1535712418057.43
12917.68359375,942.300048828125,8038819252141.29,1548129638235.3
12919.24609375,942.300048828125,8063227196704.86,1580919628111.03
12920.80859375,942.5400390625,8068455682989.63,1565168882413.33
12922.37109375,942.780029296875,7982372646288.62,1564277838379.33
12923.93359375,942.5400390625,7935287212426.78,1513816465519.08
12925.49609375,942.300048828125,7954957170911.01,1553499889176.68
12927.05859375,942.780029296875,8049104592736.57,1575661718927.65
12928.62109375,942.55923828125,8006374587898.59,1602109428099.77
12930.18359375,942.780029296875,7964468084803.2,1557625515563.77
12931.74609375,943.02001953125,7990219072797.66,1510464301266.4
12933.30859375,943.317197265625,8055241589396.59,1566739981773.79
12934.87109375,943.07521484375,7935770760394.46,1550031641702.65
12936.43359375,943.25,7933153450427.12,1511517467098.98
12937.99609375,943.135009765625,8062800293402.29,1582207162091.59
12939.55859375,943.489990234375,7942716364786.77,1566233622432.34
12941.12109375,943.489990234375,8049484847753.84,1547910085372.42
12942.68359375,943.72998046875,7860386047921.73,1518945571819.43
12944.24609375,943.489990234375,8005204101739.75,1523330721157.71
12945.80859375,943.9599609375,8037817847703.38,1570224112677.71
12947.37109375,943.72998046875,7880224931590.03,1531905500735.2
12948.93359375,943.600754957933,7857011898290.41,1520210058486.94
12950.49609375,943.9599609375,8017592560984.83,1593807946792.97
12952.05859375,944.199951171875,8086980992766.66,1570333519750.09
12953.62109375,944.199951171875,7866528258016.57,1479265971509.15
12955.18359375,943.9599609375,8034269741106.26,1544057089066.68
12956.74609375,944.199951171875,7952699202445.51,1542861411631.03
12958.30859375,943.9599609375,7897280758913.8,1521591616635.93
12959.87109375,944.43994140625,7965954245435.49,1613730317356.23
12961.43359375,944.43994140625,7772168152138.14,1558248021976.6
12962.99609375,944.910034179688,7907638040016.52,1492074715296.04
12964.55859375,944.670043945313,7923970215872.5,1542644529224.7
12966.12109375,944.910034179688,7865514999168.36,1490875004861.52
12967.68359375,944.670043945313,7985985877685.8,1503041692788.31
12969.24609375,944.882342998799,7976664793111.74,1517395757904.03
12970.80859375,945.150024414063,7994098808300.93,1532763043866.84
12972.37109375,945.380004882813,7734967038575.87,1574173838353.97
12973.93359375,945.048490084135,7869984645983.38,1545622775159.19
12975.49609375,945.150024414063,7905461587545.99,1606800223796.41
12977.05859375,945.150024414063,7968985973308.29,1610265770754.35
12978.62109375,945.562397460938,7903690558842.61,1574362474662.73
12980.18359375,945.380004882813,7852867118934.89,1541161715163.53
12981.74609375,945.380004882813,7910877703278.57,1540188127934.89
12983.30859375,945.380004882813,7893677812475.77,1506139569609.93
12984.87109375,945.619995117188,7774697000577.66,1545225165864.64
12986.43359375,945.656146709736,7850019306719.95,1563962292053.23
12987.99609375,946.089965820313,7870847908740.33,1566886236491.8
12989.55859375,946.089965820313,7957863962839.96,1614932825847.37
12991.12109375,946.329956054688,7785107003353.01,1505731241845.82
12992.68359375,945.859985351563,7639323851837.43,1522223046690.5
12994.24609375,946.089965820313,7792693653597.2,1625346466566.5
12995.80859375,946.329956054688,7899754042387.13,1495886037682.1
12997.37109375,946.329956054688,7877175853754.24,1547779695537.99
12998.93359375,946.173039362981,7995215403194.5,1568762177021.56
13000.49609375,946.569946289063,7774452807680.11,1573934899181.12
13002.05859375,946.569946289063,7877795802815.56,1561494821055.15
13003.62109375,946.569946289063,7813807804421.31,1556781327727.82
13005.18359375,946.329956054688,7885136022171.63,1576149510162.58
13006.74609375,946.209960937501,7864424328619.28,1589382127840.29
13008.30859375,946.809936523438,7742919907346.35,1558221309348.22
13009.87109375,947.0400390625,7812715164130.06,1559106814138.81
13011.43359375,946.846752929688,7717317424098.14,1530833141928.16
13012.99609375,947.0400390625,7881905903008.67,1547510004759.66
13014.55859375,947.0400390625,7858279356284.02,1541520876370.67
13016.12109375,947.2704296875,7773087053831.04,1581233598773.2
13017.68359375,947.280029296875,7740113216448.47,1564094351382.63
13019.24609375,947.280029296875,7754570259443.59,1510611846362.68
13020.80859375,947.372333233173,7703981378575.8,1605597036193.75
13022.37109375,947.52001953125,7844738197983.65,1599789006719.41
13023.93359375,947.75,7862409517366.65,1540495284633.89
13025.49609375,947.75,7791803659316.99,1556403546402.07
13027.05859375,947.75,7791291929467.41,1596480940667.2
13028.62109375,947.75,7872351848933.38,1549059248008.99
13030.18359375,947.75923039363,7829480289450.95,1557213570923.22
13031.74609375,948.22998046875,7909375588294.65,1590836351512.17
13033.30859375,947.989990234375,7804072923565.71,1573575076520.3
13034.87109375,947.75,7711932526225.13,1531249999990.61
13036.43359375,948.22998046875,7724857356574.67,1570025262483.91
13037.99609375,948.469970703125,7813073491900.84,1539204702854.69
13039.55859375,948.469970703125,7933589308595.78,1613733398999.07
13041.12109375,948.239580078125,7906167064681.5,1556458658296.48
13042.68359375,948.331514798678,7678247068355.72,1547378161542.9
13044.24609375,948.699951171875,7714364601994.13,1561810832507.81
13045.80859375,948.699951171875,7764712102056.73,1610580164757.58
13047.37109375,948.997568359375,7831048578946.85,1508219490262.65
13048.93359375,948.699951171875,7632311298666.61,1467187664299.15
13050.49609375,948.93994140625,7783319936757.9,1437712899733.56
13052.05859375,948.699951171875,7919480551815.3,1513919246079.5
13053.62109375,948.93994140625,7846418556102.39,1566964119274.47
13055.18359375,948.93994140625,7796094103370.34,1598071639683.08
13056.74609375,949.041527381311,7638469074271.88,1583945537319.59
13058.30859375,949.180053710938,7870049903388.52,1597566076543.26
13059.87109375,949.410034179688,7696387952289.74,1581429509060.57
13061.43359375,949.650024414063,7792348801558.44,1570394458637.41
13062.99609375,949.410034179688,7831134793639.45,1533950917528.84
13064.55859375,949.650024414063,7751000948748.97,1567034933264.03
13066.12109375,949.650024414063,7735981371848.72,1580830467233
13067.68359375,949.890014648438,7641020541270.39,1529121380106.99
13069.24609375,949.650024414063,7744321613008.62,1536175018613.52
13070.80859375,949.650024414063,7706440907659.16,1539222461033.41
13072.37109375,950.276911808895,7771564355698.42,1583872791921.34
13073.93359375,949.890014648438,7727444586532.06,1625863351344
13075.49609375,950.359985351563,7731655748788.28,1558231871859.79
13077.05859375,950.359985351563,7758787987862.38,1575998527083.76
13078.62109375,950.359985351563,7606198165527.93,1542033801892.03
13080.18359375,950.359985351563,7694132172324.85,1516928924150.74
13081.74609375,950.305757962741,7942286785022.54,1578676711672.17
13083.30859375,950.19038273738,7770741437441.48,1548572480073.74
13084.87109375,950.839965820313,7707280299188.71,1616457210573.22
13086.43359375,950.738431490385,7733024969507.21,1524812591452.99
13087.99609375,950.553823617789,7633608412037.39,1564286650799.45
13089.55859375,950.839965820313,7736310202900.44,1531373379612.59
13091.12109375,950.839965820313,7722737660924.52,1551466500553.9
13092.68359375,950.811166992188,7732729542196.46,1575777180746.33
13094.24609375,951.025952148438,7723832461742.46,1540584842502.11
13095.80859375,950.848811222957,7705775471889.17,1609252837559.15
13097.37109375,951.309936523438,7668417201312,1596153273248.45
13098.93359375,951.328406700722,7680105293537.91,1565991580456.13
13100.49609375,951.309936523438,7669177459383.87,1541573660037.64
13102.05859375,951.309936523438,7709188935062.58,1538416622368.77
13103.62109375,951.743232421875,7577529524294.16,1532893681065.85
13105.18359375,951.780029296875,7623921284614.51,1596530567221.99
13106.74609375,951.780029296875,7628992662160.4,1574416090816.94
13108.30859375,951.775634765625,7670519026306.08,1612228439337.27
13109.87109375,951.816950871395,7767830791265.33,1614207086728.79
13111.43359375,952.02001953125,7810791923985.29,1531297166778.91
13112.99609375,952.087216796875,7691934684080.68,1566975595227.49
13114.55859375,952.02001953125,7687464939851.92,1588490070394.95
13116.12109375,952.260009765625,7650358528404.88,1608237432720.23
13117.68359375,952.260009765625,7693186861927.98,1540121904299.05
13119.24609375,952.5,7708765509086.74,1587952787862.9
13120.80859375,952.02001953125,7673867557332.14,1520578810580.32
13122.37109375,952.5,7614388693876.67,1584170853286.23
13123.93359375,952.72998046875,7570411490451.11,1588208172314.06
13125.49609375,952.72998046875,7761332483307.36,1571848397682.07
13127.05859375,952.5,7798025747008.87,1557227387365.01
13128.62109375,952.72998046875,7638434075497.67,1553448705798.79
13130.18359375,952.831514798678,7665589647936.21,1583972064191.19
13131.74609375,952.969970703125,7681643024695.71,1555140745119.2
13133.30859375,952.969970703125,7709747870957.17,1588926840751.28
13134.87109375,953.132821219308,7643156930470.62,1602747269343.56
13136.43359375,952.969970703125,7666070746105.3,1599276339906.35
13137.99609375,953.2099609375,7632906682181.24,1600245752561.86
13139.55859375,953.440720778245,7649309585082.67,1602181868350.01
13141.12109375,953.449951171875,7666473085393.52,1663030533258.85
13142.68359375,953.449951171875,7708791747486.71,1479727420429.51
13144.24609375,953.609252929688,7639136152491.2,1508048515169.18
13145.80859375,953.634033203126,7558635297399.25,1555793161139.51
13147.37109375,953.680053710938,7739923692047.38,1616902955175.03
13148.93359375,953.449951171875,7733253960225.36,1546573162307.74
13150.49609375,953.920043945313,7632200930704.71,1586049018193.45
13152.05859375,953.920043945313,7627671720467.35,1617044214141.8
13153.62109375,953.920043945313,7672795434456.94,1599762013837.47
13155.18359375,954.239642803486,7505881929779.41,1550241705461.06
13156.74609375,954.160034179688,7551308496468.89,1613598244534.47
13158.30859375,954.390014648438,7672992452044.6,1580040461763.6
13159.87109375,953.993887094352,7638972588881.08,1626652893921.64
13161.43359375,954.390014648438,7653014154343.79,1601276830620.67
13162.99609375,954.630004882813,7762232336441.66,1585208466825.07
13164.55859375,954.390014648438,7620529105943.15,1503009452042.02
13166.12109375,954.630004882813,7469268447384.63,1600777962176.95
13167.68359375,954.869995117188,7564980293512.72,1570088114476.53
13169.24609375,954.869995117188,7480056684570.93,1617682139438.17
13170.80859375,954.869995117188,7686549739068.8,1584954357206.06
13172.37109375,954.869995117188,7615637898640.23,1655632823896.43
13173.93359375,955.109985351563,7761989647407.87,1649623634376.48
13175.49609375,955.109985351563,7612447561028.59,1607648701971.31
13177.05859375,955.109985351563,7543266725147.02,1615139644084.08
13178.62109375,955.339965820313,7742417183488.47,1579984528498.65
13180.18359375,955.163057767429,7657888858091.1,1547671028221.73
13181.74609375,955.381166992188,7622713934196.4,1563670002588.78
13183.30859375,955.819946289063,7644658052286.23,1488597293835.77
13184.87109375,955.579956054688,7728154186824.58,1537795876799.13
13186.43359375,955.579956054688,7578252114014.4,1581221490360.51
13187.99609375,955.819946289063,7716494011930.58,1530427397930.67
13189.55859375,955.819946289063,7585674529076.07,1589557674145.41
13191.12109375,955.97686298077,7555629838878.9,1559758142497.48
13192.68359375,955.819946289063,7577270958179.14,1575189662210.17
13194.24609375,955.913964843751,7605681631348.58,1632608113218.71
13195.80859375,956.21640625,7543445663831.21,1605012849340.15
13197.37109375,956.059936523438,7611549013061.83,1607173835940.33
13198.93359375,956.059936523438,7590761905979.97,1619454273059.33
13200.49609375,956.530029296875,7479516136750.65,1552906226205.78
13202.05859375,956.437725360577,7655121059455.48,1618146194931.65
13203.62109375,956.587626953125,7427614241171.92,1649439565018.34
13205.18359375,956.530029296875,7671009747516.41,1577860080612.84
13206.74609375,956.77001953125,7475641955041.21,1597504449167.76
13208.30859375,956.77924992488,7598233231145.85,1559448210328.26
13209.87109375,957.010009765625,7659746966267,1565652835574.13
13211.43359375,957.010009765625,7597816448614.81,1642997276031.86
13212.99609375,957.239990234375,7593988028142.4,1532438555249.92
13214.55859375,957.239990234375,7590327781764.44,1551637621237.96
13216.12109375,957.046806640625,7606974268764.76,1574261932890.45
13217.68359375,957.010009765625,7582334141089.83,1558743949245.54
13219.24609375,957.47998046875,7637475895636.43,1611382807732.7
13220.80859375,957.47998046875,7520333458785.61,1554130118023.25
13222.37109375,957.47998046875,7694214858447.26,1627126917618.97
13223.93359375,957.47998046875,7499094959411.55,1596534973539.49
13225.49609375,957.719970703125,7530229072432.19,1659388828352.26
13227.05859375,958.18994140625,7526276164899.42,1634178592266
13228.62109375,957.47998046875,7677779427059.16,1659428427390.67
13230.18359375,957.719970703125,7421772067767.35,1605179447132.73
13231.74609375,957.9599609375,7576642705554.15,1594425931426.52
13233.30859375,958.181096003606,7423575191412.9,1578565436058.01
13234.87109375,957.9599609375,7533971733102.18,1601739984967.29
13236.43359375,957.9599609375,7499447135685.8,1593364323544.74
13237.99609375,958.430053710938,7433669099283.89,1572756740423.24
13239.55859375,958.430053710938,7371633144763.99,1644140739957.23
13241.12109375,958.430053710938,7412419512840,1663109555007.8
13242.68359375,958.430053710938,7422815579187.44,1552848823482.98
13244.24609375,958.650844726563,7494786477422.02,1573327313435.83
13245.80859375,958.670043945313,7498435841001.55,1597212150273.32
13247.37109375,958.670043945313,7558089013696.76,1569054683048
13248.93359375,958.670043945313,7598427300688.97,1596720934008.46
13250.49609375,958.900024414063,7704810104594.19,1567999745364.79
13252.05859375,958.900024414063,7589419146190.31,1591270536941.47
13253.62109375,958.900024414063,7513778860648.02,1611529258454.59
13255.18359375,958.918485201323,7535192670428.02,1584578256076.53
13256.74609375,959.140014648438,7502247287879.65,1593656707608.24
13258.30859375,959.140014648438,7530626119042.7,1597119509227.22
13259.87109375,959.619995117188,7520284706450.78,1574429461710.99
13261.43359375,959.140014648438,7533611589419.76,1617715387298.96
13262.99609375,959.619995117188,7461076030247.62,1602424202146.69
13264.55859375,959.717294546275,7466538577533.79,1555171194646.98
13266.12109375,959.619995117188,7549126835196.18,1553431635402.15
13267.68359375,959.752676156852,7396597222495.52,1591256650766.19
13269.24609375,959.619995117188,7342659009371.51,1663657202885.09
13270.80859375,959.849975585938,7633134583248.86,1582220958842.03
13272.37109375,959.849975585938,7541888521269.98,1609697676316.16
13273.93359375,960.089965820313,7405926816398.56,1538206054257.96
13275.49609375,960.329956054688,7465144074593.29,1576360449037.48
13277.05859375,960.329956054688,7624861812983.05,1624998019925.85
13278.62109375,960.329956054688,7450276466380.04,1554406575756.98
13280.18359375,960.329956054688,7471738833906.11,1577961846453.57
13281.74609375,960.329956054688,7433835687709.46,1565055166411.09
13283.30859375,960.569946289063,7406880730992.41,1593432658591.46
13284.87109375,960.634559044472,7489428096444.58,1609677233793.64
13286.43359375,960.569946289063,7461276302728.06,1618806698715.98
13287.99609375,960.985797588642,7378238999647.09,1659647153030.13
13289.55859375,960.809936523438,7386952172563.77,1576788749345.42
13291.12109375,961.031188964844,7436514152250.03,1598275749082.68
13292.68359375,961.0400390625,7411904540948.38,1589881915123.18
13294.24609375,961.0400390625,7452119566445.4,1606440458092.33
13295.80859375,961.0400390625,7348545311612.81,1611518865741.69
13297.37109375,961.280029296875,7396344147735.53,1564879550407.58
13298.93359375,961.25123046875,7517397783471.07,1539659419658.36
13300.49609375,961.280029296875,7457317121543.09,1631210021419.17
13302.05859375,961.280029296875,7315239703290.03,1663119380663.52
13303.62109375,961.353872445914,7474093161320.44,1574593720911.68
13305.18359375,961.561756963315,7389429028422.34,1588537062256.46
13306.74609375,961.760009765625,7423960285559.79,1578896152218.36
13308.30859375,961.760009765625,7383747990594.91,1599188080673.11
13309.87109375,961.760009765625,7399072308631.21,1640986024398.04
13311.43359375,961.989990234375,7331106453362.42,1596553526809.72
13312.99609375,961.280029296875,7256622578755.87,1539937116745.09
13314.55859375,962.137676532452,7453224160958.3,1660906512222.88
13316.12109375,962.26690204327,7464623496246.84,1574150273178.39
13317.68359375,962.22998046875,7384189390081.17,1616588341106.88
13319.24609375,962.469970703125,7379607881950.99,1625901378341.69
13320.80859375,962.469970703125,7491829263711.64,1598521773679.83
13322.37109375,962.469970703125,7427826958100.49,1600654681529.29
13323.93359375,962.7099609375,7353897750812.37,1608935379920.43
13325.49609375,962.7099609375,7281861522815,1571841505578.95
13327.05859375,962.7099609375,7506471298931.5,1590592979262.02
13328.62109375,962.7467578125,7441436516350.61,1661443398979.23
13330.18359375,962.599196213942,7343022911377.7,1631343404789.51
13331.74609375,963.180053710938,7315019165971.77,1529737464893.84
13333.30859375,962.93994140625,7373795565630.91,1546376315031.15
13334.87109375,962.93994140625,7405038846436.48,1597299135093.26
13336.43359375,963.180053710938,7277812772653.83,1515184979830.63
13337.99609375,962.7099609375,7315246463751.76,1561552917915.34
13339.55859375,963.180053710938,7438847361901.9,1589965792557.28
13341.12109375,963.420043945313,7414472065429.85,1610659322942.91
13342.68359375,963.438504732573,7258373834516.31,1604709356347.7
13344.24609375,963.420043945313,7317975674673.35,1637585565850.67
13345.80859375,963.660034179688,7415346685491.16,1581974750224.76
13347.37109375,963.420043945313,7214783314225.44,1616873060107.98
13348.93359375,963.660034179688,7367157981966.53,1624082846022.45
13350.49609375,963.890014648438,7146596425909.95,1599179889467.61
13352.05859375,964.26846078726,7504085203403.2,1549812553158.48
13353.62109375,964.130004882813,7362603243222.41,1586509171249.6
13355.18359375,964.26846078726,7300891044563.53,1584953575508.7
13356.74609375,963.936166616587,7165284088669.03,1645117915176.44
13358.30859375,964.130004882813,7324069462498.92,1572603809429.97
13359.87109375,964.130004882813,7199602894646,1600045315745.11
13361.43359375,964.369995117188,7310947361331.53,1633921355758.9
13362.99609375,963.890014648438,7265120175987.44,1583614764922.87
13364.55859375,964.609985351563,7311675075944.21,1646185594954.52
13366.12109375,964.716130183294,7352591200242.54,1589389367799.64
13367.68359375,964.839965820313,7456235540808.18,1628900562390.64
13369.24609375,964.609985351563,7269124160681.42,1631271129075.23
13370.80859375,964.609985351563,7441344087715.32,1581430381701.8
13372.37109375,964.839965820313,7510560789144.02,1574784095131.31
13373.93359375,964.839965820313,7324308058338.31,1591930130948.97
13375.49609375,965.079956054688,7267257587635.68,1609003374312.3
13377.05859375,965.319946289063,7280149220648.74,1664562057987
13378.62109375,965.137553710938,7294553098479.61,1612406712958.56
13380.18359375,965.319946289063,7326661150786.85,1576185131003.16
13381.74609375,965.387143554688,7349481116178.06,1548399975580.5
13383.30859375,965.559936523438,7155408021002.35,1648973843205.47
13384.87109375,965.559936523438,7219372948951.63,1577189085468.54
13386.43359375,965.800048828125,7385298670747.93,1575751925620.68
13387.99609375,965.800048828125,7280683316185.05,1615038698121.56
13389.55859375,965.559936523438,7330685378329.06,1687572182992.12
13391.12109375,966.030029296875,7296520121146.99,1630722136014.52
13392.68359375,965.947236328125,7313790192121.55,1624580894405.68
13394.24609375,966.030029296875,7195406429627.95,1570888689522.63
13395.80859375,966.030029296875,7280650625837.92,1631536071292.78
13397.37109375,966.27001953125,7144857787906.05,1620591023245.31
13398.93359375,966.27001953125,7066218597313.71,1602525819679.9
13400.49609375,966.030029296875,7276284335936.27,1650076484504.31
13402.05859375,966.657696063702,7246018888481.92,1614360247017.24
13403.62109375,966.75,7466091262246.81,1581726628726.7
13405.18359375,966.510009765625,7240170879344.22,1607461075866.23
13406.74609375,966.27001953125,7299527828620.75,1569096317885.5
13408.30859375,966.519240159255,7326095848211.56,1619205252131.04
13409.87109375,966.97998046875,7213788057274.87,1603557480853.65
13411.43359375,966.75,7250159911890.26,1629739194425.41
13412.99609375,966.75,7223856085289.26,1581274618694.74
13414.55859375,966.97998046875,7367651973288.74,1591833224690.83
13416.12109375,967.21037109375,7196255019887.44,1586540447332.51
13417.68359375,967.219970703125,7404491692081.91,1591375867545.99
13419.24609375,967.219970703125,7173535061833.8,1547818005121.59
13420.80859375,967.4599609375,7142710338636.52,1627958708805.81
13422.37109375,967.423039362981,7157872401800.56,1600765408639.1
13423.93359375,966.97998046875,7127364952956.47,1620282360370.5
13425.49609375,967.4599609375,7303607637700.67,1621368059635.43
13427.05859375,967.93994140625,7350732674188.51,1657277768413.19
13428.62109375,968.068798828126,7138785873779.43,1653700667701.81
13430.18359375,967.681490384616,7233714272161.02,1649335779409.9
13431.74609375,967.699951171875,7128344507361.77,1639506396746.52
13433.30859375,968.170043945313,7214988191288.18,1612353229700.31
13434.87109375,968.170043945313,7204731417813.02,1644302440942.93
13436.43359375,968.410034179688,7139495554222.41,1726237077213.27
13437.99609375,968.170043945313,7214519529700.41,1637334145666.75
13439.55859375,968.138826810397,7126527105759.68,1690039634145.8
13441.12109375,968.410034179688,7228315814072.33,1592063879954.8
13442.68359375,968.349604679988,7208171330867.76,1581834920448.32
13444.24609375,968.607169015068,7196366908329.53,1577533680982.5
13445.80859375,968.650024414063,7287080671550.66,1621757933739.75
13447.37109375,968.890014648438,7340775258424.19,1636254166760.03
13448.93359375,968.650024414063,7078950433513.63,1589657537536.15
13450.49609375,969.130004882813,7212249420563.63,1619307976646.31
13452.05859375,968.890014648438,7141984883764.15,1594182411708.23
13453.62109375,969.359985351563,7318330390407.29,1613339255061.13
13455.18359375,969.359985351563,7279773165687.58,1635963177194.85
13456.74609375,969.130004882813,7171614675117.46,1617916850862.71
13458.30859375,969.130004882813,7133204459705.83,1600100743658.33
13459.87109375,969.359985351563,7155458259529.45,1607775926408.31
13461.43359375,969.359985351563,7196415087165.9,1586856274908.23
13462.99609375,969.599975585938,7192188622635.31,1589864310803.57
13464.55859375,969.599975585938,7158077914024.89,1603929640149.45
13466.12109375,969.803044245794,7065644569557.89,1652138682485.68
13467.68359375,969.839965820313,7033133798663.57,1636881378190.28
13469.24609375,969.839965820313,7176489597068.85,1548010892231.23
13470.80859375,970.079956054688,7095077760535.76,1658634990214.89
13472.37109375,970.319946289063,7229681453087.75,1608040893561.62
13473.93359375,970.070725661058,7061859510981.6,1595402068721.26
13475.49609375,969.839965820313,7069764350717.09,1636367057527.26
13477.05859375,970.319946289063,7056468833529.42,1629336783035.99
13478.62109375,970.387324406551,7044646548110.5,1679845969791.93
13480.18359375,970.550048828125,7034329765041.3,1600645647531.44
13481.74609375,970.319946289063,7154291949700.48,1678952494013.63
13483.30859375,970.550048828125,7082694260413.07,1566035693165.79
13484.87109375,970.531245117188,7023359360333.87,1651387209465.2
13486.43359375,970.919264573317,7003830565840.39,1621331029747.71
13487.99609375,970.550048828125,7111312778845.99,1644388415044.74
13489.55859375,970.7900390625,7034004002627.19,1615598390965.33
13491.12109375,970.429189828727,7009320147142.67,1612733845029.46
13492.68359375,971.27001953125,7041164363146.86,1610188885437.38
13494.24609375,971.030029296875,7126669281556.13,1635303672420.86
13495.80859375,971.030029296875,7109308825574.74,1609738876268.55
13497.37109375,971.27001953125,7058946069889.34,1666710214369.84
13498.93359375,971.27001953125,7024693005272.51,1667697958664.13
13500.49609375,971.27001953125,6975207875775.58,1622870775424.15
13502.05859375,971.27001953125,7055608545635.22,1602869139128.99
13503.62109375,971.678072415866,6958272447163.78,1673018829819.16
13505.18359375,971.82638671875,7195845769226.45,1656434809290.23
13506.74609375,971.739990234375,7017055438931.48,1639322404683.84
13508.30859375,971.739990234375,7053384273787.23,1640111125871.27
13509.87109375,971.97998046875,6945858790721.98,1622087660326.86
13511.43359375,971.841524564303,7013970387861.84,1606997741144.73
13512.99609375,971.9991796875,6997362264600.15,1624640936468.04
13514.55859375,971.739990234375,7061379631267.84,1581114291589.1
13516.12109375,972.219970703125,6849327344757.17,1641068442267.39
13517.68359375,972.219970703125,7043118989523.83,1546336428125.53
13519.24609375,972.219970703125,7050329232252.4,1586337300531.61
13520.80859375,972.239169921875,7179082424637.27,1608150937040.73
13522.37109375,972.4599609375,7091543869991.28,1658944591791.2
13523.93359375,972.4599609375,6971922608648.73,1697248281056.18
13525.49609375,972.626108022837,6967632283640.99,1544477441988.05
13527.05859375,972.745971679688,7068664367484.12,1618151020608.91
13528.62109375,972.699951171875,6936495354125.22,1627978359379.61
13530.18359375,972.782788085938,6882903776851.89,1591844402797.44
13531.74609375,973.170043945313,6996919943085.76,1590730658205.06
13533.30859375,972.930053710938,7044167736143.91,1635545587071.36
13534.87109375,972.930053710938,7091653916088.49,1604068397846.74
13536.43359375,973.013127253606,6821854796908.35,1615688836389.17
13537.99609375,973.216195913462,6873927238351.8,1620626589334.89
13539.55859375,973.410034179688,6970837598338.44,1616024998231.07
13541.12109375,973.410034179688,7022467458930.71,1629211026731.3
13542.68359375,973.410034179688,6809811234042.79,1611524143202.85
13544.24609375,973.650024414063,7030346386006.79,1650781982221.53
13545.80859375,973.650024414063,7076839264295.58,1634317947437.72
13547.37109375,973.520798903246,6961198353201.97,1663811548476.66
13548.93359375,973.650024414063,7113142224558.9,1630433023410.23
13550.49609375,973.784301757813,7078911724246.41,1626701202545.21
13552.05859375,973.890014648438,6959930469621.51,1713403998075.42
13553.62109375,974.119995117188,7040846827052.18,1606060468523.61
13555.18359375,974.119995117188,6947779880485.72,1645305756331.86
13556.74609375,974.340786132813,6816613332575.61,1608859534089.14
13558.30859375,974.119995117188,6814739443548.75,1567030982928.08
13559.87109375,974.359985351563,6893559351601.03,1586707520702.31
13561.43359375,974.599975585938,7019408558028.74,1565405952110.04
13562.99609375,974.187192382813,6847639682516.06,1680557825860.35
13564.55859375,974.359985351563,6992181888554.81,1584671453584.84
13566.12109375,974.359985351563,7050385800070.61,1604639954181.89
13567.68359375,974.839965820313,6905588803299.53,1706892033772.58
13569.24609375,974.599975585938,6940226776113.5,1606238453241.86
13570.80859375,974.839965820313,6934714532585.76,1562712602853.47
13572.37109375,974.839965820313,7041780018177.11,1618275606110.92
13573.93359375,974.839965820313,6903239131144.85,1674432534739.5
13575.49609375,975.309936523438,6878247535515.35,1648410156939.94
13577.05859375,975.079956054688,6945270933493.98,1592428458576.44
13578.62109375,975.309936523438,7075859918656.33,1601606032693.05
13580.18359375,975.550048828125,6776984512684.5,1660827545209.99
13581.74609375,975.550048828125,7056831537421.01,1630783488556.98
13583.30859375,975.309936523438,6897014914184.2,1592418298682.9
13584.87109375,975.7900390625,6840612827469.33,1647580514985.81
13586.43359375,975.761240234375,6993472294531.17,1582796910051.05
13587.99609375,975.7900390625,6849154676917.54,1636957749807.84
13589.55859375,975.550048828125,6776396420674.5,1648589158442.68
13591.12109375,975.7900390625,6954550025744.41,1610611760856.46
13592.68359375,976.27001953125,6837492463549.31,1665607335068.06
13594.24609375,976.030029296875,6803398245285.83,1640372996101.75
13595.80859375,976.030029296875,6911683930858.85,1631691901791.02
13597.37109375,976.27001953125,6656322638739.16,1625587542656.76
13598.93359375,976.159254807692,6907813000327.26,1626611492327.24
13600.49609375,976.27001953125,6906808970989.82,1650495811090.82
13602.05859375,976.510009765625,6823499833962.5,1587036338780.57
13603.62109375,976.704608623798,6961765428331.32,1585149468640.19
13605.18359375,976.739990234375,6682531924007.49,1630438176980.44
13606.74609375,976.739990234375,6732887293806.76,1612545287492.07
13608.30859375,976.739990234375,6793805992848.53,1643947228720.28
13609.87109375,976.97998046875,6767845407496.05,1612130813624.9
13611.43359375,976.97998046875,6849700018015.56,1577532126761.37
13612.99609375,976.97998046875,6821737095429.13,1641362263046.26
13614.55859375,977.210740309495,6869560480514.16,1630059662942.94
13616.12109375,976.97998046875,6774962157523.8,1688288820127.43
13617.68359375,976.97998046875,6880591858973.04,1658849170085.59
13619.24609375,977.411962890625,6736730622112.45,1663489951390.61
13620.80859375,977.321505033053,6797886737449.08,1658055890965.88
13622.37109375,977.219970703125,6877824638412.95,1686942962407.19
13623.93359375,977.201509915866,6780478747166.43,1638486443768.7
13625.49609375,977.680751953125,6805539564228.18,1660273335631.47
13627.05859375,977.699951171875,6848714092630.98,1644165214689
13628.62109375,977.4599609375,6838442280102.31,1600712670336.04
13630.18359375,977.699951171875,6745580121293.58,1622175256475.04
13631.74609375,977.93994140625,6553661523714.58,1608747342079.43
13633.30859375,978.125793457032,6897864524352.72,1631156687336.31
13634.87109375,977.84565952846,6818675771453.29,1623275914999.1
13636.43359375,978.410034179688,6777492029017.74,1590665451579.67
13637.99609375,978.290039062501,6828141349237.56,1616967908972.87
13639.55859375,978.197735126203,6773490676720.68,1617599192943.24
13641.12109375,977.853094692888,6928485182969.05,1603223547847.35
13642.68359375,978.170043945313,6771519109180.52,1661977699247.42
13644.24609375,978.8161714994,6738614319433.8,1639268473675.06
13645.80859375,978.726821289063,6708490894253.32,1634875368563.71
13647.37109375,978.650024414063,6708525109590.79,1628906648481.6
13648.93359375,978.650024414063,6697112228957.33,1643316177695.98
13650.49609375,978.650024414063,6682322896194.72,1720811062477.88
13652.05859375,979.130004882813,6665839023402.79,1654142063605.75
13653.62109375,979.130004882813,6655362355277.43,1658099296363.37
13655.18359375,979.130004882813,6829451870251.98,1614853703046.5
13656.74609375,979.359985351563,6872605939073.21,1647145943088.23
13658.30859375,979.130004882813,6614756652799.69,1603992567156.22
13659.87109375,979.359985351563,6756800308573.74,1639106412449.41
13661.43359375,979.599975585938,6687623420829.19,1600980616702.6
13662.99609375,979.599975585938,6638997575332.32,1622292399719.71
13664.55859375,979.415367713342,6809939359906.28,1615656573603.19
13666.12109375,979.5261324369,6748285926605.21,1622802889191.3
13667.68359375,979.659973144532,6591925261558.42,1642894603453.71
13669.24609375,979.839965820313,6760654194080.74,1683281043656.39
13670.80859375,979.916762695313,6688483465793.67,1603882567823.99
13672.37109375,980.079956054688,6667616896849.84,1602251010028.57
13673.93359375,979.839965820313,6809650252065.11,1682175784530.29
13675.49609375,980.319946289063,6733819731475.03,1671437652071.57
13677.05859375,980.319946289063,6589489731534.45,1653557710643.6
13678.62109375,980.319946289063,6741702633670.74,1614052888391.82
13680.18359375,980.135338416467,6755720155842.51,1598910989506.26
13681.74609375,980.415942382813,6657410984280.15,1604900230357.89
13683.30859375,979.839965820313,6610305438701.6,1685322205022.28
13684.87109375,980.689227764424,6718620092589.92,1687990914063.48
13686.43359375,980.781578650842,6695070886894.71,1632708673587.74
13687.99609375,980.559936523438,6697701444018,1620583684655.53
13689.55859375,980.800048828125,6628367643009.84,1652506756038.78
13691.12109375,980.559936523438,6853530054078.28,1667074137693.62
13692.68359375,981.030029296875,6724884365568.68,1618078488529.66
13694.24609375,981.030029296875,6595331548047.37,1672463625357.56
13695.80859375,981.030029296875,6757668201658.89,1573277249916.16
13697.37109375,981.030029296875,6576591315388.79,1661396366482.69
13698.93359375,980.800048828125,6767552491921.8,1692272372499.51
13700.49609375,981.510009765625,6792785832891.87,1588917716486.35
13702.05859375,981.548408203125,6663264433510.37,1604625747294.69
13703.62109375,981.27001953125,6742717027803.28,1625416871029.3
13705.18359375,981.27001953125,6564374999363.52,1628324254472.43
13706.74609375,981.797998046875,6593722378848.4,1684435160381.12
13708.30859375,981.75,6657592704528.6,1603682937078.69
13709.87109375,981.75,6655093284237.03,1652050340563.64
13711.43359375,981.76846078726,6605015866132.84,1677829442823.29
13712.99609375,981.989990234375,6600279553429.99,1657715153835.6
13714.55859375,982.22998046875,6784106061417.83,1667977533064.57
13716.12109375,981.989990234375,6731995873821.21,1656001031967.87
13717.68359375,982.22998046875,6617409290841.08,1596014328593.45
13719.24609375,982.22998046875,6596892702196.8,1596261130109.46
13720.80859375,982.22998046875,6634524952343.13,1589639148729.29
13722.37109375,982.4599609375,6605100045120.09,1666311337972.25
13723.93359375,982.4599609375,6603380914770.29,1613840026324.68
13725.49609375,982.4599609375,6745089439754.22,1703871439797.28
13727.05859375,982.63275390625,6570704316684.07,1671263311067.66
13728.62109375,982.543034480168,6631355060511.99,1632132035493.72
13730.18359375,982.699951171875,6633375685554.84,1622576041081.72
13731.74609375,982.93994140625,6602729600883.6,1610829846358.48
13733.30859375,983.410813551683,6548453460925.85,1599207453077.11
13734.87109375,983.180053710938,6515309792229.74,1610554247007
13736.43359375,983.180053710938,6550860346513.69,1620692142223.64
13737.99609375,983.660034179688,6681631320970.4,1627016451189.98
13739.55859375,983.420043945313,6608401161703.12,1636098871384.6
13741.12109375,983.221791143003,6560196541708.27,1643947205729.71
13742.68359375,983.266450195313,6663924435139.37,1607559553477.7
13744.24609375,983.420043945313,6513936896757.65,1632110102211.41
13745.80859375,983.420043945313,6536419342735.23,1668217102643.21
13747.37109375,983.900024414063,6514990670863.01,1650272737233.33
13748.93359375,983.743107722356,6402324657828.44,1645275022239.75
13750.49609375,983.900024414063,6422268712159.6,1590759737340.65
13752.05859375,983.706186147837,6531052101842.54,1569763654021.42
13753.62109375,984.050396259015,6623335994082.58,1631974203576.65
13755.18359375,983.900024414063,6545250809631.25,1596169927229.49
13756.74609375,984.130004882813,6483283444687.94,1637785532754.34
13758.30859375,984.369995117188,6512810649432.91,1686927525713.53
13759.87109375,984.369995117188,6591290006705.69,1623205828805.55
13761.43359375,984.369995117188,6422216121231.74,1614413770915.89
13762.99609375,984.369995117188,6531346783964.43,1624932704891.49
13764.55859375,984.609985351563,6447235683228.98,1621101882209.86
13766.12109375,984.408393554688,6463597649349.45,1603611696934.37
13767.68359375,984.696381835938,6560592019490.27,1679036186866.9
13769.24609375,984.185387244592,6588569138107.8,1593350311704.78
13770.80859375,984.849975585938,6496709481176.38,1679984125321.99
13772.37109375,985.089965820313,6539918935608.78,1627331556496.31
13773.93359375,984.693058894231,6533801818428.65,1719708630733.83
13775.49609375,985.089965820313,6514299177827.33,1637612024896.92
13777.05859375,985.329956054688,6481192701778.35,1635942640502.15
13778.62109375,985.329956054688,6340212864288.64,1631759456580.55
13780.18359375,985.089965820313,6497180460071.29,1649739315448.93
13781.74609375,985.329956054688,6312459780161.28,1567480814961.21
13783.30859375,985.569946289063,6510912621472.87,1629314728283.84
13784.87109375,985.569946289063,6478191817806.53,1663901403183.19
13786.43359375,985.569946289063,6337976962223.13,1692964774648.81
13787.99609375,985.569946289063,6449475481224.18,1658296229407.39
13789.55859375,985.800048828125,6329499349224.85,1693395389783.7
13791.12109375,985.329956054688,6449326632394.13,1620477929044.38
13792.68359375,985.69384765625,6602629186670.56,1639666516075.96
13794.24609375,986.0400390625,6460330907966.15,1675306533392.8
13795.80859375,985.569946289063,6296397623732.03,1609306044366.76
13797.37109375,986.0400390625,6351455610294.72,1625135907966.45
13798.93359375,986.280029296875,6405701496271.07,1674049109382.83
13800.49609375,986.168605259487,6244707663316.12,1660954970037
13802.05859375,986.270798903245,6519235743825.15,1611597663436.62
13803.62109375,986.280029296875,6420112181587.96,1640541770842.99
13805.18359375,986.501558743991,6484968841558.09,1636164712626.12
13806.74609375,986.52001953125,6437266600781.49,1631642665401.12
13808.30859375,986.52001953125,6485053095055.76,1664439949397.08
13809.87109375,987,6487205148483.62,1635765278585.57
13811.43359375,986.760009765625,6321331670068.49,1674948312985.98
13812.99609375,987,6400263283209.7,1658744103786.74
13814.55859375,987,6484287314378.85,1630934867334.11
13816.12109375,986.99076960637,6414106419358.62,1671447536459.57
13817.68359375,987,6519108317268.79,1647507858154.9
13819.24609375,987.046151968149,6420251069644.28,1648147120054.16
13820.80859375,987.304384765625,6244249969643.33,1653951340023.18
13822.37109375,987.414775390625,6429446256857,1633009285607.85
13823.93359375,987.469970703125,6274884425923.05,1686892907074.34
13825.49609375,987.377978515625,6435581870639.44,1666433741289.84
13827.05859375,987.71919133113,6447570052125.1,1643269341438.81
13828.62109375,987.7099609375,6503602880170.32,1704031355724.99
13830.18359375,987.949951171875,6391423052033.24,1642806894365.87
13831.74609375,987.7099609375,6405173523977.23,1648551328620
13833.30859375,987.949951171875,6406658125945.7,1747983161536.85
13834.87109375,988.228359375,6415020357697.2,1643535063317.5
13836.43359375,988.319232647236,6390020617620.8,1670052991970.06
13837.99609375,988.18994140625,6303307678979.15,1645497712386.72
13839.55859375,988.18994140625,6331010184096.58,1653917078135.79
13841.12109375,988.430053710938,6223576971492.14,1576293248066.57
13842.68359375,988.430053710938,6293153700558.3,1604245297368.19
13844.24609375,988.430053710938,6521247738549.56,1648920833668.59
13845.80859375,988.430053710938,6268871146490.28,1681650162023.8
13847.37109375,988.670043945313,6356179544716.02,1587432490463
13848.93359375,988.670043945313,6245393261427.3,1670980737352.43
13850.49609375,988.670043945313,6164215562321.01,1704995040299.63
13852.05859375,988.862036132813,6337903283291.33,1590242686615.19
13853.62109375,989.111625976563,6347628519844.85,1618745355497.76
13855.18359375,988.910034179688,6335650604690.68,1675071953347.84
13856.74609375,988.910034179688,6160655141192.55,1651093677430.64
13858.30859375,989.380004882813,6346918572193.36,1581747368809.3
13859.87109375,989.380004882813,6445543171420.01,1620086932612.32
13861.43359375,989.619995117188,6180987513001,1715399687966.12
13862.99609375,989.426156850962,6222430089958.11,1689959954835.07
13864.55859375,989.619995117188,6352929966884.34,1688170242512.39
13866.12109375,989.463078425481,6240310390526.4,1665709737640.02
13867.68359375,989.619995117188,6357121311687.69,1615278699110.77
13869.24609375,989.619995117188,6126916503448.58,1682232104697.74
13870.80859375,990.099975585938,6388061318371.37,1616823830988.1
13872.37109375,989.859985351563,6344159300207.23,1610016085310.71
13873.93359375,989.859985351563,6281503084403.05,1670588564534.44
13875.49609375,989.887676532453,6241923022218.29,1655888347492.2
13877.05859375,990.099975585938,6149205154399.22,1637005085867.46
13878.62109375,990.339965820313,6302406751558.22,1665613898410.42
13880.18359375,990.339965820313,6176953273631.25,1671014387972.26
13881.74609375,990.339965820313,6248665936152.82,1622416829136.3
13883.30859375,990.339965820313,6179078355999.34,1683683358712.17
13884.87109375,990.579956054688,6072259986596.54,1634407667350.91
13886.43359375,990.768519810269,6217158598803.99,1587087148111.94
13887.99609375,990.723950195313,6190230862148.38,1623627080530.14
13889.55859375,991.059936523438,6142692363860.61,1611294585067.63
13891.12109375,990.819946289063,6232930120305.92,1652096229650.04
13892.68359375,991.041475736179,6229031202871.67,1664805666895.28
13894.24609375,991.059936523438,6364292820009.64,1621190007804.67
13895.80859375,991.059936523438,6258427489341.8,1675918533927.08
13897.37109375,991.059936523438,6216632970994.48,1647074152158.04
13898.93359375,991.059936523438,6228998882171.06,1639041944776.09
13900.49609375,991.300048828125,6307670514576.17,1603301692870.83
13902.05859375,991.300048828125,6316113532439.04,1629564202739.97
13903.62109375,991.521183894231,6213335958813.66,1581682705178.98
13905.18359375,991.530029296875,6192451717992.47,1632193133296.12
13906.74609375,991.530029296875,6292533665388.17,1664890075209.28
13908.30859375,991.77001953125,6239871311439.85,1728313740332.97
13909.87109375,991.77001953125,6166290156654.35,1672308152230.5
13911.43359375,991.77924992488,6224221729538.92,1666172194924.8
13912.99609375,992.010009765625,6282488680022.74,1626232199501.22
13914.55859375,992.010009765625,6130617805004.4,1621480460478.54
13916.12109375,992.010009765625,6221545008799.9,1674686539162.31
13917.68359375,992.25,6089738794636.02,1708163984814.52
13919.24609375,992.25,6305493553833.91,1645800041273.33
13920.80859375,992.010009765625,6135517829699.83,1656583854878.61
13922.37109375,992.489990234375,6236992527877.52,1614675582171.1
13923.93359375,992.489990234375,6322254852598.79,1672136623608.78
13925.49609375,992.25,6202968834975.22,1581720084627.33
13927.05859375,992.72998046875,6269355388465.1,1627520534112.04
13928.62109375,992.72998046875,6015736115414.43,1643565011981.94
13930.18359375,992.72998046875,6227168526993.42,1617671052872.49
13931.74609375,993.2099609375,6310772229570.85,1598635297196.19
13933.30859375,992.72998046875,6076292084628.39,1632280539400.22
13934.87109375,992.969970703125,6166007554772.17,1641101258300.56
13936.43359375,993.2099609375,6285345710691.41,1705972882278.25
13937.99609375,993.283804086539,6229429545738.02,1649976460088.43
13939.55859375,993.2099609375,6086081858792.97,1652578811108.62
13941.12109375,993.449951171875,6208575619782.64,1660717897381.64
13942.68359375,993.449951171875,6209413153825.67,1675952234482.12
13944.24609375,993.449951171875,6153796017906.86,1631086123353.26
13945.80859375,993.449951171875,6235058965993.45,1603311900240.24
13947.37109375,993.680053710938,6120687583768.17,1669555870044.79
13948.93359375,993.680053710938,6174479972584.72,1661589893193.55
13950.49609375,993.680053710938,6141518910314.18,1680082236420.85
13952.05859375,993.680053710938,6163692536403.04,1652755525350.89
13953.62109375,993.920043945313,6041501584367.33,1675419583304.81
13955.18359375,994.400024414063,6090774715481.3,1620322639685.1
13956.74609375,994.160034179688,6195283449653.09,1692175757235.08
13958.30859375,993.920043945313,5991582568276.27,1627509273521.99
13959.87109375,994.160034179688,6177487519782.39,1678029850859.03
13961.43359375,994.640014648438,6204031415780.13,1642187744556.77
13962.99609375,994.496020507813,5993757979817.17,1678023076198.29
13964.55859375,994.563217773438,6147953268526.08,1627750240728.36
13966.12109375,994.400024414063,6181304202341.66,1671125733661.62
13967.68359375,994.640014648438,6072938271786.33,1655719918934.98
13969.24609375,994.400024414063,6220764727374.4,1691870550454.44
13970.80859375,994.732318584736,6175234692160.81,1667246809086.04
13972.37109375,994.880004882813,6119531077325.28,1645410619097.28
13973.93359375,995.064612755409,6102394607963.5,1588447553332.1
13975.49609375,994.965715680804,6029771825629.74,1609725573600.61
13977.05859375,995.119995117188,6207775981910.5,1672653475333.68
13978.62109375,995.359985351563,6213679154956.53,1607785912884.22
13980.18359375,995.119995117188,6192059338153.59,1681895639827.52
13981.74609375,995.359985351563,6113794309976.68,1606460895272.61
13983.30859375,995.599975585938,6123528493761.47,1758444330953.77
13984.87109375,995.359985351563,6171102718008.08,1592190903627.97
13986.43359375,995.599975585938,5963561036444.21,1608118549953.65
13987.99609375,995.627666766828,6170745824402.24,1636897709086.07
13989.55859375,995.424598106972,6060216091745.53,1655042644027.45
13991.12109375,995.839965820313,6079645738473.34,1644310734132.79
13992.68359375,995.839965820313,6001756649978.73,1678196711778.4
13994.24609375,996.069946289063,6099345370130.32,1687172738740.16
13995.80859375,995.839965820313,6019241866188.97,1602833802041.09
13997.37109375,996.069946289063,6056626425149.54,1606076599524.5
13998.93359375,996.309936523438,6139231434026.45,1596141030403.89
14000.49609375,996.309936523438,5942515036799.7,1534121548650.68
14002.05859375,996.540813739483,6001144118791.54,1584869784755.72
14003.62109375,996.309936523438,6035661923872.69,1637017721158.59
14005.18359375,996.550048828125,6176498751114.34,1643555068817.87
14006.74609375,996.550048828125,6045487373385.23,1637029959502.36
14008.30859375,996.7900390625,6043244212902.31,1610804037015.44
14009.87109375,996.588447265625,6036903176972.01,1726186488354.06
14011.43359375,996.857236328125,5988624286314.35,1700635651668.12
14012.99609375,996.550048828125,6037678174642.74,1613436476475.95
14014.55859375,997.030029296875,6210427742507.3,1582249571547.67
14016.12109375,997.030029296875,6013049326272.45,1616331582180.22
14017.68359375,997.030029296875,6071625501613.19,1682511833822
14019.24609375,997.27001953125,6099302047293.77,1694275580829.96
14020.80859375,997.030029296875,6069330455645.7,1622189669255.91
14022.37109375,997.27001953125,6043537580033.37,1678963058909.89
14023.93359375,997.510009765625,6030270120938.83,1584850846422.61
14025.49609375,997.27001953125,5999162438446.23,1667123529769.36
14027.05859375,997.519240159255,6162253173969.16,1666377226174.21
14028.62109375,997.75,6196186166866.33,1610481615548.17
14030.18359375,997.510009765625,6152993953956.54,1595607276916.39
14031.74609375,997.823843149039,6003560239649.26,1693142342405.76
14033.30859375,997.75,5961908667826.75,1652038977454
14034.87109375,997.989990234375,6107148171300.06,1660716670431.08
14036.43359375,998.22998046875,6019303365038.13,1648161461393.05
14037.99609375,998.22998046875,6029561729572.06,1669641288917.39
14039.55859375,997.989990234375,6048420045779.66,1716575351095.23
14041.12109375,997.76846078726,5956750116052.34,1671122072502.46
14042.68359375,998.22998046875,5898177525135.62,1641711244478.96
14044.24609375,998.469970703125,6103377145004.1,1663309643854.96
14045.80859375,998.276132436899,6027442003225.25,1693808640271.12
14047.37109375,998.469970703125,6030587033864.97,1752502605881.18
14048.93359375,998.7099609375,6042131482522.94,1668207039989.5
14050.49609375,998.7099609375,5928848040238.08,1679963745983.7
14052.05859375,998.93994140625,6079443179301.07,1716087291861.84
14053.62109375,998.7099609375,6076283799204.74,1606352217514.96
14055.18359375,998.93994140625,5952332187343.7,1656900119786.34
14056.74609375,999.180053710938,6020778252474.29,1668490400190.74
14058.30859375,999.180053710938,6006427198648.77,1648725665468.19
14059.87109375,998.93994140625,5879489015368.71,1624704053874.85
14061.43359375,999.309279221755,6089071312274.79,1637495387070.14
14062.99609375,999.420043945313,5950645536069.79,1671326645964.72
14064.55859375,999.180053710938,6029468015975.3,1724918628201.81
14066.12109375,999.900024414063,6043440614092.45,1734269238767.16
14067.68359375,999.660034179688,5933139047661.16,1656608736501.57
14069.24609375,999.420043945313,5899029315037.57,1626637796548.69
14070.80859375,999.466195913462,6098097992681.32,1732325943656.65
14072.37109375,999.794428710938,5889832867202.89,1669540296331.63
14073.93359375,999.900024414063,5983966520758.92,1609903471368.34
14075.49609375,999.900024414063,6014695926817.07,1662980845643.97
14077.05859375,1000.14001464844,5978488101350.55,1657232594741.34
14078.62109375,1000.0661714994,5960827885352.32,1666363524970.78
14080.18359375,1000.14001464844,6064373781608,1601178998758.19
14081.74609375,1000.38000488281,5883817498692.29,1708688445125.78
14083.30859375,1000.14001464844,5929684226333.73,1730994533630.27
14084.87109375,1000.14001464844,6045491008420.13,1748948451731.37
14086.43359375,1000.61999511719,6135633975219.62,1651330183888.71
14087.99609375,1000.63919433594,5933117274436.63,1684570035279.82
14089.55859375,1000.85998535156,5983161414829.44,1648002026048.61
14091.12109375,1000.61999511719,5898686647551.34,1674228499181.29
14092.68359375,1000.85998535156,6091599951592.94,1648674044897.13
14094.24609375,1000.85998535156,6046892207164.56,1648875668544.17
14095.80859375,1000.87918457031,5906995822684.56,1693176793205.81
14097.37109375,1001.09997558594,5915448162872.41,1697575535089.23
14098.93359375,1001.09997558594,6016238369970.88,1651408240182.58
14100.49609375,1001.09997558594,6013294024711.11,1684115330682.32
14102.05859375,1001.57995605469,5939155667439.39,1650108754848.59
14103.62109375,1001.16458834135,6100460990277.68,1648556302229.43
14105.18359375,1001.57995605469,6127533470306.76,1741946431808.96
14106.74609375,1001.33996582031,5881428617710.58,1665114479033.75
14108.30859375,1001.69515136719,6118854467350.39,1679204156074.61
14109.87109375,1001.33996582031,6051141512678.24,1676066799721.99
14111.43359375,1001.57995605469,6030611387974.29,1658424738282.02
14112.99609375,1001.81994628906,5930072072416,1675591757834.36
14114.55859375,1002.2900390625,6019515222906.14,1678066867787.83
14116.12109375,1002.05993652344,5962480792737.79,1709289053592.42
14117.68359375,1002.05993652344,5988103654545.38,1689365887391.34
14119.24609375,1002.05993652344,5924701634088.67,1616460723183.61
14120.80859375,1002.2900390625,5891499021906.43,1671233999779.35
14122.37109375,1002.2900390625,5936501195997.05,1648706330543.09
14123.93359375,1002.2900390625,5971735063157.25,1635142042248.78
14125.49609375,1002.53002929688,5946157873104.43,1681260086296.19
14127.05859375,1002.77001953125,5896217637696.85,1749403704821.95
14128.62109375,1002.77001953125,5817087057404.46,1685813516863.09
14130.18359375,1002.65925480769,5742439340045.93,1636768436438.68
14131.74609375,1002.77001953125,6017896942963.77,1685471075143.6
14133.30859375,1002.77001953125,5753927893198.85,1687888009615.11
14134.87109375,1002.97308819111,5957925077327.32,1654008791488.29
14136.43359375,1003.01000976563,5845815823501.12,1666577717750.68
14137.99609375,1003.25,5929990193250.11,1708194901197.45
14139.55859375,1003.25,5824611686820.69,1671364048003.94
14141.12109375,1003.01000976563,5968466660590.62,1715776869149.45
14142.68359375,1003.48999023438,5804862510189.26,1710982612284.81
14144.24609375,1003.28692157452,5700935025757.48,1676076722257.75
14145.80859375,1003.30538236178,5896195021227.93,1694768686387.2
14147.37109375,1003.72998046875,5850906599054.47,1642841168328.15
14148.93359375,1003.66536771334,5773695778338.63,1666711187877.61
14150.49609375,1003.48999023438,5813942381500.54,1638720878286.91
14152.05859375,1003.96997070313,5780788878395.69,1694029630458.5
14153.62109375,1003.72998046875,5845072933192.07,1728060328312.17
14155.18359375,1003.96997070313,5898972163695.88,1696053893438.1
14156.74609375,1004.19076171875,5808343212360.67,1721102059474.44
14158.30859375,1004.2099609375,5821887141228.45,1671368083199.61
14159.87109375,1004.2099609375,5834289717828.44,1701030303632.79
14161.43359375,1004.2099609375,5816149516712.05,1677459530312.19
14162.99609375,1004.44995117188,5923355510855.6,1651346478661.21
14164.55859375,1004.46915039063,5909813374186.31,1644770321121.82
14166.12109375,1004.31555664063,5800467869598.16,1726819113129.67
14167.68359375,1004.2099609375,5796644419103.69,1690418775342.92
14169.24609375,1004.68994140625,5930897720660.29,1676948289326.96
14170.80859375,1004.68994140625,5845706160202.95,1693204085760.89
14172.37109375,1004.68994140625,5763285049005.1,1689097451266.23
14173.93359375,1004.68994140625,5741599803493.46,1669901599935.45
14175.49609375,1004.93005371094,5846343525843.25,1666219458792.78
14177.05859375,1004.93005371094,5817520760652.54,1720872701574.36
14178.62109375,1005.17004394531,5871426658383.46,1740418726203.13
14180.18359375,1005.17004394531,5758745965677.85,1725227114680.7
14181.74609375,1005.17004394531,5758090839861.48,1650756130330.64
14183.30859375,1005.65002441406,5952036755926.57,1704111821995.99
14184.87109375,1005.65002441406,5630390107593.33,1675292742330.62
14186.43359375,1005.62122558594,5709479473133.12,1709804494419.18
14187.99609375,1005.65002441406,5930891854582.94,1713415721052.78
14189.55859375,1005.89001464844,5757704001157.52,1775171854209.87
14191.12109375,1005.76078913762,5835598239877.44,1682194734327.22
14192.68359375,1005.48683105469,5710406378564.44,1757497949197.72
14194.24609375,1006.13000488281,5785281872266.14,1657423710888.11
14195.80859375,1005.89001464844,5734684111269.76,1753279951622.28
14197.37109375,1005.89001464844,5849963709559.32,1684490411787.54
14198.93359375,1006.36999511719,5713482224583.82,1763050516660.07
14200.49609375,1006.13000488281,5687675839028.34,1649480655349.69
14202.05859375,1006.36999511719,5830571030649.54,1723095681738.65
14203.62109375,1006.13000488281,5788535975392.25,1728085090350.37
14205.18359375,1006.60998535156,5768459722482.24,1718537640837.34
14206.74609375,1006.60998535156,5804192663337.21,1637701746673.69
14208.30859375,1006.36999511719,5768180395546.09,1666753026120.16
14209.87109375,1006.83996582031,5675403070778.34,1698933059356.11
14211.43359375,1006.6188307542,5790394909120.04,1666710913925.15
14212.99609375,1007.07995605469,5691697717365.29,1695212364132.64
14214.55859375,1007.07995605469,5696359574102.46,1630406393360.17
14216.12109375,1007.07995605469,5670166452362.5,1668102038419.07
14217.68359375,1007.07995605469,5743467749960.09,1693563953457.67
14219.24609375,1007.31994628906,5683267227102.34,1674069859420.09
14220.80859375,1007.07995605469,5688428657208.63,1630711561894.17
14222.37109375,1007.31994628906,5727217209164.41,1654019849129.56
14223.93359375,1007.07995605469,5739485925245.24,1649673674269.55
14225.49609375,1007.55993652344,5750635007021.78,1743629029049.64
14227.05859375,1007.62716796875,5872879312338.83,1765979604665.75
14228.62109375,1007.55993652344,5672225673044.7,1716658771500.18
14230.18359375,1007.55993652344,5694592888256.4,1738554082400.54
14231.74609375,1007.92004394532,5666920328426.34,1675915122933.89
14233.30859375,1008.0400390625,5783327521231.04,1743916068745.28
14234.87109375,1007.80004882813,5661818757073.74,1763164392289.59
14236.43359375,1008.0400390625,5743606809747.37,1661894842886.94
14237.99609375,1007.98461914063,5745164452198.91,1704179361072.89
14239.55859375,1008.52001953125,5663034364134.39,1710863731629.91
14241.12109375,1008.52001953125,5748602133117.33,1730505705649.85
14242.68359375,1008.28002929688,5658029222847.51,1665623610054.64
14244.24609375,1008.52001953125,5582878223709.98,1608969165055.42
14245.80859375,1008.52001953125,5616122498086.14,1735812784869.7
14247.37109375,1008.0400390625,5735570705644.77,1770521462098.34
14248.93359375,1008.76000976563,5657715895616.07,1668025171094.58
14250.49609375,1008.76000976563,5824901354058.13,1742347023390.21
14252.05859375,1008.71385779748,5678139548968.17,1707015031353.34
14253.62109375,1009,5716960245027.17,1662897565751.44
14255.18359375,1009,5671393347570.08,1750453944687.47
14256.74609375,1009,5602025834764.89,1660664236670.9
14258.30859375,1009.23999023438,5597909074725.47,1635565189024.35
14259.87109375,1009.23999023438,5636303731651.95,1652041999340.23
14261.43359375,1008.76000976563,5660182564311.58,1620629099657.45
14262.99609375,1009.23999023438,5676664532436.41,1708809532459.33
14264.55859375,1009.64317382813,5702471483200.85,1699055618990.42
14266.12109375,1009.71997070313,5714948277689.92,1668505225705.77
14267.68359375,1009.47998046875,5656992864915.6,1687876612566.58
14269.24609375,1009.70077148438,5541792830830.58,1678853545796.02
14270.80859375,1009.71997070313,5659619042494.01,1721362895020.77
14272.37109375,1009.71997070313,5576678892877.89,1649242616762.54
14273.93359375,1009.71997070313,5565582624641.39,1665691698917.13
14275.49609375,1009.9599609375,5664245139396.55,1746259430452.62
14277.05859375,1009.97916015625,5618208257067.18,1725217878023.51
14278.62109375,1010.19995117188,5585346544018.19,1722011488001.24
14280.18359375,1009.97842172476,5712370316469.12,1735999764846.01
14281.74609375,1010.43994140625,5455145274206.95,1758701782159.02
14283.30859375,1010.39194335938,5573764998743.97,1731846485281.66
14284.87109375,1010.68005371094,5605063286480.05,1783816396202.37
14286.43359375,1010.19995117188,5691186936740.15,1676769911008.99
14287.99609375,1010.43994140625,5658927066356.88,1668818242325.33
14289.55859375,1011.16003417969,5532049522811.62,1685600315919.63
14291.12109375,1010.68005371094,5516709215837.79,1652983820817.72
14292.68359375,1010.43994140625,5424546338955.26,1732820370825.79
14294.24609375,1010.92004394531,5542007175444.97,1722994232785.51
14295.80859375,1010.92004394531,5538781014474.98,1698075597936.61
14297.37109375,1011.16003417969,5505417346452.45,1766616017350.57
14298.93359375,1011.37431117466,5491421073498.67,1732669708220.7
14300.49609375,1011.0400390625,5537321106319.78,1673985090602.88
14302.05859375,1011.16003417969,5738208241554.85,1649781353701.52
14303.62109375,1011.55694110577,5661936167135.69,1702342474086.22
14305.18359375,1011.60161621094,5504122583643.05,1682923227394.24
14306.74609375,1011.64001464844,5473202737070.11,1683095998823.8
14308.30859375,1011.64001464844,5405098076667.95,1715881863562.73
14309.87109375,1010.92004394531,5587812505729.38,1667414699327.52
14311.43359375,1011.64001464844,5508183002141.97,1685334929412.51
14312.99609375,1011.88000488281,5566801594676.41,1700900265284
14314.55859375,1012.11999511719,5517689326637.98,1628048715845.58
14316.12109375,1012.35998535156,5534660359722.48,1668250228509.32
14317.68359375,1012.11999511719,5522020615594.35,1648916826862.49
14319.24609375,1011.94720214844,5560002830413.54,1708484039075.8
14320.80859375,1012.16614708534,5537491007493.67,1658995677441.11
14322.37109375,1012.59997558594,5350189017420.02,1680462171640.62
14323.93359375,1012.59074519231,5331518973110.25,1663388998584.58
14325.49609375,1012.35998535156,5465569450706.66,1692955321272.62
14327.05859375,1012.59997558594,5515764601976.79,1745752156274.79
14328.62109375,1012.59997558594,5518853724593.94,1708216500883.31
14330.18359375,1012.83996582031,5569401370459.37,1660483999335.17
14331.74609375,1012.83996582031,5412220058967.51,1668417289889.83
14333.30859375,1012.83996582031,5312928016527.33,1681986965474.52
14334.87109375,1013.07995605469,5511335915751.48,1732371261532.13
14336.43359375,1012.83996582031,5554096280469.76,1640697330641.27
14337.99609375,1012.83996582031,5535768862065.26,1694118678733.09
14339.55859375,1013.01275878906,5579497894711.33,1654309650459.78
14341.12109375,1013.31994628906,5504006287074.63,1677331670616.27
14342.68359375,1013.55993652344,5574244332301.05,1688712175522.38
14344.24609375,1012.98395996094,5383801982415.44,1662821433706.34
14345.80859375,1013.09841684195,5573774170344.75,1724669178293.42
14347.37109375,1013.68922776443,5486409768444.03,1690704438098.93
14348.93359375,1013.80004882813,5372393915169.13,1675391645040.15
14350.49609375,1013.63381723258,5402598792447.2,1644989289988.58
14352.05859375,1013.80004882813,5557953752671.81,1676905457822.94
14353.62109375,1013.80004882813,5442494456703.74,1677364871525.4
14355.18359375,1013.80004882813,5452905859253.96,1764028274797.42
14356.74609375,1014.28002929688,5441171621750.43,1708255362401.93
14358.30859375,1014.0400390625,5413672225549.78,1725012211612.43
14359.87109375,1014.0400390625,5524011512176.42,1680929935179.52
14361.43359375,1014.43694598858,5441715898751.9,1744676438628.52
14362.99609375,1014.28002929688,5422736233998.41,1654347480525.32
14364.55859375,1014.52001953125,5462984580829.68,1752532759956.09
14366.12109375,1014.62561523438,5462213157931.22,1743930588971.72
14367.68359375,1014.52001953125,5358794381727.8,1720665207226.95
14369.24609375,1014.76000976563,5445494895937.84,1685213244195.62
14370.80859375,1014.73231858474,5390954951580.87,1686243580623.89
14372.37109375,1014.52001953125,5368361337874.91,1683752763592.6
14373.93359375,1015,5338245466921.68,1685135006563.7
14375.49609375,1015.21229905349,5502103631787.36,1773869189234.86
14377.05859375,1015,5519414233739.09,1672505315009.61
14378.62109375,1015.23999023438,5351834792158.3,1630931456284.08
14380.18359375,1015.23999023438,5448673326544.48,1657299449333.18
14381.74609375,1015.23999023438,5406191773353.22,1662191680444.16
14383.30859375,1015.47998046875,5360218482438.46,1662785330569.74
14384.87109375,1015.23999023438,5345667730577.83,1645612295532.44
14386.43359375,1015.23999023438,5452810737582.35,1699713009571.01
14387.99609375,1015.33598632813,5333593873325.83,1705012379980.45
14389.55859375,1015.47998046875,5370326307273.76,1576585171036.35
14391.12109375,1015.9599609375,5383012378746.07,1661250868270.86
14392.68359375,1015.998359375,5353624918495.28,1705780627313.97
14394.24609375,1016.19995117188,5344217285495.61,1680477567445.78
14395.80859375,1015.9599609375,5254233393952.95,1691331182458.51
14397.37109375,1016.19995117188,5355866841985.45,1700818581215.53
14398.93359375,1016.19995117188,5308798520145.12,1718061960661.67
14400.49609375,1015.9599609375,5371596966459.88,1665653951667.7
14402.05859375,1016.32474609375,5425602581314.55,1625434665736.18
14403.62109375,1016.43994140625,5425377562967.23,1707988322349.7
14405.18359375,1016.68005371094,5294666904708.7,1735694209923.83
14406.74609375,1016.43994140625,5382737949548.55,1744647382804.49
14408.30859375,1016.68005371094,5309804282472.24,1694395211789.49
14409.87109375,1016.68005371094,5398785478783.11,1710118134987.12
14411.43359375,1016.68928410457,5209244695605.28,1755758830506.26
14412.99609375,1016.80004882813,5306434997379.72,1699482385327.01
14414.55859375,1016.70774489183,5375305037032.34,1781626710275.9
14416.12109375,1017.40002441406,5314492578963.02,1653016340070.17
14417.68359375,1017.16003417969,5279158351553.14,1663606118518.63
14419.24609375,1017.16003417969,5315065517271,1679170038109.56
14420.80859375,1017.16003417969,5236896311829.2,1699137347793.89
14422.37109375,1017.40002441406,5305516086332.43,1687708392639.53
14423.93359375,1017.40002441406,5248376087994.84,1652025168492.9
14425.49609375,1017.40002441406,5439204856665.47,1680082338838.34
14427.05859375,1017.25233811599,5181967910733.94,1670437631954.77
14428.62109375,1017.40002441406,5279850653578.95,1685380975923.26
14430.18359375,1018.11999511719,5519997066961.77,1752762349824.24
14431.74609375,1017.40002441406,5244952974305.83,1677812763004.8
14433.30859375,1017.88000488281,5186987394880.72,1693750617123.59
14434.87109375,1018.11999511719,5258514054234.71,1716847037148.05
14436.43359375,1017.88000488281,5335310301914.12,1748904144831.55
14437.99609375,1017.74154897837,5337677838403.88,1708880387954.74
14439.55859375,1018.11999511719,5261748490030.34,1721750868491.35
14441.12109375,1018.59997558594,5300559274142.15,1685286975050.32
14442.68359375,1018.35998535156,5249049460576.33,1732833584684.42
14444.24609375,1018.35998535156,5352369475369.04,1704805750606.19
14445.80859375,1018.59997558594,5236033610712.46,1758783914041.36
14447.37109375,1018.35998535156,5218064169749.17,1659351833791.17
14448.93359375,1018.59997558594,5277461190950.57,1715200271707.66
14450.49609375,1018.83996582031,5330127205752.92,1738463590589.42
14452.05859375,1018.79381385216,5299804687041.13,1671416717014.9
14453.62109375,1018.99688251202,5201594474277.33,1798018465081.33
14455.18359375,1018.59997558594,5274155155297.73,1660243760636.06
14456.74609375,1018.83996582031,5182874275580.73,1667017321517.11
14458.30859375,1019.07995605469,5194240252224.96,1721446108411.01
14459.87109375,1019.23687274639,5300629332935.76,1633625288830.87
14461.43359375,1019.31994628906,5254388391897.4,1780713882973.89
14462.99609375,1019.31994628906,5148980447343.85,1709455845954.95
14464.55859375,1019.31994628906,5323806642736.73,1713606685980.3
14466.12109375,1019.55993652344,5229542462869.89,1729711171283.5
14467.68359375,1019.80004882813,5247928455425.39,1722542187888.82
14469.24609375,1019.80004882813,5308516361297.44,1763096306885.73
14470.80859375,1019.55993652344,5139733306165.09,1743804429759.6
14472.37109375,1019.80004882813,5152738787286.08,1693365607758.12
14473.93359375,1019.72553121633,5169337219627.89,1711972475581.84
14475.49609375,1019.97284179688,5130384323692.36,1703344425723.18
14477.05859375,1020.0400390625,5286727622203.25,1700782157030.19
14478.62109375,1020.0400390625,5192466543983.41,1642632581695
14480.18359375,1020.28002929688,5089208150025.08,1697440631616.47
14481.74609375,1020.28002929688,5258698231463.2,1714876048570.5
14483.30859375,1020.28002929688,5163914009179.25,1711304273647.34
14484.87109375,1020.43694598858,5084043891575.98,1709173600976.52
14486.43359375,1020.52001953125,5152379287598.16,1714498377473.99
14487.99609375,1020.52001953125,5226180311208.6,1672232256007.56
14489.55859375,1020.52001953125,5049055084105.86,1721341503827.33
14491.12109375,1020.76000976563,5202461233619.23,1760169295535.14
14492.68359375,1021,5379282346996.69,1665072153835.35
14494.24609375,1021,5191088715572.18,1725673268728.66
14495.80859375,1020.9076960637,5193365138977.91,1653110015407.95
14497.37109375,1021,5152819165779.76,1626242296796.92
14498.93359375,1021.15691669171,5245140667422.77,1706382188046.86
14500.49609375,1021.17279296875,5044983003474.77,1741351104208.21
14502.05859375,1021.23999023438,5120270579113.78,1748226297415.88
14503.62109375,1021.47998046875,5267061905084.23,1666399506001.51
14505.18359375,1021.71997070313,5200618052989.03,1629073729239.37
14506.74609375,1021.47998046875,5208688321628.98,1737790888048.09
14508.30859375,1021.47998046875,5238253211449.86,1716329423693.93
14509.87109375,1021.47998046875,5128376877296.78,1706291752231.96
14511.43359375,1021.71997070313,5181649965448.48,1696493479613.15
14512.99609375,1021.71997070313,5041956707972.17,1691940009610.01
14514.55859375,1021.71997070313,5090662017154.73,1703614400444.75
14516.12109375,1021.75836914063,5165137884712.16,1711882295123.99
14517.68359375,1022.19995117188,5030003775913.56,1754907121026.72
14519.24609375,1022.19995117188,5090692551334.35,1719666380984.84
14520.80859375,1022.08475585938,5085544018514.55,1655195053187.88
14522.37109375,1022.40301983173,5042628361297.56,1748212507920.58
14523.93359375,1022.43994140625,5074816307989.67,1684081113910.67
14525.49609375,1022.49996948242,5136959851478.75,1723191053132.42
14527.05859375,1022.43994140625,5184146555694,1674773621710.74
14528.62109375,1022.68005371094,5196597758324,1660702237036.48
14530.18359375,1022.91081355168,5029051368922.51,1689659555209.6
14531.74609375,1022.92004394531,4986581586330.75,1695914055192.92
14533.30859375,1022.89235276442,5053504792935.71,1712853018110.74
14534.87109375,1022.44921405499,5125107915820.53,1714762313227.24
14536.43359375,1023.16003417969,5106729617822.81,1709053041520.74
14537.99609375,1022.92004394531,4980727817159.71,1650571949133.55
14539.55859375,1022.92004394531,5004979892255.06,1733550759037.13
14541.12109375,1023.39042480469,5086657889477.27,1773307257692.64
14542.68359375,1023.40002441406,5015520553248.54,1703450883918.03
14544.24609375,1022.92004394531,5027689284957.44,1722355035071.4
14545.80859375,1023.40002441406,5040663950267.63,1700128235948.12
14547.37109375,1023.03523925781,5015551795575.02,1711584116638.46
14548.93359375,1023.16003417969,5129857837119.94,1670276926931.6
14550.49609375,1023.40002441406,4987342020016.36,1682445733510.67
14552.05859375,1023.64924504207,5200244045009.59,1776686083643.61
14553.62109375,1023.88000488281,5066375071538.03,1714711571809.55
14555.18359375,1024.11999511719,5162260743381.12,1696200080854.39
14556.74609375,1024.11999511719,5043667706190.92,1724614109236.37
14558.30859375,1024.11999511719,4988485585023.41,1684062311370.82
14559.87109375,1024.11999511719,5078666989384.29,1678585677814.95
14561.43359375,1024.11999511719,5184216166045.96,1769443333660.73
14562.99609375,1024.35998535156,5082123708538.8,1691136801470.2
14564.55859375,1024.11999511719,5022004786433.01,1760137761802.08
14566.12109375,1024.35998535156,5155231617213.12,1705482470100.11
14567.68359375,1024.46151968149,4963470290210.55,1692794314501.01
14569.24609375,1025.06075683594,5031143368128.35,1724867390947.66
14570.80859375,1024.59997558594,5156749140129.46,1687875804095.49
14572.37109375,1024.59997558594,5122867950149.74,1701384168048.71
14573.93359375,1024.59997558594,5148667461032.95,1661632990040.38
14575.49609375,1025.07995605469,5033484297675.55,1711821116069.71
14577.05859375,1024.59997558594,5046307963652.68,1756238301947.71
14578.62109375,1025.07995605469,4880014055694.4,1680688080606.52
14580.18359375,1025.07995605469,5047892810076.79,1637605740273.11
14581.74609375,1025.25303297777,4967150033421.81,1670775008274.18
14583.30859375,1025.27995605469,5024975483228.82,1703959732063.16
14584.87109375,1025.80993652344,4996780357601.86,1690282422774.38
14586.43359375,1025.32995605469,4841204988459.54,1708971165172.93
14587.99609375,1025.56994628906,5132310923389.51,1732721920333.02
14589.55859375,1025.68514160156,4950572512108.11,1670829111838.21
14591.12109375,1025.80993652344,5202301013128.9,1684068882940.47
14592.68359375,1025.89305232122,5049351755273.38,1730157941730.87
14594.24609375,1026.00387338492,5148777844806.28,1638106799555.35
14595.80859375,1026.05004882813,4861094833828.57,1709496932517.87
14597.37109375,1025.80993652344,5084499788400.11,1731422698551.58
14598.93359375,1026.05004882813,4988464061771.23,1738865779847.46
14600.49609375,1026.2900390625,5037122821889.61,1676310957649.24
14602.05859375,1025.80993652344,4996187319553.94,1712220829442.91
14603.62109375,1026.36388221154,4873533174453.72,1743643703042.6
14605.18359375,1026.2900390625,5065629652144.65,1671089888057.19
14606.74609375,1026.48203125,5048946601674.26,1711086779715.01
14608.30859375,1026.53002929688,4819828401460.37,1658919054384.69
14609.87109375,1026.77001953125,5160459707370.4,1712908147941.73
14611.43359375,1026.53002929688,5045589422451.33,1782654162888.83
14612.99609375,1026.7508203125,4919000423295.6,1710950361917.41
14614.55859375,1026.91770582933,4966046660594.97,1753212806689.62
14616.12109375,1026.77001953125,4867316853936.8,1643921604421.05
14617.68359375,1027.01000976563,4983135170303.4,1693839319084
14619.24609375,1027.40427943639,5126271132963.98,1707043989845.82
14620.80859375,1027.01000976563,4989120684826.29,1681709512432.03
14622.37109375,1027.01000976563,4897060975069.88,1670757543545.56
14623.93359375,1027.01000976563,4995925788697.3,1709185257276.03
14625.49609375,1027.48999023438,5080653327931.67,1701620428971.71
14627.05859375,1027.48999023438,4814304380806.41,1745139526935.71
14628.62109375,1027.48999023438,4763294064585.25,1710938707492.25
14630.18359375,1027.48999023438,4944551655777.04,1683453464724.07
14631.74609375,1027.72998046875,4915431248700.95,1701999548892.53
14633.30859375,1027.72998046875,5073958990795.09,1674373616008.62
14634.87109375,1027.27769118089,4956502626285.35,1726054647056.75
14636.43359375,1027.96997070313,4944588621026.68,1769625014598.79
14637.99609375,1027.96997070313,4853594255532.25,1748585964404.95
14639.55859375,1027.96997070313,5072357522290.98,1725660115921.46
14641.12109375,1028.2099609375,5164641229309.29,1765990927238.23
14642.68359375,1028.2099609375,4884170012431.45,1763372457827.36
14644.24609375,1028.44995117188,4884645683133.86,1800658862646.59
14645.80859375,1028.21919133113,4982205770853.09,1773062517488.36
14647.37109375,1028.44995117188,5023614521246.51,1760281023292.09
14648.93359375,1028.44995117188,4892508872470.94,1699806879235.78
14650.49609375,1028.93005371094,4942902198339.87,1737522904114.76
14652.05859375,1028.93005371094,4742939043459.47,1718278283060.72
14653.62109375,1028.93005371094,4903265049780.27,1748835102290.99
14655.18359375,1028.80076246995,5063503936545.71,1739979962328.87
14656.74609375,1028.68994140625,4872995505390,1691985298187.79
14658.30859375,1028.68994140625,4912925060960.81,1742259082222.97
14659.87109375,1028.93005371094,4832985099606.12,1686138879833.03
14661.43359375,1028.93005371094,4775925904872.02,1757591671980.56
14662.99609375,1028.68994140625,4933363434618.62,1735923111470.74
14664.55859375,1029.20844238281,4941873371615.87,1744453798723.24
14666.12109375,1029.41003417969,4971112619673.97,1764829202046.88
14667.68359375,1029.41003417969,5085643094756.34,1677243102322.33
14669.24609375,1029.54849008413,4765441130191.43,1714752234349.17
14670.80859375,1029.65002441406,4838755267597.54,1704934686751.99
14672.37109375,1029.65002441406,4808722427099.7,1653119384953.85
14673.93359375,1029.90002441406,4797848954522.11,1715766012837.67
14675.49609375,1029.90002441406,4920099244549.29,1687672164894.9
14677.05859375,1030.14001464844,4853153615916.37,1631094108617.58
14678.62109375,1029.90002441406,4823855882005.95,1703694702221.64
14680.18359375,1029.90002441406,4795035264209.14,1673158783888.79
14681.74609375,1030.14001464844,4831943807653.62,1730135969847.58
14683.30859375,1030.38000488281,4830943409864.04,1765720631953.45
14684.87109375,1030.38000488281,4936968604556.14,1722002458861.77
14686.43359375,1030.38000488281,4866877761521.64,1675186907417.41
14687.99609375,1030.61999511719,4880378011194.94,1711227291295.82
14689.55859375,1030.61999511719,4773536717602.54,1758291255498.29
14691.12109375,1030.61999511719,4878892542866.54,1709017434708.7
14692.68359375,1030.61999511719,4873596705064.97,1684343347370.54
14694.24609375,1030.36154409555,4833460896213.92,1701561918631.57
14695.80859375,1031.05197753906,4797413082413.76,1709454268964.68
14697.37109375,1030.85998535156,4735164973699.9,1676521435619.67
14698.93359375,1030.85998535156,4884602895334.4,1700405289835.8
14700.49609375,1031.09997558594,4763409757202.51,1762500247927.87
14702.05859375,1030.98478027344,4968256437683.87,1718000521653.71
14703.62109375,1031.09997558594,4943685875912.58,1667681669447.41
14705.18359375,1031.33996582031,4833627058427.58,1677851747016.32
14706.74609375,1031.33996582031,4862951174748.82,1735570280144.43
14708.30859375,1031.57995605469,4832108002044.68,1743917460168.01
14709.87109375,1031.33996582031,4767236977099.46,1656342409802.32
14711.43359375,1031.57995605469,4839255222062.3,1683276824168.45
14712.99609375,1031.81994628906,4887342544139.37,1819036656244.96
14714.55859375,1031.81994628906,4759146732164.72,1730299370337.41
14716.12109375,1031.7091815655,4851096029814.37,1708352742715.29
14717.68359375,1032.05993652344,4850306576788.08,1730023266626.07
14719.24609375,1032.30004882813,4774210302495.61,1735401485766.39
14720.80859375,1032.30004882813,4832208658011.17,1748323488819.45
14722.37109375,1032.05993652344,4827655599212.56,1753679068077.89
14723.93359375,1032.05993652344,4757938949784.82,1667973420020.97
14725.49609375,1032.5400390625,4725896879966.16,1733440436906.66
14727.05859375,1032.35538423978,4859331781854.87,1656508917397.12
14728.62109375,1032.57696063702,4950343130897.02,1695910168357.01
14730.18359375,1032.5400390625,4793362621741.66,1751392689888.56
14731.74609375,1032.5400390625,4806488832858.1,1751967833142.34
14733.30859375,1032.5400390625,4820371701363.55,1710904928659.77
14734.87109375,1032.78002929688,4859335118280.15,1748267095546.6
14736.43359375,1033.02041391226,4769792592965.63,1707547421490.92
14737.99609375,1033.02502441407,4715512489407.79,1668761860717.02
14739.55859375,1033.27001953125,4714601346455.47,1718078050371.06
14741.12109375,1033.09464205229,4919826729454.37,1732728100083.07
14742.68359375,1033.09464205229,4729597927223.91,1708406480791.43
14744.24609375,1033.27001953125,4825864645014.51,1718905857462.23
14745.80859375,1033.51000976563,4639468319562.27,1722017526893.16
14747.37109375,1033.75,4829631842321.25,1676186854446.15
14748.93359375,1033.51000976563,4734318055933.75,1728232818354.54
14750.49609375,1033.52920898438,4775283985279.41,1697563845508.19
14752.05859375,1033.75,4699158199001.2,1681421159738.51
14753.6171875,1033.75,4635365982543.67,1726567166605.28
14755.1875,1033.75,4614036965991.51,1706186352828.92
14756.7421875,1033.98999023438,4807108280677,1669842551354.11
14758.3125,1033.98999023438,4610954596142.52,1667695863520.66
14759.8671875,1033.51000976563,4894404772962.37,1710710592846.48
14761.4375,1034.22998046875,4786869660099.05,1711844138684.27
14762.9921875,1034.46997070313,4645325475282.83,1728926507106.05
14764.5625,1034.22998046875,4769399247437.53,1727651011158
14766.1171875,1034.7099609375,4611759145757.79,1781408100848.96
14767.6875,1034.46997070313,4732494973367.27,1757336672727.33
14769.2421875,1034.46997070313,4812257627569.65,1760900439576.42
14770.8125,1034.7099609375,4775750556106.83,1706101007793.76
14772.3671875,1034.7099609375,4711093933389.12,1796508782666.02
14773.9375,1034.7099609375,4629554809623.95,1704143839174.69
14775.4921875,1034.7099609375,4703033814962.25,1710609094199.28
14777.0625,1035.13851492746,4724483649565.22,1724912426837.07
14778.6171875,1035.18994140625,4807498858179,1701298312450.9
14780.1875,1034.94995117188,4713167757096.03,1781688224397.35
14781.7421875,1035.18994140625,4677162521108.83,1736262455327.65
14783.3125,1035.18994140625,4696594234204.46,1781537958531.15
14784.8671875,1035.00533353365,4751896003262.33,1704833182147.54
14786.4375,1035.18994140625,4715526151210.63,1698755663533.14
14787.9921875,1035.61466158353,4746025679492.46,1777429817367.25
14789.5625,1035.67004394531,4789957764091.03,1752971393766.22
14791.1171875,1035.67004394531,4674646362105.11,1735449587150.24
14792.6875,1035.43005371094,4712376346547.76,1737106082463.15
14794.2421875,1036.14157339243,4710782173391.86,1739780341322.6
14795.8125,1036.16003417969,4643572171095.37,1652653776191.88
14797.3671875,1036.16003417969,4703368479548.2,1732937454717.84
14798.9375,1035.71171061198,4713590077626.21,1702330273419.06
14800.4921875,1036.16003417969,4699587701032.13,1717055155301.99
14802.0625,1035.92004394531,4609780623266.77,1717341558790.19
14803.6171875,1036.40002441406,4483899244526.96,1719564054579.76
14805.1875,1036.3815636268,4766186550504.02,1720318244307.47
14806.7421875,1036.40002441406,4551941937091.17,1725283407739.73
14808.3125,1036.64001464844,4691970737625.38,1750226393547.27
14809.8671875,1036.80616173377,4757089521183.46,1717383961997.42
14811.4375,1036.48573521205,4791076325347.22,1725715103473.26
14812.9921875,1036.88000488281,4696929460025.11,1769305698270.65
14814.5625,1036.88000488281,4615991644483.35,1717847719005.33
14816.1171875,1036.88000488281,4700923529897.62,1741310459135.64
14817.6875,1036.88000488281,4679130758235.17,1763792214892.25
14819.2421875,1037.11999511719,4661134729740.96,1759845135735.57
14820.8125,1037.11999511719,4700682497693.09,1778609536959.36
14822.3671875,1037.35998535156,4571875528000.37,1696384623370.3
14823.9375,1037.11999511719,4728226517419.22,1686567929870.3
14825.4921875,1037.53997802735,4667898819815.95,1716296437412.72
14827.0625,1037.59997558594,4638108074891.93,1701138810536.27
14828.6171875,1037.59997558594,4630762165974.83,1766499143990.1
14830.1875,1037.59997558594,4660489492756.23,1641869514883.36
14831.7421875,1037.83996582031,4884681307870.95,1738038621945.74
14833.3125,1037.59997558594,4697064820810.95,1685068562674.03
14834.8671875,1037.67381873498,4633058798425.94,1725628934147.98
14836.4375,1037.83996582031,4712048629306.12,1727638689154.12
14837.9921875,1037.83996582031,4506780289074.84,1751043747729.36
14839.5625,1038.07995605469,4768182293159.45,1753858446065.17
14841.1171875,1038.07995605469,4747872354220.29,1703306379443.66
14842.6875,1038.07995605469,4588385416220.17,1766700317603.19
14844.2421875,1038.32995605469,4536368741885.53,1771000920598.59
14845.8125,1038.40379920373,4616456617661.39,1734487569990.96
14847.3671875,1038.56994628906,4503709280017.77,1724099846313.23
14848.9375,1038.56994628906,4727705180963.97,1694001828225.6
14850.4921875,1038.68071101262,4604952126729.79,1746996364313.49
14852.0625,1038.60686786358,4748858081098.45,1756756450454.15
14853.6171875,1038.80993652344,4526125787095.44,1732969646587.42
14855.1875,1038.80993652344,4683063808250.53,1770870368710.6
14856.7421875,1039.05004882813,4696439633495.98,1793747784510.39
14858.3125,1039.05004882813,4628120607986.35,1735859491297.56
14859.8671875,1039.05004882813,4693139555220.14,1779186582489.06
14861.4375,1039.14235276443,4616061837617.5,1687091523541.66
14862.9921875,1039.06850961539,4529033443545.9,1729552689700.39
14864.5625,1039.2900390625,4680720604430.75,1803689809688.47
14866.1171875,1039.53002929688,4595885669411.85,1725077983009.41
14867.6875,1039.2900390625,4621692188686.04,1784324162503.22
14869.2421875,1039.2900390625,4551595904170.33,1755408938355.25
14870.8125,1039.77001953125,4543006097329.62,1712085744475.38
14872.3671875,1039.77001953125,4500458713354.3,1759617781662.82
14873.9375,1039.53002929688,4543811552162.32,1744467132919.06
14875.4921875,1040.01000976563,4667184889761.31,1800589593386.71
14877.0625,1039.77001953125,4649747758765.16,1795651613864.98
14878.6171875,1040.01000976563,4680255258147.5,1797201397309.13
14880.1875,1040.01000976563,4644055295902.47,1736608241427.11
14881.7421875,1040.01000976563,4654518135582.83,1694666238170.92
14883.3125,1040.01000976563,4553790092544.48,1688107129963.85
14884.8671875,1040.5,4565120281075.67,1724881657467.89
14886.4375,1040.01000976563,4718123612927.6,1752571631491.93
14887.9921875,1040.25,4537602589812.45,1788652085704.25
14889.5625,1040.73999023438,4550211327089.07,1809793512520.43
14891.1171875,1040.73999023438,4601496220770.97,1782542013870.97
14892.6875,1040.5,4674728931604.46,1789752413633.98
14894.2421875,1040.97998046875,4622839909967.95,1764334113986.63
14895.8125,1040.97998046875,4512961787597.07,1749943704397.19
14897.3671875,1040.97998046875,4649612163248.28,1791701206851.75
14898.9375,1040.92459810697,4584280051413.65,1687039873556.02
14900.4921875,1040.97998046875,4479555461639.67,1706439889836.7
14902.0625,1041.4599609375,4560146241833.53,1742786241272.01
14903.6171875,1040.97998046875,4551496954247.6,1725881045505.96
14905.1875,1041.21997070313,4683261049942.92,1781262602637.59
14906.7421875,1041.21997070313,4539228426599.42,1744107985633.11
14908.3125,1041.4599609375,4592424316466.42,1793650744724.1
14909.8671875,1041.69995117188,4719456896413.03,1728608947801.4
14911.4375,1041.4599609375,4644809961679.02,1814294872195.63
14912.9921875,1041.69995117188,4633342544059.91,1730948307341.68
14914.5625,1041.69995117188,4506358894691.63,1723906548593.06
14916.1171875,1042.18005371094,4605790120180.99,1771450552409.13
14917.6875,1041.93994140625,4456590480609.62,1766188861041.97
14919.2421875,1042.06923264724,4524980440037.37,1728548209731.88
14920.8125,1042.18005371094,4522275425127.78,1814673731530.19
14922.3671875,1042.25697678786,4601292672336.63,1793644749471.01
14923.9375,1042.18005371094,4505453433078.28,1733877958542.9
14925.4921875,1041.93994140625,4634946100624.79,1780057621321.38
14927.0625,1042.43005371094,4454356258720,1722727090421.19
14928.6171875,1042.43005371094,4579420277549.26,1747542273667.88
14930.1875,1042.67004394531,4367067500529.14,1741168601464.45
14931.7421875,1042.43005371094,4499581983933.73,1770294199847.68
14933.3125,1042.72542630709,4605465896475.17,1699618560704.38
14934.8671875,1043.15002441406,4412017997516.06,1736218210216.31
14936.5390625,1043.15002441406,4361786458014.22,1759396323233.23
14938.1015625,1042.91003417969,4465389672632.11,1823163040774.89
14939.6640625,1042.91003417969,4512293979937.54,1680530338164.9
14941.2265625,1043.39001464844,4403727450956.21,1770725131228.83
14942.7890625,1043.15002441406,4512152924190.83,1795798172413.03
14944.3515625,1043.33001708985,4464246974681.69,1737509000435
14945.9140625,1043.39001464844,4528992170435.95,1729225738714.67
14947.4765625,1043.39001464844,4297319209377.68,1748316892208.33
14949.0390625,1043.39001464844,4545093052738.69,1777867744863.29
14950.6015625,1043.85285295759,4452942755452.43,1809267888238.94
14952.1640625,1043.63000488281,4371351821423.25,1792659708840.58
14953.7265625,1043.63000488281,4575793313248.11,1759746967114.49
14955.2890625,1043.69000244141,4434548492789.46,1729475909537.76
14956.8515625,1043.86999511719,4550404415844.24,1744476245287
14958.4140625,1043.86999511719,4506419896716.98,1814153857131.46
14959.9765625,1044.10998535156,4599883135829.53,1756411873662.75
14961.5390625,1044.35998535156,4485658620287.06,1701608945474.89
14963.1015625,1044.10998535156,4410348486732.82,1770293010233.45
14964.6640625,1044.10998535156,4400163167934.93,1684036231432.04
14966.2265625,1044.35998535156,4505311636529.12,1783864796481.43
14967.7890625,1044.10998535156,4588694006186.37,1706970696143.54
14969.3515625,1044.37844613882,4411308733784.41,1756429456385.2
14970.9140625,1044.7107403095,4453008215681.89,1749611701527.79
14972.4765625,1044.83996582031,4399869320409.88,1731888441222.26
14974.0390625,1045.07995605469,4535954079743.05,1747773705100.98
14975.6015625,1044.83996582031,4448639867894.41,1670951985698.04
14977.1640625,1045.07995605469,4652062166583.92,1757086622203.21
14978.7265625,1044.89996337891,4515977660851.51,1758894075868.79
14980.2890625,1045.07995605469,4411732270576.29,1714852314670.73
14981.8515625,1045.06149526743,4456679475957.59,1757748232316.55
14983.4140625,1045.31994628906,4446515759649.61,1772285230791.67
14984.9765625,1045.31994628906,4404888959536.72,1716921241554.3
14986.5390625,1045.31994628906,4707075666459.54,1771774399655.75
14988.1015625,1044.83996582031,4417778139042.48,1748672036608.31
14989.6640625,1045.55993652344,4365784284797.99,1759195754681.39
14991.2265625,1045.55993652344,4531844800968.27,1880636930125.07
14992.7890625,1045.65998331706,4309920035422.88,1811455529591.57
14994.3515625,1045.80004882813,4396920515696.31,1769322480878.96
14995.9140625,1045.80004882813,4396798052197.76,1779911897888.7
14997.4765625,1045.82088216146,4280823417986.73,1769968573837.39
14999.0390625,1046.05004882813,4380043625081.64,1747151795323.07
15000.6015625,1045.80004882813,4385298686309.5,1692561984506.61
15002.1640625,1046.2900390625,4473461094770.27,1793421225793.39
15003.7265625,1046.23465670073,4344983877052.15,1820036888798.82
15005.2890625,1046.53002929688,4438109269002.25,1736640063010.86
15006.8515625,1046.2900390625,4439247790273.86,1769753400601
15008.4140625,1046.53002929688,4518253858713.44,1728633854689.37
15009.9765625,1046.53002929688,4408618118327.31,1791189385714.49
15011.5390625,1046.77001953125,4293386558876.5,1735851802145.57
15013.1015625,1046.71002197266,4439913539617.92,1819084550446.03
15014.6640625,1046.53002929688,4310028630536.9,1786913931264.99
15016.2265625,1046.57002766928,4364164900624.1,1668169279965.72
15017.7890625,1047.01000976563,4431268496572.28,1779539921605.81
15019.3515625,1046.99154897837,4396271472313.26,1834217890340.42
15020.9140625,1047.01000976563,4477145838605.94,1779923832804.5
15022.4765625,1047.48999023438,4501741818131.49,1780040486396.51
15024.0390625,1047.25,4423376180315.7,1702662735244.99
15025.6015625,1047.3423039363,4304455799269.88,1733398710757.14
15027.1640625,1047.48999023438,4289034830404.39,1740188146080.69
15028.7265625,1047.48999023438,4447161989519.15,1700993656546.55
15030.2890625,1047.48999023438,4347792606777.9,1769934231891.53
15031.8515625,1047.73999023438,4315249548909.77,1743258492305.52
15033.4140625,1047.73999023438,4383267519839.46,1771900613339.18
15034.9765625,1047.97998046875,4397942841912.58,1780786945946.1
15036.5390625,1047.97998046875,4466722377528.34,1804923432728.7
15038.1015625,1047.99844125601,4361168070059.66,1743025395350.19
15039.6640625,1048.08906693892,4213549611590.78,1735304070275.11
15041.2265625,1048.21997070313,4389483491522.97,1727623461181.74
15042.7890625,1048.21997070313,4384910135493.88,1768556590759.2
15044.3515625,1048.11711774554,4473139147776.3,1718758565570.08
15045.9140625,1048.21997070313,4255012165948.24,1831849547718.73
15047.4765625,1048.4599609375,4369296502475.49,1798175197925.31
15049.0390625,1048.69995117188,4363796178321.34,1802139596356.24
15050.6015625,1048.4599609375,4302837312420.98,1785646480177.99
15052.1640625,1048.4599609375,4414077571754,1830215761308.5
15053.7265625,1048.60764723558,4470508795168.92,1776895130877.5
15055.2890625,1048.93994140625,4460477686014.07,1805237954588.91
15056.8515625,1048.69995117188,4478192935520.1,1756330229578.07
15058.4140625,1049.18994140625,4389380413858.83,1822122392944.91
15059.9765625,1049.18994140625,4371758183049.76,1739263796533.4
15061.5390625,1049.43005371094,4132461971574.91,1742680313849.2
15063.1015625,1049.18994140625,4357677657752.18,1759540189662.42
15064.6640625,1049.3561730018,4370273557363.2,1762730086522.46
15066.2265625,1049.61466158353,4534643996315.27,1725786864418.23
15067.7890625,1049.67004394531,4330068353116.74,1796306998898.5
15069.3515625,1049.37459622897,4262908571972.88,1767029142201.99
15070.9140625,1049.67004394531,4448826027611.33,1788326300432.09
15072.4765625,1049.91003417969,4218318631542.5,1805437546310.05
15074.0390625,1050.15002441406,4310076376487.4,1749018028440.16
15075.6015625,1049.91003417969,4393335714117.8,1771380268486.28
15077.1640625,1049.91003417969,4311383237782.38,1744534614472.09
15078.7265625,1049.85465181791,4326748276095.54,1757290997704.07
15080.2890625,1050.15002441406,4372222296650.96,1823211958205.76
15081.8515625,1050.15002441406,4307561026164.77,1812167246896.78
15083.4140625,1050.15002441406,4346979297953.36,1779542235250.04
15084.9765625,1050.39001464844,4216542865415.53,1762075978113.44
15086.5390625,1050.39001464844,4283637657528.6,1789215307103.77
15088.1015625,1050.39001464844,4258095469535.14,1808182912168.92
15089.6640625,1050.32144601005,4326638194571.81,1792565262454.24
15091.2265625,1050.63000488281,4277986466315.68,1738171901919.01
15092.7890625,1050.88000488281,4369258391676.91,1738712600391.4
15094.3515625,1050.63000488281,4373405622957.25,1788780507621.56
15095.9140625,1050.86214773995,4332590026946.23,1803840047464.3
15097.4765625,1050.88000488281,4186040510165.55,1826917210209.1
15099.0390625,1051.11999511719,4501114646159.71,1847448900309.25
15100.6015625,1050.9657156808,4255603703115.35,1801742188827.16
15102.1640625,1051.11999511719,4180269940270.62,1776737662941.5
15103.7265625,1051.11999511719,4283020151789.83,1742608743016.6
15105.2890625,1051.35998535156,4356078888574.07,1858718247447.38
15106.8515625,1051.35998535156,4364740144364.44,1772603647916.83
15108.4140625,1051.59997558594,4379437755161.15,1755844527258.3
15109.9765625,1051.35998535156,4240560632708.94,1791569013857.88
15111.5390625,1051.77996826172,4374874240385.59,1778784490869.98
15113.1015625,1051.59997558594,4278299580266.07,1796588607702.01
15114.6640625,1051.83996582031,4231708776082.01,1713383654460.43
15116.2265625,1051.83996582031,4314921993141.13,1782145300113.2
15117.7890625,1052.08996582031,4212839986838.34,1751785247041.63
15119.3515625,1052.08996582031,4243186545813.32,1758359255641.98
15120.9140625,1052.08996582031,4182811363811.97,1738479957020.92
15122.4765625,1052.32995605469,4175526011297,1770358799567.68
15124.0390625,1052.08996582031,4176700747534.17,1838612385333.78
15125.6015625,1052.32995605469,4342226862816.15,1827247209890.58
15127.1640625,1052.56994628906,4310177295295.04,1785148239639.59
15128.7265625,1052.56994628906,4275726231585.82,1756700488044.79
15130.2890625,1052.56994628906,4232075953443.55,1799641053984.12
15131.8515625,1052.80993652344,4378275292403.14,1836954546842.23
15133.4140625,1052.56994628906,4160856221927.52,1836419782531.32
15134.9765625,1053.05004882813,4238484148564.06,1772498482188.22
15136.5390625,1053.05004882813,4240137843640.87,1756380531071.51
15138.1015625,1052.80993652344,4252376939999.05,1748241116021.12
15139.6640625,1053.05004882813,4295143199041.97,1788406166837.99
15141.2265625,1053.05004882813,4330041826900.21,1744375860477.56
15142.7890625,1053.5400390625,4252778993599.84,1774669073159.83
15144.3515625,1053.05004882813,4219975994028.39,1710627145016.92
15145.9140625,1053.2900390625,4314493847190.73,1755857932540.86
15147.4765625,1053.34773137019,4225012445450.03,1775245441166.85
15149.0390625,1053.78002929688,4282778479946.75,1740962051099.28
15150.6015625,1053.30926983173,4207399153462.3,1681634010420.18
15152.1640625,1053.78002929688,4250074651360.09,1752206551162.48
15153.7265625,1053.78002929688,4246126737625.35,1764711458006.81
15155.2890625,1053.78002929688,4157311798331.38,1772871717731.38
15156.8515625,1053.83541165866,4199750213131.04,1785505042963.17
15158.4140625,1053.78002929688,4230288118634.85,1788219772794.27
15159.9765625,1054.02001953125,4209169396469.93,1769112873712.4
15161.5390625,1054.26000976563,4295351679745.35,1792146803753.23
15163.1015625,1053.78002929688,4154479466946.34,1801020539254.18
15164.6640625,1054.02001953125,4152225864072.94,1835455102229.9
15166.2265625,1054.42615685096,4340765036765.05,1786890147066.61
15167.7890625,1054.26000976563,4147496878344.93,1794186567009.26
15169.3515625,1054.26000976563,4203227255328.72,1820957739313.78
15170.9140625,1054.73999023438,4290000897852.93,1792506093822.86
15172.4765625,1054.73999023438,4203695610826.01,1757790552053.7
15174.0390625,1054.98999023438,4062899233090.79,1854067596348.88
15175.6015625,1055.46997070313,4248518732470.09,1781413968956.85
15177.1640625,1055.06383338342,4289694239108.42,1797570038417.13
15178.7265625,1054.79768254207,4099953713356.72,1805539698550.21
15180.2890625,1054.26000976563,4129677148131.19,1769157688095.87
15181.8515625,1054.98999023438,4262379212151.61,1755657059317.42
15183.4140625,1054.98999023438,4167347525770.79,1797010147125.51
15184.9765625,1055.22998046875,4181820479982.34,1776325169351.35
15186.5390625,1055.7099609375,4271630193770.28,1770304753596.96
15188.1015625,1054.86248779297,4382876562605.1,1749605576390.45
15189.6640625,1055.46997070313,4268889399652.7,1859994871746.97
15191.2265625,1055.7099609375,4169385593776.41,1826752836173.78
15192.7890625,1055.28997802735,4085876844815.49,1817179210845.22
15194.3515625,1055.96918194111,4096170159272.96,1817127328157.88
15195.9140625,1055.94995117188,4068789205821.86,1794649084899.55
15197.4765625,1055.94995117188,4182623323411.76,1802874508661.06
15199.0390625,1056.01245117188,4221131428418.66,1815735605211.12
15200.6015625,1056.19995117188,4128578626023.21,1802475638959.07
15202.1640625,1056.19995117188,4100295399733.47,1814665162746.84
15203.7265625,1056.29225510818,4096399109600.92,1882935995549.07
15205.2890625,1056.43994140625,4264995171671.9,1800950755188.3
15206.8515625,1056.68005371094,4171120441539.83,1795681388643.82
15208.4140625,1056.43994140625,4172471140838.29,1764199433382.65
15209.9765625,1056.68005371094,4183273813560.72,1805021806025.5
15211.5390625,1056.68005371094,4168763064498.33,1750441169553.66
15213.1015625,1056.47688176082,4137693610087.33,1757698747291.84
15214.6640625,1056.82774000901,4168353853433.21,1746308250118.97
15216.2265625,1056.68005371094,4155434057434.84,1802055107932.26
15217.7890625,1056.92004394531,4123037519956.64,1841984073980.25
15219.3515625,1056.92004394531,4252378776565.51,1733602246982.18
15220.9140625,1056.68005371094,4201035783471.7,1732736565564.2
15222.4765625,1056.43994140625,4146926615309.53,1822451148852.25
15224.0390625,1057.65002441406,4201996809944.42,1802767433639.75
15225.6015625,1057.50233811599,4180083798109.64,1790699633250.9
15227.1640625,1057.41003417969,4099173010981.2,1778265037037.48
15228.7265625,1057.65002441406,4137487952474.59,1703115231470.91
15230.2890625,1057.43003336589,4212376099066.34,1727099709986.36
15231.8515625,1057.65002441406,4192557704305.14,1761053067379.25
15233.4140625,1057.89001464844,4115687637283.26,1699222063130.32
15234.9765625,1057.70540677584,4118088254041.93,1764437252807.88
15236.5390625,1058.13000488281,4207799420577.29,1814254465744.26
15238.1015625,1057.9084754357,4160309954670.65,1822093269133.79
15239.6640625,1058.000779372,4134284193151.3,1749372261660.74
15241.2265625,1057.91001383464,4257936745435.3,1781530485066.17
15242.7890625,1058.13000488281,4229511778094.24,1805257131912.69
15244.3515625,1058.36999511719,4045843488840.07,1802397154988.6
15245.9140625,1058.61999511719,4104683108910.53,1779977008631.65
15247.4765625,1058.13000488281,4131213789653.8,1744460479782.27
15249.0390625,1058.85998535156,4150856389328.41,1823078113680.36
15250.6015625,1058.13000488281,4204383297467.05,1733925426206.38
15252.1640625,1058.85998535156,4037169086284.35,1837959518904.46
15253.7265625,1058.85998535156,4109966819431.4,1854303472895.12
15255.2890625,1058.61999511719,4217177428724.3,1742960086111.37
15256.8515625,1058.85998535156,4213631984195.25,1754971737882.03
15258.4140625,1058.85998535156,4270657651389.79,1749821078950.55
15259.9765625,1058.85998535156,3960056246722.98,1819025257482.02
15261.5390625,1059.13997395833,4076740036437.72,1704713737783.04
15263.1015625,1059.33996582031,4146874315909.8,1778675054057.67
15264.6640625,1059.33996582031,4097960080025.16,1822494178598.99
15266.2265625,1059.17381873498,4181291893767.69,1812363541280.04
15267.7890625,1059.33996582031,3992696110258.41,1794370379941.65
15269.3515625,1059.33996582031,4092057548110.66,1823153018682.92
15270.9140625,1058.85998535156,4038803236121.44,1812818125628.15
15272.4765625,1059.82995605469,4172531831408.62,1799321747220.08
15274.0390625,1059.82995605469,4079569342812.3,1816673882801.73
15275.6015625,1059.82995605469,4100098919159.92,1844581621527.07
15277.1640625,1059.82995605469,4124083079812.02,1763177174094.37
15278.7265625,1060.01456392728,4175772263546.59,1772915877377.08
15280.2890625,1059.82995605469,4054834225941.2,1770149387060.52
15281.8515625,1060.30993652344,4079099220646.74,1880865528050.28
15283.4140625,1060.30993652344,4072858437140.42,1729572743932.46
15284.9765625,1060.30993652344,4071268506113.2,1830946276270.53
15286.5390625,1060.16225022536,3936906091128.9,1824586358835.94
15288.1015625,1060.49463829628,3968152745278,1814630300855.68
15289.6640625,1060.55004882813,4061098973215.85,1759510803869.45
15291.2265625,1060.45769794171,4110638729141.44,1758715845238.82
15292.7890625,1060.55004882813,4001825818695.01,1750653681498.44
15294.3515625,1061.0400390625,4027011711967.72,1814674837715.34
15295.9140625,1061.0400390625,4197309862413.53,1816115582292.72
15297.4765625,1060.55004882813,4143028510874.8,1781761956198.81
15299.0390625,1061.0400390625,4114074371508.2,1801484524006.03
15300.6015625,1061.0400390625,4248687314073.58,1898002332221.75
15302.1640625,1061.15080378606,4144713296907.05,1794652518974.68
15303.7265625,1061.28002929688,4049685627249.65,1811264643273.88
15305.2890625,1061.16926457332,3991569675932.4,1842737875586.59
15306.8515625,1061.2046461839,3978146821196.53,1787164836669.73
15308.4140625,1061.28002929688,4146746887942.64,1817728514012.83
15309.9765625,1060.7900390625,4189101943904.45,1816944108921.08
15311.5390625,1061.52001953125,4252983806512.36,1790306103637.11
15313.1015625,1062.01000976563,3975758959544.38,1836741339410.42
15314.6640625,1062.01000976563,4178206230904.8,1830234058593.25
15316.2265625,1061.52001953125,4077593460030.29,1745515366304.28
15317.7890625,1061.76000976563,4213031555478.35,1814572026273.44
15319.3515625,1062.01000976563,3917726867044.32,1810208811324.85
15320.9140625,1062.25,4054111697830.37,1840065264599.08
15322.4765625,1062.25,4059831665730.02,1777520251731.02
15324.0390625,1062.25,3923730904728.57,1765046521452.48
15325.6015625,1062.26846078726,4011270553083.77,1825464721282.21
15327.1640625,1062.48999023438,4120538607247.04,1788206472223.89
15328.7265625,1062.07000732422,4216752511652.27,1755663717624.18
15330.2890625,1062.72998046875,4181427164522.77,1857539282316.65
15331.8515625,1062.48999023438,3898144559535.25,1803021040671.85
15333.4140625,1062.72998046875,4192032579265.82,1855868300878.02
15334.9765625,1062.72998046875,3964246397220.77,1812004589852.72
15336.5390625,1062.95150991587,4067407003210.94,1805637712862.32
15338.1015625,1062.96997070313,4047550566150.48,1844262091359.03
15339.6640625,1063.2007399339,4099313957718.78,1831998717857.86
15341.2265625,1063.21997070313,4003136374620.29,1784874472780.84
15342.7890625,1063.21997070313,3963811936489.67,1852599169133.8
15344.3515625,1062.96997070313,4073180631007.69,1814250398927.47
15345.9140625,1063.21997070313,4058572872429.51,1721866383576.49
15347.4765625,1063.21997070313,4059961192835.42,1810389484850.66
15349.0390625,1063.4599609375,4043723160364.09,1836741975541.39
15350.6015625,1063.69995117188,4099483687679.16,1767571903566.49
15352.1640625,1063.83994547526,4164570265942.84,1835753240435.07
15353.7265625,1063.67813387785,4065706439855.44,1852953858943.77
15355.2890625,1063.69995117188,4111261224148.74,1748948893667.65
15356.8515625,1063.69995117188,4150411862570.89,1794206029884.54
15358.4140625,1064.18994140625,4100543488923.85,1850697948959.39
15359.9765625,1063.93994140625,3960157962116.35,1829344234340.35
15361.5390625,1063.93994140625,4000811180919.4,1793418184402.49
15363.1015625,1064.18994140625,4091246003834.27,1791866467952.91
15364.6640625,1064.41158353366,4042881365991.42,1833175907998.79
15366.2265625,1064.18994140625,4015530535553.8,1744365853387.01
15367.7890625,1064.43005371094,4052157154990.04,1799582991816.33
15369.3515625,1064.43005371094,3960751212070.88,1830758313434.79
15370.9140625,1063.93994140625,4272594304143.31,1839540396827.78
15372.4765625,1064.85860770089,3947147229269.94,1839714910513.19
15374.0390625,1064.67004394531,4023578725799.51,1856736074812.93
15375.6015625,1064.91003417969,3911548877218.15,1796335684408.91
15377.1640625,1065.16003417969,4019202157156.54,1796816281335.99
15378.7265625,1064.91003417969,4054453768047.85,1819863615935.77
15380.2890625,1065.16003417969,3963151984607.74,1791324983477.87
15381.8515625,1065.16003417969,3959216518620.32,1845544612135.78
15383.4140625,1065.40002441406,3910035576641.08,1824300165407.03
15384.9765625,1065.16003417969,3905727981190.03,1786954899852.53
15386.5390625,1065.40002441406,3963557342834.44,1800695436977.63
15388.1015625,1065.64001464844,4024971832674.6,1859625163021.44
15389.6640625,1065.40002441406,3972231975454.92,1801969944561.58
15391.2265625,1065.40002441406,4111837894435.72,1807627790595.09
15392.7890625,1065.64001464844,4090854432756.31,1796503526934.72
15394.3515625,1065.64001464844,4095494707632.63,1861017250675.26
15395.9140625,1065.78770094651,4066913823704.99,1820060898000.03
15397.4765625,1065.88000488281,4066169523027.75,1830867028309.93
15399.0390625,1065.88000488281,3963218516079.23,1870054571156.45
15400.6015625,1066.35153432993,3938059004974.84,1810064309307.64
15402.1640625,1066.13000488281,3974498444560.78,1885418472739.48
15403.7265625,1066.36999511719,4016135207236.5,1826824609849.98
15405.2890625,1066.36999511719,3984104344401.55,1837950581479.09
15406.8515625,1066.36999511719,4057361911024.66,1818429818539.41
15408.4140625,1066.40199381511,3980857606286.51,1847882249392.96
15409.9765625,1066.499220628,4071207791061.37,1777440052867.21
15411.5390625,1066.60998535156,3899129357434.46,1879022864150.27
15413.1015625,1066.46229905349,3991251752247.98,1882193066030.58
15414.6640625,1066.78997802735,4025734998301.69,1826439361134.22
15416.2265625,1066.84997558594,4151629401171.24,1753452670625.1
15417.7890625,1066.84997558594,4068305207771.37,1841416268380.11
15419.3515625,1066.81305401142,3952747207896.18,1817999455095.63
15420.9140625,1066.84997558594,4022629912167.62,1814238664994.28
15422.4765625,1067.09997558594,3939730498837.26,1919499329123.14
15424.0390625,1067.09997558594,3997580084303.51,1840047858384.44
15425.6015625,1067.33996582031,3864786348206.28,1797749096579.11
15427.1640625,1067.57995605469,4039758202422.09,1797959071043.21
15428.7265625,1067.33996582031,3822282777857.5,1831032997179.22
15430.2890625,1067.54303448017,3971798455459.18,1825755118398.91
15431.8515625,1067.09997558594,3882776251830.93,1753518976286.25
15433.4140625,1067.16397298177,3974295577300.41,1811662950439.11
15434.9765625,1067.45073054387,3970995645214.51,1835427074549.03
15436.5390625,1067.57995605469,4052942736647.43,1867108031244.12
15438.1015625,1067.81994628906,3953429530972.56,1818660648606.81
15439.6640625,1068.06994628906,4029570969544.26,1833342618424.73
15441.2265625,1068.06994628906,3926925662841.12,1764346474672.67
15442.7890625,1068.06994628906,3947474841849.93,1818368164106.6
15444.3515625,1068.30993652344,3958265568484.33,1839044585506.82
15445.9140625,1068.30993652344,3938965375568.08,1833159086200.68
15447.4765625,1068.30993652344,3953645778706.58,1806781880617.57
15449.0390625,1068.55004882813,3960934291449.38,1811748109253.56
15450.6015625,1068.7900390625,4024024262700.06,1824320183156.8
15452.1640625,1069.0400390625,3948530373971.08,1841400344137.3
15453.7265625,1069.0400390625,3838116103398.76,1807842486679.27
15455.2890625,1069.0400390625,3941081561345.23,1780379427844.2
15456.8515625,1068.94388521635,3897607939719.48,1785091806580.85
15458.4140625,1068.7900390625,3915468063850.31,1817943979940.01
15459.9765625,1068.7900390625,3821605255597.57,1753694540786.81
15461.5390625,1069.14003499349,3988145127500.92,1843666156250.15
15463.1015625,1069.28002929688,3949049569539.13,1877324817007.6
15464.6640625,1068.55004882813,3979343384047.82,1833245364229.56
15466.2265625,1069.30002848308,3900303819454.97,1779834551545.32
15467.7890625,1069.52001953125,4093837364495.31,1864241814214.14
15469.3515625,1069.52001953125,3941404481147.86,1808667995409.08
15470.9140625,1069.52001953125,3961152697777.65,1822355163313.41
15472.4765625,1069.37233323317,3916932729727.26,1768468037029.52
15474.0390625,1069.76000976563,3876957739471.29,1861952739598.97
15475.6015625,1070.01000976563,4059628857797.9,1784251065521.85
15477.1640625,1070.01000976563,3968132454618.2,1903014189755.81
15478.7265625,1069.76000976563,4009756112006.84,1820119454265.49
15480.2890625,1070.01000976563,3951272916322.45,1794142964601.62
15481.8515625,1070.25,3827487589169.39,1751974903243.91
15483.4140625,1070.14714704241,3951200279147.89,1832174278232.85
15484.9765625,1070.25,4024512935429.73,1817593284664.33
15486.5390625,1070.37922551082,3881057746910.52,1784057873020.4
15488.1015625,1070.5269118089,3970598250669.12,1797296127837.58
15489.6640625,1070.48999023438,3935312408181.83,1827927331451.68
15491.2265625,1070.48999023438,4009674279006.02,1818717625443.82
15492.7890625,1070.48999023438,3957583998790.1,1878855977286.39
15494.3515625,1070.72998046875,3911238962434.96,1839728872225.77
15495.9140625,1070.72998046875,3935120509888.65,1845126697857.04
15497.4765625,1070.72998046875,3771604225791.12,1857861877273.92
15499.0390625,1070.97998046875,3825188434335.48,1828402392448.49
15500.6015625,1070.91748046875,3882570303217.88,1844806174909.2
15502.1640625,1071.21997070313,4006440663918.9,1862481638333.96
15503.7265625,1071.21997070313,3961909324774.79,1876183231131.36
15505.2890625,1071.21997070313,3934276847878.34,1849572117733.62
15506.8515625,1071.4599609375,3889467303112.21,1877263076520.74
15508.4140625,1071.4599609375,4008879784423.27,1811424920314.66
15509.9765625,1071.4599609375,3929122499251.72,1788762345999.26
15511.5390625,1071.4599609375,3904000445202.06,1846004660058.7
15513.1015625,1071.69995117188,3934860815620.36,1822247809293
15514.6640625,1071.69995117188,3916779536229.33,1838457327368.12
15516.2265625,1071.69995117188,3818767250282.38,1907547911404.73
15517.7890625,1072.18994140625,3874732945911.57,1847681505720.97
15519.3515625,1071.94995117188,3970776564973.13,1845977889382.07
15520.9140625,1071.94995117188,3938328244440.29,1811739173418.22
15522.4765625,1072.18994140625,4018659938857.6,1845983161900.81
15524.0390625,1072.18994140625,3883770119472.43,1780413457476.83
15525.6015625,1072.18994140625,3942539702466.94,1877662541326.74
15527.1640625,1072.54543832632,3869797092934.6,1819846999356.86
15528.7265625,1072.68005371094,3932034185724.95,1801322357979.87
15530.2890625,1072.43005371094,4003169585851.51,1752113766931.53
15531.8515625,1072.68005371094,3790783481003.6,1835446161408.43
15533.4140625,1072.43005371094,4013250140871.49,1856779833851.59
15534.9765625,1072.68005371094,4037465019091.56,1828129407654.87
15536.5390625,1072.92004394531,4050730908300.06,1822768815347.26
15538.1015625,1072.92004394531,3850623133081.15,1806535165346.4
15539.6640625,1073.16003417969,3786567190243.44,1841837647943.39
15541.2265625,1072.92004394531,3977988421228.06,1871225625951.04
15542.7890625,1072.92004394531,3909758462005.75,1852998485190.45
15544.3515625,1073.21146065848,3947689065280.57,1894050191559.7
15545.9140625,1072.92004394531,3892086318021.59,1867656780726.64
15547.4765625,1073.40002441406,3949641767715.23,1779804758179.12
15549.0390625,1073.2892596905,3854205382378.82,1849353311848.18
15550.6015625,1073.43848595252,3901848498795.53,1833171259858.02
15552.1640625,1073.65002441406,3889967019334.55,1822302190372.78
15553.7265625,1073.70540677584,3894991746087.72,1839825421320.52
15555.2890625,1073.65002441406,3824292014119.47,1892767673227.28
15556.8515625,1073.65002441406,3978205784916.74,1842725288493.62
15558.4140625,1073.89001464844,3903199712427.87,1844608618139.02
15559.9765625,1073.65002441406,4011073748491.15,1832067333361.78
15561.5390625,1074.13000488281,3772806963122.89,1799916168580.79
15563.1015625,1074.27769118089,3938898422406.89,1885443415512.75
15564.6640625,1074.13000488281,3799897627034.37,1848301742258.5
15566.2265625,1074.36999511719,3917010413046.58,1776039132290.04
15567.7890625,1074.36999511719,3958785562291.95,1748933895544.48
15569.3515625,1074.61999511719,3962342744014.16,1859657438138.43
15570.9140625,1074.61999511719,3830297805994.25,1805561915749.21
15572.4765625,1074.61999511719,3759513547162.73,1859889792684.73
15574.0390625,1074.46614896334,3942646797815.16,1789824784062.42
15575.6015625,1074.85998535156,3898812300538.7,1813667791539.83
15577.1640625,1075.09997558594,3888704747010.14,1831389906027.62
15578.7265625,1075.09997558594,3879613347883.79,1819237815292.26
15580.2890625,1074.85998535156,3915063705778,1776354731391
15581.8515625,1075.09997558594,3891875528911.6,1801978025736.54
15583.4140625,1075.09997558594,3793305486353.62,1805065593356.76
15584.9765625,1075.09997558594,3939841841687.12,1835303563410.35
15586.5390625,1075.34997558594,3974015142771.98,1780157824671.77
15588.1015625,1075.1384371244,3850020417763.5,1802587282651.25
15589.6640625,1075.38073730469,3965964083828.73,1848821796928.18
15591.2265625,1075.58996582031,4013819176345.46,1872034153188.44
15592.7890625,1075.58996582031,3773876314021.74,1816573984869.28
15594.3515625,1075.82995605469,3799508469388.3,1853487046132.19
15595.9140625,1075.58996582031,3959949030419.55,1824693907204.67
15597.4765625,1075.82995605469,3762196250577.26,1831335629686.84
15599.0390625,1075.82995605469,3840447793170.22,1857264553498.06
15600.6015625,1075.82995605469,3917814413872.45,1831197116675.78
15602.1640625,1076.06994628906,3940003913503.08,1924911943357.41
15603.7265625,1076.06994628906,3884483066820.88,1781025299105.94
15605.2890625,1076.31994628906,3894896750889.25,1850015546218.23
15606.8515625,1076.55993652344,3990163443334.49,1775170972027.69
15608.4140625,1076.31994628906,3819286338633.62,1819522246761.8
15609.9765625,1076.4860933744,3762358614270.96,1833112281964.68
15611.5390625,1076.46767014724,3956866154867.25,1832165005197.75
15613.1015625,1076.55993652344,3992197890529.13,1879413264310.07
15614.6640625,1076.80004882813,3882180180059.35,1831338438401.58
15616.2265625,1077.05004882813,3774562296878.42,1802905885724.63
15617.7890625,1076.55993652344,3818195289523.38,1800860696659.12
15619.3515625,1076.80004882813,3905453679464.51,1891900601850.88
15620.9140625,1077.05004882813,3895785073450.41,1788400283350.78
15622.4765625,1077.2900390625,3795003861643.45,1859951956864.09
15624.0390625,1077.05004882813,3781201760480.72,1850868564038.7
15625.6015625,1077.05004882813,3900733757168.64,1839735170209.36
15627.1640625,1077.32773061899,4020445685698.24,1863835679678.75
15628.7265625,1077.2900390625,3799345712322.57,1861635268908.56
15630.2890625,1077.53002929688,3841013487842.97,1866758409503.29
15631.8515625,1077.65753173829,3794330453859.13,1855463757584.27
15633.4140625,1077.53002929688,3910790456684.83,1799598307940.98
15634.9765625,1077.78002929688,3866704348898.54,1893797919782.02
15636.5390625,1077.89079402044,3969993927986.98,1850856189735.77
15638.1015625,1078.02001953125,3930745431858.42,1819292920377.44
15639.6640625,1078.26000976563,3879141810628.4,1772351626805.02
15641.2265625,1078.07540189303,3954170347239.56,1860933190333.69
15642.7890625,1078.02001953125,3780218906051.09,1820056697073.64
15644.3515625,1078.02001953125,3786834246375.05,1865047943165.33
15645.9140625,1078.5,3789603359015.44,1902651243898.84
15647.4765625,1078.26000976563,3806296320302.35,1812397279024.94
15649.0390625,1078.5,3807451117997,1845445021256.26
15650.6015625,1078.5,3865190734290.41,1835807761896.17
15652.1640625,1078.98999023438,3769041443956.44,1854012420769.19
15653.7265625,1078.5,3767561048775.76,1817910726935.29
15655.2890625,1078.75,3797251160268.31,1815555114381.92
15656.8515625,1078.97152944712,3859053593816.97,1764406659447.63
15658.4140625,1078.98999023438,3889323057823.33,1872401407092.9
15659.9765625,1079.22998046875,3958691761449.71,1846574903329.15
15661.5390625,1079.22998046875,3743550428964.77,1837180099811.17
15663.1015625,1079.22998046875,3744473694322.78,1776696325704.14
15664.6640625,1079.22998046875,3942512249584.18,1840696246372.65
15666.2265625,1079.22998046875,3845133386282.91,1830016481863.53
15667.7890625,1079.22998046875,3844691032625.01,1818247165620.18
15669.3515625,1079.47998046875,3897413325435.08,1883506049538.12
15670.9140625,1079.47998046875,3953336800054.93,1889644624152.37
15672.4765625,1079.31926618304,3829501757644.01,1866556967219.78
15674.0390625,1079.47998046875,3904740013720.08,1776081496678.99
15675.6015625,1079.53997802735,3799660424831.49,1848494047173.07
15677.1640625,1080.11380709135,3957616544920.73,1851634024695.41
15678.7265625,1079.98079427083,3837376318782.64,1891949674714.82
15680.2890625,1079.9599609375,3908503886089.98,1894117962802.06
15681.8515625,1080.2099609375,3874911367106.9,1794969237858.07
15683.4140625,1080.2099609375,4016577997640.22,1827203926609.82
15684.9765625,1080.2099609375,3980492920353.69,1897921261463.76
15686.5390625,1080.44995117188,3923249095071.6,1819410357292.45
15688.1015625,1080.2099609375,3917881948399.71,1932477567605
15689.6640625,1080.44995117188,3874220904364.58,1836195690379.12
15691.2265625,1080.68994140625,3728663935432.26,1879276766653.23
15692.7890625,1080.44995117188,3887108805353.74,1803907326755
15694.3515625,1080.68994140625,3840916520961.14,1778457917240.53
15695.9140625,1080.68994140625,3891130262864.88,1811943917900.92
15697.4765625,1080.9953519381,3862091503420.69,1837611150050.61
15699.0390625,1080.60071739784,3849620714378.14,1895354793899.31
15700.6015625,1080.93994140625,3810568807600.26,1841601398781.59
15702.1640625,1081.2908184345,3912284757323.34,1856715783944.19
15703.7265625,1081.40004475911,3712637922908.1,1821810922709.22
15705.2890625,1081.18005371094,3815700588676.69,1850644776123.47
15706.8515625,1081.42004394531,3805227500622.63,1886188554939.02
15708.4140625,1081.18005371094,3832803262619.95,1827925803530.96
15709.9765625,1081.42004394531,3797929409529.46,1853144355458.97
15711.5390625,1081.42004394531,3817632161055.52,1876522468251.5
15713.1015625,1081.67004394531,3826503924327.41,1827706890185.47
15714.6640625,1081.67004394531,3715039142266.66,1844289379904.83
15716.2265625,1081.91003417969,3869927979186.28,1851890823838.24
15717.7890625,1081.67004394531,3840300975967.08,1817216683215.62
15719.3515625,1081.91003417969,3826968872091.86,1860568102280.09
15720.9140625,1081.91003417969,3962387813409.54,1820158307179.1
15722.4765625,1082.37001546224,3724199648451.44,1839939174776.67
15724.0390625,1082.11002604167,3814165552231.26,1844856859190.9
15725.6015625,1082.37155386118,3824472541767.85,1876465514135.99
15727.1640625,1082.39001464844,4021946048907.65,1824970230557.51
15728.7265625,1082.26309908353,3783212787468.09,1833950001896.91
15730.2890625,1082.39001464844,3803736733615.73,1894603042083.62
15731.8515625,1082.64001464844,3801463891849.34,1888518342270.12
15733.4140625,1082.64001464844,3858424861886.02,1875692868019.69
15734.9765625,1082.15002441406,3810978101721.3,1922566308940.6
15736.5390625,1082.64001464844,3886789271298.96,1824211003549.73
15738.1015625,1082.88000488281,3895425608359.95,1856418764452.03
15739.6640625,1082.88000488281,3797608873193.78,1821089045514.18
15741.2265625,1083.11999511719,3763828629490.21,1834403164323.09
15742.7890625,1082.88000488281,3762392441050.94,1869211030526.72
15744.3515625,1083.11999511719,3801359969723.45,1841332528008.33
15745.9140625,1083.00923039363,3884732877175.22,1930253316120.73
15747.4765625,1083.11999511719,3897983434910.67,1861399788543.89
15749.0390625,1083.27384127104,3895946911344.98,1848115629848.82
15750.6015625,1083.36999511719,3741355297500.25,1821694229276.38
15752.1640625,1083.60998535156,3783431290258.74,1881577648424.24
15753.7265625,1083.60998535156,3960691314614.58,1939622209868.63
15755.2890625,1083.60998535156,3690466931586.24,1898391407892.1
15756.8515625,1084.09997558594,3888338385681.17,1804842780932.73
15758.4140625,1083.84997558594,3821225878009.28,1853267603895.01
15759.9765625,1083.70228928786,3656227224397,1871763967534.89
15761.5390625,1083.84997558594,3788333527369,1821904537656.32
15763.1015625,1083.84997558594,3769246782581.27,1892384056212.84
15764.6640625,1083.84997558594,3772759863066.43,1915384343665.05
15766.2265625,1084.57995605469,3823440211105.19,1878189858221.53
15767.7890625,1084.33996582031,3900944896788.01,1876671417014.1
15769.3515625,1084.33996582031,3756826871780.16,1912858452992.86
15770.9140625,1084.57995605469,3887757275094.06,1904844207485.8
15772.4765625,1084.772263747,3846301880362.55,1850922843568.23
15774.0390625,1084.82995605469,3852282254420.02,1854362553950.85
15775.6015625,1084.772263747,3867862222562.48,1921020734548.78
15777.1640625,1084.82995605469,3725723028307.04,1853119503989.42
15778.7265625,1085.06994628906,3818468815680.35,1894372907987.32
15780.2890625,1084.82995605469,3930437620434.26,1872127070281.08
15781.8515625,1085.06994628906,3838465528231.34,1839048967863.52
15783.4140625,1085.06994628906,3822535820542.53,1832636829164.12
15784.9765625,1085.2360933744,3807800937278.96,1883106906336.41
15786.5390625,1085.30993652344,3881314785075.52,1899894038333.86
15788.1015625,1085.30993652344,3726271420930.54,1898272165906.49
15789.6640625,1085.55993652344,3754673988950.21,1900924548651.21
15791.2265625,1085.30993652344,3909748350450.93,1829337136723.24
15792.7890625,1085.67075758714,3744231348291.08,1889677547309.21
15794.3515625,1085.80004882813,3725379338626.93,1854482031783.21
15795.9140625,1085.48301344652,3697683048131.46,1899755286539.74
15797.4765625,1085.97147042411,3844742057506.49,1851976700791.34
15799.0390625,1086.0400390625,3787838746975.06,1850028092523.45
15800.6015625,1085.80004882813,3948809710406.72,1846270438189.86
15802.1640625,1085.80004882813,3781469952109.78,1916614622685.19
15803.7265625,1086.2900390625,3770629547175.94,1833964535059.98
15805.2890625,1086.2900390625,3820411679964.07,1903199053559.82
15806.8515625,1085.98850661058,3898528146917.02,1822511117419.74
15808.4140625,1086.2900390625,3855858093240.83,1907745481515.14
15809.9765625,1086.2900390625,3796599244054.46,1897212417593.89
15811.5390625,1086.36388221154,3737888919344.83,1862987970105.93
15813.1015625,1086.53002929688,3858342793821.48,1897775950528.23
15814.6640625,1086.53002929688,3789850451389.85,1815740381581.21
15816.2265625,1086.78002929688,3912579887913.91,1809891044902.96
15817.7890625,1086.87233323318,3826037496329.75,1912116126815.08
15819.3515625,1086.78002929688,3720842725175.76,1900871781810.63
15820.9140625,1087.02001953125,3946465010456.73,1920381800609.52
15822.4765625,1087.07540189303,3741050728925.86,1813378827319.03
15824.0390625,1087.26000976563,3746518173639.55,1897692911393.33
15825.6015625,1087.26000976563,3909931077780.31,1862118680636.34
15827.1640625,1087.26000976563,3793191570902.98,1883220503464.17
15828.7265625,1087.51000976563,3879494269010.82,1886212678519.58
15830.2890625,1087.51000976563,3760774806721.79,1834485561337.12
15831.8515625,1087.44750976563,3688011751696.83,1883428432953.19
15833.4140625,1087.51000976563,3758441033045.47,1815435626781.98
15834.9765625,1087.75,3901035251844.27,1831099234348.71
15836.5390625,1087.71000162761,3703621395499.33,1849547806146.97
15838.1015625,1087.98999023438,3911229324900.42,1863248111559.62
15839.6640625,1087.75,3750734492616.67,1873390815835.04
15841.2265625,1087.98999023438,3818390903791.44,1871787024068.35
15842.7890625,1087.98999023438,3990452347948.08,1934005289261.12
15844.3515625,1088.23999023438,3881935371341.95,1890465369640.51
15845.9140625,1087.98999023438,3947813161964.27,1867969700933.73
15847.4765625,1088.23999023438,3654036768743.45,1830419145641.43
15849.0390625,1088.23999023438,3837040978570.21,1886225392803.36
15850.6015625,1088.23999023438,3854700561728.7,1816266319389.97
15852.1640625,1088.47998046875,3742161833192.7,1882415781210.44
15853.7265625,1088.71997070313,3893722989649.63,1934797549200.44
15855.2890625,1088.71997070313,3857973621913.43,1904586490676.45
15856.8515625,1088.71997070313,3743667054708.47,1919439820322.54
15858.4140625,1088.90747070313,3766252563607.59,1862614248299.13
15859.9765625,1088.71997070313,3756910141434.11,1830293244710.69
15861.5390625,1088.96997070313,3682731037351.62,1837582787257.35
15863.1015625,1088.96997070313,3840013797569.75,1844878104397.91
15864.6640625,1089.2099609375,3693609095533.56,1870350452485.66
15866.2265625,1089.44995117188,3789747033044.97,1877400313200.74
15867.7890625,1089.38995361329,3817888353490.26,1856824471150.04
15869.3515625,1089.44995117188,3906893444533.42,1949975829433.71
15870.9140625,1089.44995117188,3745517188470.95,1895958176417.43
15872.4765625,1089.44995117188,3829055566276.06,1882316388045.31
15874.0390625,1089.69995117188,3818000455193.99,1858894893526.46
15875.6015625,1089.44995117188,3721918363743.05,1895024683931.99
15877.1640625,1089.44995117188,3831280623485.17,1905183832732.67
15878.7265625,1090.01686448317,3710854513255.18,1856327896740.2
15880.2890625,1089.75533353366,3821073333477.71,1922040357557.18
15881.8515625,1089.93994140625,3796735295116.13,1884532438963.72
15883.4140625,1090.18994140625,3846939898604.58,1958028789608.22
15884.9765625,1090.18994140625,3920429618189.31,1843011495620.6
15886.5390625,1089.93994140625,3737998504676.49,1877442558118.96
15888.1015625,1090.43005371094,3723389995646.66,1871189892578.86
15889.6640625,1089.93994140625,3867655647138.4,1890731916542.04
15891.2265625,1090.67004394531,3783639141346.07,1859938948432.61
15892.7890625,1090.67004394531,3909622305213,1903179783209.93
15894.3515625,1090.67004394531,3826897276685.15,1859162280995.28
15895.9140625,1090.67004394531,3737218102967.98,1900516092503.16
15897.4765625,1090.80465932993,3842652945493.37,1945282049804.36
15899.0390625,1090.92004394531,3766619503163.43,1951694733096.97
15900.6015625,1090.76619779146,3811567691159.04,1839861165938.92
15902.1640625,1090.92004394531,3803873082681.82,1931161706663.52
15903.7265625,1091.16003417969,3673116841567.34,1951657536873.56
15905.2890625,1091.30002848307,3686549250119.65,1926006381526.17
15906.8515625,1090.92004394531,3725937289115.17,1843251754168.96
15908.4140625,1091.16003417969,3759249302969.13,1857758235585.62
15909.9765625,1091.20086669922,3785806161711.23,1857048715027.63
15911.5390625,1091.40002441406,3855134898507.67,1858864940754.91
15913.1015625,1091.65002441406,3694098047990.22,1884522775046.61
15914.6640625,1091.65002441406,3781300941144.52,1847111770381.95
15916.2265625,1092.13000488281,3796823963997.64,1917459141587.45
15917.7890625,1091.89001464844,3845453121619.88,1853250411330.33
15919.3515625,1091.89001464844,3822857230635.92,1918209581375.35
15920.9140625,1092.09308330829,3848384558040.95,1928817977879.38
15922.4765625,1091.89001464844,3850985062318.15,1880359840709.35
15924.0390625,1092.20692795973,3800918332565,1900473690942.81
15925.6015625,1092.13000488281,3920043963250.17,1931604538380.82
15927.1640625,1092.13000488281,3843758507449.87,1925470581104.5
15928.7265625,1092.61999511719,3661587303858.06,1844087817782.65
15930.2890625,1092.61999511719,3824311468233.5,1858756617428.15
15931.8515625,1092.38000488281,3673079093544.55,1891892813417.43
15933.4140625,1092.38000488281,3794463804397.06,1892867898390.95
15934.9765625,1092.61999511719,3831981580029.31,1840510752572.95
15936.5390625,1092.61999511719,3803748837541.1,1853327260506.23
15938.1015625,1092.61999511719,3765260740330.04,1880426936656.62
15939.6640625,1092.86999511719,3649512633212.63,1867377405603.88
15941.2265625,1093.10998535156,3733525958008.19,1876410441650.65
15942.7890625,1093.10998535156,3848208549840.78,1886284131352.53
15944.3515625,1093.20228928786,3751396496119.34,1935911244880.29
15945.9140625,1093.10998535156,3760745443348.31,1892282933075.21
15947.4765625,1093.34997558594,3800906998033.86,1873070558392.13
15949.0390625,1094.07995605469,3667429257468.65,1899816603958.29
15950.6015625,1093.59997558594,3844755488127.95,1875857850478.24
15952.1640625,1093.34997558594,3676503483452.96,1909694103833.96
15953.7265625,1093.81996663411,3755074224443.82,1939647976858.43
15955.2890625,1093.78458345854,3811022332018.79,1916591378144.37
15956.8515625,1093.40766789363,3716578307164.66,1921282884545.85
15958.4140625,1093.83996582031,3805603891246.55,1917028553536.6
15959.9765625,1094.07995605469,3726055220116.51,1949686715830.28
15961.5390625,1093.83996582031,3717011668500.94,1924264673009.57
15963.1015625,1093.83996582031,3704036954791.88,1884421102719.69
15964.6640625,1093.59997558594,3640250729286.82,1959424049657.08
15966.2265625,1094.17610990084,3850050092928.64,1916660175054.7
15967.7890625,1094.32995605469,3789023586098.53,1924238668624.64
15969.3515625,1094.56994628906,3692747843853.29,1876117537153.09
15970.9140625,1094.42225999099,3827947125092.02,1856283481491.55
15972.4765625,1094.07995605469,3735872838424.4,1893684399178.07
15974.0390625,1094.56994628906,3647968349199.96,1856744070711.36
15975.6015625,1094.32995605469,3767865640704.76,1848308495709.15
15977.1640625,1094.56994628906,3722096199723.39,1887359540293.91
15978.7265625,1095.05993652344,3763115476885.08,1958389123573.62
15980.2890625,1095.05993652344,3713637766104.9,1875905968051.51
15981.8515625,1094.75840407151,3708333975508.32,1923492823166.61
15983.4140625,1095.30004882813,3806212471519.38,1838775704464.02
15984.9765625,1095.30004882813,3787890187598.55,1982618041709.51
15986.5390625,1095.05993652344,3902377955102.92,1945232686650.9
15988.1015625,1095.30004882813,3770338619308.2,1970613357482.38
15989.6640625,1095.48754882813,3756290988159.35,1946554877597.71
15991.2265625,1095.49235652044,3782402337225.3,1951745278873.3
15992.7890625,1095.55004882813,3856989875500.5,1935625488331.59
15994.3515625,1095.55004882813,3615417467825.91,1962084103159.2
15995.9140625,1095.7900390625,3844117743557.76,1922478749663.28
15997.4765625,1096.0400390625,3759834546849.08,1958702599781.88
15999.0390625,1095.7900390625,3685770861651.53,1856178651075.51
16000.6015625,1095.7900390625,3799031184915.35,1857542322386.05
16002.1640625,1096.0400390625,3714740841408.64,1891370530628.41
16003.7265625,1096.0400390625,3808640949721.71,1915810904264.68
16005.2890625,1096.28002929688,3905755469904.42,1993406830537.5
16006.8515625,1096.15080378606,3895714584202.3,1960731201974.17
16008.4140625,1096.05849984976,3892624710571.14,1908610816327.95
16009.9765625,1096.52001953125,3651438367026.39,1956542411894.65
16011.5390625,1096.52001953125,3769624668941.07,1890307599295.18
16013.1015625,1096.52001953125,3783590761399.26,1891791825336.57
16014.6640625,1096.6738656851,3666264969115.63,1916149289659.86
16016.2265625,1096.77001953125,3788619758912.74,1867547562678.03
16017.7890625,1097.01000976563,3633588754787.18,1853741964975.53
16019.3515625,1096.77001953125,3927341452805.27,1940051957837.65
16020.9140625,1097.01000976563,3696828533094.57,1887684374723.8
16022.4765625,1096.77001953125,3860380244182.97,1924864368511.12
16024.0390625,1097.01000976563,3741445986946.15,1932415600982.89
16025.6015625,1097.26000976563,3896321210663.03,1846288770278.21
16027.1640625,1097.22154822717,3819358426917.13,1873957970989.98
16028.7265625,1097.4076960637,3644771258126.02,1908183407653.15
16030.2890625,1097.5,3806617267900.65,1900092869552.89
16031.8515625,1097.5,3869945792856.11,1954880064839.82
16033.4140625,1097.70570591518,3729795219513.85,1956859995084.76
16034.9765625,1097.73999023438,3850982964156.08,1926820859815.05
16036.5390625,1097.57384314904,3735023060676.72,1922702622906.13
16038.1015625,1097.73999023438,3872078520547.39,1954091321717.64
16039.6640625,1097.73999023438,3881916446138.43,1877408235925.46
16041.2265625,1097.98999023438,3706040705366.36,1913170771927.77
16042.7890625,1097.98999023438,3863902009921.8,1886523757628.36
16044.3515625,1097.98999023438,3924528042275.49,1938060317321.02
16045.9140625,1098.22998046875,3899124407699.8,1921290375135.92
16047.4765625,1097.98999023438,3854067644763.9,1912501657520.93
16049.0390625,1097.59384390024,3738355967159.54,1867939267386.87
16050.6015625,1098.35498046875,3856445512145.64,1986968848184.47
16052.1640625,1098.71997070313,3794426605393.8,1864075091587.91
16053.7265625,1098.81227463943,3838045840676.59,1877915241341.55
16055.2890625,1098.55151367188,3746953460472.29,1927083796812.53
16056.8515625,1098.71997070313,3674429507849.58,1881376132267.04
16058.4140625,1098.71997070313,3869447041658.49,1943838756054.49
16059.9765625,1098.71997070313,3930685999651.36,1982367067570.38
16061.5390625,1099.2099609375,3701746989766.06,1943899130125.85
16063.1015625,1098.9599609375,3855394818682.38,1962973230125.12
16064.6640625,1099.13303786058,3828520890366.12,1920178374110.12
16066.2265625,1099.09688626803,3825332331385.08,1938099509141.7
16067.7890625,1099.2099609375,3890014912192.48,1997208592278.83
16069.3515625,1099.2099609375,3779415464725.92,1931074809786.27
16070.9140625,1099.41302959736,3719004266009.66,1907055710835.48
16072.4765625,1099.2099609375,3784209557335.36,1952127166824.86
16074.0390625,1099.69995117188,3763494982600.09,1975500572532.55
16075.6015625,1099.51149338943,3846085209130.18,1931494059581.96
16077.1640625,1099.7368727464,3903864756551.41,2032331504996.88
16078.7265625,1099.93994140625,3712886492243.97,1935568390723.43
16080.2890625,1100.1061730018,3721162892544.01,1943545503876.07
16081.8515625,1099.69995117188,3789345570074.69,1872904553498.29
16083.4140625,1099.69995117188,3675492986586.69,2005369999212.25
16084.9765625,1100.18005371094,3785946782179.32,1942966315808.44
16086.5390625,1099.93994140625,3790415941139.81,1906968144993.63
16088.1015625,1100.43005371094,3792898213371.67,1972191852082.48
16089.6640625,1100.23774601863,3741392965513.57,1954117709746.79
16091.2265625,1100.59620079627,3858644217735.78,1911996140006.4
16092.7890625,1100.43005371094,3945539192861.1,1970746057570.18
16094.3515625,1100.55927922175,3794033830452.47,1932265024416.5
16095.9140625,1100.43005371094,3713347485080.05,1927368460951.31
16097.4765625,1100.82389009916,3851521920274.52,1927310868255.27
16099.0390625,1100.92004394531,3759727651736,2015209568028.75
16100.6015625,1101.1000366211,3764810216559.24,1994811156068.47
16102.1640625,1100.92004394531,3879740888932.63,2028917665390.65
16103.7265625,1100.92004394531,3605558455170.53,1956607434490.3
16105.2890625,1101.16003417969,3810260340393.04,1885426427166.94
16106.8515625,1101.17926494892,3805166991725.4,1932471087234.86
16108.4140625,1101.16003417969,3904903323376.62,1908508964440.78
16109.9765625,1101.41003417969,3904269858389.07,1930392512082.93
16111.5390625,1101.59002685547,3759642884943.41,2013369980825.57
16113.1015625,1101.41003417969,3710001208388.65,1941113215783.33
16114.6640625,1101.61310283954,3838268951193.42,1966446653608.45
16116.2265625,1101.77924992488,3871117074198.64,1930582636391.52
16117.7890625,1101.89001464844,3804541675874.07,1906870865875.49
16119.3515625,1101.89001464844,3786596365145.14,1922778357307.96
16120.9140625,1101.89001464844,3876823463162.24,1930353537212.62
16122.4765625,1102.14001464844,3721958353829.73,1990583259927.2
16124.0390625,1102.06309157152,3893292339414.79,1910364063003.55
16125.6015625,1102.14001464844,3738701765960.39,1922375731369.87
16127.1640625,1102.14001464844,3716245730968.32,1949869495779.47
16128.7265625,1102.38000488281,3783679863610.38,1934067448645.1
16130.2890625,1102.38000488281,3887896635144.04,1972216111762.28
16131.8515625,1102.38000488281,3714722661251.93,1947104426561.34
16133.4140625,1102.38000488281,3752562935747.76,1984898815887
16134.9765625,1102.63000488281,3736789817813.34,1924497295308.51
16136.5390625,1102.64846567007,3822409253280.49,1937598217351.05
16138.1015625,1102.86999511719,3778105607479.63,1939258606202.82
16139.6640625,1102.86999511719,3643043900357.78,1980215668377.83
16141.2265625,1102.86999511719,3782092642628.94,1958782114610.16
16142.7890625,1102.68538724459,3735066398471.38,1937475775999.42
16144.3515625,1103.11999511719,3895814047912.48,1972112387147.88
16145.9140625,1103.35998535156,3534887421815.63,1912508833915.06
16147.4765625,1103.35998535156,3704361230924.39,1959741600789.03
16149.0390625,1103.11999511719,3831340090667.63,1887020856235.68
16150.6015625,1103.41452858665,3871668368517.08,1938600466331.49
16152.1640625,1103.35998535156,3599496823496.17,1939145812558.84
16153.7265625,1103.59997558594,3659351494230.1,1928627818026.47
16155.2890625,1103.84997558594,3750035408314.98,1906520184684.99
16156.8515625,1103.84997558594,3710637044183.56,1891974413965.99
16158.4140625,1103.71536020132,3790134685419,1931112659090.85
16159.9765625,1103.84997558594,3705742874220.99,1923666990006.68
16161.5390625,1104.08996582031,3747792292236.47,1900624836319.51
16163.1015625,1104.08996582031,3706902379926.57,1961147776505.24
16164.6640625,1104.08996582031,3797761497130.84,2033537449948.42
16166.2265625,1104.33996582031,3815612061343.87,1922940975487.62
16167.7890625,1104.08996582031,3778946040232.21,1954671007363.86
16169.3515625,1104.33996582031,3878375393275.02,1923297917216.79
16170.9140625,1104.33996582031,3739302906881.37,1909032265661.77
16172.4765625,1104.26304274339,3770881468155.59,1986942693409.17
16174.0390625,1104.57995605469,3726149542754.72,1984672532477.95
16175.6015625,1104.57995605469,3738321488471.11,1877254524330.12
16177.1640625,1104.57995605469,3786391258114.66,1983337076204.09
16178.7265625,1104.82995605469,3825090755919.4,1906789681321.61
16180.2890625,1105.06994628906,3731020960161.01,1917975628443.51
16181.8515625,1105.06994628906,3735364558376.76,1937667179913.79
16183.4140625,1105.2360933744,3861294639982.12,1946922230249.12
16184.9765625,1105.08609713041,3806783098902.68,1983210134086.79
16186.5390625,1105.30993652344,3769771039246.74,1949413631449.36
16188.1015625,1105.21763258714,3834665034369.34,1925085874265.89
16189.6640625,1105.30993652344,3803756319920.13,1992881456921.52
16191.2265625,1105.55993652344,3757043096540.26,1940972712246.35
16192.7890625,1105.55993652344,3902141118554.91,1920207030565.62
16194.3515625,1105.30993652344,3773503944785.99,1936422427920.24
16195.9140625,1105.55993652344,3717821458697.29,1886347405937.8
16197.4765625,1105.64924504207,3711586992880.35,2014567146919.52
16199.0390625,1105.97312575121,3805675395141.26,1974864019189.98
16200.6015625,1106.05004882813,3842662546320.26,1966374187634.6
16202.1640625,1106.05004882813,3819970193453.97,1994579370621.72
16203.7265625,1106.2900390625,3782455684341.01,1977458396959.06
16205.2890625,1106.1977351262,3753084024527.38,2000605482829.32
16206.8515625,1106.2900390625,3722206839307.8,1984280244532.77
16208.4140625,1106.2900390625,3751724217322.18,2037476530599.46
16209.9765625,1106.2900390625,3664367907593.71,1923568333292.14
16211.5390625,1106.05004882813,3661173854553.14,1962334761973.04
16213.1015625,1106.5400390625,3810863678728.93,1985086888262.75
16214.6640625,1106.5400390625,3790447640882.14,2006895409791.49
16216.2265625,1106.5400390625,3779532260004.4,1965632284832.63
16217.7890625,1106.78002929688,3890125327560.72,1962007509610.51
16219.3515625,1106.87618314303,3825608166191.98,1985943617542.78
16220.9140625,1106.78002929688,3885394054642.19,1917446183787.56
16222.4765625,1107.27001953125,3693812661826.7,1925920993500.14
16224.0390625,1107.27001953125,3745979989761.49,1932180504657.96
16225.6015625,1107.04849008414,3966378200556.12,1986873264708.7
16227.1640625,1107.27001953125,3736005721861.13,1986344577016.58
16228.7265625,1107.03002929688,3614843644700.06,1962037442309.29
16230.2890625,1107.20502580916,3686907766970.32,1967898911556.79
16231.8515625,1107.32771183894,3682072342825.13,2012388806845.54
16233.4140625,1107.52001953125,3775532042774.81,2009199607183.94
16234.9765625,1107.52001953125,3708071494725.11,1983340465443.72
16236.5390625,1107.76000976563,3647109796240.24,1926153631653.9
16238.1015625,1108,3787170934534.61,1939590041720.47
16239.6640625,1107.76000976563,3628667666750.63,1996994456753.19
16241.2265625,1107.76000976563,3755469605879.43,1952654779543.99
16242.7890625,1108,3707807574531.82,2004987413260.08
16244.3515625,1107.88250732422,3616563892058.07,1968150019603.92
16245.9140625,1108,3764254816967.77,2042044260784.17
16247.4765625,1108.25,3645583109698.67,1995015711828.26
16249.0390625,1108.37922551082,3867848135757.98,1945339588587.06
16250.6015625,1108.48999023438,3769637322719.88,1956623522982.64
16252.1640625,1108.34999593099,3692339217017.05,1908076429625.49
16253.7265625,1108.48999023438,3871068107708.83,1931214344206.49
16255.2890625,1108.61248779297,3654662983848.71,2000116021022.3
16256.8515625,1108.73999023438,3760883354228.38,2004913581959.33
16258.4140625,1108.48999023438,3762641965583.55,1993645386491.62
16259.9765625,1108.97998046875,3722156600488.4,1919303894269.24
16261.5390625,1108.97998046875,3791266960008.14,2009282263041.54
16263.1015625,1108.97998046875,3869166987645.44,2029852522371.04
16264.6640625,1108.97998046875,3650724151728.97,1976467289649.5
16266.2265625,1108.89075646034,3793356680047.94,1956271476984.44
16267.7890625,1109.46997070313,3568696535999.37,2038454086138.37
16269.3515625,1109.46997070313,3742402707854.56,2053994117031.4
16270.9140625,1109.46997070313,3700067979760.87,2030796137323.75
16272.4765625,1109.46997070313,3894267807257.11,2010589975965.07
16274.0390625,1109.46997070313,3603894121129.84,1958903123896.03
16275.6015625,1109.71997070313,3744549285303.61,2005686693830.1
16277.1640625,1109.5741373698,3747658672984.17,1941171215252.24
16278.7265625,1109.90457857572,3756185212406.45,1964307633541.8
16280.2890625,1109.71997070313,3641430652169.01,1959834139681.84
16281.8515625,1109.9599609375,3672814923932.8,1982095295650.58
16283.4140625,1110.2099609375,3722328137891.66,1991530595054.35
16284.9765625,1109.9599609375,3669493852764.67,1935234633507.92
16286.5390625,1109.9599609375,3635998056077.73,1963749258739.7
16288.1015625,1110.2099609375,3620768424457.56,1951136502472.27
16289.6640625,1110.44995117188,3810888369514.18,1945109563190.28
16291.2265625,1110.33687650241,3817646749372.8,1998392102989.28
16292.7890625,1110.44995117188,3752402530818.36,2028832637382.45
16294.3515625,1110.44995117188,3815275012666.22,2009731100958.05
16295.9140625,1110.69995117188,3865813638276.88,2030867098544.75
16297.4765625,1110.95995076497,3732816299716.55,2003063443538.2
16299.0390625,1110.93994140625,3849432278400.47,2027022636559.58
16300.6015625,1110.69995117188,3788861805247.73,1993812705045.44
16302.1640625,1110.93994140625,3771669942975.12,2019747114314.91
16303.7265625,1110.93994140625,3699370647737.64,2086194120449.49
16305.2890625,1111.43005371094,3818953630542.28,1996631624504.82
16306.8515625,1111.18005371094,3855415817720.02,1971553187672.14
16308.4140625,1111.41082294171,3721047225756.7,2025897175505.04
16309.9765625,1111.43005371094,3762497556966.49,1978630622419.11
16311.5390625,1111.43005371094,3798299146945.11,1927571213652.91
16313.1015625,1111.43005371094,3699065484728.67,1927387298605.46
16314.6640625,1111.43005371094,3717519150526.15,1942482890753.32
16316.2265625,1111.67004394531,3758616049000.83,2025752248889.29
16317.7890625,1111.67004394531,3823469461276.93,1945863324205.49
16319.3515625,1111.92004394531,3705875018566.13,2066548852687.09
16320.9140625,1111.92004394531,3777883227217.43,1997878179009.78
16322.4765625,1111.86235163762,3729596691234.04,1913764889033.37
16324.0390625,1112.16003417969,3657272990789.71,2034856739786.51
16325.6015625,1112.16003417969,3690549880204.47,1939154789737.14
16327.1640625,1112.16003417969,3759835558209.39,1998018406746.62
16328.7265625,1112.16003417969,3786443721623.11,1941385054013.76
16330.2890625,1112.65002441406,3815575028748.23,1987716438976.18
16331.8515625,1112.41003417969,3739720054286.98,1990337821499.76
16333.4140625,1112.41003417969,3496624352999.4,2001693427101.32
16334.9765625,1112.65002441406,3710125932327.19,2050441707108.63
16336.5390625,1112.65002441406,3770522962868.82,2000180315884.31
16338.1015625,1112.90002441406,3813313201770.5,2080547960975.95
16339.6640625,1112.65002441406,3871206065141.29,2026094239689.52
16341.2265625,1112.41003417969,3729462101804.59,2053962468873
16342.7890625,1113.24418131511,3681203687034.96,1980417310423.12
16344.3515625,1113.35232309195,3661259675663.54,1987153695321.39
16345.9140625,1112.90002441406,3716603523427.78,2007502708885.38
16347.4765625,1112.90002441406,3734485195707.86,1965780291644.15
16349.0390625,1113.14001464844,3673715051582.78,2014524401508.89
16350.6015625,1113.14001464844,3680052003901.35,2021229528297.04
16352.1640625,1113.39001464844,3654169383212.89,2020625365229.6
16353.7265625,1113.63000488281,3698401308053.08,2009699065071.39
16355.2890625,1113.88000488281,3733566286498.99,1974811209521.05
16356.8515625,1113.88000488281,3813624430272.36,1995811310335.75
16358.4140625,1113.63000488281,3771023870640.43,2053492526332.41
16359.9765625,1113.63000488281,3610162757729.38,1942772077144.02
16361.5390625,1113.63000488281,3777290649750.19,2038966862506.83
16363.1015625,1114.08307354267,3742049144753.17,1987852916779.99
16364.6640625,1114.00923039363,3652988497247.1,2042590067528.06
16366.2265625,1114.11999511719,3694528591701.03,1961191971644.42
16367.7890625,1114.11999511719,3796100715048.52,2024508832790.08
16369.3515625,1114.36999511719,3796908061266.66,2110318049234.78
16370.9140625,1114.11999511719,3731802955868.04,1938946250760.82
16372.4765625,1114.11999511719,3660299764851.77,2077006308090.52
16374.0390625,1114.5915245643,3475584078927.56,1998452175031.01
16375.6015625,1114.60998535156,3785233603788.78,2038144512783.03
16377.1640625,1114.60998535156,3781735074257.52,1948455061528.63
16378.7265625,1114.68690842848,3763452889034.2,2033948675368.84
16380.2890625,1114.91536771334,3521526098182.08,2001426652308.54
16381.8515625,1114.85998535156,3690883905287.28,2049797478708.96
16383.4140625,1115.00767164964,3632223550310.45,1954132353128.12
16384.9765625,1115.09997558594,3732250732970.5,1987273942449.45
16386.5390625,1115.09997558594,3744930852337.76,1994182241310.67
16388.1015625,1114.85998535156,3716759429123.87,2025414953014.73
16389.6640625,1115.24580891927,3731150366381.56,2034129465827.43
16391.2265625,1115.56996663411,3629184876445.15,2000267942908.23
16392.7890625,1115.58996582031,3731941451744.07,2027569889214.73
16394.3515625,1115.34997558594,3777709322376.46,1971115630335.34
16395.9140625,1115.58996582031,3782139253705.24,2052925520607.11
16397.4765625,1115.83996582031,3655485644212.34,1983160337690.8
16399.0390625,1115.60919658954,3715845947499.86,2020251573856.99
16400.6015625,1115.72458120493,3795575038142.12,2021277271003.33
16402.1640625,1115.83996582031,3926199874127.72,2026759454426.06
16403.7265625,1116.25303297777,3590379141390.95,2017291751205.21
16405.2890625,1116.32995605469,3901634540444.64,2041711574846.98
16406.8515625,1116.56994628906,3668622404670.32,2030642317823.02
16408.4140625,1116.07995605469,3785518734052.36,1997594318964.93
16409.9765625,1116.32995605469,3655334087537.73,2038755193434.93
16411.5390625,1116.32995605469,3798757711141.32,1985331937433.99
16413.1015625,1116.32995605469,3745453222287.83,2026482617726.68
16414.6640625,1116.56994628906,3717041006270.8,2069871720694.74
16416.2265625,1116.56994628906,3777122708909.99,2054623924663.19
16417.7890625,1116.81994628906,3753258822304.41,2109575568626.55
16419.3515625,1117.05993652344,3727911104843.45,2037319346332.74
16420.9140625,1116.56994628906,3865318227977.48,2049760933587.03
16422.4765625,1117.05993652344,3624152443319.57,2065557975612.3
16424.0390625,1117.05993652344,3706817838957.96,2002267352379.35
16425.6015625,1116.94917179988,3691808400618.52,2080121071986.36
16427.1640625,1117.05993652344,3761154836071.8,2010810493647.4
16428.7265625,1117.30993652344,3900886220928.59,2089019268778.78
16430.2890625,1117.36534705529,3770878676770.62,2018270391568.49
16431.8515625,1117.30993652344,3656458004139.32,2030422112770.86
16433.4140625,1117.55004882813,3674663895994.69,1958735191521.5
16434.9765625,1117.55004882813,3755754384327.06,2010864781222.39
16436.5390625,1117.55004882813,3708373099264.36,2025736519730.02
16438.1015625,1117.55004882813,3736113830875.24,2040564738250.48
16439.6640625,1117.55004882813,3583176004456,2056225667003.08
16441.2265625,1117.55004882813,3826914969336.36,2041955592270.15
16442.7890625,1118.0400390625,3667481791397.15,1978170308851.24
16444.3515625,1118.0400390625,3754268432167.25,2014029520359.04
16445.9140625,1118.0400390625,3755848500296.58,1984927229604.16
16447.4765625,1117.77619816707,3777823804712.27,2064521468457.59
16449.0390625,1118.2900390625,3623063347736.91,2041728557200.6
16450.6015625,1118.2900390625,3707082633270.44,2140149401556.85
16452.1640625,1118.2900390625,3785967364807.96,2042401855854.1
16453.7265625,1118.53002929688,3752008948619.5,2023345835891.04
16455.2890625,1118.53002929688,3658731365451.32,2080760145877.93
16456.8515625,1118.78002929688,3814195556699.84,2011844511998.53
16458.4140625,1118.78002929688,3748771046735.23,2035992577584.4
16459.9765625,1119.02001953125,3810195614748.05,2034793162903.84
16461.5390625,1119.02001953125,3672693457538.17,2042133158907.46
16463.1015625,1119.02001953125,3681113033963.86,2047801437734.25
16464.6640625,1119.02001953125,3595100448723.39,2021293158790.54
16466.2265625,1119.02001953125,3593912507865.17,2070404594912.65
16467.7890625,1119.27001953125,3622934385821.53,2036863343987.06
16469.3515625,1119.27001953125,3658135844631.28,2081002326186.67
16470.9140625,1118.78002929688,3757064238588.66,2026509364346.91
16472.4765625,1119.51000976563,3853288644246.42,2027486017618.3
16474.0390625,1119.27001953125,3777457003241.63,2103026362799.76
16475.6015625,1119.76000976563,3930198437771,2122922006808.98
16477.1640625,1119.59929547992,3679959375221.38,2001113650596.22
16478.7265625,1120,3735532404943.38,2046726611006.15
16480.2890625,1119.76000976563,3608243660041.55,2002689985468.46
16481.8515625,1120,3738097351650.77,2031590729338.67
16483.4140625,1119.76000976563,3706795793889.17,2030098292656.2
16484.9765625,1120,3664722674379.84,2050865905717.72
16486.5390625,1120.1875,3678741042986.25,2018140807446.65
16488.1015625,1120.25,3740384672428.98,2008458755649.88
16489.6640625,1120.25,3647161502504.95,2068587459315.96
16491.2265625,1120.25,3740903483422.71,2002401904476.71
16492.7890625,1120,3739808424650.35,2053134473374.6
16494.3515625,1120.34153395433,3649008768314.94,2039411391836.98
16495.9140625,1120.48999023438,3676377056531.06,2013929320482.55
16497.4765625,1120.73999023438,3753541401125.11,2059893356681.38
16499.0390625,1120.79537259616,3739190754836.18,2025957837442.69
16500.6015625,1120.97998046875,3745606681710.04,2030904651844.58
16502.1640625,1120.73999023438,3686804255895.66,2033019082596.63
16503.7265625,1121.22998046875,3594231138533.41,2048292196887.53
16505.2890625,1121.22998046875,3633059451882.08,2038831894928.88
16506.8515625,1121.22998046875,3740834918380.17,2091836261837.76
16508.4140625,1121.22998046875,3782667819190.06,2117043386059.08
16509.9765625,1121.22998046875,3684073315299.06,2049465703740.9
16511.5390625,1121.66854422433,3502404299760.01,2009484180848.13
16513.1015625,1121.62766676683,3650047729030.58,2067393279918.98
16514.6640625,1121.71997070313,3769876149079.26,2047795256784.49
16516.2265625,1121.71997070313,3526187595749.59,2044878234802.71
16517.7890625,1121.74080403646,3729476214779.68,2045657504541.61
16519.3515625,1121.47998046875,3725276417498.9,2070146876169.61
16520.9140625,1121.71997070313,3747945108938.29,2101411085549.73
16522.4765625,1121.96997070313,3791791015257.44,2054430862175.67
16524.0390625,1122.04381385217,3779387984997.91,2031440610506.85
16525.6015625,1122.2099609375,3693912854022.29,2047539745605.64
16527.1640625,1122.2099609375,3821529999845.28,2029355347140.76
16528.7265625,1122.2099609375,3720923245796.26,2071443238465.23
16530.2890625,1122.69995117188,3735544019627.83,2074082174579.06
16531.8515625,1122.2099609375,3733341751604.58,2082800779678.8
16533.4140625,1122.53149414063,3653408347630.84,2089415766247.57
16534.9765625,1122.94995117188,3634862765734.1,2062475085958.12
16536.5390625,1122.69995117188,3609946922608.2,2044805180381.17
16538.1015625,1122.69995117188,3623705907724.84,2102256684652.67
16539.6640625,1122.94995117188,3833473356957.06,2075342407772.98
16541.2265625,1122.94995117188,3613739502436.36,2140976542317.46
16542.7890625,1122.94995117188,3659956627376.42,2066389494554.72
16544.3515625,1122.94995117188,3671027720293.32,2126628484987.53
16545.9140625,1123.18994140625,3674103149989.51,2071502743383
16547.4765625,1122.69995117188,3793847581815.06,2055165422678.66
16549.0390625,1123.18994140625,3539360845330.98,2140922369050.92
16550.6015625,1123.40147986779,3699937764171.69,2048932858144.05
16552.1640625,1123.18994140625,3769333984190.07,2080070850102
16553.7265625,1123.68005371094,3721775538292.42,2008579906013.33
16555.2890625,1123.64311335637,3726472083249,2051312895419.47
16556.8515625,1123.93005371094,3639728265641.1,2080825939370.82
16558.4140625,1123.7185152494,3631167468489.31,2074331570288.9
16559.9765625,1123.93005371094,3707480186477.21,2141150739567.15
16561.5390625,1123.93005371094,3665804148103.8,2082251706898.49
16563.1015625,1124.17004394531,3752483104915.53,2068678733005.49
16564.6640625,1123.93005371094,3767995704454.61,2063091638542.5
16566.2265625,1124.17004394531,3789709217010.73,2098703575352.62
16567.7890625,1124.42004394531,3545671876576.41,2040379051068.54
16569.3515625,1124.20850548377,3717830761664.68,2045549974772.62
16570.9140625,1124.42004394531,3710129638357.92,2126390646426.1
16572.4765625,1124.42004394531,3695343936655.95,2120942187544.73
16574.0390625,1124.5571812221,3714982288831.67,2016980938577.67
16575.6015625,1124.66003417969,3611875401153.36,2043045285198.46
16577.1640625,1124.42004394531,3851144321306.84,2073970090146.39
16578.7265625,1124.91003417969,3533601845393.77,2025627148487.62
16580.2890625,1125.16003417969,3587431063389.14,2079245420805.87
16581.8515625,1125.04464956431,3770358539106.64,2176223830091
16583.4140625,1125.16003417969,3670466574024.17,2023735992685.48
16584.9765625,1125.02541879507,3662164790864.85,2102774966324.23
16586.5390625,1124.48170979818,3632170843696.71,2120342873528.86
16588.1015625,1125.40002441406,3665700088663.43,2049745947513.39
16589.6640625,1125.16003417969,3753039492301.55,2040208687148.88
16591.2265625,1125.16003417969,3581597531840.24,2121096722891.81
16592.7890625,1125.65002441406,3657501531405.91,2006214497622.71
16594.3515625,1125.65002441406,3547350306068.77,2099876876205.71
16595.9140625,1125.51540902944,3767039818614.07,2103096941170.67
16597.4765625,1125.65002441406,3621660194985.15,2017439931638.96
16599.0390625,1125.65002441406,3614824445574.34,2113284430546.6
16600.6015625,1125.83463228666,3610531958620.98,2088685627561.14
16602.1640625,1125.70540677584,3677824517409.49,2069083687688.37
16603.7265625,1126.14001464844,3637698744112.99,2069846780961.26
16605.2890625,1126.38000488281,3649626885273.04,2172403229505.89
16606.8515625,1126.14001464844,3732626284825.26,2071938110780.61
16608.4140625,1126.14001464844,3624927580521.7,2006306906360.42
16609.9765625,1126.38000488281,3611618716937.82,2001828212882.82
16611.5390625,1126.40273215554,3651304156581.79,2080754453983
16613.1015625,1126.63000488281,3656249411268.18,2151661739596.89
16614.6640625,1126.38000488281,3612386708272.28,2159261246232.96
16616.2265625,1126.38000488281,3599979533895.08,2110611228394.96
16617.7890625,1126.63000488281,3707357967407.88,2119201681251.58
16619.3515625,1126.64846567007,3696165066337.7,2123344078484.23
16620.9140625,1126.86999511719,3645142634514.1,2105566233842.03
16622.4765625,1126.68538724459,3740487539945.16,2101282564879.47
16624.0390625,1126.86999511719,3480601231621.19,2101216164949.04
16625.6015625,1127.11999511719,3690696118464.5,2087761202577.34
16627.1640625,1127.11999511719,3768038878405.41,2087693529686.39
16628.7265625,1127.0623028095,3732201676829.07,2070384973543.94
16630.2890625,1127.60998535156,3806340014283.6,2082424910769.34
16631.8515625,1127.60998535156,3749169709082.8,2108712416453.57
16633.4140625,1126.98383976863,3658526171674.28,2165272762383.53
16634.9765625,1127.36999511719,3684899879081.29,2107892450607.19
16636.5390625,1127.60998535156,3584279692600.56,2095792041250.29
16638.1015625,1127.60998535156,3652768345033.64,2161259319930.35
16639.6640625,1127.36999511719,3535451844975.59,2134295794620.57
16641.2265625,1127.60998535156,3761679641697.76,2106233630674.68
16642.7890625,1127.85998535156,3710651358396.1,2113483188516.4
16644.3515625,1128.09997558594,3670321851035.65,2069491737013.48
16645.9140625,1128.09997558594,3687195148282.79,2115724655944.4
16647.4765625,1128.34997558594,3713015921685.61,2098986437977.5
16649.0390625,1128.09997558594,3832239300255.17,1995973967146.27
16650.6015625,1128.34997558594,3682492878726.83,2065026956042.86
16652.1640625,1128.34997558594,3822384766840.63,2109383171742.15
16653.7265625,1128.34997558594,3593988933627.09,2065861353342.49
16655.2890625,1128.58996582031,3646978755061,2033056199007.32
16656.8515625,1128.58996582031,3935459351871.95,2134850376958.71
16658.4140625,1128.58996582031,3595943591679.92,2093695500477.9
16659.9765625,1128.58996582031,3719494877306.48,2086710681132.23
16661.5390625,1128.83996582031,3535631665747.79,2082512626509.95
16663.1015625,1128.85919658954,3654716830315.82,2105168808129.69
16664.6640625,1128.83996582031,3591137472967.49,2245674564305.5
16666.2265625,1129.08996582031,3734883656449.99,2080151041983.27
16667.7890625,1129.2699584961,3525401890389.05,2044074009645.17
16669.3515625,1129.27457369291,3772200838534.27,2183447880829.99
16670.9140625,1129.08996582031,3623590144436.18,2169734563974.94
16672.4765625,1129.57995605469,3606523281641.36,2135360434955.18
16674.0390625,1129.57995605469,3622247530548.91,2132714202021.9
16675.6015625,1129.57995605469,3516666294595.09,2167965991853.99
16677.1640625,1129.57995605469,3549984260339.52,2055492413031.37
16678.7265625,1129.57995605469,3699645191593.69,2188765800039.25
16680.2890625,1130.06994628906,3593188190966.92,2132144513116.33
16681.8515625,1130.06994628906,3704541522100.04,2113214135863.89
16683.4140625,1130.06994628906,3670690029490.05,2121488188616.25
16684.9765625,1129.57995605469,3641980214114.83,2076356824427.51
16686.5390625,1130.06994628906,3579959376500.43,2060887806646.22
16688.1015625,1130.30993652344,3572688099281.29,2118816559361.63
16689.6640625,1130.2360933744,3655524871460.34,2162179554550.62
16691.2265625,1130.30993652344,3669667916467.58,2163648291761.13
16692.7890625,1130.30993652344,3592093800544.83,2136293948992.26
16694.3515625,1130.55993652344,3532333580654.05,2079848738680.3
16695.9140625,1130.55993652344,3472714525849.83,2111310965540.57
16697.4765625,1130.55993652344,3761384722607.71,2165442340933.94
16699.0390625,1130.58076985677,3771819936119.44,2140024926513.66
16700.6015625,1130.55993652344,3663454723362.73,2173982220513.32
16702.1640625,1130.80993652344,3663919402986.81,2073549763945.85
16703.7265625,1130.80993652344,3652273661103.19,2130723175725.61
16705.2890625,1131.30004882813,3487828626472.32,2061223294608.94
16706.8515625,1131.05004882813,3599075863374.99,2087726389981.97
16708.4140625,1131.03614220253,3646637244703.98,2094368436960.13
16709.9765625,1131.30004882813,3665389700837.58,2054552046078.2
16711.5390625,1131.30004882813,3643275037943.87,2134546459125.11
16713.1015625,1131.5400390625,3736121210115.31,2152266733331.17
16714.6640625,1131.22081580529,3757061286016.67,2166698783703.86
16716.2265625,1131.5400390625,3595330435940.35,2205465042522.61
16717.7890625,1131.5400390625,3689830218804.72,2107532042530.99
16719.3515625,1131.7900390625,3709876648142.21,2137102876571.1
16720.9140625,1131.7900390625,3754771889191.85,2116650814741.5
16722.4765625,1131.7900390625,3666932517327.78,2074464449125.44
16724.0390625,1132.03002929688,3706534130205.99,2087920454387.44
16725.6015625,1131.7900390625,3599252901386.62,2044057551240.67
16727.1640625,1132.03002929688,3623839818070.84,2186127489332.95
16728.7265625,1132.28002929688,3676507137590.45,2163626847938.05
16730.2890625,1132.43079552284,3716551034884.24,2104005010871.23
16731.8515625,1132.53002929688,3644596539359.83,2114257178713.53
16733.4140625,1132.64079402044,3518121399771.89,2087009906051
16734.9765625,1132.53002929688,3550279856377.19,2117606286572.68
16736.5390625,1132.53002929688,3622763295183.7,2036954974343.7
16738.1015625,1132.53002929688,3570602452985.17,2149870676492.5
16739.6640625,1132.71463716947,3599359404478.4,2149535170135.21
16741.2265625,1132.77001953125,3715936893800.48,2147011368981.18
16742.7890625,1133.02001953125,3735467514921.59,2151995779287.44
16744.3515625,1133.26000976563,3698073461148.08,2190880706955.2
16745.9140625,1132.77001953125,3654629681940.38,2160283162724.94
16747.4765625,1133.02001953125,3624277111690.79,2097744742509.4
16749.0390625,1133.02001953125,3705690139706.39,2135415083247.07
16750.6015625,1133.08001708985,3598424194671.39,2195191997818.17
16752.1640625,1133.51000976563,3641222269987.32,2130738618919.57
16753.7265625,1133.28084309896,3740348630043.96,2085961711960.72
16755.2890625,1133.3641764323,3666140776375.87,2205944061378.87
16756.8515625,1133.76000976563,3605159030140.77,2121080973642.42
16758.4140625,1133.51000976563,3757729018106.94,2157942783313.91
16759.9765625,1133.51000976563,3690301944372.41,2175449268717.55
16761.5390625,1134,3698524436361.02,2161543358728.03
16763.1015625,1133.76000976563,3538535269947.98,2124556632197.99
16764.6640625,1133.76000976563,3712675630829.23,2212467672462.43
16766.2265625,1133.87077448919,3587752725844.05,2096540486981.13
16767.7890625,1134,3584303004915.08,2137432003600.68
16769.3515625,1134.25,3540031105478.22,2197804027316.85
16770.9140625,1134.25,3581636413170.44,2079795315036.31
16772.4765625,1134.25,3652992083599.72,2113075549045.59
16774.0390625,1134.48999023438,3724970019002.44,2146674105212.82
16775.6015625,1134.48999023438,3516937133591.78,2183679481094.27
16777.1640625,1134.63284737724,3634794857942.36,2170760788290.85
16778.7265625,1134.98999023438,3633828229912.79,2125996318663.29
16780.2890625,1134.88284737724,3729115254115.07,2178372852530.74
16781.8515625,1134.98999023438,3647327458429.22,2176809189371.46
16783.4140625,1134.98999023438,3543819431250.58,2248296724770.17
16784.9765625,1134.98999023438,3694575476635.97,2133309701623.55
16786.5390625,1135.22998046875,3497990381906.73,2077312838804.76
16788.1015625,1135.22998046875,3652241317627.3,2138174918183.23
16789.6640625,1135.22998046875,3634074766688.05,2182236415970.48
16791.2265625,1135.22998046875,3747500796474.5,2156047749700.74
16792.7890625,1135.25081380208,3592136275482.48,2187024008994.38
16794.3515625,1135.47998046875,3802874612090.96,2104918014453.26
16795.9140625,1135.47998046875,3525837471391.48,2123320768010.93
16797.4765625,1135.71997070313,3627514239036.81,2115520088801.18
16799.0390625,1135.71997070313,3601214450829.92,2195724616017.93
16800.6015625,1135.71997070313,3833574331187.77,2137835081295.46
16802.1640625,1135.96997070313,3790909833972.63,2196994697755.43
16803.7265625,1135.69997151693,3778687831403.19,2176949249546.75
16805.2890625,1135.96997070313,3670360883740.62,2144541635944.72
16806.8515625,1135.96997070313,3634917475067.19,2125058726819.35
16808.4140625,1136.21997070313,3545479072352.29,2123551488664.16
16809.9765625,1136.21997070313,3693518262303.7,2184284577330.46
16811.5390625,1136.4599609375,3673181124617.31,2124655844281.06
16813.1015625,1136.4599609375,3700444220871.86,2117276369268.08
16814.6640625,1136.21997070313,3657607354362.52,2195935623680.11
16816.2265625,1136.21997070313,3667614891063.11,2163005894103.51
16817.7890625,1136.7099609375,3675814269904.14,2124058025973.04
16819.3515625,1136.7099609375,3692261432848.75,2142757794445.19
16820.9140625,1136.7099609375,3661703430054.3,2159484790355.11
16822.4765625,1136.4599609375,3694458536245.4,2147182920822.95
16824.0390625,1137.0845665565,3532988218150.07,2213466439650.85
16825.6015625,1136.94995117188,3564556589287.2,2222052004866.94
16827.1640625,1137.0268742488,3743106637570.77,2242144949931.47
16828.7265625,1137.19995117188,3648137144371.31,2214458997006.82
16830.2890625,1137.19995117188,3643058231494.94,2148292505614.73
16831.8515625,1137.44995117188,3580844946607.71,2196434961076.82
16833.4140625,1137.44995117188,3640384154532.59,2144620009552.76
16834.9765625,1137.44995117188,3546692648543.64,2156148092414.23
16836.5390625,1137.19995117188,3717116377063.42,2231351396494.45
16838.1015625,1137.68994140625,3562767889957.75,2090158920800.27
16839.6640625,1137.68994140625,3628972450046.57,2146469421948.08
16841.2265625,1137.82686673678,3618440040724.89,2158454800592.71
16842.7890625,1137.93994140625,3603054876916.5,2184045592730.4
16844.3515625,1137.68994140625,3645822950050.22,2167672223738.17
16845.9140625,1137.93994140625,3580614411031.89,2149899902599.97
16847.4765625,1137.26161702474,3547608771559.78,2126108646834.87
16849.0390625,1137.7860952524,3761873239096.78,2143127105697.23
16850.6015625,1138.23774601863,3579325822801.47,2214858161945.17
16852.1640625,1138.43005371094,3626935801323.95,2180918795341.87
16853.7265625,1138.60313063402,3631067634190.99,2138707367668.06
16855.2890625,1138.43005371094,3651785192940.77,2166863157635.83
16856.8515625,1138.92004394531,3424476172384.06,2218698500125.8
16858.4140625,1138.68005371094,3472760537027.75,2161586096033.93
16859.9765625,1138.68005371094,3541752353017.75,2198174633893.56
16861.5390625,1138.68005371094,3689588941326.83,2225998037015.42
16863.1015625,1138.74005126953,3608821916809.42,2172553391957.12
16864.6640625,1138.92004394531,3622941230788.15,2179283014366.89
16866.2265625,1138.92004394531,3740076360507.32,2145978297785.34
16867.7890625,1138.92004394531,3672989410366.33,2210658300927.75
16869.3515625,1139.17004394531,3541580482630.37,2179687652793.41
16870.9140625,1139.17004394531,3533316682886.26,2138478409864.66
16872.4765625,1139.42004394531,3553940886755.52,2198521872318.44
16874.0390625,1139.42004394531,3716771237985.54,2191948584938.69
16875.6015625,1139.42004394531,3572632417847.76,2176415142296.16
16877.1640625,1139.42004394531,3555988470466.43,2155234301551.24
16878.7265625,1139.66003417969,3722892302940.22,2208722329624.66
16880.2890625,1139.91003417969,3423259567818.65,2186231448028.04
16881.8515625,1139.66003417969,3541161355441.75,2197999755998.43
16883.4140625,1139.91003417969,3652952272299.11,2178220180490.79
16884.9765625,1139.91003417969,3617232867249.03,2215202322610.82
16886.5390625,1140.15002441406,3595394411061.49,2145694205310.39
16888.1015625,1140.3615628756,3728988271415.57,2198231576601.12
16889.6640625,1140.04717145647,3624621706480.11,2177132226753.74
16891.2265625,1139.91003417969,3671411347344.03,2210965887335.3
16892.7890625,1140.40002441406,3543891103407.55,2285267413224.84
16894.3515625,1140.41925518329,3460445436062.19,2128723253048.98
16895.9140625,1140.40002441406,3655628690494.85,2247798336928.48
16897.4765625,1140.40002441406,3618160501408.71,2174312493645.41
16899.0390625,1140.89001464844,3656211704486.04,2242582126587.97
16900.6015625,1140.89001464844,3515932678737.3,2249410853428.87
16902.1640625,1140.89001464844,3715926027482.52,2149390251426.94
16903.7265625,1140.89001464844,3670336146286.61,2228042948218.33
16905.2890625,1140.89001464844,3536368133859.34,2136021512084.59
16906.8515625,1141.14001464844,3544792867868.82,2267185796846.86
16908.4140625,1141.14001464844,3666710317281.61,2217086826814.21
16909.9765625,1141.14001464844,3654648994637.91,2206745251780.31
16911.5390625,1141.21693772536,3665667869327.26,2223594607503.93
16913.1015625,1141.14001464844,3599563565050.84,2201863631476.6
16914.6640625,1141.39001464844,3501232321997.1,2216243697292.43
16916.2265625,1141.85917154948,3757320335178.63,2194346065347.45
16917.7890625,1141.63000488281,3661835791881.22,2262095114694.92
16919.3515625,1141.88000488281,3597765588710.37,2176193584931.7
16920.9140625,1141.63000488281,3618098855507.4,2206308083139.64
16922.4765625,1142.13000488281,3594446420827.78,2178465162151.53
16924.0390625,1141.88000488281,3537830780851.54,2159213977247.91
16925.6015625,1141.88000488281,3567878563146.87,2138929485637.94
16927.1640625,1142.36999511719,3746145678327.32,2134880748102.18
16928.7265625,1142.13000488281,3572099382276.55,2268816412318.69
16930.2890625,1142.36999511719,3521814204558.88,2173149868716.9
16931.8515625,1142.36999511719,3656281864652.98,2196743277647.4
16933.4140625,1142.36999511719,3730077832274.32,2213730328362.4
16934.9765625,1142.39082845052,3532223626371.67,2184868442148.92
16936.5390625,1142.61999511719,3482517033029.57,2170413136641.51
16938.1015625,1143.10998535156,3562570606769.91,2198000387596.42
16939.6640625,1142.85998535156,3589511174381.55,2243593591635.05
16941.2265625,1142.67537747897,3575731410541.27,2193646927993.1
16942.7890625,1142.85998535156,3806384493417.73,2202580170959.75
16944.3515625,1142.85998535156,3582329644611.95,2216804744610.39
16945.9140625,1143.03460223858,3640081064823.05,2264182039458.06
16947.4765625,1142.85998535156,3715836970171.8,2171149428480.4
16949.0390625,1143.10998535156,3652638021916.52,2194956429853.38
16950.6015625,1143.24460073618,3756156360020.29,2258571143024.28
16952.1640625,1143.32427106585,3648105108811.83,2246573204767.52
16953.7265625,1143.35998535156,3475957555192.14,2203788448120.78
16955.2890625,1143.35998535156,3627577934712.14,2156137161507.85
16956.8515625,1143.8884371244,3588391505948.23,2198029939450.35
16958.4140625,1143.66151780349,3751029905321.94,2258282819362.67
16959.9765625,1143.59997558594,3691576160635.99,2211925368964.08
16961.5390625,1143.47075007512,3635274503182.15,2185164260177.02
16963.1015625,1143.84997558594,3731708601211.81,2175791507718.9
16964.6640625,1143.84997558594,3504004123514.65,2236784767686.39
16966.2265625,1144.09997558594,3619729105729.12,2212810397090.7
16967.7890625,1144.09997558594,3514786641979.33,2231642226891.25
16969.3515625,1144.09997558594,3576729737170.8,2178108744703.65
16970.9140625,1144.13689716046,3481403383292.7,2262475978836.55
16972.4765625,1144.33996582031,3497274136946.39,2242859669848.52
16974.0390625,1144.58996582031,3576412953321.32,2177329398830.33
16975.6015625,1144.22920109675,3599105119046.65,2233601127574.41
16977.1640625,1144.37842735877,3504404746416.38,2195224259513.16
16978.7265625,1144.83996582031,3633114135406.5,2231113400858.56
16980.2890625,1144.83996582031,3625786621549.01,2150727483460.96
16981.8515625,1144.83996582031,3533853515025.94,2243775493977.4
16983.4140625,1145.07995605469,3483357177988.75,2280816076886
16984.9765625,1145.06281389509,3744240992935.58,2241992218852.67
16986.5390625,1145.07995605469,3559895438408.04,2190210132153.85
16988.1015625,1145.13764836238,3644660733547.47,2226742569172.21
16989.6640625,1145.07995605469,3598941463525.47,2232801371846.96
16991.2265625,1145.32995605469,3545352523164.16,2242469407639.39
16992.7890625,1145.34918682392,3668348300583.79,2217572999013.64
16994.3515625,1145.57995605469,3519417837037.32,2230987267072.56
16995.9140625,1145.57995605469,3656446494261.49,2223586754989.93
16997.4765625,1145.74610314002,3777200222337.8,2297087824603.48
16999.0390625,1145.57995605469,3561697941784.39,2212069054591.63
17000.6015625,1145.57995605469,3594954238445.27,2271000349585.88
17002.1640625,1146.06994628906,3464240748167.57,2181361371877.05
17003.7265625,1146.06994628906,3473674501348.08,2244814990156.25
17005.2890625,1145.81994628906,3560071356556.63,2140816083246.81
17006.8515625,1146.06994628906,3440396994862.33,2282847681612.71
17008.4140625,1146.06994628906,3471184567248.44,2297605665972.29
17009.9765625,1146.31994628906,3503505653811.08,2220130642641.62
17011.5390625,1146.31994628906,3638723424711.18,2162258244845.29
17013.1015625,1146.31994628906,3667947487080.92,2252912633699.47
17014.6640625,1145.81994628906,3534276919353.08,2274386067999.66
17016.2265625,1146.55993652344,3629621693065.2,2052306312775.18
17017.7890625,1146.55993652344,3516127307217.52,2246609479550.05
17019.3515625,1146.71378267729,3535884470730.99,2231931518264.32
17020.9140625,1146.80993652344,3515802425940.67,2266911960295.44
17022.4765625,1146.80993652344,3532218142077.57,2182220431971.99
17024.0390625,1146.98301344652,3512499093264.88,2163860439828.99
17025.6015625,1146.55993652344,3568260926156.07,2255567696590.54
17027.1640625,1147.30004882813,3675065802083.45,2251817897877.94
17028.7265625,1146.80993652344,3538260076612.89,2293468864293.5
17030.2890625,1147.30004882813,3527653600613.35,2320156779415.48
17031.8515625,1147.05993652344,3485046756756.97,2224446864891.79
17033.4140625,1147.30004882813,3513517567406.15,2209578118889.85
17034.9765625,1147.30004882813,3604771986037.41,2280782634881.01
17036.5390625,1147.51158728967,3536768596612.34,2307561770001.98
17038.1015625,1147.55004882813,3540605665079.91,2243367103289.65
17039.6640625,1148.0400390625,3535123401325.18,2243756705059.49
17041.2265625,1147.55004882813,3410763690583.16,2199120015663.12
17042.7890625,1147.80004882813,3651178075392.02,2176857242236.65
17044.3515625,1147.86004638672,3657885481778.94,2199988952517.47
17045.9140625,1147.86004638672,3575045964261.03,2223931732744.69
17047.4765625,1148.0400390625,3539823617841.64,2273261474282.57
17049.0390625,1148.0400390625,3592812317521.05,2287718834211.98
17050.6015625,1148.2900390625,3540348916416.51,2215043449183.5
17052.1640625,1148.5400390625,3581375613038.83,2200964553918.46
17053.7265625,1148.2900390625,3473374203247.82,2244532055104.89
17055.2890625,1148.5400390625,3541533528711.64,2264494457439.38
17056.8515625,1148.5400390625,3517757441685.78,2286191481562.5
17058.4140625,1148.74310772236,3591779116231.63,2237239600849.98
17059.9765625,1148.78002929688,3494878410553.72,2285756450772
17061.5390625,1148.78002929688,3605920769765.28,2194797021726.65
17063.1015625,1149.03002929688,3521389587567.76,2256249763513.35
17064.6640625,1148.78002929688,3438819010095.52,2287332921108.8
17066.2265625,1148.78002929688,3734673678000.31,2237483823089.92
17067.7890625,1149.28002929688,3452531124931.57,2304289458421.8
17069.3515625,1149.28002929688,3517449608257.44,2230268480788.28
17070.9140625,1149.28002929688,3412321831541.8,2272800022665.83
17072.4765625,1149.46463716947,3512023512822.45,2297297783549.77
17074.0390625,1149.52001953125,3633890183119.09,2249201091338.72
17075.6015625,1149.33541165866,3629478257118.6,2219160953204.66
17077.1640625,1149.77001953125,3602904815617.85,2252928337599.66
17078.7265625,1149.52001953125,3467720118831.05,2351942362503.7
17080.2890625,1149.75216238839,3505242278394.27,2285137783190.14
17081.8515625,1150.02001953125,3510347621876.72,2191524720906.45
17083.4140625,1149.77001953125,3533073018911.15,2262015644107.45
17084.9765625,1149.84694260817,3666122134584.37,2274864166936.85
17086.5390625,1150.07540189303,3525962994508.75,2307106364393.2
17088.1015625,1150.26000976563,3612339983499.84,2229410650551.07
17089.6640625,1150.26000976563,3619276733064.25,2231406248118.1
17091.2265625,1150.26000976563,3476711682636.22,2267893227321.5
17092.7890625,1150.26000976563,3495637925813.54,2221700822549.33
17094.3515625,1150.26000976563,3449593175244.46,2246016922623.78
17095.9140625,1150.51000976563,3449226752868.69,2189376609593.23
17097.4765625,1150.37539438101,3470373119009.63,2150935196624.08
17099.0390625,1150.51000976563,3620805795414.58,2267360600438.02
17100.6015625,1150.76000976563,3635010035388.32,2294897842132.16
17102.1640625,1150.76000976563,3408134178402.85,2255592126533.15
17103.7265625,1150.51000976563,3448450269899.52,2289907691002.07
17105.2890625,1151.01000976563,3553614592084.97,2282313948299.05
17106.8515625,1151.14714704241,3548939689957.2,2297204046442.96
17108.4140625,1151.01000976563,3491541132382.22,2245156540776.39
17109.9765625,1151.25,3679643532371.7,2248114019711.59
17111.5390625,1151.25,3544388802277,2281157220672.98
17113.1015625,1151.25,3464281134145.78,2335270920981.74
17114.6640625,1151.5,3647712174533.97,2223381739373.83
17116.2265625,1151.01000976563,3482800341056.43,2304293874219.6
17117.7890625,1151.5,3464847924310.62,2284704126765.92
17119.3515625,1151.75,3642870357258.4,2236104963057.72
17120.9140625,1151.82384314904,3401577469813.49,2277673090771.64
17122.4765625,1151.98999023438,3535592163864.42,2262188345959.99
17124.0390625,1151.75,3269423948508.12,2215101592252.87
17125.6015625,1151.75,3571308612249.55,2283937395094.14
17127.1640625,1151.98999023438,3635830178670.94,2229915335334.26
17128.7265625,1151.98999023438,3530395728361.39,2258049027263.32
17130.2890625,1152.23999023438,3565677845683.49,2248528296942.81
17131.8515625,1152.48999023438,3350495533521.38,2206499608687.37
17133.4140625,1152.23999023438,3519144248935.25,2316815924639.94
17134.9765625,1152.48999023438,3458021689230.69,2299101807494.59
17136.5390625,1152.23999023438,3532206180229.78,2256226622009.97
17138.1015625,1152.72998046875,3423850211729.31,2322730523288.67
17139.6640625,1152.72998046875,3409185787668.87,2308062204109.84
17141.2265625,1152.72998046875,3451437357926.78,2224156199252.09
17142.7890625,1152.72998046875,3437714812481.62,2290557161009.68
17144.3515625,1152.97998046875,3560294713908.9,2311561351147.52
17145.9140625,1152.78767277644,3499961069714.49,2357568263592.73
17147.4765625,1152.97998046875,3559102759051.43,2353632102459.31
17149.0390625,1153.22998046875,3537475959674.85,2266794842238.88
17150.6015625,1153.09536508413,3452008430650.82,2306694784903.69
17152.1640625,1153.22998046875,3671007380243.22,2312593415209.46
17153.7265625,1153.22998046875,3471976163289.43,2265598096527.2
17155.2890625,1153.46997070313,3520960305251.77,2207103114659.61
17156.8515625,1153.50843224159,3488760403580.55,2275665585215.73
17158.4140625,1153.71997070313,3638591670590.74,2334224588964.49
17159.9765625,1153.46997070313,3545913590056.17,2315545010189.49
17161.5390625,1153.46997070313,3542443229493.85,2232358360064.01
17163.1015625,1153.96997070313,3578805879669.57,2228949385130.65
17164.6640625,1153.96997070313,3474916819709.51,2291989279556.73
17166.2265625,1153.96997070313,3391798860061.65,2330760827095.63
17167.7890625,1154.21997070313,3544967470840.06,2257351511043.46
17169.3515625,1153.96997070313,3509378206870.28,2288420694217.08
17170.9140625,1154.21997070313,3563402079173.57,2256850992478.24
17172.4765625,1154.11282784599,3393573731525.8,2307144367718.4
17174.0390625,1154.4599609375,3526406635474.75,2273798726547.9
17175.6015625,1154.21997070313,3498918218417.83,2278117213277.31
17177.1640625,1154.4599609375,3449452591731.86,2199682812259.81
17178.7265625,1154.63303786058,3512533751893.85,2252138126156.07
17180.2890625,1154.76765324519,3480333006437.74,2318926668327.38
17181.8515625,1154.9599609375,3461911306127.44,2266745857648.08
17183.4140625,1155.10764723558,3532870651489.27,2223323605789.45
17184.9765625,1154.9599609375,3413169622608.33,2244328887214.49
17186.5390625,1154.7099609375,3632860841843.26,2270089177785.3
17188.1015625,1155.19995117188,3494416733147.14,2309115007075.6
17189.6640625,1154.9599609375,3559211061777.32,2257895043373.42
17191.2265625,1155.19995117188,3605914617709.03,2265670288987.72
17192.7890625,1155.23841271034,3477853178752.96,2309641368163.07
17194.3515625,1155.5845665565,3608412303598.82,2273991855742.6
17195.9140625,1155.19995117188,3497182984809.94,2294243957703.44
17197.4765625,1155.58328450521,3551985204503.01,2369681854740.16
17199.0390625,1155.44995117188,3468236551802.65,2324696303404.61
17200.6015625,1155.69995117188,3469031268865.67,2290933999847.91
17202.1640625,1155.94995117188,3486826913343.52,2282515747032.99
17203.7265625,1155.69995117188,3454927727470.19,2302099563740.7
17205.2890625,1155.94995117188,3454341607608.06,2313759811681.92
17206.8515625,1155.69995117188,3543206514358.69,2243735172419.55
17208.4140625,1155.94995117188,3411070811840.38,2309162199007.92
17209.9765625,1156.43994140625,3568215866020.86,2334996725628.7
17211.5390625,1156.43994140625,3400396569763.38,2268562724396
17213.1015625,1156.43994140625,3416380312425.72,2329787625282.78
17214.6640625,1156.49763371394,3364010480889.08,2287636876740.82
17216.2265625,1156.18994140625,3454141516147.63,2275460286408.13
17217.7890625,1156.70841158353,3468097210099.75,2270628003325.8
17219.3515625,1156.80076246995,3742957965933.44,2287169053495.36
17220.9140625,1156.67071063702,3454741647591.12,2340466762644.87
17222.4765625,1156.68994140625,3498192655023.61,2354955619436.8
17224.0390625,1156.87464317909,3518685552720.1,2299800496930
17225.6015625,1156.93005371094,3471146162260.53,2315593969604.01
17227.1640625,1156.43994140625,3460956634742.79,2326008344241.69
17228.7265625,1157.38838704427,3485191023712.19,2219985867432.12
17230.2890625,1157.13838704427,3624447729962.67,2236317834695.97
17231.8515625,1157.43005371094,3410257747506.06,2339897848906.08
17233.4140625,1156.68994140625,3427424928881.65,2308483303685.02
17234.9765625,1157.68005371094,3423059070497.35,2278116592023.84
17236.5390625,1157.43005371094,3514900382730.05,2249774752455.54
17238.1015625,1157.68005371094,3411432084515.35,2400968617530.62
17239.6640625,1157.68005371094,3469213032982.71,2330182948544.14
17241.2265625,1157.77235764724,3546497792575.52,2270576646945.17
17242.7890625,1157.68005371094,3531556641738.48,2309634784459.09
17244.3515625,1158.04504394531,3441301720237.64,2332395032615.95
17245.9140625,1157.93927471454,3538926388245.57,2331116123300.47
17247.4765625,1158.17004394531,3466799662762.38,2331296306797.2
17249.0390625,1158.17004394531,3400309196496.97,2324142082489.1
17250.6015625,1158.42004394531,3391316757882.36,2295414187807.94
17252.1640625,1158.17004394531,3483136488375.55,2229341900851.07
17253.7265625,1158.17004394531,3539601064726.51,2288892307010.14
17255.2890625,1158.91003417969,3461871276049.68,2302156499355.85
17256.8515625,1158.89157339243,3496426485585.83,2285382272377.86
17258.4140625,1158.42004394531,3373084841532.26,2276069455624.61
17259.9765625,1158.67004394531,3590453353577.56,2291566394674.06
17261.5390625,1159.0375366211,3451205796600.17,2347544908580.27
17263.1015625,1158.91003417969,3436734444497.76,2325528011993.73
17264.6640625,1159.12157264123,3357050956405.46,2222437037346.74
17266.2265625,1159.16003417969,3438634828634.42,2329609644443.95
17267.7890625,1159.16003417969,3404597611562.49,2275164195245.37
17269.3515625,1158.91003417969,3418788542359.29,2308764728779.83
17270.9140625,1159.37157264123,3445487515131.24,2260743096669.96
17272.4765625,1159.41003417969,3522540372565.65,2266382534945.21
17274.0390625,1159.41003417969,3511052316495.5,2341191130445.35
17275.6015625,1159.42926494892,3404093990502.7,2324428255774.47
17277.1640625,1159.41003417969,3529173605987.63,2318982848985.47
17278.7265625,1159.66003417969,3485776622046.65,2371063440824.94
17280.2890625,1159.72502790179,3612646442954.15,2283094395859.8
17281.8515625,1159.95771672175,3466820130223.78,2320728125920.71
17283.4140625,1159.90002441406,3428515225418.89,2357536077045.39
17284.9765625,1159.90002441406,3527945421440,2328945494116.13
17286.5390625,1159.91925518329,3492543835667.95,2299627291951.26
17288.1015625,1160.03463979868,3385578203073.79,2312731692480.56
17289.6640625,1160.15002441406,3623902801638.65,2376241138685.58
17291.2265625,1160.15002441406,3424455879494.28,2288726782597.27
17292.7890625,1160.30387056791,3396844102565.99,2293622915209.44
17294.3515625,1160.65002441406,3597463681432.67,2258128757802.74
17295.9140625,1160.65002441406,3421961506218.39,2321271546237.72
17297.4765625,1160.40002441406,3498014752751.86,2333451835673.05
17299.0390625,1160.65002441406,3488460920712.64,2321057468999.74
17300.6015625,1160.65002441406,3299753822007.46,2318549908124.5
17302.1640625,1160.83463228666,3455910197126.08,2344597604706.24
17303.7265625,1160.89001464844,3482667329356.14,2280057123234.16
17305.2890625,1161.12078387921,3422313238098.91,2325973039826.9
17306.8515625,1161.25539926382,3436521488816.11,2365522070226.32
17308.4140625,1160.89001464844,3352856359330.14,2330416475895.64
17309.9765625,1161.64001464844,3250425377570.17,2357414877545.59
17311.5390625,1161.14001464844,3529148305054.4,2352740511283.52
17313.1015625,1161.39001464844,3543742224673.74,2321619341497.23
17314.6640625,1161.14001464844,3453976194176.94,2365633380082.44
17316.2265625,1161.39001464844,3569776353179.94,2294069171830.78
17317.7890625,1161.74001057943,3440947916796.14,2378053369050.48
17319.3515625,1161.88000488281,3458274624820.85,2362438286886.13
17320.9140625,1161.88000488281,3608260025348.08,2254310544635.89
17322.4765625,1161.88000488281,3422839567418.52,2327763067695.01
17324.0390625,1161.88000488281,3250014730177.54,2294372877434.28
17325.6015625,1161.88000488281,3444552478264.46,2302399186945.35
17327.1640625,1161.91846642127,3436325571200.29,2327929593387.05
17328.7265625,1161.97615872896,3402801735999.78,2320154636482.72
17330.2890625,1162.13000488281,3365260087442.05,2433905068029.05
17331.8515625,1162.38000488281,3457267558159.28,2344700387310.79
17333.4140625,1162.13000488281,3389104204536.92,2317129150718.51
17334.9765625,1162.38000488281,3517798581200.38,2275932003760.96
17336.5390625,1162.38000488281,3546305903149.77,2265392312464.2
17338.1015625,1162.38000488281,3365041511519.43,2333895808564.09
17339.6640625,1162.86999511719,3397273243524.46,2320974227807.06
17341.2265625,1162.86999511719,3491803897247.88,2357701981598.43
17342.7890625,1162.63000488281,3450834816009.49,2288592691639.9
17344.3515625,1162.86999511719,3359357232869.38,2337763154488.67
17345.9140625,1163.11999511719,3223420828085.91,2324374065453.24
17347.4765625,1163.11999511719,3438150682919.44,2336833321151.47
17349.0390625,1163.11999511719,3481260443927.42,2337407509520.13
17350.6015625,1163.36999511719,3317997285215.29,2357943194166.56
17352.1640625,1163.36999511719,3412852752887.4,2287358304053.24
17353.7265625,1163.36999511719,3411014108595.4,2306788684468.53
17355.2890625,1163.11999511719,3376930581276.48,2387917391132.93
17356.8515625,1163.36999511719,3426352036772.32,2324344224898.54
17358.4140625,1163.33153357873,3486974236155.7,2309888710096.32
17359.9765625,1163.85998535156,3235282748977.41,2346411178302.66
17361.5390625,1163.61999511719,3446316437204.82,2281532603310.62
17363.1015625,1163.85998535156,3368528952812.52,2392432897227.54
17364.6640625,1163.85998535156,3441562051564.61,2322495258784.88
17366.2265625,1164.10998535156,3486373649016.61,2333390505114.2
17367.7890625,1164.10998535156,3411581190811.11,2285051327515.03
17369.3515625,1164.10998535156,3428215753909.32,2281064707521.14
17370.9140625,1164.10998535156,3422864350550.66,2294543806199.79
17372.4765625,1164.35998535156,3461236637578.09,2332514253277.82
17374.0390625,1164.54748535156,3442557088611.1,2348821500569.65
17375.6015625,1164.35998535156,3396433619607.42,2326512247450.96
17377.1640625,1164.35998535156,3459726939663.49,2365024392835.66
17378.7265625,1164.60998535156,3439202975652.68,2310499880931.88
17380.2890625,1164.84997558594,3391902777677.36,2340861003103.95
17381.8515625,1164.84997558594,3282524717433.88,2377779551593.22
17383.4140625,1164.84997558594,3351754792113.81,2334106854089.07
17384.9765625,1164.84997558594,3479509409573.68,2380581767866.73
17386.5390625,1165.09997558594,3301361538748.52,2401651684674.79
17388.1015625,1165.06151404748,3441196788854.06,2399264390280.86
17389.6640625,1165.09997558594,3420762528668.85,2332642103563.87
17391.2265625,1165.09997558594,3432504306886.48,2296948507836.78
17392.7890625,1165.25382173979,3247092710938.87,2377402574833.46
17394.3515625,1165.59997558594,3306106696718.16,2377856926904.9
17395.9140625,1165.59997558594,3423176484599.31,2330917018580.88
17397.4765625,1165.34997558594,3336220098621.11,2363214792618.68
17399.0390625,1165.59997558594,3302898598679.33,2328681847900.19
17400.6015625,1165.83996582031,3315253270685.56,2288686750120.39
17402.1640625,1165.83996582031,3518010877818.62,2371141563395.21
17403.7265625,1165.83996582031,3371514464037.55,2336392856946.26
17405.2890625,1165.81996663411,3238493951422.42,2303421541455.82
17406.8515625,1166.08996582031,3463521986650.65,2409033822636.35
17408.4140625,1166.08996582031,3470462564335.18,2340454312547.34
17409.9765625,1166.22458120493,3435756588063.66,2324388218888.53
17411.5390625,1166.33996582031,3411610004566.5,2369072134893.84
17413.1015625,1166.33996582031,3504199204736.33,2390216275369.4
17414.6640625,1166.19413248698,3458089872079.34,2327780937202.82
17416.2265625,1166.11079915364,3365376161440.57,2272368997867.9
17417.7890625,1166.83996582031,3365390996697.64,2367205802200.29
17419.3515625,1166.647658128,3225338614338.7,2354875575239.54
17420.9140625,1166.80150428185,3408945307577.84,2356613133822.25
17422.4765625,1166.58996582031,3330503403353.46,2345389217573.45
17424.0390625,1167.07995605469,3513031850312.86,2404135540615.3
17425.6015625,1166.81611515925,3489441657343.27,2380810263527.53
17427.1640625,1166.83996582031,3342650413184.06,2383169520764.29
17428.7265625,1167.07995605469,3548532486073.34,2356289031498.27
17430.2890625,1167.32995605469,3259485089066.88,2370586049677.92
17431.8515625,1167.32995605469,3394486770885.24,2374863846362.56
17433.4140625,1167.07995605469,3403089998718.44,2391105175009.27
17434.9765625,1167.55912272136,3350713233550.54,2363331155619.54
17436.5390625,1167.57995605469,3375856784135.13,2318532735465.47
17438.1015625,1167.57995605469,3420451687572.71,2405738017518.57
17439.6640625,1167.57995605469,3330720670967.62,2377074794586.97
17441.2265625,1167.85078938802,3469117448321.6,2351825382481.1
17442.7890625,1167.57995605469,3475635377872.59,2362193581491.07
17444.3515625,1168.07995605469,3320238899695.16,2366281475395.18
17445.9140625,1167.772263747,3331445872427.05,2378293664025.17
17447.4765625,1168.07995605469,3417697702942.79,2363010135625.33
17449.0390625,1168.31994628906,3347039748704.75,2367514572011.55
17450.6015625,1167.82995605469,3326860924260.12,2371776148421.68
17452.1640625,1168.3014855018,3457711448474.77,2399577011073.2
17453.7265625,1167.82995605469,3361105271220.01,2393170627366.09
17455.2890625,1168.56994628906,3421872840556.37,2402780763652.78
17456.8515625,1168.81994628906,3510899587087.28,2367527039323.72
17458.4140625,1168.31994628906,3470931703132.81,2315093103993.12
17459.9765625,1169.06994628906,3429945020706.86,2350758002557.06
17461.5390625,1168.56994628906,3461445469214.29,2388181784751.05
17463.1015625,1168.81994628906,3361742941248.72,2370329395011.95
17464.6640625,1168.56994628906,3449014749737.4,2388192587295.5
17466.2265625,1168.81994628906,3355582909694.41,2338443404417.32
17467.7890625,1169.06994628906,3333592713678.62,2409513348481.59
17469.3515625,1169.06994628906,3397738782043.5,2363550042868.39
17470.9140625,1169.30993652344,3315774266287.9,2401276368208.78
17472.4765625,1169.06994628906,3444201264773.54,2386809794363.6
17474.0390625,1169.30993652344,3368107596913.02,2363344127730.98
17475.6015625,1169.55993652344,3358579005173.96,2424907967711.95
17477.1640625,1169.30993652344,3357098878217.71,2380465615701.91
17478.7265625,1169.55993652344,3279697044247.44,2388652144550.58
17480.2890625,1169.80993652344,3255443114238.71,2355932985131.75
17481.8515625,1169.80993652344,3389430956499.97,2443054932830.14
17483.4140625,1170.05993652344,3272549216999.22,2435190037020.68
17484.9765625,1169.55993652344,3281337085586.13,2404892107295
17486.5390625,1169.74743652344,3448717877908.06,2375020318187.32
17488.1015625,1169.72660319011,3499846754021.13,2402989725828.09
17489.6640625,1169.80993652344,3464793136624.73,2469895254686.17
17491.2265625,1169.80993652344,3441521505652.04,2383418607686.28
17492.7890625,1170.05993652344,3469819969375.21,2448003918753.65
17494.3515625,1169.80993652344,3296719730926.87,2322097242046.25
17495.9140625,1169.80993652344,3319666259041.21,2388856894698.3
17497.4765625,1170.23301344652,3335864408960.85,2393742295890.43
17499.0390625,1170.30993652344,3470655924221.63,2447976124533.09
17500.6015625,1170.30993652344,3349316128439.62,2350885080111.33
17502.1640625,1170.30993652344,3341227132346.77,2391905631897.47
17503.7265625,1169.80993652344,3440089586236.7,2383283369114.81
17505.2890625,1170.80004882813,3347473955882.11,2429994052931.91
17506.8515625,1170.80004882813,3429346635115.38,2424973297818.42
17508.4140625,1170.55004882813,3482684707069.62,2454112920191.78
17509.9765625,1170.80004882813,3463315032129.41,2405746731181.59
17511.5390625,1170.80004882813,3392291452231.38,2372259496157.83
17513.1015625,1170.94290597099,3312379477509.17,2416027910541.38
17514.6640625,1171.05004882813,3466694166325.97,2372385554091.5
17516.2265625,1171.05004882813,3296040393743.57,2446477736565.34
17517.7890625,1171.30004882813,3512936801140.52,2362481471330.65
17519.3515625,1171.30004882813,3464769800884.36,2427246520384.24
17520.9140625,1171.05004882813,3459631322558.57,2540648509238.67
17522.4765625,1171.30004882813,3497686026084.91,2475718617300.19
17524.0390625,1171.4042154948,3333187644253.37,2373808426221.57
17525.6015625,1171.55004882813,3495299518314.21,2463278859153.72
17527.1640625,1171.4042154948,3460109931030.45,2446669320462.05
17528.7265625,1171.7900390625,3547330114494.9,2424736682191.97
17530.2890625,1172.0400390625,3484228408703.66,2431250260807.61
17531.8515625,1171.7900390625,3519758057739.84,2381109795422.07
17533.4140625,1171.7900390625,3405930914036.66,2420674634785.82
17534.9765625,1172.09773137019,3400969839191.97,2362235739196
17536.5390625,1172.0400390625,3387164181281.04,2418336886573.36
17538.1015625,1172.2900390625,3448024283986.64,2417944567471.45
17539.6640625,1172.0400390625,3352249445241.28,2362468937036.38
17541.2265625,1172.2900390625,3523648870055.71,2390486899924.49
17542.7890625,1172.5400390625,3488785815301.47,2419550238040.36
17544.3515625,1172.7275390625,3435108954566.79,2390300628733.55
17545.9140625,1172.2900390625,3307449486270.89,2429159243627.63
17547.4765625,1172.56087239583,3448710508290.18,2476730174547.58
17549.0390625,1172.7900390625,3327765020901.92,2411909488460.23
17550.6015625,1172.7900390625,3383797190418.37,2325529892596.77
17552.1640625,1172.7900390625,3678432250151.77,2391985212175.83
17553.7265625,1172.84773137019,3358777893803.63,2457345487785.31
17555.2890625,1173.53002929688,3556873694982.79,2461808469552.85
17556.8515625,1173.0400390625,3314276625749.9,2427225257458.22
17558.4140625,1173.0400390625,3350370191635.22,2448089848642.53
17559.9765625,1173.28002929688,3430219236549.23,2431385140204.42
17561.5390625,1173.53002929688,3389835899539.72,2486181431126.53
17563.1015625,1173.53002929688,3471568275059.87,2428993399904.57
17564.6640625,1173.78002929688,3439560629134.83,2411586660934.37
17566.2265625,1173.53002929688,3553352862284.12,2454705295187.19
17567.7890625,1173.78002929688,3571243014117.33,2454410895275.1
17569.3515625,1174.03002929688,3630035424071.14,2455285399064.3
17570.9140625,1173.89541391226,3471405969470.82,2380845549558.99
17572.4765625,1173.78002929688,3401390905590.16,2426128011504.77
17574.0390625,1173.87618314303,3384041554852.37,2466960852805.36
17575.6015625,1174.28002929688,3349740350012.31,2481624860799.81
17577.1640625,1174.03002929688,3553982218058.07,2456872373136.35
17578.7265625,1174.28002929688,3351516459936.19,2461912563393.62
17580.2890625,1174.52001953125,3304535132029.37,2357742836648.65
17581.8515625,1174.77001953125,3430831078449.14,2435449696681.1
17583.4140625,1174.52001953125,3436526301600.32,2383438950070.8
17584.9765625,1174.77001953125,3366432865078.41,2428525769054.06
17586.5390625,1175.02001953125,3365898330250.42,2438653958141.96
17588.1015625,1174.77001953125,3341782617658.65,2531225293414.97
17589.6640625,1174.52001953125,3585629695144.91,2514977704219.38
17591.2265625,1174.77001953125,3489904669441.88,2454792903895.22
17592.7890625,1175.02001953125,3277781589417.8,2501457919571.83
17594.3515625,1175.02001953125,3564169514495.16,2555252255026.52
17595.9140625,1174.97835286458,3501715312835.8,2463124267690.29
17597.4765625,1175.27001953125,3446175272743.38,2469196978814.54
17599.0390625,1175.27001953125,3520961068219.63,2439316873210.59
17600.6015625,1175.27001953125,3389986363687.08,2429917211575.59
17602.1640625,1175.52001953125,3575095463960.8,2523712132988.99
17603.7265625,1175.27001953125,3447626298129.23,2438735081502.54
17605.2890625,1175.78848031851,3465376191955.94,2435664736561.26
17606.8515625,1175.77001953125,3381952682576.41,2408411305421.98
17608.4140625,1176.01000976563,3336537523125.7,2440808922325.26
17609.9765625,1175.9584773137,3478863908617.23,2408524563549.03
17611.5390625,1176.01000976563,3326154931964.82,2359778915216.55
17613.1015625,1176.01000976563,3465055429580.66,2476741391292.01
17614.6640625,1176.01000976563,3579544067659.38,2509613879926.22
17616.2265625,1176.4891764323,3409991467973.24,2445512398722.98
17617.7890625,1176.51000976563,3465046169367.71,2422280387599.89
17619.3515625,1176.76000976563,3479913517402.98,2379997753685.57
17620.9140625,1176.6141764323,3437424891906.16,2441012471584.3
17622.4765625,1176.51000976563,3478116679987.44,2488268608060.37
17624.0390625,1176.76000976563,3513270153504.52,2438307291155.04
17625.6015625,1176.51000976563,3471017343121.71,2506837301542.16
17627.1640625,1176.76000976563,3436122511339.72,2422793481914.14
17628.7265625,1177.01000976563,3360992531782.48,2507903278269.85
17630.2890625,1177.26000976563,3579741010141.11,2572213666207.12
17631.8515625,1177.10616361178,3552298740406.16,2485781975614.54
17633.4140625,1177.01000976563,3462254128410.47,2540241491608.49
17634.9765625,1177.08693284255,3353928085530.28,2441031229499.31
17636.5390625,1177.33693284255,3333141582688.3,2453548691225.27
17638.1015625,1177.51000976563,3440710401372.96,2471570203709.82
17639.6640625,1177.51000976563,3358901308526.7,2487973415985.58
17641.2265625,1177.51000976563,3404074213991.97,2486569354972.51
17642.7890625,1177.60231370193,3527411051360.84,2460016412732.34
17644.3515625,1177.78846153846,3551801387260.35,2503419653630.41
17645.9140625,1177.75,3506980741128.34,2451200721403.08
17647.4765625,1178,3455197618056.07,2525389893299.32
17649.0390625,1177.75,3542709460452.04,2485589454160.47
17650.6015625,1178,3400485655281.83,2405772611911.58
17652.1640625,1178.25,3373590338572.59,2467561164280.03
17653.7265625,1178.25,3564334744772.1,2503075179735.67
17655.2890625,1178.5,3358349238719.88,2477674275546.23
17656.8515625,1178.41071428571,3340369805567.3,2455322613244.86
17658.4140625,1178.5,3579359413399.24,2436287407748.21
17659.9765625,1178.5,3410503878077.99,2465486300803.31
17661.5390625,1178.5,3453982715019.32,2437559105769.12
17663.1015625,1178.75,3565938873945.98,2433529175084.4
17664.6640625,1178.5,3543389138171.76,2443989809246.57
17666.2265625,1178.75,3291038121390.18,2487478007243.04
17667.7890625,1178.9375,3428463282904.29,2483645177872.3
17669.3515625,1179.05538236178,3482762267928.15,2456091072987.64
17670.9140625,1179,3182546407315.61,2508493650933.82
17672.4765625,1179.23999023438,3338070358908.29,2452755190059.62
17674.0390625,1179.23999023438,3295235121968.9,2485640184829
17675.6015625,1179.48999023438,3223210073984.48,2453544021781.98
17677.1640625,1179.23999023438,3469623888148.53,2503460223183.44
17678.7265625,1179.39383638823,3415403719138.79,2497853270564.7
17680.2890625,1179.73999023438,3273938853103.45,2509582499231.23
17681.8515625,1179.70152869592,3475678599468.73,2547687269426.92
17683.4140625,1179.68229792669,3379389048264.49,2449050039882.23
17684.9765625,1179.73999023438,3401521119731.99,2529993158698.78
17686.5390625,1179.48999023438,3385780375875.66,2494930184721.54
17688.1015625,1179.98999023438,3598861040510.26,2506949083123.48
17689.6640625,1180.23999023438,3412512149088.54,2486684057467.55
17691.2265625,1180.23999023438,3444835773266.41,2606428613746.05
17692.7890625,1179.8169133113,3604632662632.76,2510900058892.41
17694.3515625,1180.48999023438,3337648257532.3,2411499776660.85
17695.9140625,1180.23999023438,3413229690168.16,2586054166143.55
17697.4765625,1180.48999023438,3269403322782.18,2506990177229.66
17699.0390625,1180.48999023438,3431929769084.19,2559738617377.91
17700.6015625,1180.48999023438,3556507066931.04,2530922193990.94
17702.1640625,1180.73999023438,3397541444195.85,2563155999395.08
17703.7265625,1180.73999023438,3310310112038.72,2415792356588.18
17705.2890625,1180.73999023438,3374820660610.79,2440787576685.98
17706.8515625,1180.97998046875,3431602687419.06,2560536474259.02
17708.4140625,1180.97998046875,3406428536058.48,2569499414376.12
17709.9765625,1180.97998046875,3359014967873.21,2586159985031.64
17711.5390625,1181.22998046875,3355640819320.39,2439277828512.83
17713.1015625,1181.47998046875,3415664392131.34,2497936544629.59
17714.6640625,1180.97998046875,3438615925501.13,2525267453820.06
17716.2265625,1181.22998046875,3327041089655.88,2515686853247.33
17717.7890625,1181.72998046875,3463591443810.42,2510500790608.99
17719.3515625,1181.47998046875,3474882035201.08,2453217360013.41
17720.9140625,1181.47998046875,3393524243114.31,2580751815734.27
17722.4765625,1181.72998046875,3352669366267.7,2497514072948.37
17724.0390625,1181.72998046875,3347713296678.73,2459498117199.95
17725.6015625,1181.59536508413,3343621666299.98,2522812327979.8
17727.1640625,1181.47998046875,3445094500144.47,2479852193489.24
17728.7265625,1182.22998046875,3476220174838.4,2586996061620.05
17730.2890625,1182.05690354567,3428240767363.41,2504424706453.56
17731.8515625,1182.22998046875,3388378517834.71,2517359360011.35
17733.4140625,1182.22998046875,3475863376245.85,2449321542375.3
17734.9765625,1182.47998046875,3376119953396.76,2473260758800.4
17736.5390625,1182.47998046875,3179894031544.96,2563219367258.38
17738.1015625,1182.72998046875,3339803059534.44,2531153516305.75
17739.6640625,1182.47998046875,3373144095939.14,2445388474280.52
17741.2265625,1182.47998046875,3317058174182.15,2546057346182.22
17742.7890625,1182.30690354567,3336629779699.6,2473831627204.47
17744.3515625,1182.72998046875,3356909662139.73,2450678795975.63
17745.9140625,1182.72998046875,3365721128319.85,2543574504671.4
17747.4765625,1182.96997070313,3428414695081.02,2560517153284.69
17749.0390625,1183.21997070313,3591885513767.76,2550636264034.48
17750.6015625,1182.78997802735,3496590133484.21,2517651087613.53
17752.1640625,1182.90997314454,3473310502435.53,2474452932188.65
17753.7265625,1183.21997070313,3551243300456.88,2505464584567.79
17755.2890625,1183.61580403646,3359693662552.22,2522749114096.24
17756.8515625,1183.46997070313,3376517810240.63,2490739131394.32
17758.4140625,1183.21997070313,3372169070435.65,2502032442925.11
17759.9765625,1183.46997070313,3415472183431.45,2602538373747.57
17761.5390625,1183.71997070313,3296089070878.64,2502099362974.09
17763.1015625,1183.46997070313,3541679309420.72,2520570478545.92
17764.6640625,1183.89304762621,3426910440264.06,2532338691450.73
17766.2265625,1183.81612454928,3373597780837.59,2484392909350.14
17767.7890625,1183.71997070313,3428643968305.88,2504813647011.43
17769.3515625,1184.11282784599,3447185500291.13,2554215377045.95
17770.9140625,1183.96997070313,3405003402075.53,2565459953500.36
17772.4765625,1184.21997070313,3403257011643.44,2534900418315.63
17774.0390625,1183.96997070313,3429948433208.91,2493513509711.85
17775.6015625,1184.21997070313,3412390670639.61,2507928588863.94
17777.1640625,1184.46997070313,3242428801443.22,2515771587300.98
17778.7265625,1184.71997070313,3312824427602.17,2549176062823.64
17780.2890625,1184.46997070313,3456487850225.81,2565315974293.35
17781.8515625,1184.52766301082,3383640675919.14,2497565133345.72
17783.4140625,1184.71997070313,3438083068086.81,2522098767371.98
17784.9765625,1184.46997070313,3430564825390.35,2593097002547.34
17786.5390625,1184.94150015024,3402254207611.99,2532975849653.85
17788.1015625,1184.9599609375,3370194111108.37,2525414238246.46
17789.6640625,1184.9599609375,3408951913530.45,2514122674343.82
17791.2265625,1185.2099609375,3479723588474.88,2519079572278.57
17792.7890625,1185.26765324519,3288401923533.33,2497690629628.41
17794.3515625,1184.71997070313,3227838923025.83,2501819447711.13
17795.9140625,1185.2099609375,3305961954094.9,2515069295401.93
17797.4765625,1185.4599609375,3378251332373.97,2540322795515.58
17799.0390625,1185.4599609375,3225247378936.71,2493186315825.03
17800.6015625,1185.4599609375,3309039329251.04,2519462337376.03
17802.1640625,1185.7099609375,3353535778802.96,2523433997472.64
17803.7265625,1185.7099609375,3462905111489.75,2459542450389.44
17805.2890625,1185.9599609375,3390630959622.33,2534383759612.61
17806.8515625,1185.9599609375,3493798099005.82,2549097669045.75
17808.4140625,1185.9599609375,3363559767025.3,2527242006680.8
17809.9765625,1185.9599609375,3325679744443.46,2596843525915.87
17811.5390625,1186.2099609375,3506916126316.03,2553088075604.43
17813.1015625,1186.2099609375,3373211297596.79,2543252214333.09
17814.6640625,1186.2099609375,3339911527859.23,2504686483996.67
17816.2265625,1186.40226862981,3378388609398.74,2471062355761.07
17817.7890625,1186.4599609375,3438025458370.33,2524429978654.91
17819.3515625,1186.4599609375,3313960087940.14,2596082173113.83
17820.9140625,1186.2099609375,3388240244131.26,2543932136749.2
17822.4765625,1186.7099609375,3326864155175.26,2484732118123
17824.0390625,1186.9599609375,3516342926669.55,2501387779255.19
17825.6015625,1186.9599609375,3371101233520.82,2467306786807.42
17827.1640625,1186.76765324519,3244894174861.84,2530969621218.64
17828.7265625,1187.2099609375,3363054972749.63,2547842894179.14
17830.2890625,1187.2099609375,3412464658443.85,2495519334641.65
17831.8515625,1187.2099609375,3290189225370.96,2524826543525.86
17833.4140625,1187.2099609375,3368652127011.88,2540441930074.1
17834.9765625,1187.2099609375,3264954593064.18,2504289404637.56
17836.5390625,1187.44995117188,3402310688861.86,2572147397139.02
17838.1015625,1187.63745117188,3481170701360.97,2552625771731.39
17839.6640625,1187.44995117188,3351879525828.29,2508183034109.71
17841.2265625,1187.69995117188,3410196754846.78,2631207168709.88
17842.7890625,1187.69995117188,3306193403590.82,2592159498336.75
17844.3515625,1187.96918194111,3262460161504.71,2541945019546.37
17845.9140625,1187.69995117188,3407519552765.44,2588050631257.53
17847.4765625,1187.69995117188,3306516782373.9,2525665576960.68
17849.0390625,1187.94995117188,3427042455844.64,2534464229120.4
17850.6015625,1187.94995117188,3481474417237.6,2493400242703.32
17852.1640625,1187.98841271034,3412930519282.51,2481632716376.85
17853.7265625,1188.35379732573,3408468165059.09,2545222795755.22
17855.2890625,1188.19995117188,3384386771560.93,2551621829034.1
17856.8515625,1188.31533578726,3405345779387.88,2592971876210.53
17858.4140625,1188.69995117188,3331242119074.71,2584077222698.8
17859.9765625,1188.69995117188,3304524220300.8,2589353835845.18
17861.5390625,1188.69995117188,3354407606045.54,2584557202718.35
17863.1015625,1188.91148963342,3307466118989.8,2549876848730.1
17864.6640625,1188.94995117188,3171815051980.47,2583676525784.68
17866.2265625,1188.94995117188,3328011992541.02,2591861812589.39
17867.7890625,1189.19995117188,3361324128045.04,2541319050085.99
17869.3515625,1188.94995117188,3537063930953.45,2574213996825.8
17870.9140625,1188.94995117188,3272351551188.54,2551510676823.76
17872.4765625,1188.94995117188,3430535033898.08,2564994593978.79
17874.0390625,1189.19995117188,3388849952384.67,2513012183767.7
17875.6015625,1189.19995117188,3310051234462.21,2466603695732.46
17877.1640625,1189.44995117188,3336172505165.53,2551628669119.55
17878.7265625,1189.69995117188,3387344111452.68,2556987758673.66
17880.2890625,1189.47078450521,3299283478498.25,2563921392435
17881.8515625,1189.69995117188,3250372738308.32,2556805290831.37
17883.4140625,1189.82244873047,3195516875867.36,2533532050229.52
17884.9765625,1189.94995117188,3296484031341.58,2625836219234.71
17886.5390625,1189.94995117188,3144299841091.83,2591024413778.39
17888.1015625,1189.94995117188,3306241201359.16,2595586408590.81
17889.6640625,1190.06071589544,3263122274021.26,2546043098226.09
17891.2265625,1190.18994140625,3348190521251.28,2602306541153.34
17892.7890625,1190.18994140625,3276941761515.83,2545281076357.25
17894.3515625,1190.18994140625,3539387993105.92,2576169843282.08
17895.9140625,1190.43994140625,3435428033215.49,2549020971569.42
17897.4765625,1190.68994140625,3452079206278.39,2623672714686.62
17899.0390625,1190.67071063702,3305135386809.72,2526518592407.98
17900.6015625,1190.68994140625,3341101043121.57,2559005920845.36
17902.1640625,1190.68994140625,3276761860359.66,2560140672535.2
17903.7265625,1190.51686448317,3431958987064.92,2554584531411.59
17905.2890625,1190.93994140625,3413752837158.61,2636420943202.5
17906.8515625,1190.93994140625,3377497026297.82,2648462876593.42
17908.4140625,1190.68994140625,3293739780632.21,2630776333187.66
17909.9765625,1190.93994140625,3208161844386.07,2652849474440.77
17911.5390625,1191.18994140625,3281376509204.05,2551759813936.34
17913.1015625,1190.93994140625,3341179951394.25,2581869824033.44
17914.6640625,1191.26686448317,3407842262462.31,2662320315123.02
17916.2265625,1191.43994140625,3254372642112.83,2584598891062.05
17917.7890625,1191.43994140625,3311722447862.1,2578687969275.98
17919.3515625,1191.43994140625,3233308643313.5,2515368987446.24
17920.9140625,1191.43994140625,3355099420775.78,2625116347415.76
17922.4765625,1191.68994140625,3210277093799.86,2612682178979.15
17924.0390625,1191.93994140625,3296798182184.13,2589186498375.55
17925.6015625,1191.81494140625,3339864029915.47,2610845922142.32
17927.1640625,1191.68994140625,3297234995133.25,2649445132457.42
17928.7265625,1192.43994140625,3425542037689.49,2565145983679.01
17930.2890625,1192.18994140625,3349322417621.97,2604739123002.35
17931.8515625,1192.18994140625,3327291561753.1,2696435139940.9
17933.4140625,1191.93994140625,3331040518886.99,2618840199642.28
17934.9765625,1192.68994140625,3488565534294.2,2538781396000.4
17936.5390625,1192.43994140625,3466306491763.17,2570482110610.33
17938.1015625,1192.43994140625,3405025702719.59,2610846879390.19
17939.6640625,1192.22840294471,3521165468593.33,2600665392088.53
17941.2265625,1192.24763371394,3203482051774.64,2565120718800.53
17942.7890625,1192.68994140625,3381781570673.84,2557220474013.52
17944.3515625,1192.68994140625,3335691988980.06,2567081485636.18
17945.9140625,1192.65147986779,3365969873121.92,2544076829168.78
17947.4765625,1192.68994140625,3175989112377.59,2560584277824.4
17949.0390625,1192.93994140625,3208575335382.72,2653543619403.19
17950.6015625,1192.72840294471,3286145318416.58,2589921372238.46
17952.1640625,1193.18994140625,3401035315618.57,2692265210078.98
17953.7265625,1193.43994140625,3318632936883.01,2605073052620.79
17955.2890625,1193.18994140625,3280579056206.25,2552757137632.66
17956.8515625,1193.43994140625,3187877912848.67,2597099073387.17
17958.4140625,1192.93994140625,3461693053093.37,2599482623910.79
17959.9765625,1193.68005371094,3410777096948.23,2607948031613.87
17961.5390625,1193.68005371094,3234820122598.42,2595336576464.01
17963.1015625,1193.68005371094,3300395832857.67,2595173414005.92
17964.6640625,1193.68005371094,3311481564361.54,2572365686958.54
17966.2265625,1193.83389986479,3332367956750.57,2659665919499.46
17967.7890625,1194.18005371094,3296742746450.8,2597695366863.44
17969.3515625,1193.68005371094,3370909323614.8,2631107483699.7
17970.9140625,1193.93005371094,3400307850124.4,2569458677068.38
17972.4765625,1194.18005371094,3358441606200.8,2707237650349.58
17974.0390625,1194.43005371094,3239294225505.75,2576561190108.12
17975.6015625,1194.43005371094,3367794880046.02,2617399887581.41
17977.1640625,1194.28422037761,3224101684522.92,2529378175924.87
17978.7265625,1194.65922037761,3334638706042.1,2610225475084.68
17980.2890625,1194.43005371094,3216470020839.45,2622122632126.53
17981.8515625,1194.68005371094,3224860295050.08,2655347797568.96
17983.4140625,1194.68005371094,3306575575906.82,2601218583227.99
17984.9765625,1194.93005371094,3379744194315.75,2631409980564.8
17986.5390625,1194.18005371094,3266656055067.68,2604941240650.44
17988.1015625,1195.04543832632,3266588987799.64,2628026382632.73
17989.6640625,1195.18005371094,3320839818792.97,2565710341828.65
17991.2265625,1195.10313063402,3371692766668.18,2543531843894.44
17992.7890625,1195.23774601863,3260816733079.63,2650024143855.11
17994.3515625,1195.18005371094,3283582113430.01,2670990168311.42
17995.9140625,1195.43005371094,3296378908855.04,2580328518390.09
17997.4765625,1195.43005371094,3517422687655.08,2598240865246.19
17999.0390625,1195.18005371094,3181920064419.49,2597313922332.86
18000.6015625,1195.43005371094,3164430096571.7,2684172499510.18
18002.1640625,1195.35313063402,3295339326854.26,2624062473501.79
18003.7265625,1195.93005371094,3399086082897.37,2605899170311.43
18005.2890625,1195.43005371094,3287864795076.87,2644217987513.3
18006.8515625,1195.93005371094,3190474646219.33,2523624597313.5
18008.4140625,1195.50697678786,3373586359157.61,2715738802825.39
18009.9765625,1196.18005371094,3450350796219.52,2586463253933.53
18011.5390625,1196.18005371094,3458733675292.62,2617181391958.85
18013.1015625,1196.18005371094,3387380739640.21,2510951143039.8
18014.6640625,1196.39159217248,3361056822665.04,2579645428081.51
18016.2265625,1196.43005371094,3322797166165.15,2579760706272.31
18017.7890625,1196.52620755709,3359012891850.25,2586039715826.61
18019.3515625,1195.93005371094,3353117700157.03,2617397204599.41
18020.9140625,1196.68005371094,3421568530199.72,2641368525266.89
18022.4765625,1196.68005371094,3234758620840.23,2617334922835.98
18024.0390625,1196.93005371094,3271983504026.35,2595439405111.73
18025.6015625,1196.68005371094,3411719201730.81,2609974479618.76
18027.1640625,1196.87236140325,3282876472960.46,2522325634032.71
18028.7265625,1197.18005371094,3251327739097.83,2657531885062.96
18030.2890625,1196.93005371094,3322963501596.72,2641103939405.58
18031.8515625,1196.93005371094,3240889980226.25,2571539428274.14
18033.4140625,1197.18005371094,3390796138981.28,2664249677315.36
18034.9765625,1197.12236140325,3264038443958.53,2578060924804.8
18036.5390625,1197.43005371094,3353281389872.14,2590826590771
18038.1015625,1197.43005371094,3308464724546.71,2630075933873.98
18039.6640625,1197.43005371094,3200752241051.18,2623310891426.64
18041.2265625,1197.68005371094,3274028965360.8,2651138023410.24
18042.7890625,1197.93005371094,3280518868910.97,2629870873293.46
18044.3515625,1197.43005371094,3306381975345.27,2564234186587.42
18045.9140625,1197.68005371094,3196041446426.86,2729900221390.64
18047.4765625,1197.68005371094,3338472384696.32,2697442574546.31
18049.0390625,1198.08389986479,3155507800250.56,2630535653430.2
18050.6015625,1197.68005371094,3392590381183.6,2546265285401.01
18052.1640625,1198.18005371094,3397172923985.97,2631182399076.69
18053.7265625,1198.43005371094,3225025660989.94,2631478368478.33
18055.2890625,1198.66082294171,3125872615019.37,2569782954806.21
18056.8515625,1198.18005371094,3277097069509.87,2581461559792.84
18058.4140625,1198.43005371094,3129138205437.58,2600057001012.96
18059.9765625,1198.43005371094,3343983924305.88,2641435933999.41
18061.640625,1198.43005371094,3287880502511.12,2570120705974.72
18063.203125,1198.68005371094,3203265023103.07,2632726050710.63
18064.765625,1198.68005371094,3317240699499.98,2696833590826.56
18066.328125,1198.93005371094,3325606921698.1,2702437689248.99
18067.890625,1199.06466909556,3211898175436.27,2647468714829.05
18069.453125,1199.18005371094,3267242679384.69,2677353976983.11
18071.015625,1199.00697678786,3383960179881.35,2608621342513.38
18072.578125,1199.18005371094,3262868678085.57,2578897858147.48
18074.140625,1199.18005371094,3368615575443.19,2604095567064.68
18075.703125,1199.18005371094,3392444880755.66,2637316103584.41
18077.265625,1199.18005371094,3233512651195.72,2601116611011.57
18078.828125,1199.68005371094,3176358983998.98,2652287779253.52
18080.390625,1199.68005371094,3211254938500.71,2651108428563.42
18081.953125,1199.86466158353,3203138732669.21,2639220235308.15
18083.515625,1199.68005371094,3239534481002.29,2615891743857.53
18085.078125,1199.92004394531,3075163375870.39,2591572274067.9
18086.640625,1199.68005371094,3278642433468.69,2650730591658.77
18088.203125,1199.92004394531,3303583121591.64,2615293110537.18
18089.765625,1199.92004394531,3163208222899.37,2644396544100.54
18091.328125,1200.17004394531,3225919092565.69,2657759605527.34
18092.890625,1200.227736253,3314451489553.19,2647559418861.01
18094.453125,1199.73543607272,3254619547035.95,2670640206385.97
18096.015625,1200.17004394531,3292660256791.48,2601605526428.65
18097.578125,1200.42004394531,3154080225070.2,2643809893405.72
18099.140625,1200.17004394531,3206661827323.65,2668284906863.44
18100.703125,1200.42004394531,3331796446563.05,2627375706883.84
18102.265625,1200.67004394531,3220697489469.43,2602369856804.98
18103.828125,1200.67004394531,3179798530355.68,2613794054418.36
18105.390625,1200.92004394531,3227211208685.35,2637265184157.33
18106.953125,1200.67004394531,3266419121705.2,2651503461359.45
18108.515625,1201.01619779146,3139444941000.53,2565845949257.54
18110.078125,1200.92004394531,3300673723769.85,2606411410546.07
18111.640625,1201.17004394531,3178649621087.89,2616145393827.48
18113.203125,1200.92004394531,3167710304019.13,2623496239457.63
18114.765625,1201.07389009916,3296841874761.28,2656630807599.18
18116.328125,1201.42004394531,3204720575342.69,2621200359486.38
18117.890625,1201.17004394531,3471820157404.96,2698993058330.62
18119.453125,1201.42004394531,3118303847666.4,2622609101106.43
18121.015625,1201.17004394531,3334554455764.32,2610471756683.56
18122.578125,1201.42004394531,3290036298143.5,2681363567719.86
18124.140625,1201.92004394531,3308025079629.39,2625209658621.31
18125.703125,1201.67004394531,3236387744624.34,2658956847296.83
18127.265625,1202.17004394531,3231712421633.77,2697724579662.64
18128.828125,1201.92004394531,3223115041084.98,2549310417192.05
18130.390625,1202.17004394531,3093418543802.84,2682125819114.19
18131.953125,1202.17004394531,3187194335171,2612327956080.87
18133.515625,1202.34312086839,3369042994154.9,2630478563916.56
18135.078125,1202.17004394531,3191499249746.15,2642184755055.39
18136.640625,1202.42004394531,3212826820887.12,2599584320431.31
18138.203125,1202.17004394531,3313706646615.63,2585726574232.49
18139.765625,1202.57389009916,3246732536490.82,2643969393972.93
18141.328125,1202.67004394531,3171273282213.9,2607953773058.07
18142.890625,1202.42004394531,3223569436966.53,2580482332764.3
18144.453125,1202.61235163762,3332088011167.97,2581871152312.6
18146.015625,1202.67004394531,3175805534071.98,2601004984463.7
18147.578125,1202.92004394531,3256082378699.73,2719338486038.01
18149.140625,1202.93927471454,3161602321184.52,2709089243619.67
18150.703125,1202.92004394531,3127024787770.04,2699217988534.1
18152.265625,1202.92004394531,3318394068473.53,2691326824341
18153.828125,1203.17004394531,3236155969047.97,2735939785031.65
18155.390625,1203.42004394531,3148954145099.09,2699115838889.43
18156.953125,1203.17004394531,3171819434008.01,2622534747344.63
18158.515625,1203.57389009916,3139530067211.58,2669145355071.02
18160.078125,1203.67004394531,3185870249517.82,2664516979745.8
18161.640625,1203.67004394531,3406413909291.4,2704331036146.26
18163.203125,1203.42004394531,3195663521916.51,2666057156156.34
18164.765625,1203.92004394531,3315990853148.19,2688172850597.85
18166.328125,1203.92004394531,3232653216076.19,2657164645159.35
18167.890625,1203.67004394531,3073833788067.81,2666237309335.43
18169.453125,1203.67004394531,3287954177684.98,2604646411659.59
18171.015625,1203.92004394531,3088640887927.65,2593516550806.77
18172.578125,1204.17004394531,3145019745243.84,2671259036010.4
18174.140625,1204.17004394531,3299397842659.68,2672917249895.78
18175.703125,1204.33671061198,3239732178258.26,2688863732576.66
18177.265625,1204.42004394531,3176986687177.8,2680885090424.43
18178.828125,1204.92004394531,3256789587253.36,2673339597344.61
18180.390625,1204.75337727864,3362798684791.16,2659285082371.23
18181.953125,1204.42004394531,3124739324238.28,2738565313091.29
18183.515625,1204.92004394531,3110210771928.6,2672872025833.45
18185.078125,1204.67004394531,3268076210652.83,2660525119618.77
18186.640625,1204.92004394531,3084109029980.14,2680078853075.86
18188.203125,1204.92004394531,3107459135913.86,2713552427678.52
18189.765625,1205.08671061198,3328497419544.5,2625356163593.79
18191.328125,1204.86235163762,3242133820536.73,2586892508326.25
18192.890625,1205.17004394531,3165233449693.74,2618130976924.62
18194.453125,1205.17004394531,3197817722332.73,2658044647633.97
18196.015625,1205.42004394531,3185778651818.34,2639308435554.5
18197.578125,1205.42004394531,3270844677544.52,2675949683774
18199.140625,1205.67004394531,3226718753904.83,2674408264640.86
18200.703125,1205.34312086839,3220253588966.12,2724161581285.38
18202.265625,1205.61235163762,3330159914664.7,2698182368237.69
18203.828125,1205.67004394531,3067375234121.89,2729216740481.88
18205.390625,1205.92004394531,3032737539694.28,2676215077887.9
18206.953125,1205.89921061198,3236530170495.08,2632163560817.86
18208.515625,1205.92004394531,3060932495807.21,2608001567210.51
18210.078125,1206.17004394531,3198257130200.78,2657022097142.2
18211.640625,1205.92004394531,3331597157659.63,2704593674251.75
18213.203125,1206.17004394531,3196876928539.16,2613932405935.67
18214.765625,1206.34312086839,3100909836867.21,2613734969184.81
18216.328125,1206.42004394531,3102277676279.43,2659721199616.24
18217.890625,1206.67004394531,3248537425444.42,2658853705164.5
18219.453125,1206.42004394531,3193316519171.23,2672481550080.38
18221.015625,1206.67004394531,3168947509058.72,2621376584735.92
18222.578125,1206.93005371094,3137449422687.58,2714599016690.97
18224.140625,1206.67004394531,3177632709766.75,2678745341924.04
18225.703125,1206.71004544771,3191426731917.79,2687565729289.94
18227.265625,1206.93005371094,3232388080248.38,2710922144822.39
18228.828125,1207.18005371094,3170742088856.19,2654166329526.61
18230.390625,1207.18005371094,3293215686544.93,2705134332978.48
18231.953125,1207.41082294171,3087437889357.82,2703444410672.48
18233.515625,1207.18005371094,3081935991446.3,2715175880550.62
18235.078125,1207.18005371094,3255836050222.89,2701360060078.38
18236.640625,1207.43005371094,3312268472942.76,2687328321535.55
18238.203125,1207.43005371094,3125137941787.65,2668995185337.78
18239.765625,1207.43005371094,3349050371298.67,2650799254389.26
18241.328125,1207.68005371094,3045058269436.07,2671791987349
18242.890625,1207.68005371094,3156772828840.53,2704008649322.77
18244.453125,1207.43005371094,3068973035445.62,2730439054125.75
18246.015625,1207.93005371094,3061242963523.65,2737221836391.33
18247.578125,1207.93005371094,3150237876303.61,2686978105393.3
18249.140625,1207.79543832632,3304652555818.73,2632905279290.77
18250.703125,1207.93005371094,3038153207012.24,2751334484327.69
18252.265625,1208.43005371094,3204518865714.14,2610100226218.19
18253.828125,1208.64159217248,3228732692038.61,2704399730825.54
18255.390625,1208.43005371094,3187949885446.9,2717624743441.23
18256.953125,1208.18005371094,3210442031384.54,2714544573385.49
18258.515625,1208.43005371094,3157568147051.99,2713763448741.6
18260.078125,1208.43005371094,3286346696813.19,2717924415600.83
18261.640625,1208.43005371094,3166002047574.78,2654480121462.83
18263.203125,1208.27620755709,3112675499648,2671587023011.45
18264.765625,1208.93005371094,3129801532461.31,2709934662996.79
18266.328125,1208.93005371094,3242154635452.81,2756516770965.01
18267.890625,1208.84672037761,3041058464149.89,2640421699848.87
18269.453125,1208.93005371094,3329586469923.43,2772916548227.25
18271.015625,1209.18005371094,3210550506786.85,2691630101257.71
18272.578125,1208.93005371094,3173521133963.59,2741461230489.87
18274.140625,1208.94928448017,3228832970748.53,2709396417799.75
18275.703125,1209.2185152494,3131110948798.16,2684275722188.02
18277.265625,1209.43005371094,3048510277047.01,2656749047390.89
18278.828125,1209.60313063402,3189157087153.41,2725522252553.21
18280.390625,1209.43005371094,3217216181454.37,2700325519873.29
18281.953125,1209.68005371094,3104507752956.37,2624007924994.21
18283.515625,1209.43005371094,3008044243823.01,2742036637331.81
18285.078125,1209.68005371094,3081615427831.57,2704561876949.88
18286.640625,1209.68005371094,3253669058121.75,2734550414989.94
18288.203125,1209.84672037761,3078852676130.83,2647518449891.73
18289.765625,1210.18005371094,3133423957141.93,2723379207740.68
18291.328125,1210.18005371094,3169138336373.68,2680403151124.6
18292.890625,1210.06466909556,3172267098155.2,2614782631594.26
18294.453125,1210.18005371094,3030640339327.8,2704282226443.97
18296.015625,1210.18005371094,3082644353830.77,2624439466334.59
18297.578125,1210.43005371094,3199352174238.66,2709620954361.51
18299.140625,1210.18005371094,3164392939638.74,2656082922244.28
18300.703125,1210.43005371094,3272351081016.89,2675049329421.21
18302.265625,1210.68005371094,3232121584901.89,2663775474428.42
18303.828125,1210.68005371094,3120500600427.92,2648779515895.69
18305.390625,1210.93005371094,3129057061643.52,2616854454501.55
18306.953125,1210.93005371094,3210080167557.27,2742151618953.7
18308.515625,1210.93005371094,3259057865307.55,2672633581465.07
18310.078125,1211.02620755709,3137258411691.88,2651178127693.24
18311.640625,1210.93005371094,3250476003213.26,2725303638692.5
18313.203125,1211.12648228237,3020720236645.81,2715998175596.59
18314.765625,1211.27620755709,3116894999973.45,2648568672130.07
18316.328125,1211.43005371094,3169018563659.34,2696188560500.69
18317.890625,1211.18005371094,3318744925028.07,2730487359520.37
18319.453125,1211.43005371094,3023847709201.55,2675174132540.58
18321.015625,1211.43005371094,3128005427848.7,2676543178917.36
18322.578125,1211.18005371094,3136550051794.69,2661849768754.13
18324.140625,1211.89159217248,3116726283829.64,2773642001647.28
18325.703125,1211.68005371094,3109519154609.67,2724431046546.56
18327.265625,1211.93005371094,3226790217556.04,2778503513276.15
18328.828125,1211.93005371094,3115667762412.44,2691772444975.23
18330.390625,1212.18005371094,3116586393558.84,2655001884388.81
18331.953125,1212.18005371094,3037252659362.21,2716239359186.49
18333.515625,1211.93005371094,2944485996972.39,2721685006686.6
18335.078125,1212.38838704427,3066968798218.14,2647459658069
18336.640625,1212.43005371094,3118572822459.62,2720614448677.37
18338.203125,1212.43005371094,3077007600620.44,2729711350829.33
18339.765625,1212.55505371094,3140631033209.66,2661740859673.74
18341.328125,1212.64159217248,3082119100871.64,2719338284947.58
18342.890625,1212.68005371094,3138665484705.49,2740750338339.91
18344.453125,1212.68005371094,3130093880453.51,2724104538858.91
18346.015625,1212.68005371094,3064291908911.34,2665858762985.46
18347.578125,1212.93994140625,2955148833048.06,2769251588034.57
18349.140625,1212.93994140625,3085374171363.18,2718017870730.34
18350.703125,1213.07455679087,3024035776006.34,2681714824303.62
18352.265625,1213.43994140625,3150236122549.92,2681262818063.33
18353.828125,1213.3437875601,2949387268690.83,2736254856545.03
18355.390625,1213.18994140625,3113952199562.28,2753163580342.12
18356.953125,1213.22840294471,3184536019464.25,2790667179772.19
18358.515625,1213.68994140625,3141453197629.88,2670825403827.31
18360.078125,1213.43994140625,3107227202178.46,2732658809159.37
18361.640625,1213.43994140625,3114535256640.79,2700112865036.71
18363.203125,1213.45917217548,3170833075602.27,2703625693240.76
18364.765625,1213.93994140625,3183998501205.83,2668256631998.87
18366.328125,1213.93994140625,3056500017307.21,2735532071519.54
18367.890625,1213.68994140625,3137969327817.26,2729984017149.03
18369.453125,1214.18994140625,3199025760795.05,2779870255445.14
18371.015625,1213.93994140625,3227838660323.74,2821294767073.81
18372.578125,1214.18994140625,3137803106692.75,2685804314617.67
18374.140625,1214.18994140625,3212927758079.26,2666296411815.83
18375.703125,1214.28085049716,2953814154417.68,2725800070060.42
18377.265625,1213.98160807292,3098569693951.59,2741583646856.84
18378.828125,1214.68994140625,3089053293807.06,2765266670987.52
18380.390625,1214.52327473958,3193505775277.75,2785708041921.76
18381.953125,1214.68994140625,3149726119472.36,2712769708021.81
18383.515625,1214.18994140625,3173334024764.32,2719528455921.24
18385.078125,1214.93994140625,3083569536112.85,2659208144466.37
18386.640625,1214.80532602163,3158653139476.1,2664644835396.51
18388.203125,1214.90147986779,3138596558573.75,2651898476591.84
18389.765625,1215.18994140625,3241098691892.38,2859105331171.98
18391.328125,1214.93994140625,2992803222726.02,2750768826454.54
18392.890625,1214.93994140625,3188449935699.25,2720048627104.92
18394.453125,1214.93994140625,3096623692766.29,2751675485703.35
18396.015625,1215.18994140625,3139890694046.09,2727230467848.6
18397.578125,1215.31494140625,3155225238705.7,2735573162192.7
18399.140625,1215.43994140625,3162867910441.44,2674752594405.23
18400.703125,1215.36851283482,3239771278735.73,2761054739849.2
18402.265625,1215.51686448317,3030816757410.16,2720967646988.97
18403.828125,1215.68994140625,3147780671221.79,2724622635046.49
18405.390625,1215.68994140625,2965387480695.03,2704693228894.26
18406.953125,1215.92071063702,3142715351618.9,2760098515210.82
18408.515625,1215.93994140625,3148689551824.29,2717104175427.07
18410.078125,1215.93994140625,3060888821425.07,2698573992338.69
18411.640625,1215.93994140625,3101954111103.97,2715343955298.69
18413.203125,1216.18994140625,3164010246512.39,2687530656796.29
18414.765625,1216.18994140625,3015842367324.95,2732461246054.37
18416.328125,1216.44995117188,3101860395803.97,2681613771368.54
18417.890625,1216.18994140625,2946624223976.85,2769116074099.37
18419.453125,1216.44995117188,3189496881011.98,2694889651604.39
18421.015625,1216.69995117188,3125143246089.58,2792730897474.55
18422.578125,1216.65828450521,2999809987777.54,2772359711524.98
18424.140625,1216.44995117188,3090506943650.55,2811202053549.61
18425.703125,1216.69995117188,3222981256022.54,2716962030060.91
18427.265625,1217.07495117188,3064560372350.78,2781740151271.89
18428.828125,1216.73328450521,3207134680389.4,2745471870421.83
18430.390625,1216.69995117188,3191063919677.14,2732467050868.79
18431.953125,1217.19995117188,3183773156672.44,2794154106291.46
18433.515625,1217.19995117188,3120016549920.13,2736495640616.46
18435.078125,1216.94995117188,3065999420359.13,2704645339932.75
18436.640625,1217.21918194111,3055811849693.25,2728436472660.74
18438.203125,1217.44995117188,3238402100595.31,2738677038127.53
18439.765625,1217.44995117188,3059256024215.33,2788074416176.02
18441.328125,1217.69995117188,3139098202717.52,2709551557738.59
18442.890625,1217.69995117188,2910662550795.33,2705988865685.29
18444.453125,1217.69995117188,3042699249119.91,2713177609772.25
18446.015625,1217.69995117188,3032991436823.52,2677358169108.64
18447.578125,1217.69995117188,3055541992075.33,2736694359637.56
18449.140625,1217.8345665565,3024412045605.64,2737802702400.71
18450.703125,1218.19995117188,3065392133427.52,2661207196876.4
18452.265625,1218.44995117188,2981467812974.65,2737002092334.04
18453.828125,1218.19995117188,3053110493321.87,2736071729919.66
18455.390625,1218.44995117188,3119334280745.29,2776084482897.33
18456.953125,1218.44995117188,3228105585700.55,2734873441791.11
18458.515625,1218.23841271034,3059440561640.85,2753251926024.03
18460.078125,1218.44995117188,3188077901192.86,2796233918234.09
18461.640625,1218.44995117188,3043025511406.75,2760098320354.78
18463.203125,1218.56533578726,3038075420460.97,2736884576071.32
18464.765625,1218.69995117188,3037724076560.38,2754238222110.56
18466.328125,1218.94995117188,2977876846960.41,2747803961673.51
18467.890625,1218.78328450521,3081953435547.66,2680565147709.92
18469.453125,1218.94995117188,3044297984230.69,2772230203770.58
18471.015625,1218.94995117188,3089016282921.11,2747491942645.48
18472.578125,1218.94995117188,3054408033998.37,2802652078497.98
18474.140625,1219.2099609375,3091819859924.77,2787784591969.27
18475.703125,1219.2099609375,3054312581112.05,2740699954740.04
18477.265625,1219.4599609375,2975268170582.81,2638464942017.71
18478.828125,1218.94995117188,3013281146789.9,2783160800663.65
18480.390625,1219.4599609375,2912225014258.1,2711962637878.52
18481.953125,1219.7099609375,3121334023931.65,2723137152232.62
18483.515625,1219.7099609375,3053632660044.36,2742466605091.44
18485.078125,1219.4599609375,3139286087707.03,2747673713843.42
18486.640625,1219.9599609375,3141739206013.94,2860558964846.41
18488.203125,1219.84457632212,3110671508986.37,2769859807375.63
18489.765625,1219.7099609375,3034905684842.24,2737129415683.56
18491.328125,1220.4599609375,3005640755544.95,2765027896961.85
18492.890625,1219.9599609375,3211197122918.19,2722936669869.6
18494.453125,1220.2099609375,3193169030562.8,2759083612946.73
18496.015625,1220.2099609375,3228795847934.66,2811683517542.01
18497.578125,1220.4599609375,3079034303322.31,2787768931587.82
18499.140625,1220.4599609375,2850244078622.39,2739146753744.76
18500.703125,1220.4599609375,3084560275280.02,2720903558824.27
18502.265625,1220.7099609375,3120965090044.91,2683775174779.97
18503.828125,1220.7099609375,3021497888251.87,2712952616708.52
18505.390625,1220.74842247596,3115278759579.47,2785246478441.27
18506.953125,1220.7099609375,3045000410326.02,2657759388099.7
18508.515625,1220.9599609375,3097109682979.52,2769527342973.63
18510.078125,1220.9599609375,3172575690835.67,2783665851519.2
18511.640625,1220.99567522321,3061009711147.6,2729050955122.1
18513.203125,1221.2099609375,2944463265871.97,2761457267419.52
18514.765625,1221.13303786058,3086356243118.88,2713281371334.22
18516.328125,1220.7099609375,2969255052904.81,2762565718242.39
18517.890625,1221.46997070313,3001643515570.97,2750664960609.27
18519.453125,1221.46997070313,3040502903813.86,2702198399673.28
18521.015625,1221.46997070313,3025043611811.67,2782307619091.75
18522.578125,1221.46997070313,3020655106330.47,2855431646426.48
18524.140625,1221.46997070313,3025815990693.52,2885072907701.04
18525.703125,1221.96997070313,2991199995709.93,2790976871688.65
18527.265625,1221.96997070313,2995511989131.18,2746783083516.63
18528.828125,1221.71997070313,2889565553925.14,2755969249985.88
18530.390625,1221.96997070313,3098011541862.42,2799123825915.63
18531.953125,1221.81612454928,3116795627393.04,2831834912553.57
18533.515625,1221.96997070313,3134899472347.73,2799659428360.99
18535.078125,1221.96997070313,3124647218267.1,2738621064146.33
18536.640625,1222.50843224159,2885047138709.96,2750191426588.82
18538.203125,1222.46997070313,3070317490466.06,2839610830244.08
18539.765625,1222.21997070313,3043927224296.72,2805477971601.28
18541.328125,1222.46997070313,3089114802848.7,2762070866040.64
18542.890625,1222.46997070313,3118351002871.64,2764316663232.59
18544.453125,1222.71997070313,2983151071021.21,2732327327423.27
18546.015625,1222.96997070313,3021738457091.03,2787513090907.05
18547.578125,1222.71997070313,2959059906367.99,2737186701027.19
18549.140625,1222.96997070313,3096465911709.81,2713524309185.26
18550.703125,1222.71997070313,2991169423166.61,2728577512635.07
18552.265625,1223.21997070313,3069243778483.67,2793897873364
18553.828125,1222.96997070313,3026114460115.54,2779389161511.05
18555.390625,1223.21997070313,3016308603612.26,2747437897892.63
18556.953125,1223.21997070313,3120106439934.81,2822209438190.22
18558.515625,1223.47998046875,3155942163575.97,2783501523529.74
18560.078125,1223.47998046875,3088049997733.24,2712528251671.31
18561.640625,1223.47998046875,3103333589776.11,2836075997782.19
18563.203125,1223.72998046875,2997794272125.68,2728430776555
18564.765625,1223.72998046875,3069713862333.75,2732766878382.78
18566.328125,1223.93831380208,3061969199201.68,2739979170817.52
18567.890625,1223.47998046875,3138778974965.21,2770311450655.61
18569.453125,1223.97998046875,3086631585799.61,2771858497566.34
18571.015625,1223.97998046875,3012372763266.31,2818418866826.88
18572.578125,1223.97998046875,3154471880486.71,2792006009122.18
18574.140625,1224.22998046875,3100912428890.72,2763782925034.63
18575.703125,1224.22998046875,3010897214779.55,2794759266549.95
18577.265625,1224.36459585337,3101113721547.22,2778989132171.57
18578.828125,1224.22998046875,3043619359012.54,2769446535579.17
18580.390625,1224.22998046875,3248718212662.83,2767041566823.2
18581.953125,1224.60498046875,2984646623298.11,2751947969191.28
18583.515625,1224.71074969952,2917310821779.92,2800562054880.79
18585.078125,1224.47998046875,2955517597474.86,2708995124847.29
18586.640625,1224.72998046875,3028662339951.11,2712789496585.17
18588.203125,1224.97998046875,3033888530307.68,2757948639088.03
18589.765625,1224.97998046875,3048562769808.13,2769317311986.18
18591.328125,1224.97998046875,3006636805421.52,2816576262069.46
18592.890625,1224.97998046875,3085656853433.32,2781704479457.12
18594.453125,1225.22998046875,3050269818269.06,2782922048657.72
18596.015625,1224.97998046875,3008200693396.86,2769609090251.62
18597.578125,1225.22998046875,3024753994292.94,2820371513768.94
18599.140625,1225.22998046875,3113693769244.17,2800869556071.1
18600.703125,1225.48999023438,3047595322002.8,2746469105503.68
18602.265625,1225.52845177284,3049819610546.39,2733070681821.04
18603.828125,1225.73999023438,2995902410339.62,2805723664418.24
18605.390625,1225.73999023438,2968461470792.71,2712305585591.39
18606.953125,1225.73999023438,2977674093536.43,2754801114449.92
18608.515625,1225.78165690105,3110682275262.61,2769929284550.17
18610.078125,1225.98999023438,3094668354413.4,2784048883313.54
18611.640625,1225.98999023438,3004339384932.97,2785582488955.99
18613.203125,1225.98999023438,3094507167774.25,2746001147550.97
18614.765625,1226.23999023438,3198507351660.42,2742276869484.09
18616.328125,1226.23999023438,2920660261295.4,2771768502059.9
18617.890625,1226.39383638823,2955413594214.74,2740715428942.54
18619.453125,1226.23999023438,2959341364611.79,2796479979888.05
18621.015625,1226.73999023438,3043883463373.21,2759931580598.62
18622.578125,1226.48999023438,3016624591970.53,2753174076290.5
18624.140625,1226.48999023438,3131660583010.48,2873062209775.01
18625.703125,1226.98999023438,2879314983116.05,2804136674901.2
18627.265625,1226.98999023438,2947639322606.41,2828775226734.62
18628.828125,1226.73999023438,3034691294699.69,2793102678312.88
18630.390625,1227.2099984976,3127576530931.46,2757834974138.02
18631.953125,1227.25,3186108288840.08,2689859653066.43
18633.515625,1226.98999023438,3161272043280.82,2787456751594.44
18635.078125,1227.25,2940776698734.5,2779663993333.1
18636.640625,1227.25,3100307290542.58,2771555583431.06
18638.203125,1226.73999023438,3032619149397.88,2828714045083.17
18639.765625,1227.44230769231,3132030347434.83,2785773961547
18641.328125,1227.5,2952513325628.75,2847878308949.65
18642.890625,1227.5,2967374661540.55,2852449616742.15
18644.453125,1227.75,3047293158121.35,2857467918032.2
18646.015625,1228,2914832390920.05,2762076157042.5
18647.578125,1227.5,3003681551569.42,2799901641436.17
18649.140625,1227.75,2932336759943.8,2850312335622.47
18650.703125,1228,2895493201767.98,2812577480059.45
18652.265625,1228.25,2969389823149.22,2782989789604.92
18653.828125,1228.25,2975783091892.09,2874206679424.1
18655.390625,1228.03846153846,3010883665174.98,2828957533994.84
18656.953125,1228.25,2953054348663.92,2824756936413.4
18658.515625,1228.25,2972364103206.51,2713402154632.91
18660.078125,1228.26923076923,2898106196778.89,2725101800948
18661.640625,1228.25,3204451207909.57,2842984759120.23
18663.203125,1228.5,3181139946019.43,2767733150597.42
18664.765625,1228.40384615385,3136955440604.66,2858281038313.01
18666.328125,1228.57846304087,2981287996094.8,2856967382882.59
18667.890625,1228.5,3042492048886.22,2865654618547.98
18669.453125,1228.95231745794,2896064605365.77,2775049430606.16
18671.015625,1229.01000976563,2948071722164.58,2862825289253.02
18672.578125,1229.01000976563,2948099212526.64,2755328501209.06
18674.140625,1229.26000976563,2950386919266.92,2813034989294.09
18675.703125,1229.37539438101,3124462379906.87,2780515017148.35
18677.265625,1229.51000976563,3056538994501.75,2729561363029.12
18678.828125,1229.26000976563,2996185397210.58,2823953792745.92
18680.390625,1229.51000976563,3013809525593.01,2824405343438.46
18681.953125,1229.26000976563,3025041866006.49,2764887835513.72
18683.515625,1229.51000976563,2871713082828.05,2895617689869.98
18685.078125,1229.76000976563,3039827478571.66,2796228697258.16
18686.640625,1229.37539438101,2851092456101.63,2778291366511.12
18688.203125,1230.01000976563,3019422886571.2,2763047257624.6
18689.765625,1230.01000976563,3083644739994.99,2798278513679.44
18691.328125,1229.76000976563,2945632611880.06,2808318276094.54
18692.890625,1230.01000976563,2945160656724.95,2830197485499.96
18694.453125,1230.27001953125,3035802513835.87,2840997780582.51
18696.015625,1230.01000976563,2930798052749.26,2792731512739.53
18697.578125,1230.27001953125,3042069098261.34,2823082321824.53
18699.140625,1230.27001953125,3059131239049.76,2878207762342.11
18700.703125,1230.52001953125,3001939343980.75,2848750725681.89
18702.265625,1230.52001953125,2983901495403.96,2833648698198.83
18703.828125,1230.52001953125,3037140795409.75,2820746449850.24
18705.390625,1230.52001953125,2984465195332.92,2794140579750.21
18706.953125,1230.77001953125,2847305268874.09,2855988108801.57
18708.515625,1230.77001953125,2848201291986.7,2827636781988.58
18710.078125,1230.77001953125,3022584614963.94,2784176384727.96
18711.640625,1231.02001953125,2844618399273.78,2800072895721.39
18713.203125,1230.77001953125,2951020965081.9,2823929737393.55
18714.765625,1231.02001953125,2933269604611.15,2906003541825.84
18716.328125,1231.02001953125,3101311251100.55,2797924630050.13
18717.890625,1231.02001953125,3081573269775.35,2861419005359.49
18719.453125,1231.53002929688,2983759470662.33,2837964137881.27
18721.015625,1231.78002929688,2898788526027.12,2746025090799.1
18722.578125,1231.53002929688,3051382379026.26,2784516585820
18724.140625,1231.53002929688,3045472394355.29,2788861923101.2
18725.703125,1231.78002929688,2866135263235.79,2808312463635.22
18727.265625,1231.78002929688,2909766518625.75,2735740988586.99
18728.828125,1231.53002929688,3093339394758.96,2859932806430.38
18730.390625,1231.78002929688,3149919166528.83,2815962315213.84
18731.953125,1231.78002929688,2984598436706.84,2830533355664.15
18733.515625,1232.03002929688,2935116884614.9,2850170246642.75
18735.078125,1232.03002929688,2913580232445.66,2859354775334.03
18736.640625,1232.49156775842,2870137923711.27,2866708316170.38
18738.203125,1232.43387545073,2875043456855.42,2793601237187.85
18739.765625,1232.03002929688,3122297978585.59,2855385920957.51
18741.328125,1232.28002929688,2993583399901.75,2857043536754.32
18742.890625,1232.53002929688,2828588073198.16,2801862827239.61
18744.453125,1232.53002929688,3086772207413.93,2762916413306.71
18746.015625,1232.78002929688,2950256860322.76,2776592345516.84
18747.578125,1232.6069523738,3054936420074.09,2828624802405.62
18749.140625,1232.78002929688,2943302234972.76,2788402530817.27
18750.703125,1233.0400390625,3002655733705.8,2806292149338.2
18752.265625,1232.88003305289,2884413207688.7,2788512184974.4
18753.828125,1233.0400390625,2782195403781.26,2769486474187.6
18755.390625,1233.0400390625,2974707340766.87,2799840550402.42
18756.953125,1233.05926983173,3048757941413.31,2836790553736.66
18758.515625,1233.0400390625,3042509055873.91,2800504050009.33
18760.078125,1233.5400390625,2893226226457.44,2774756791792.79
18761.640625,1233.0400390625,2999376876368.62,2835514863325.93
18763.203125,1233.7900390625,2991457442089.71,2765935347038.78
18764.765625,1233.5400390625,3021492588221.58,2832999816162.62
18766.328125,1233.7900390625,3117313765629.67,2782368558832.12
18767.890625,1233.7900390625,2997987149262.59,2862450154207.41
18769.453125,1233.7900390625,2908854593313.5,2776157765969.62
18771.015625,1233.5400390625,3085046066510.28,2815475177647.61
18772.578125,1233.7900390625,2871952315507.41,2777085382311.24
18774.140625,1234.16004356971,2970525083672.43,2744470222167.14
18775.703125,1234.0400390625,3036743533918.49,2838746909010.09
18777.265625,1234.30004882813,2877028802488.61,2800940790628.37
18778.828125,1234.30004882813,3049827576299.58,2844733588169.28
18780.390625,1234.55004882813,2803454015752.84,2840841012718.54
18781.953125,1234.55004882813,2957270407557.32,2847806699081.2
18783.515625,1234.80004882813,2926009942914.57,2806514349298.47
18785.078125,1234.30004882813,2942818029604.31,2818279910786.93
18786.640625,1234.80004882813,3084378851748.69,2765872383491.9
18788.203125,1234.80004882813,3106064956131.38,2799560124072.45
18789.765625,1234.80004882813,2946115825361.67,2832999844596.24
18791.328125,1234.80004882813,2997417177693.31,2886668932974.04
18792.890625,1235.05004882813,3079685166469.33,2829803803820.24
18794.453125,1235.05004882813,2918768295016.24,2809919428149.44
18796.015625,1235.30004882813,3060687591680.73,2881166660557.97
18797.578125,1234.80004882813,2994902826758.06,2904978531816.74
18799.140625,1235.30004882813,3008346159273.15,2737074570969.69
18800.703125,1235.55993652344,2976198424389.2,2812261661006.06
18802.265625,1235.55993652344,2989083825967.37,2840473525620.24
18803.828125,1235.47997107873,2969158275511.08,2791435515902.69
18805.390625,1235.55993652344,3049973770383.23,2872060512406.12
18806.953125,1235.80993652344,2958971986392.83,2827751441394.48
18808.515625,1235.80993652344,3072377646990.01,2798255932331.89
18810.078125,1235.80993652344,2990782891345.21,2842856615960.84
18811.640625,1236.05993652344,2924853545398.64,2803456371517.38
18813.203125,1236.05993652344,2973425020773.35,2889707960300.4
18814.765625,1236.05993652344,2990666791921.33,2801306739824.43
18816.328125,1236.05993652344,2941198182157.4,2837155021788.44
18817.890625,1236.05993652344,2876782078965.69,2831697384213.67
18819.453125,1236.0983980619,2943561817986.22,2837227481348.25
18821.015625,1236.30993652344,3022880442508.57,2784411627185.23
18822.578125,1236.81994628906,3087225317584.34,2809582420009.86
18824.140625,1236.81994628906,2928946545655.19,2854252053966.53
18825.703125,1236.81994628906,2992983871142.99,2816688734716.83
18827.265625,1236.81994628906,2980265772280.7,2919527624183.2
18828.828125,1236.81994628906,2984833976305.58,2818823426240.01
18830.390625,1236.81994628906,2894489432839.26,2856437671498.63
18831.953125,1237.06994628906,3070320844626.77,2838434564920.11
18833.515625,1237.06994628906,2887560811102.48,2899673074171.65
18835.078125,1237.22379244291,2922230662880.84,2888761690421.12
18836.640625,1237.06994628906,2934835645549.75,2861514853417.66
18838.203125,1237.26225398137,3019435335551.22,2803100876244.98
18839.765625,1237.31994628906,2789117833903.47,2811713733176.1
18841.328125,1237.31994628906,2894527478815.14,2888975166581.03
18842.890625,1237.82995605469,2936455964499.78,2836552382499.55
18844.453125,1237.31994628906,2992477557901.76,2873088776889.6
18846.015625,1237.72995229868,3062345655753.04,2845539895187.67
18847.578125,1237.62994854267,2837158471386.25,2826462630981.04
18849.140625,1238.07995605469,2987087390278.05,2765121457044.23
18850.703125,1237.82995605469,3123143808677.32,2792366482173.34
18852.265625,1237.56994628906,2944200116196.97,2825234665496.2
18853.828125,1238.07995605469,2849253889821.56,2836064320153.98
18855.390625,1238.32995605469,2926536349758.64,2927149955209.07
18856.953125,1238.07995605469,2944663607222.26,2904546631889.48
18858.515625,1238.32995605469,2846206944104.54,2842340629731.18
18860.078125,1238.32995605469,2822926060668.23,2909393210020.77
18861.640625,1238.38764836238,2964751938722.8,2783045414317.75
18863.203125,1238.32995605469,2918889226698.21,2806690561870.47
18864.765625,1238.57995605469,2901658261190.49,2894183650435.81
18866.328125,1238.32995605469,2932303948923.2,2821238718838.17
18867.890625,1238.82995605469,2950117707640.71,2876638582780.89
18869.453125,1239.08996582031,3007706229185.78,2875460037947.84
18871.015625,1238.57995605469,2956854728029.6,2824871738506.39
18872.578125,1238.65687913161,2874153643309.1,2857175729819.63
18874.140625,1239.58996582031,2847378304707.03,2871113642166.65
18875.703125,1239.08996582031,3062653864363.95,2916360042271.51
18877.265625,1239.08996582031,2987690091301.13,2881397770912.17
18878.828125,1239.33996582031,2956857972965.96,2864761899526.29
18880.390625,1239.33996582031,2950998270641.93,2857784591820.04
18881.953125,1239.33996582031,2966863740627.02,2908015762901.15
18883.515625,1239.33996582031,2658427513110.04,2739132722479.83
18885.078125,1239.58996582031,2916175613787.13,2933654618648.88
18886.640625,1239.58996582031,2854035660534.75,2914191593897.48
18888.203125,1239.83996582031,3087848008825.61,2915665060357.62
18889.765625,1239.83996582031,2918379177984.34,2894887563882.17
18891.328125,1239.62842735877,2747896211634.33,2924300948547.91
18892.890625,1239.83996582031,2950914107119.13,2936833023742.12
18894.453125,1240.09997558594,3013997174966.14,2888603493058.45
18896.015625,1240.03997333233,2906138592823.09,2881948838135.89
18897.578125,1240.09997558594,3000358710453.22,2893699797103.08
18899.140625,1240.36920635517,2846428214029.11,2852987616996.11
18900.703125,1240.09997558594,2940490050874.34,2913397518734.95
18902.265625,1240.59997558594,3114930869979.92,2921156140136.41
18903.828125,1240.34997558594,3076981135453.25,2855469787711.46
18905.390625,1240.59997558594,2892090628068.72,2885699152071.38
18906.953125,1240.84997558594,2903883199402.66,2877481378716.16
18908.515625,1240.84997558594,2893650302633.8,2852843434068.84
18910.078125,1240.84997558594,2837565184784.73,2856636168506.53
18911.640625,1240.73459097056,2945057068138.84,2864611874461.18
18913.203125,1240.84997558594,2971101480877.55,2894915755583.66
18914.765625,1241.10998535156,3003615218326.34,2877516971919.66
18916.328125,1241.10998535156,2956595616519.26,2842079499620.46
18917.890625,1241.10998535156,2804871229544.05,2842065777649.53
18919.453125,1241.10998535156,2836404193357.68,2900868089067.23
18921.015625,1241.3215238131,2954291238250.62,2838566850621.04
18922.578125,1241.41767765925,2952026147222.26,2779192192435.02
18924.140625,1241.60998535156,2915225697003.01,2939192877590.93
18925.703125,1241.47536996694,2997672976786.11,2912282514001.56
18927.265625,1241.60998535156,2940405002093.62,2894521080650.39
18928.828125,1241.68690842848,3107188028542.31,2788887890787.39
18930.390625,1241.85998535156,3016009782130.97,2849833505095.14
18931.953125,1241.85998535156,3026843853810.06,2869739964100.96
18933.515625,1241.85998535156,2945343071980.9,2838437807415.68
18935.078125,1241.85998535156,2855748989747.03,2844227054700.99
18936.640625,1242.11999511719,2950531236854.68,2881216159267.17
18938.203125,1242.15845665565,2877453111388.53,2792729597112.28
18939.765625,1242.36999511719,2945675731272.75,2949111396490.71
18941.328125,1242.11999511719,2973108019278.16,2937650263126.33
18942.890625,1242.35076434796,2907408421660.85,2856356665355.48
18944.453125,1242.61999511719,2918688189664.54,2811689155383.26
18946.015625,1242.36999511719,2872920512337.62,2864857077332.5
18947.578125,1242.46614896334,2965089340297.83,2876252768115.82
18949.140625,1242.83153357873,2926299671631.26,2859217962050.9
18950.703125,1242.86999511719,3002787780316.77,2872366680315.1
18952.265625,1242.61999511719,2942834477060.54,2859789938570.78
18953.828125,1243.13000488281,2990802137323.85,2974808266478.79
18955.390625,1242.9600016276,2928997966963.31,2914895956157.31
18956.953125,1243.13000488281,2957093341482.61,2789944731223.46
18958.515625,1243.13000488281,3055287649667.63,2821938802002.78
18960.078125,1243.38000488281,2917444179515.62,2851950103832.35
18961.640625,1243.63000488281,2886746969036.72,2902065138360.06
18963.203125,1243.38000488281,2762625655849.89,2883164932417.44
18964.765625,1243.63000488281,2930009684829.01,2896894090428.48
18966.328125,1243.38000488281,2729502328241.64,2903922263283.27
18967.890625,1243.63000488281,2785015536816.65,2954195922354.12
18969.453125,1243.63000488281,2944156243913.29,2870432134144.16
18971.015625,1243.63000488281,2891427273360.41,2940047262580.65
18972.578125,1243.88000488281,2871581691563.16,2929019473316.88
18974.140625,1243.88000488281,2856875087131.65,2918540966352.39
18975.703125,1244.14001464844,2901593297793.73,2896165585957.31
18977.265625,1243.88000488281,2936730041043.25,2968659272353.72
18978.828125,1244.55668131511,2978841686439.7,2858969485961.37
18980.390625,1244.55668131511,2846006822608.8,2922285667612.05
18981.953125,1244.14001464844,2820534817466.72,2811478795971.27
18983.515625,1244.39001464844,3050597179909.75,2841773666359.06
18985.078125,1244.14001464844,2759174752215.91,2959174480715.34
18986.640625,1244.64001464844,2827945425046.71,2902392601024.8
18988.203125,1244.64001464844,2828839790328.41,2916795805518.01
18989.765625,1244.64001464844,2967730604732.37,2873238163637.77
18991.328125,1244.90002441406,2923532424159.1,2858969658657.7
18992.890625,1244.88002366286,3049704405626.65,2890023230630
18994.453125,1244.76001915565,2972463328955.88,2916622438174.68
18996.015625,1245.15002441406,2870267776751.32,2950293878779.33
18997.578125,1245.40002441406,2849661931215.06,2876352209502.65
18999.140625,1245.15002441406,2883911504147.43,2811710045553.93
19000.703125,1245.15002441406,2857715695001.92,2936195450928.81
19002.265625,1245.15002441406,2861604538517.92,2880491052385.44
19003.828125,1245.40002441406,2824002339639.02,2903714947561.61
19005.390625,1245.38079364483,2811953946069.7,2854515419315
19006.953125,1245.40002441406,2831646781620.25,2926161817695.48
19008.515625,1245.65002441406,2896967122460.54,2914679284089.23
19010.078125,1245.91003417969,2966395184403.79,2873283210774.78
19011.640625,1245.91003417969,2748259031120.55,2950489877187.23
19013.203125,1245.91003417969,2904251322650.1,2833007882836.75
19014.765625,1245.91003417969,2959880643409.85,2842255182035.42
19016.328125,1245.91003417969,2909458097622.16,2906146120315.49
19017.890625,1246.16003417969,2749528895429.19,2894073590150.16
19019.453125,1246.16003417969,2992451967610.75,2943024098134.29
19021.015625,1246.20170084636,2894647924070.28,2918245583640.58
19022.578125,1246.66003417969,2716895260577.28,2903745865100.35
19024.140625,1246.92004394531,2811978624283.34,2923860442887.43
19025.703125,1246.66003417969,2897149251786.62,2914323593234.77
19027.265625,1246.66003417969,2983738151151.41,2917898727741.27
19028.828125,1246.66003417969,2747935125781.55,2925612764411
19030.390625,1246.8200401893,2784146101505.31,2884802007800.94
19031.953125,1246.92004394531,3019535029478.32,2944187674252.3
19033.515625,1246.92004394531,2884962865259.89,2891823691909.18
19035.078125,1247.17004394531,3023931469026.84,2876249314200.2
19036.640625,1247.17004394531,2846115265730.44,2897002373179.66
19038.203125,1247.17004394531,2908466817253.77,2891599270876.95
19039.765625,1247.17004394531,2688226408062.77,2884495299920.67
19041.328125,1247.17004394531,3080614015715.5,2962157102585.09
19042.890625,1247.68005371094,2982146011433.81,2846976540559.49
19044.453125,1247.17004394531,2813923197441.42,2926420262381.76
19046.015625,1247.52004770132,2936946635949.53,2950299695588.44
19047.578125,1247.68005371094,2936224505133.3,2911874894140.02
19049.140625,1247.93005371094,2951671927477.08,2911303026338.67
19050.703125,1247.42004394531,2718270437053.84,2835342817166.79
19052.265625,1247.93005371094,2769161864791.22,2924752087305.96
19053.828125,1247.93005371094,2927067418860.12,2940650412378.14
19055.390625,1248.14159217248,2886620069812.31,2854618987792.57
19056.953125,1248.08389986479,2809131026623.92,2918522515378.87
19058.515625,1248.18005371094,2942338358884.65,3014254769286.95
19060.078125,1248.3099975586,2973324575685.55,2920323227721.4
19061.640625,1247.93005371094,2951659710788.04,2923667747947.37
19063.203125,1248.18005371094,2984786832914.95,2892365740891.55
19064.765625,1248.68994140625,2866196804125.52,2924017167568.45
19066.328125,1248.68994140625,2871655498671.37,2938138753651.81
19067.890625,1248.52327473958,2888461638139.75,2923506533779.93
19069.453125,1248.68994140625,2774028014880.47,2914644224003.42
19071.015625,1248.68994140625,2857571800901.82,2895237180563.32
19072.578125,1249.18994140625,2934349801816.11,2975616536724.2
19074.140625,1248.93994140625,2882100535939.76,2866136851885.6
19075.703125,1249.18994140625,2940652359766.61,2878372334020.2
19077.265625,1249.18994140625,2883765908310.4,2894090111772.67
19078.828125,1249.18994140625,2846262615213.02,2984374195190.68
19080.390625,1249.18994140625,2825923336776.08,2936468816540.5
19081.953125,1249.28994516226,2872787953994.36,2916790242820.03
19083.515625,1249.44995117188,3018469436758,3004674052964.23
19085.078125,1249.69995117188,3029802225287.27,2911783907841.59
19086.640625,1249.69995117188,2875945336123.27,2893477048113.89
19088.203125,1249.61661783855,2974716682152.04,3012590559516.63
19089.765625,1249.69995117188,2931821262097.59,2931932049300.71
19091.328125,1249.69995117188,2924268752842.6,2952866515730.17
19092.890625,1249.94995117188,3041259860920.98,2897766900136.54
19094.453125,1249.94995117188,2885809202109.33,2924068791048.74
19096.015625,1249.94995117188,2784695908746.3,2890120231511.14
19097.578125,1249.94995117188,2892890867485.82,3022078076381.09
19099.140625,1250.2099609375,2876807075984.64,2937168468129.91
19100.703125,1250.4599609375,2853692521545.39,2984875278196.4
19102.265625,1250.26765324519,2925219759058.46,2928281081667.43
19103.828125,1250.37067522321,2763273045203.09,2924422343904.42
19105.390625,1250.4599609375,2733590997374.36,2969055950679.2
19106.953125,1250.4599609375,3044204272445.33,2907580931902.36
19108.515625,1250.65149864784,2973607872061.54,2920518676869.55
19110.078125,1250.96997070313,2946498600460.35,2893647415367.23
19111.640625,1250.7099609375,2997672968999.82,2952276072852.79
19113.203125,1250.7099609375,2897871926778,2949083700182.85
19114.765625,1250.78996394231,2858756234901.54,2863432581106.2
19116.328125,1251.21997070313,2898057570100.02,2965095910957.41
19117.890625,1251.46997070313,2775852486245.33,2904137113740.13
19119.453125,1251.21997070313,2720024670026.73,2902341861385.71
19121.015625,1251.21997070313,2782063900480.31,2989680807112.49
19122.578125,1251.46997070313,2856536507231.39,3006616905070.26
19124.140625,1251.46997070313,2690993774924.71,2975292947153.51
19125.703125,1251.46997070313,2801163175895.97,3046218184202.42
19127.265625,1251.50463867188,2953192281926.43,3002334012618.03
19128.828125,1251.72998046875,2810525270859.58,3028345419797.38
19130.390625,1251.90151742789,3068003989260.95,2986279569456.74
19131.953125,1251.46997070313,2862078203628.83,2983659522214.05
19133.515625,1251.97998046875,2840087775777.68,2952463765343.63
19135.078125,1251.97998046875,2862456722006.02,2957774350905.26
19136.640625,1251.46997070313,2821093309016.51,2961251024365.24
19138.203125,1251.72998046875,2904057070935.6,2893079163374.74
19139.765625,1252.22998046875,2780033830397.26,2998539453791.69
19141.328125,1252.47998046875,2846293216197.93,2976327624740.07
19142.890625,1252.22998046875,2891018368553.85,2964222205780.54
19144.453125,1252.47998046875,2810450052702.59,2970112172312.05
19146.015625,1252.47998046875,2761432543597.38,3013902082835.73
19147.578125,1252.73999023438,2810547556951.9,3009739423340.63
19149.140625,1252.49998121995,2848948809136.39,2924702167590.15
19150.703125,1252.73999023438,2895180017717.76,2915162166258.81
19152.265625,1252.73999023438,2838835424565.57,2916427529235.51
19153.828125,1252.98999023438,2918093897834.68,3012803188942.19
19155.390625,1252.95152869592,2948969804534.62,2959048769210.3
19156.953125,1252.98999023438,2922343382405.99,2963869483087.39
19158.515625,1253.23999023438,2857664700858.31,3023799464653.43
19160.078125,1253.5,2951092045258.32,2996456090879.06
19161.640625,1253.23999023438,2759092275506.33,2955639041058.53
19163.203125,1253.23999023438,2923070488661.53,3041145093742.93
19164.765625,1253.5,2788992785869.51,3013743104756.17
19166.328125,1253.5,2818441572021.9,2936961801867.11
19167.890625,1253.5,2747102734177.53,2971667074844.85
19169.453125,1253.5,2822753006912.02,2949422603253.42
19171.015625,1254,2689322893321.31,2985023662627.82
19172.578125,1254,2869969679503.15,2983827474105.22
19174.140625,1253.75,2831997299633.39,2927694706537.61
19175.703125,1253.88461538462,2879050385731.83,3050328702240.52
19177.265625,1254,2969927210581.74,2933554948460.39
19178.828125,1254.26000976563,2809441409772.59,2931772180000.25
19180.390625,1254,2908830159286.56,3011261131704.94
19181.953125,1254,2935013121053.55,2975162216940.08
19183.515625,1254.51000976563,2860381866913.08,2982983240488.95
19185.078125,1254.04333496094,2862376458333.08,3011327624849.3
19186.640625,1254.51000976563,2893332981684.44,2996199593976.19
19188.203125,1254.51000976563,2722067723315.81,2982732621490.35
19189.765625,1254.63500976563,2750674836606.49,2961934512814.32
19191.328125,1254.72154822717,2756039679538.19,2925553565818.87
19192.890625,1255.02001953125,2853091345553.73,3071692277288.09
19194.453125,1254.76000976563,2843462872092.05,2984138232368.83
19196.015625,1254.82001201923,2718049514916.89,2992047945146.11
19197.578125,1255.44309645433,2821199262255.63,2952439438454.06
19199.140625,1254.76000976563,2791668059953.7,2988220689504.52
19200.703125,1255.52001953125,2910749475450.12,3010589337277.91
19202.265625,1255.27001953125,2861191528606.24,3008315850219.07
19203.828125,1255.52001953125,2970191418435.18,3019104924861.47
19205.390625,1255.52001953125,2893312595446.89,2966857518533.27
19206.953125,1255.27001953125,2806018961568.05,3001581977184.84
19208.515625,1255.52001953125,2734428680195.01,2977608829382.52
19210.078125,1255.78002929688,2881187578727.79,2938539271789.42
19211.640625,1255.64002403846,2868528827400.58,2965619413509.03
19213.203125,1255.78002929688,2847991468341.03,2913007862218.88
19214.765625,1255.78002929688,2945004248759.08,2951220075817.92
19216.328125,1256.2900390625,2788914694571.49,2986919617370.25
19217.890625,1255.52001953125,2919527582224.71,3022544198739.46
19219.453125,1256.03002929688,2699134122256.56,3082510010787.71
19221.015625,1256.2900390625,2772328959884.36,2980224657790.4
19222.578125,1256.5400390625,2823944811932.94,3030642443081.06
19224.140625,1256.2900390625,2886077420767.27,2992212366992.42
19225.703125,1256.2900390625,2764577217635.83,2982283126885.2
19227.265625,1256.49837239583,2833399601814.07,3015738888943.47
19228.828125,1256.5400390625,2920186650147.8,3033595159234.96
19230.390625,1256.5400390625,2777842199987.21,2972612314752.37
19231.953125,1256.5400390625,2849005213886.41,3002542216569.49
19233.515625,1256.7900390625,2750258484646.11,2951685379129.26
19235.078125,1257.05004882813,2722936829007.54,2999216456585.04
19236.640625,1256.7900390625,2760207652899.88,3038815621274.63
19238.203125,1256.8100398137,2804306316035.29,2987090197804.58
19239.765625,1257.05004882813,2765727434351.5,2984910499792.05
19241.328125,1257.05004882813,2799160960832.89,3059473151748.28
19242.890625,1257.05004882813,2889236021883.14,3033191207625.79
19244.453125,1257.30004882813,2753659348389.57,3120922352709.54
19246.015625,1257.55004882813,2867119885244.79,3027008385487.39
19247.578125,1257.55004882813,2918598392328.34,3078687864357.59
19249.140625,1257.55004882813,2892553143212.32,3035505509359.49
19250.703125,1257.55004882813,2700048682579.13,3110840507777.75
19252.265625,1257.55004882813,2800222073841.02,3060197004284.2
19253.828125,1257.80993652344,2760292570178.81,3099118233751.37
19255.390625,1257.80993652344,2809029500323.24,3106412857966.96
19256.953125,1257.55004882813,2768699641200.92,3062446003679.45
19258.515625,1257.84231332633,2828279607423.4,3054398528168.34
19260.078125,1258.05993652344,2622631315650.93,3015928497947.64
19261.640625,1258.11762883113,2812580644654.9,3060672432293.73
19263.203125,1257.92532113882,2918093098442.24,3082233776289.07
19264.765625,1258.30993652344,2694875734495.19,2992692500933.29
19266.328125,1258.30993652344,2717433881514.95,3034961232116.92
19267.890625,1258.30993652344,2735139204248.25,3083322042847.77
19269.453125,1258.30993652344,2856660934741.3,3016054849762.74
19271.015625,1259.07995605469,2691232406545.73,2969486636481.33
19272.578125,1258.38993952825,2881000629039.33,3013413609608.85
19274.140625,1258.81994628906,2888813316310.1,3079366594444.49
19275.703125,1258.81994628906,3047666332102.61,3018353383085.19
19277.265625,1258.81994628906,2800344084140.44,3056476753339.45
19278.828125,1259.07995605469,2790866944146.39,3064543360722.49
19280.390625,1259.32995605469,2855736653668.21,2917326941715.63
19281.953125,1259.32995605469,2808462217186.88,3032601489972.28
19283.515625,1259.07995605469,2683028976422.44,3033952681136.58
19285.078125,1259.57995605469,2818328611986.9,3065192433683.59
19286.640625,1259.07995605469,2716079327460.08,3062032839657.12
19288.203125,1259.46457143931,2756906088578.14,3015871099059.62
19289.765625,1259.57995605469,2723195869359.85,3024008014388.26
19291.328125,1259.57995605469,2843654932182.18,2921340877301.13
19292.890625,1259.83996582031,2805371605090.3,3014549011563.22
19294.453125,1259.83996582031,2713997081447.62,3110268373107.36
19296.015625,1260.08996582031,2781840492786.55,3075898219832.58
19297.578125,1259.85919658954,2828281801426.9,3064082999643.16
19299.140625,1260.08996582031,2765842534751.1,3116964593113.18
19300.703125,1260.08996582031,2835201809580.34,3027839844668.15
19302.265625,1259.91688889723,2823332754168.41,3130613662056.01
19303.828125,1260.147658128,2728576063394.89,3038036662629.94
19305.390625,1260.33996582031,2837136690537.63,3145074765565.82
19306.953125,1260.59997558594,2835200015273.06,3053914336426.19
19308.515625,1260.33996582031,2877603043323.96,3055423340168.69
19310.078125,1260.34497070313,2830811874179.41,3060637427774.87
19311.640625,1260.59997558594,2749544329586.29,2973109381815.35
19313.203125,1260.84997558594,2735293402205.46,3020793351927.75
19314.765625,1260.80830891927,2886045374992.99,3032525167905.77
19316.328125,1260.84997558594,2844839812595.86,3119050381476.04
19317.890625,1260.84997558594,2728083236224.25,3086528354528.3
19319.453125,1261.2815223107,2812448751823.15,3049626475258.28
19321.015625,1261.10998535156,2659468905175.84,3126497341910.82
19322.578125,1260.86997633714,2909558233637.5,3049718387736
19324.140625,1261.10998535156,2759377773672.11,3116210374997.52
19325.703125,1261.12921612079,2761543077770.47,3116712269531.71
19327.265625,1261.35998535156,2763294622743.01,3077732602544.67
19328.828125,1261.55229304387,2766034456418.31,3163660815722.14
19330.390625,1261.35998535156,2808584087333.08,3055566418251.97
19331.953125,1261.60998535156,2702071042504.77,3077627228942.82
19333.515625,1261.60998535156,2789721067854.85,3048193897363.7
19335.078125,1261.73999023438,2736194324408.5,3075384004482.3
19336.640625,1261.60998535156,2792969035681.81,3090108183381.31
19338.203125,1262.11999511719,2910259258416.92,3039098126179.41
19339.765625,1262.11999511719,2894628193827.66,3010643894542.56
19341.328125,1262.11999511719,2808951087191.9,3053318924337.39
19342.890625,1262.11999511719,2692067894497.74,3094232474525.93
19344.453125,1262.36999511719,2777221166360.58,3101962114880.83
19346.015625,1262.63000488281,2866970478451.37,3107328367143.98
19347.578125,1262.63000488281,2898603325009.63,2994362269773.53
19349.140625,1262.27384127104,2770624846395.16,3048145491632.75
19350.703125,1262.59000338041,2922334024150.53,3114459544785.93
19352.265625,1262.88000488281,2592937945691.36,3097072286141.81
19353.828125,1262.63000488281,2859456973318.51,3081283525991.12
19355.390625,1262.63000488281,2855263821690.33,3096555449818.56
19356.953125,1262.88000488281,2864820013291.51,3071205707918.81
19358.515625,1262.88000488281,2832015125046.67,3074938323667.37
19360.078125,1262.88000488281,2754350694810.5,3126595454894.75
19361.640625,1263.33232234075,2902713159008.9,3044006506877.47
19363.203125,1263.14001464844,2789992908867.94,3094079815220.65
19364.765625,1263.14001464844,2779934723037.34,3056662745424.19
19366.328125,1263.15924541767,2762718078247.25,3125392365092.42
19367.890625,1263.39001464844,2742654395545.47,3031406423808.2
19369.453125,1263.64001464844,2739108192047.4,3029673883107.45
19371.015625,1263.64001464844,2778319056611.89,3150886966282.73
19372.578125,1263.84430803571,2693315564419.26,3115530659793.7
19374.140625,1263.90002441406,2885098010165.44,3128452783915.31
19375.703125,1263.80002065805,2817498146191.95,3095413654217.44
19377.265625,1263.90002441406,2628250215709.32,3112904501722.92
19378.828125,1264.15002441406,2689152559575.75,3091517039871.82
19380.390625,1263.90002441406,2846431135618.15,3078566694005.76
19381.953125,1264.41003417969,2785367413104.82,3080999637933.52
19383.515625,1264.15002441406,2721864263231.95,3087609026934.69
19385.078125,1264.41003417969,2655159158180.37,3098608969683.61
19386.640625,1264.23669433594,2819090130183.75,3134726064236.95
19388.203125,1264.41003417969,2792156884106.13,3119921024741.57
19389.765625,1264.41003417969,2754622513329.86,3033049377926.46
19391.328125,1264.15002441406,2773147202069.12,3092274758965.4
19392.890625,1264.66003417969,2889882751131.98,3076594067889.9
19394.453125,1264.92004394531,2832390567839.3,3103704989446.66
19396.015625,1264.66003417969,2601390306967.08,3087346539008.15
19397.578125,1264.72003643329,2739525237852.73,3171838954295.78
19399.140625,1264.92004394531,2693276598363.44,3160455824032.63
19400.703125,1264.92004394531,2973141210285.93,3119150215762.86
19402.265625,1264.92004394531,2688117739138.72,3082762965764.72
19403.828125,1264.92004394531,2682331801530.87,3121770196664.67
19405.390625,1265.17004394531,2813353744525.57,3127632116721.86
19406.953125,1265.33671061198,2760510916784.05,3163423406568.79
19408.515625,1264.66003417969,2698696204868.26,3134066533344.91
19410.078125,1265.46337890625,2744284257242.78,3123289562860.63
19411.640625,1265.59338378906,2880911091894.99,3088831621352.17
19413.203125,1265.68005371094,2673479003471.57,3163479677800.79
19414.765625,1265.68005371094,2714745779950.53,3165718953790.44
19416.328125,1265.68005371094,2730614795293.01,3086962731578.78
19417.890625,1265.93005371094,2912749493914.27,3092009809582.63
19419.453125,1265.93005371094,2910922517094.32,3149374668362.31
19421.015625,1265.93005371094,2769493951790.75,3186310903298.75
19422.578125,1265.93005371094,2852777259591.58,3114024661120.82
19424.140625,1265.68005371094,2785900375139.94,3059945644124.23
19425.703125,1265.93005371094,2663640985372.94,3137305365636.17
19427.265625,1266.43994140625,2757242487452.06,3195388134299.23
19428.828125,1265.93005371094,2810201598244.13,3174794636754.6
19430.390625,1266.43994140625,2705770037237,3159180885293
19431.953125,1266.63224909856,2853074097191.06,3160716527080.48
19433.515625,1266.43994140625,2743501600998.82,3153116936584.95
19435.078125,1266.43994140625,2885057335451.52,3136155655571.92
19436.640625,1266.55532602163,2778835446826.41,3080420881073.55
19438.203125,1266.70851353237,2739657405800.06,3139945795895.77
19439.765625,1266.68994140625,2941763884676.89,3201252522465.19
19441.328125,1266.94995117188,2776973553686.59,3148879954293.25
19442.890625,1266.77661132813,2712621311482.74,3160933880768.72
19444.453125,1267.00764347957,2739645754049.62,3193507307709.89
19446.015625,1266.94995117188,2846808610632.48,3226202577988.83
19447.578125,1267.19995117188,2741649214053.96,3135633503087.56
19449.140625,1266.94995117188,2794588416167.61,3152222027581.73
19450.703125,1267.4599609375,2817448294037.55,3203592855195.86
19452.265625,1267.19995117188,2688954265262.73,3173632856175.34
19453.828125,1267.55611478365,2725920357122.65,3182810326292.93
19455.390625,1267.7099609375,2741050257154.96,3190064647765.66
19456.953125,1267.51765324519,2789218128023.76,3127161681362.92
19458.515625,1267.78996394231,2645875536908.13,3156850190933.62
19460.078125,1267.7099609375,2719989507141.02,3244387455855.11
19461.640625,1267.96997070313,2742899684444.46,3164536207192.15
19463.203125,1267.98920147236,2830602333003.04,3114594072889.59
19464.765625,1268.21997070313,2698192413736.14,3171585987469.74
19466.328125,1268.21997070313,2801157414906.5,3164523154239.9
19467.890625,1268.46997070313,2825255389886.94,3148561221952.13
19469.453125,1268.41227839544,2740001381599.3,3144931338483.78
19471.015625,1268.72998046875,2687544477861.9,3178453677360.42
19472.578125,1268.46997070313,2899681483071.75,3127199417719.71
19474.140625,1268.72998046875,2781995554156.82,3135544413513.34
19475.703125,1268.72998046875,2698804572722.44,3137492353978.55
19477.265625,1268.72998046875,2868475752587.25,3241824935925.04
19478.828125,1268.80690354567,2775975611714.51,3186667976143.75
19480.390625,1269.1533203125,2587940866540.05,3208139055369.7
19481.953125,1268.72998046875,2761359638833.66,3147629446270.34
19483.515625,1268.72497558594,2748811991809,3214962300159.18
19485.078125,1268.97998046875,2541275383688.96,3152277230222.75
19486.640625,1268.97998046875,2798979271215.91,3136783845227.05
19488.203125,1269.23999023438,2516649534581.36,3136825052774.68
19489.765625,1269.23999023438,2838886954232.91,3135373398560.68
19491.328125,1269.23999023438,2924397089935.24,3166949862081.01
19492.890625,1269.48999023438,2678580578095.49,3116189283287.86
19494.453125,1269.75,2741028657986.45,3198994936696.82
19496.015625,1269.75,2778396595083.31,3206305654059.56
19497.578125,1269.75,2761609318335.07,3245841138731.96
19499.140625,1270,2832887781286.65,3190743184350.03
19500.703125,1269.86538461538,2829838141513.28,3182470881200.5
19502.265625,1270,2778906489801.67,3187873480909.29
19503.828125,1270.08000300481,2845477725168.97,3154790619445.99
19505.390625,1270.17333984375,2643432934472.52,3150341887145.26
19506.953125,1270.26000976563,2842853805128.02,3167000573634.25
19508.515625,1270.26000976563,2682918167998.92,3230591061927.38
19510.078125,1270.0400015024,2725362345727.42,3229395531761.17
19511.640625,1270.51000976563,2697835136358.11,3202600380408.1
19513.203125,1270.76000976563,2703870787207.96,3173533173517.27
19514.765625,1270.45231745794,2869970170904.56,3216227421142.69
19516.328125,1270.76000976563,2741544305042.84,3234085912648.68
19517.890625,1270.78001051683,2667436274884.1,3173641696837.06
19519.453125,1270.90001502404,2841021625336.05,3201783132253.26
19521.015625,1270.76000976563,2669839733909.5,3307441623344.83
19522.578125,1270.51000976563,2744957827563.59,3218976452702.02
19524.140625,1271.27001953125,2771120947268.18,3120204745168.69
19525.703125,1271.02001953125,2725081642186,3151819248112.87
19527.265625,1271.1738656851,2841088645394.8,3296036925243.26
19528.828125,1271.27001953125,2691705425394.57,3190325721599.81
19530.390625,1271.39002403846,2700620201457.27,3189973062217.93
19531.953125,1271.53002929688,2701930031927.42,3185838004119.52
19533.515625,1271.27001953125,2801981935436.44,3220808624610.39
19535.078125,1271.78002929688,2507381278254.75,3183434317438.96
19536.640625,1271.27001953125,2789263946879.94,3169158568314.76
19538.203125,1271.78002929688,2648599952864.04,3261356657178.16
19539.765625,1271.78002929688,2862481626887.21,3213413348921.02
19541.328125,1271.62618314303,2715945939660.65,3275834672154.45
19542.890625,1272.0400390625,2944317246222.84,3135975221658.63
19544.453125,1272.2900390625,2800207842233.15,3247984716844.98
19546.015625,1272.2900390625,2660101533453.45,3169471422851.93
19547.578125,1272.19388521635,2762459774997.07,3295764853178.67
19549.140625,1272.0400390625,2610309712411.76,3286071258339.25
19550.703125,1272.2900390625,2697004355650.99,3247036840454.42
19552.265625,1272.47004582332,2803241406778.2,3245977527913.07
19553.828125,1272.2900390625,2821741326463.78,3172550633123.12
19555.390625,1272.55004882813,2781681528754.71,3196448510618.65
19556.953125,1272.55004882813,2837205630349.45,3161105987735.84
19558.515625,1272.80004882813,2724172669824.24,3209246708084.7
19560.078125,1272.80004882813,2734217325678.21,3270801805538.81
19561.640625,1273.05993652344,2678509990185.63,3119158130134.57
19563.203125,1272.60774113582,2628827423770.03,3279041229299.55
19564.765625,1273.30993652344,2630248850809.28,3266741489268.77
19566.328125,1272.80004882813,2759736465559.48,3126367551226.46
19567.890625,1273.32993727464,2747164993352.51,3104253473433.85
19569.453125,1273.56994628906,2686807810907.36,3159648039385.95
19571.015625,1273.30993652344,2729503570587.47,3196041710020.1
19572.578125,1273.46994253305,2701835538376.91,3282145538065.21
19574.140625,1273.56994628906,2610923262548.55,3275733317703.9
19575.703125,1273.56994628906,2662815642091.68,3226617316385.86
19577.265625,1273.56994628906,2654758364957.74,3233331380244.68
19578.828125,1273.81994628906,2775809197933.4,3183473880232.22
19580.390625,1273.81994628906,2673185198199.48,3232279742204.49
19581.953125,1273.81994628906,2671300086342.83,3141260941248.12
19583.515625,1273.81994628906,2783662237219.62,3267178100467.31
19585.078125,1273.81994628906,2634665177407.65,3220551628114.93
19586.640625,1274.13764836238,2756105446004.25,3309352192180.41
19588.203125,1274.23380220854,2598292612807.16,3205351276611.85
19589.765625,1273.81994628906,2729509214782.59,3204549207005.13
19591.328125,1274.32995605469,2752619199534.74,3209385531160.45
19592.890625,1274.57995605469,2621540434790.92,3200393720210.84
19594.453125,1274.57995605469,2893550743452.78,3224531016541.95
19596.015625,1274.57995605469,3032225477927.04,3268201381882.72
19597.578125,1274.83996582031,2869014068994.46,3264166358209.63
19599.140625,1274.83996582031,2763713910134.73,3193288111161.83
19600.703125,1274.83996582031,2779871187775.94,3186644125247.76
19602.265625,1275.08996582031,2706734294853.32,3303032194310.51
19603.828125,1275.08996582031,2853784592694.56,3283450275959.88
19605.390625,1275.08996582031,2795611808926.32,3264405679728.19
19606.953125,1274.83996582031,2701824923933.33,3228618143883.39
19608.515625,1274.69765061599,2820457491820.56,3215525893429.09
19610.078125,1275.42689866286,2703327363859.65,3224176054446.83
19611.640625,1275.08996582031,2837034515379.46,3230988181551.41
19613.203125,1275.59997558594,2860541130284.52,3261445794077.28
19614.765625,1275.34997558594,2630187614233.72,3262295861477.33
19616.328125,1275.59997558594,2770264475264.57,3282044719227.21
19617.890625,1275.85998535156,2864907574448.46,3200543182066.84
19619.453125,1275.59997558594,2799767589822.99,3285257173965.98
19621.015625,1275.85998535156,2797193747738.86,3313357242312.47
19622.578125,1276.10998535156,2632635636792.32,3263148048368.61
19624.140625,1275.94331868489,2760589841215.09,3310744372970.27
19625.703125,1275.85998535156,2711114192861.27,3220939151693.52
19627.265625,1276.10998535156,2719784956976.54,3238878579216.66
19628.828125,1276.36999511719,2678065505494.27,3280444305940.03
19630.390625,1276.20998910757,2744827420182.95,3249071133940.99
19631.953125,1276.36999511719,2695427862915.75,3206295650562.2
19633.515625,1276.50230055589,2741077000465.73,3274146655843.89
19635.078125,1276.36999511719,2729968276274,3249204315402.83
19636.640625,1276.61999511719,2683408686967.14,3286835236766.45
19638.203125,1276.61999511719,2709670310161.61,3309358527238.98
19639.765625,1276.88000488281,2830954108069.44,3229200993246.04
19641.328125,1276.88000488281,2660066885328.02,3234736847785.33
19642.890625,1276.88000488281,2861200972510.89,3266938908673.64
19644.453125,1277.13000488281,2787188686034.77,3263825380526.42
19646.015625,1276.27998860677,2935310613566.53,3280873971796.61
19647.578125,1277.13000488281,2635096816450.76,3250534659747.23
19649.140625,1277.13000488281,2773455489840.64,3205542370583.21
19650.703125,1277.31155160757,2629791369934.75,3296718976532.79
19652.265625,1277.39001464844,2858187261275.1,3237136858116.01
19653.828125,1277.39001464844,2692437687904.39,3174773019055.53
19655.390625,1277.64001464844,2633813431682.08,3192813258640.23
19656.953125,1277.64001464844,2643272244479.72,3181297738731.26
19658.515625,1277.39001464844,2773834054070.42,3257341260579.28
19660.078125,1277.64001464844,2852597059751.42,3298942719573.39
19661.640625,1277.90002441406,2728117688827.28,3277654118446.96
19663.203125,1277.13000488281,2829669899684.31,3289510771539.23
19664.765625,1277.90002441406,2630370841210.41,3266863985631.76
19666.328125,1278.15002441406,2635055198730.62,3297097500571.69
19667.890625,1278.41003417969,2634552089331.44,3245539564883.25
19669.453125,1278.41003417969,2765274286979.92,3265845485057.05
19671.015625,1278.50618802584,2689674056731.37,3211278971979.89
19672.578125,1278.41003417969,2701308833058.41,3248013165356.37
19674.140625,1278.41003417969,2753418366174.11,3248497403030.1
19675.703125,1278.44849571815,2666156882751.91,3190966212041.28
19677.265625,1278.66003417969,2679029317561.77,3274641530554.75
19678.828125,1278.66003417969,2891975248227.81,3316483377207.96
19680.390625,1278.92004394531,2858551364634.03,3295127193176.21
19681.953125,1278.38541353666,2808737809461.47,3226387312985.33
19683.515625,1278.92004394531,2879395863419.89,3254862058694.71
19685.078125,1279.17004394531,2576430462353.76,3309073000625.47
19686.640625,1279.17004394531,2645991488608.77,3286468437029.33
19688.203125,1278.41003417969,2627583806179.89,3285085805645.76
19689.765625,1278.92004394531,2763788778773.83,3333665686369.71
19691.328125,1279.43005371094,2845348051429.88,3300147011604.34
19692.890625,1279.68005371094,2656105708042.9,3265624296312.89
19694.453125,1279.43005371094,2531512824257.17,3346097750496.07
19696.015625,1279.43005371094,2750279595008.63,3290416540287.58
19697.578125,1279.87996732272,2745495847226.63,3301771789807.41
19699.140625,1279.93994140625,2897169768660.81,3410257884794.29
19700.703125,1279.68005371094,2698782989126.51,3232131674030.74
19702.265625,1279.68005371094,2723808051705.02,3329325149339.58
19703.828125,1279.93994140625,2642533545303.48,3350388617986.04
19705.390625,1279.93994140625,2807010984229.43,3318074065062.41
19706.953125,1280.19995117188,2625045070747.16,3306104209986.09
19708.515625,1280.19995117188,2613802312493.92,3256376184687.69
19710.078125,1280.19995117188,2705952548740.14,3383569251344.24
19711.640625,1280.19995117188,2833889323985.29,3246092391089.24
19713.203125,1280.44995117188,2788238030498.12,3181165933149.45
19714.765625,1280.44995117188,2837704053267.19,3274303811229.84
19716.328125,1280.44995117188,2709074758466.77,3298617509229.43
19717.890625,1280.54995492789,2646098993915.05,3251480173574.8
19719.453125,1280.7099609375,2810755054659.71,3313395813444.18
19721.015625,1280.7099609375,2569404096074.11,3266237134533.37
19722.578125,1280.62995793269,2632435551632.6,3329307954139.37
19724.140625,1280.7099609375,2541338292586.58,3264826157096.34
19725.703125,1280.9599609375,2680562176792.9,3266611250495.15
19727.265625,1280.72919170673,2767069385863.4,3288743914922.27
19728.828125,1280.9599609375,2783259283734.07,3244302736757.29
19730.390625,1280.44995117188,2703297514684.29,3277314021812.06
19731.953125,1281.41227839544,2718977641552.1,3334505906270.01
19733.515625,1281.46997070313,2630773705586.2,3284939198153.72
19735.078125,1281.21997070313,2691449535894.29,3328822575160.98
19736.640625,1281.46997070313,2582845461253.25,3277816488486.2
19738.203125,1281.70997971755,2624381597514.21,3310582932050.56
19739.765625,1281.46997070313,2687089978271.3,3270533363883.3
19741.328125,1281.21997070313,2742341774270.99,3353530948505.68
19742.890625,1281.78767277644,2591998977945.02,3356657646783.48
19744.453125,1281.72998046875,2599064175318.13,3234673845736.82
19746.015625,1281.97998046875,2755876273860.45,3357962136504.01
19747.578125,1281.97998046875,2732054559045.25,3304893721621.12
19749.140625,1282.23999023438,2670671235281.02,3321130921256.75
19750.703125,1282.48999023438,2838832716666.94,3323731202251
19752.265625,1282.23999023438,2680793951287.84,3343092950889.44
19753.828125,1282.48999023438,2704074818286.43,3357467658888.42
19755.390625,1282.48999023438,2789865965521.21,3338357323645.72
19756.953125,1282.75,2845177011727.35,3330370810522.42
19758.515625,1282.75,2680246119169.08,3267931304473.88
19760.078125,1282.75,2630161473927.85,3336389544127.21
19761.640625,1282.64999624399,2711957557943.35,3304592580901.58
19763.203125,1282.92153695914,2931795231664.92,3311225804448.2
19764.765625,1282.75,2921738995002.27,3311078176657.42
19766.328125,1283.26000976563,2537162043263.75,3304490597546.91
19767.890625,1282.82846304087,2822961842131.43,3307057407892.04
19769.453125,1283.26000976563,2778623165741.09,3308736130163.37
19771.015625,1283.26000976563,2801825792637.02,3289043760157.28
19772.578125,1283.26000976563,2878922716529.84,3240411403744.49
19774.140625,1283.47154822717,2853007224206.67,3335138278776.7
19775.703125,1283.26000976563,2766790466247.54,3357211907909.87
19777.265625,1283.51000976563,2619452849113.8,3304770438018.23
19778.828125,1283.75001878005,2787773230510.96,3352791718465.78
19780.390625,1283.77001953125,2875289590350.58,3314246576439.06
19781.953125,1283.26000976563,2621103802140.48,3290965976639.18
19783.515625,1283.77001953125,2732032179517.46,3315833872672.69
19785.078125,1283.83002178486,2759964481871.77,3241901686274.49
19786.640625,1283.77001953125,2938866793897.55,3273094263393.26
19788.203125,1283.87002328726,2719718214628.8,3345578556476.54
19789.765625,1284.03002929688,2714548128439.01,3311437078235.72
19791.328125,1284.28002929688,2729141543572.54,3314960721700.12
19792.890625,1284.28002929688,2720805846010.45,3329884728889.43
19794.453125,1284.03002929688,2701840210150.92,3268491050114.85
19796.015625,1284.07169596355,2658037537639.66,3361109875615.81
19797.578125,1284.7900390625,2668908728942.41,3316844528776.92
19799.140625,1284.03002929688,2551209914582.64,3338728699845.12
19800.703125,1284.5400390625,2604909815602.4,3321222555750.89
19802.265625,1284.5400390625,2629415892536.38,3338114574757.22
19803.828125,1284.7900390625,2802454522578.76,3279608492401.8
19805.390625,1284.85389122596,2604211382792.42,3277510444366.33
19806.953125,1284.7900390625,2736999705372.44,3242062401209.32
19808.515625,1285.05004882813,2683402324703.06,3388591605429.47
19810.078125,1285.05004882813,2660393843757.86,3275962221524
19811.640625,1285.05004882813,2711728944682.15,3316364119520.69
19813.203125,1285.30004882813,2791606712639.79,3288124880676.42
19814.765625,1285.55993652344,2715583368470.56,3303086316561.11
19816.328125,1285.55993652344,2707603914440.19,3389554346078.6
19817.890625,1285.30004882813,2706167478029.22,3230975584277.91
19819.453125,1285.55993652344,2764060788489.86,3319728905799.55
19821.015625,1285.40304800181,2808825295350.96,3345055616655.38
19822.578125,1285.47495524089,2703932099916.14,3305052679519.07
19824.140625,1285.80993652344,2733920275253.48,3376758765998.78
19825.703125,1285.80993652344,2784730290407.58,3290822181753.08
19827.265625,1285.80993652344,2910753226711.62,3278973513708.04
19828.828125,1285.80993652344,2581754405634.29,3288345903803.52
19830.390625,1285.80993652344,2801431666208.92,3338331530257.06
19831.953125,1286.10994779146,2916841884028.48,3286325876701.71
19833.515625,1286.32995605469,2856200874874.48,3374429126797.82
19835.078125,1286.32995605469,2650116819920.61,3315169903639.35
19836.640625,1286.32995605469,2744313031044.96,3355388948200.93
19838.203125,1286.32995605469,2720009060245.53,3320218865190.6
19839.765625,1286.32995605469,2755984044765.73,3272965112876.21
19841.328125,1286.57995605469,2757262835623.3,3283545019850.93
19842.890625,1286.83996582031,2848211184468.17,3373004474696.44
19844.453125,1286.83996582031,2671975711379.07,3307841481601.27
19846.015625,1286.83996582031,2591045030241.83,3322039233964.86
19847.578125,1286.83996582031,2742343568578.26,3321259782067.89
19849.140625,1287.08996582031,2672676326080.55,3252096106476.73
19850.703125,1286.83996582031,2818408377337.27,3336617293641.45
19852.265625,1287.08996582031,2709760243541.59,3339032064047.67
19853.828125,1287.08996582031,2677552416666.72,3298672730164.64
19855.390625,1287.44612943209,2563559051873.6,3384216055497.97
19856.953125,1287.34997558594,2610920663657.97,3343973869236
19858.515625,1287.34997558594,2667001951301.21,3381409809133.28
19860.078125,1287.34997558594,2726462349523.9,3309134635777.39
19861.640625,1287.59997558594,2783150344885.29,3365462287077.64
19863.203125,1287.59997558594,2753323566362.86,3308306683400.21
19864.765625,1287.59997558594,2693430953776.74,3369140062697.08
19866.328125,1287.85998535156,2734867659114.18,3406044305404.87
19867.890625,1287.85998535156,2663603359424.15,3315977619778.99
19869.453125,1287.85998535156,2608068442672.56,3348391084637.18
19871.015625,1288.27384127104,2587722269043.24,3344102928951.44
19872.578125,1288.36999511719,2829205197458.35,3363727599600.98
19874.140625,1288.36999511719,2669647995652.68,3273487761389.48
19875.703125,1288.36999511719,2790632476460.25,3315675888547.36
19877.265625,1288.5300011268,2690370109532.05,3288853321590.43
19878.828125,1288.36999511719,2728830104949,3317659259008.62
19880.390625,1288.36999511719,2809226315241.15,3373273203111.71
19881.953125,1288.63000488281,2716414716711.71,3327376524478.01
19883.515625,1288.88000488281,2818956707778.59,3359869372828.49
19885.078125,1288.88000488281,2598415741736.92,3334266886463.96
19886.640625,1288.63000488281,2773714027544.66,3311792507027.3
19888.203125,1288.88000488281,2775650880163.62,3297651279194.26
19889.765625,1289.14001464844,2753834150600.46,3263956886594.62
19891.328125,1289.04001089243,2758127107759.23,3351360542754.39
19892.890625,1289.05334472656,2509259975938.72,3269325576316.92
19894.453125,1289.40002441406,2698647133938.29,3365047037232.87
19896.015625,1288.98000863882,2719610268099.43,3250507672382.17
19897.578125,1289.14001464844,2859662052085.56,3310125937378.29
19899.140625,1289.40002441406,2574554226867.72,3325556833002.5
19900.703125,1289.40002441406,2765260043260.05,3329526772953.33
19902.265625,1289.57310133714,2633869097599.7,3345330901205.7
19903.828125,1289.40002441406,2587137618154.43,3347126855635.71
19905.390625,1289.65002441406,2775846264134.46,3358678715632.15
19906.953125,1289.14001464844,2658964255821.52,3296965704301.34
19908.515625,1289.65002441406,2688204635000.46,3372324849670.49
19910.078125,1289.91003417969,2620461666802.75,3311465679826.34
19911.640625,1289.91003417969,2756966687543.07,3291075334746.49
19913.203125,1290.16003417969,2522618475958.91,3326924995470.33
19914.765625,1290.16003417969,2715980392263.68,3336165774630.09
19916.328125,1290.16003417969,2792905176856.81,3345131243768.07
19917.890625,1290.2800386869,2544310476077.14,3299643513024.21
19919.453125,1290.16003417969,2868873486663.06,3346267636696.21
19921.015625,1290.42004394531,2633995617891.34,3311533653617.66
19922.578125,1290.46004544771,2665066618739.09,3357443991114.36
19924.140625,1290.42004394531,2627523735817.55,3291411319658.9
19925.703125,1290.68005371094,2650295418380.46,3417298479629.6
19927.265625,1290.68005371094,2718399281985.62,3383491951834.85
19928.828125,1290.58004995493,2639273571882.44,3285437078743.71
19930.390625,1290.68005371094,2742618661665.15,3376510854474.3
19931.953125,1290.93005371094,2511661520401.91,3265103041018.46
19933.515625,1291.18994140625,2666429947942.81,3276676151725.27
19935.078125,1290.93005371094,2690186199957.26,3294765750132.22
19936.640625,1290.93005371094,2716505326633.78,3342216366968.45
19938.203125,1291.30763596755,2604799315169.91,3376719785167.13
19939.765625,1291.43994140625,2761681613172.74,3347762619737.72
19941.328125,1291.43994140625,2679375577339.42,3221046209639.31
19942.890625,1291.43994140625,2617810920397.25,3311147504520.72
19944.453125,1291.69995117188,2698926045767.85,3322587019700.82
19946.015625,1291.69995117188,2855367116343.99,3239172500995.72
19947.578125,1291.69995117188,2882599458045.2,3384936784259.95
19949.140625,1291.69995117188,2550894659811.85,3421631891746.34
19950.703125,1291.69995117188,2804985430194.59,3281624070839.03
19952.265625,1291.9199594351,2627105833520.31,3412891394325.59
19953.828125,1291.9599609375,2715657377157.17,3326636861028.6
19955.390625,1292.2099609375,2759259461860.44,3345451276986.1
19956.953125,1291.69995117188,2764686301828.69,3357753326083.04
19958.515625,1292.2099609375,2681454656927.26,3387877626038.89
19960.078125,1292.2099609375,2722590814065.46,3333422817340.15
19961.640625,1292.2099609375,2730366078696.13,3344254976268.97
19963.203125,1292.46997070313,2941168961076.11,3361832048372.24
19964.765625,1292.56612454928,2866006767605.64,3348840703683.35
19966.328125,1292.50843224159,2605135618878.05,3350227773875.37
19967.890625,1292.71997070313,2743774887666.42,3324370996601.69
19969.453125,1292.71997070313,2921042428306.45,3372305639217.39
19971.015625,1292.71997070313,2852219240410.06,3331387032150.73
19972.578125,1292.71997070313,2576874068059.49,3315551360838.88
19974.140625,1292.73997145433,2668950883916.56,3376869425472.4
19975.703125,1292.97998046875,2691134800209.51,3340381994447.74
19977.265625,1293.23999023438,2523295027563.66,3407979215590.9
19978.828125,1292.97998046875,2693673625617.14,3310076627974.79
19980.390625,1292.97998046875,2633767568703.59,3425467187077.43
19981.953125,1293.23999023438,2686153480509.18,3302516368967.71
19983.515625,1293.07998422476,2634227779105.36,3312154338191.27
19985.078125,1293.48999023438,2564196794878.62,3374846966411
19986.640625,1293.374605619,2703288318210.64,3335089552408.51
19988.203125,1293.48999023438,2786692475288.54,3248952508858.63
19989.765625,1293.3169133113,2574355211025.17,3412276515834.68
19991.328125,1293.66999699519,2713043946114.02,3326813460145.97
19992.890625,1294,2749621507292.94,3370455629603.2
19994.453125,1293.75,2689487714373.54,3366913870718.8
19996.015625,1294,2734420310798.39,3340912104963.26
19997.578125,1293.75,2719471685979.41,3406496673099.17
19999.140625,1294,2600932307006.54,3407314046311.99
20000.703125,1294.26000976563,2743336926155.81,3403199992591.48
20002.265625,1294,2713648575757.89,3426137760778.2
20003.828125,1294.04333496094,2698659166351.79,3383876342889.93
20005.390625,1294.43334960938,2908674962088.8,3305374660979.86
20006.953125,1294,2771234192800.48,3262714498033.72
20008.515625,1294.52001953125,2703149211813.76,3334948043382.68
20010.078125,1294.26000976563,2751935099554.39,3384038447376.31
20011.640625,1294.6738656851,2824003508447.67,3299469414400.98
20013.203125,1294.95156625601,2860980170628.87,3355572992760.04
20014.765625,1294.77001953125,2717046555978.61,3431918168037.7
20016.328125,1294.97002704327,2822678994764.83,3319869472181.96
20017.890625,1294,2838325428625.44,3426143259048.08
20019.453125,1295.5400390625,2621298556286.96,3360672427877.71
20021.015625,1294.81002103365,2731260378226.93,3359196823688.15
20022.578125,1295.03002929688,2695952345681.03,3369551507207.52
20024.140625,1295.2900390625,2753665720170.24,3282181252438.91
20025.703125,1295.37337239583,2666872435018.21,3362010501182.41
20027.265625,1295.2900390625,2649015418052.5,3371582007588.17
20028.828125,1295.2900390625,2629020138773.67,3298426751307.46
20030.390625,1295.37337239583,2786146102666.6,3352545941159.2
20031.953125,1295.5400390625,2716849952155.67,3360459514673.56
20033.515625,1295.2900390625,2854747735141.12,3390109634006.63
20035.078125,1295.03002929688,2740173600492.19,3333781104929
20036.640625,1295.38619290865,2600233612058.13,3386722749872.23
20038.203125,1295.76004732573,2672874443039.18,3279017005890.69
20039.765625,1295.5400390625,2807734174846.24,3353273195496.42
20041.328125,1295.2900390625,2766151179826.81,3367401232562.75
20042.890625,1295.03002929688,2820369619211.99,3333024441038.68
20044.453125,1295.03002929688,2721160651673.95,3386216524877.57
20046.015625,1294.77001953125,2705190365248.08,3339379748931.07
20047.578125,1294.77001953125,2649834494235.44,3378695872313.76
20049.140625,1294.77001953125,2579393143109.92,3340487206547.67
20050.703125,1294.73859514509,2663274148161.06,3313776720120.66
20052.265625,1294.52001953125,2523139943699.67,3315303677655.76
20053.828125,1294.52001953125,2771710365961.92,3391034790985.73
20055.390625,1294.52001953125,2895707140035.36,3343834416184.73
20056.953125,1294.26000976563,2720487715503.2,3287175623153.81
20058.515625,1294,2737541048916.18,3322193860470.29
20060.078125,1294,2828962317983.55,3268338518829.72
20061.640625,1294,2836088278698.81,3308981596741.52
20063.203125,1293.52922175481,2950146081962.96,3331614270576.53
20064.765625,1293.23999023438,2562503410031.92,3317036424868.42
20066.328125,1293.75,2669895282167.62,3328027366233.18
20067.890625,1293.94230769231,2644639016088.77,3276708147504.5
20069.453125,1293.75,2645888879148.64,3336466357271.67
20071.015625,1293.7099984976,2459528277167.96,3302031044179.78
20072.578125,1293.39383638823,2693968944024.92,3321991107819.27
20074.140625,1293.23999023438,2724141907922.67,3341647649507.75
20075.703125,1293.23999023438,2572087563065.68,3226445865645.91
20077.265625,1293.19665527344,2634783401839.84,3192998850332.74
20078.828125,1293.23999023438,2767496912015.1,3242345902619
20080.390625,1293.23999023438,2642541989967.58,3218131526684.74
20081.953125,1292.71997070313,2584551790374.53,3210188459366.01
20083.515625,1292.87997671274,2545208604732.34,3264801234812.51
20085.078125,1292.71997070313,2650873771890.93,3312548304951.61
20086.640625,1292.71997070313,2579575195221.96,3194235298403.94
20088.203125,1292.71997070313,2530992299522.65,3238783481706.82
20089.765625,1292.46997070313,2601266594930.71,3284246698892.85
20091.328125,1292.46997070313,2793357803412.09,3229983243090.12
20092.890625,1291.99842247596,2501324443505.19,3275620154643.28
20094.453125,1292.46997070313,2509278391379.74,3192235796670.99
20096.015625,1291.9599609375,2485695319432.43,3170699012188.1
20097.578125,1292.0849609375,2579584064671.43,3230417281917.88
20099.140625,1291.9599609375,2473107076421.91,3248795447104.82
20100.703125,1292.2099609375,2770990665333.32,3246510784481.39
20102.265625,1291.69995117188,2654053464336.18,3192025309647.43
20103.828125,1291.69995117188,2688673100599.92,3290902947748.68
20105.390625,1291.69995117188,2658112379459.3,3269620811935.06
20106.953125,1291.43994140625,2561543722102.7,3073309039638.23
20108.515625,1291.33279854911,2500721221449.54,3256180223379.02
20110.078125,1291.18994140625,2445824451724.91,3264541933525.67
20111.640625,1291.43994140625,2521807721589.71,3299393755276.57
20113.203125,1291.69995117188,2517929031395.9,3190454427932.86
20114.765625,1291.10997596154,2490978880417.5,3219144010143.7
20116.328125,1291.18994140625,2479824508667.96,3164466455275.62
20117.890625,1290.7185152494,2632275924900.96,3176360289243.76
20119.453125,1290.81466909556,2459834378722.26,3187043109058.79
20121.015625,1290.68005371094,2530959010537.4,3173993769991.42
20122.578125,1290.68005371094,2485860766848.44,3168272033123.49
20124.140625,1290.42004394531,2364000509228.87,3276335261990.11
20125.703125,1290.42004394531,2603843062724.86,3178080960103.74
20127.265625,1290.42004394531,2527054233676.59,3207811749004.42
20128.828125,1290.16003417969,2466795563372.75,3156203865464.82
20130.390625,1289.91003417969,2397217761123.31,3076645265153.56
20131.953125,1289.91003417969,2483878009724.11,3176515568859.49
20133.515625,1289.65002441406,2364788285391.09,3207193140850.61
20135.078125,1289.65002441406,2591896750013.1,3209789446045.14
20136.640625,1289.40002441406,2454782616456.16,3225561927393.39
20138.203125,1289.40002441406,2393466598247.97,3098140800559.56
20139.765625,1289.40002441406,2538744217395.27,3181014215276.86
20141.328125,1289.32002140925,2572587525938.55,3136655240236.03
20142.890625,1289.14001464844,2695296201942.42,3089867450394.4
20144.453125,1289.14001464844,2617580219545.19,3105398127154.17
20146.015625,1288.88000488281,2279800614074.63,3113950128813.99
20147.578125,1288.63000488281,2403499110950.09,3140122573704.05
20149.140625,1288.88000488281,2365868388295.44,3125013406673.43
20150.703125,1288.63000488281,2351360280620.48,3100876254579.23
20152.265625,1288.63000488281,2374485823245.23,3115702866153.89
20153.828125,1288.13922588642,2368886000462.52,3087813034254.04
20155.390625,1288.5100003756,2590567761808.93,3053593646618.2
20156.953125,1288.36999511719,2597935107031.3,3127334455549.38
20158.515625,1287.85998535156,2250670025045.52,3123198394441.65
20160.078125,1288.11999511719,2437516976003.56,3002184882645.09
20161.640625,1288.11999511719,2474442991828.76,3074835393782.04
20163.203125,1287.85998535156,2332045355251.35,3037983983110.87
20164.765625,1287.63997708834,2363972917212.48,3086668184176.81
20166.328125,1287.59997558594,2477942608223.37,3189378807664.64
20167.890625,1287.59997558594,2161595373356.14,3104792373750.44
20169.453125,1287.59997558594,2278275894977.15,3134104623864.21
20171.015625,1287.08996582031,2355050818576.6,3070370130898.77
20172.578125,1287.08996582031,2360608999415.15,3023265914714.98
20174.140625,1287.08996582031,2370612721012.21,3157907299051.88
20175.703125,1287.08996582031,2465593563502.75,3012041025244.99
20177.265625,1287.34997558594,2364543259495.68,2963946380829.02
20178.828125,1286.83996582031,2479816210213.09,3071048898636.72
20180.390625,1286.83996582031,2345826386950.78,3058616936290.53
20181.953125,1286.83996582031,2498033580141.38,3061728356497.11
20183.515625,1286.32995605469,2436355752934.39,3079884547251.33
20185.078125,1286.57995605469,2316060908159.37,2938711449750.57
20186.640625,1286.57995605469,2225965210845.14,2929533607719.99
20188.203125,1286.32995605469,2358244555758.74,2994287335176.02
20189.765625,1286.06994628906,2243359004979.99,2972330318616.49
20191.328125,1286.22995229868,2257034009037.97,2973330161130.84
20192.890625,1286.06994628906,2284226172617.53,3013502831371.54
20194.453125,1286.06994628906,2559162801791.47,2970321502863.09
20196.015625,1285.55993652344,2234211887753.47,2966522967662.17
20197.578125,1285.80993652344,2231750982345.47,2990343744385.35
20199.140625,1285.80993652344,2182162011461.59,2980733349667.71
20200.703125,1285.55993652344,2237861783871.13,3019552584418.53
20202.265625,1285.41142926898,2426799632274.97,2884757002682.04
20203.828125,1285.55993652344,2142678286745.16,2964163618427.44
20205.390625,1285.36002291166,2236114772249.66,2927388293696.57
20206.953125,1285.16771521936,2111099587777.97,3008776832659.71
20208.515625,1285.30004882813,2167073740396.29,2977773645494.05
20210.078125,1285.30004882813,2135624154555.32,2895087578561.49
20211.640625,1285.05004882813,2192326135823.87,3023872041605.78
20213.203125,1284.5400390625,2315013914290.46,2908325496405.07
20214.765625,1285.05004882813,2102208347074.58,2902598421010.1
20216.328125,1284.97004582332,2211914601347.59,3001967254366.48
20217.890625,1284.7900390625,2355775334593,3005807442080.91
20219.453125,1284.5400390625,2274138998429.21,2943909061607.03
20221.015625,1284.5400390625,2274023071817.71,2899595389283.73
20222.578125,1284.52146693638,2370426286084.04,3006989571863.56
20224.140625,1284.28002929688,2136123919310.36,2960078401306.39
20225.703125,1284.03002929688,2234276136758.12,2936843724281.16
20227.265625,1284.1069523738,2238191464041.9,2898812398189.23
20228.828125,1284.08772160457,2167020733064.14,2882398580502.58
20230.390625,1283.77001953125,2153075022196,2967961643128.21
20231.953125,1283.83002178486,2272270929031.12,2914937165614.56
20233.515625,1284.03002929688,2234084000535.36,2795891084030.01
20235.078125,1284.03002929688,2127453823085.75,2826968343614.79
20236.640625,1284.03002929688,2178455130082.72,2875674946533.32
20238.203125,1283.77001953125,2076142140726.39,2888443756693.81
20239.765625,1283.51000976563,2059671898348.79,2986562321606.58
20241.328125,1283.26000976563,2257174435643.57,2823578618307.43
20242.890625,1283.34334309896,2026632024196.95,2927904657287.75
20244.453125,1283.26000976563,2168268279270.16,2821890124043.97
20246.015625,1283.26000976563,2210099605032.54,2892947904604.63
20247.578125,1283,2191800729085.5,2861751235228.41
20249.140625,1283.10000375601,2191374552557.41,2900506260634.32
20250.703125,1283,2201203297184.63,2971730767480.11
20252.265625,1282.60768479568,2076576338863.5,2851700666703.42
20253.828125,1282.92307692308,2012490489865.16,2866780378966.78
20255.390625,1282.75,2237318581134.36,2823734485894.64
20256.953125,1282.48999023438,2158247250480.68,2742066803832.14
20258.515625,1282.50999098558,2156117115324.05,2815388640956.94
20260.078125,1282.75,2027528402667.19,2843742174212.66
20261.640625,1282.75,2114680218789.93,2904405178856.79
20263.203125,1282.23999023438,2085316037599.72,2901470260392.42
20264.765625,1282.23999023438,1884259420541.95,2777050868059.74
20266.328125,1282.25922100361,2118347400471.43,2785002422622.31
20267.890625,1282.23999023438,1988895169218.5,2804060663585.87
20269.453125,1282.20075871395,2061497072210.04,2808342037875.41
20271.015625,1281.97998046875,1979173133965.68,2823392533225.24
20272.578125,1282.17998798077,2244195872835.63,2870767412469.92
20274.140625,1282.23999023438,2058783281944.56,2817287687330.87
20275.703125,1281.8838266226,2156108110912.21,2775585545337.94
