0,--,0,20591549819.7982
1.5625,--,9704204648.6796,0
3.12890625,--,0,0
4.6875,--,0,0
6.25390625,--,0,0
7.8125,--,27061294212.3904,0
9.37890625,301.880004882813,0,15069808170.8304
10.9375,301.639984130859,91682807953.6194,344891422572.811
12.50390625,301.880004882813,296604793403.702,1953181107241.59
14.0625,301.833847045899,57201179354.7157,0
15.62890625,301.880004882813,0,0
17.1875,301.87077331543,0,0
18.75390625,301.990769606371,0,0
20.3125,301.90571812221,0,0
21.87890625,302.119995117188,0,0
23.4375,302.359985351563,0,0
25.00390625,302.359985351563,0,0
26.5625,302.119995117188,0,0
28.12890625,302.359985351563,0,0
29.6875,302.359985351563,0,0
31.25390625,302.600006103516,26779489722.0102,0
32.8125,302.600006103516,45838321903.6781,0
34.37890625,302.839996337891,0,0
35.9375,302.839996337891,0,0
37.50390625,302.839996337891,0,0
39.0625,302.88614830604,6059139491.40102,0
40.62890625,302.932300274189,0,0
42.1875,303.079986572266,21162811838.3469,0
43.75390625,303.079986572266,0,0
45.3125,303.070756178636,31060202993.7898,0
46.87890625,303.320007324219,171995274966.352,0
48.4375,303.320007324219,55787643287.8196,0
50.00390625,303.809997558594,0,0
51.5625,303.809997558594,0,0
53.12890625,303.809997558594,15666512972.2818,0
54.6875,303.809997558594,62375536757.1474,0
56.25390625,304.289978027344,112617583148.8,0
57.8125,304.289978027344,35120212523.2418,176935660.715728
59.37890625,304.289978027344,135210028127.225,2538346209.49871
60.9375,303.865379920373,35164897176.508,0
62.50390625,304.529998779297,46794683356.7761,2146179556.32643
64.0625,304.271517240084,116732168082.699,31165857584.5005
65.62890625,304.529998779297,22541677286.0822,20619674169.3086
67.1875,304.529998779297,26850631810.2549,837899368.814985
68.75390625,304.529998779297,55596122181.9767,12020633252.615
70.3125,304.952408447266,22216123849.0243,0
71.87890625,304.769989013672,73323471464.5948,0
73.4375,305.010009765625,52863934643.4797,0
75.00390625,305.010009765625,39305105493.1384,0
76.5625,305.25,34083294978.7675,0
78.12890625,305.489990234375,60697457810.054,0
79.6875,305.489990234375,65519056694.3929,894761390.82935
81.25,305.683828500601,0,14339858707.9813
82.8125,305.489990234375,34293957380.9031,22774255157.0719
84.375,305.72998046875,0,23625128744.7566
85.9375,305.970001220703,56620278862.2563,242424575.010836
87.5,305.72998046875,0,4618214624.65388
89.0625,305.970001220703,56084019765.8956,16269436621.1814
90.625,306.220001220703,74459750721.1235,0
92.1875,306.220001220703,28076302001.8993,0
93.75,306.220001220703,58558135047.4853,105368195.337248
95.3125,306.220001220703,9623984232.91771,1964570335.56123
96.875,306.459991455078,0,8718101412.44568
98.4375,306.699981689453,54913069890.2066,32523621828.0884
100,306.484818031048,39895154876.3682,1526704833.84374
101.5625,306.81519165039,48931620270.3119,24374998633.8752
103.125,306.940002441406,20488930065.9305,35818896609.0192
104.6875,307.016799316406,61117964405.0154,15756106124.9459
106.25,307.373830942007,0,0
107.8125,307.179992675781,0,0
109.375,307.419982910156,0,612023067.846485
110.9375,307.419982910156,65997827016.1254,8803716437.48405
112.5,307.493835449219,0,0
114.0625,307.660003662109,0,0
115.625,307.899993896484,121583718878.163,4311927499.08719
117.1875,307.918454683744,55717415277.58,67559471054.76
118.75,308.139984130859,22733198391.9251,81747983805.6027
120.3125,308.380004882813,495381073.769116,31123163824.438
121.875,308.380004882813,93070843920.7083,7013530253.13356
123.4375,308.869995117188,6793256868.53479,43278317482.1488
125,308.407696063702,44699274188.4763,68263218155.3606
126.5625,308.869995117188,62777720265.1257,48597113659.4805
128.125,308.869995117188,0,32210547370.4085
129.6875,309.109985351563,0,980641020.638487
131.25,309.396158071665,0,16651647123.8067
132.8125,309.589996337891,0,36616084658.3832
134.375,309.589996337891,115519280383.833,0
135.9375,309.855703081404,213112206889.356,0
137.5,309.949996948243,0,891232509.588383
139.0625,310.070007324219,6010842864.71021,12820036868.6944
140.625,310.070007324219,54874787297.6215,2398644088.72571
142.1875,310.309997558594,11025624578.9537,35143437485.6765
143.75,310.549987792969,0,9204209402.54626
145.3125,310.549987792969,34447152636.994,37332268.4898285
146.875,310.789978027344,0,537010323.661379
148.4375,310.905187988281,0,1531495927.87799
150,311.029998779297,0,22195738984.2221
151.5625,311.279998779297,24453168228.1695,2384380879.75475
153.125,311.556915283203,0,0
154.6875,311.760009765625,0,0
156.25,312,71682878529.3606,0
157.8125,312.239990234375,0,1836697652.64596
159.375,312.47998046875,0,29950261018.0766
160.9375,312.720001220703,18241893281.2632,50778723784.4228
162.5,312.720001220703,40849948689.7431,0
164.0625,313.199981689453,0,0
165.625,313.440002441406,22550826176.8526,1650034981.55176
167.1875,313.679992675781,7916796889.45181,24253810977.4048
168.75,313.679992675781,63064969481.015,7461190628.33041
170.3125,313.679992675781,59981685148.4866,6106868495.24163
171.875,314.169982910156,0,89155195162.8536
173.4375,314.573197021484,127884384760.185,18847307874.5126
175,314.483846811147,48389002370.4376,868375828.869797
176.5625,314.889984130859,0,13990507334.7913
178.125,315.024395751953,0,24872081743.0694
179.6875,315.130004882813,150041960033.996,49136127375.4637
181.25,315.369995117188,14555755444.1432,24523471549.4079
182.8125,315.609985351563,42247955433.771,25337128665.1288
184.375,315.850006103516,58839003831.277,647707816.479818
185.9375,316.339996337891,0,9317027821.67123
187.5,316.579986572266,14421701484.3449,1151112823.20763
189.0625,316.441530667819,6193215079.78273,17508564820.0072
190.625,316.820007324219,37089970868.9588,13668974927.1582
192.1875,316.921541654147,13196052921.2839,0
193.75,317.059997558594,24817025886.3959,0
195.3125,317.299987792969,135455340601.367,0
196.875,317.539978027344,0,2176380373.63603
198.4375,318.019989013672,0,31439802525.7583
200,318.019989013672,124188232888.959,1919021623.9063
201.5625,318.048791503906,19847793968.7537,0
203.125,318.75,83588353880.2723,0
204.6875,318.7883984375,21143670542.0543,3243215912.95945
206.25,318.989990234375,5915093126.08046,48518717367.3818
207.8125,319.22998046875,9113311750.69792,30928277147.1224
209.375,319.470001220703,0,59127618143.304
210.9375,319.709991455078,27591129619.4862,6275506256.63061
212.5,319.949981689453,95219340879.4899,10178986090.5642
214.0625,320.199587402344,0,59752369119.6696
215.625,320.439992675781,99231010525.0844,26032176513.3954
217.1875,320.919982910156,0,1577291665.30797
218.75,320.96614074707,0,23370643752.0569
220.3125,320.679992675781,17619898480.379,12592546775.0128
221.875,321.399993896484,119636713802.163,40040103611.1753
223.4375,321.160003662109,84399079699.7431,158309385.822188
225,321.880004882813,50077070046.1945,2277219626.82686
226.5625,322.119995117188,0,0
228.125,322.359985351563,0,2897649951.7077
229.6875,322.600006103516,0,41681580074.5645
231.25,322.850006103516,70923217795.253,0
232.8125,323.089996337891,69084744950.6618,1850225916.49974
234.37890625,323.329986572266,0,27386874448.6251
235.9375,323.445196533204,108506450136.81,11680557457.0987
237.50390625,323.809997558594,0,0
239.0625,324.105370154748,41201045483.7745,0
240.62890625,324.289978027344,70208263342.9956,0
242.1875,324.289978027344,0,295559747.672425
243.75390625,324.779998779297,0,4849937117.12803
245.3125,325.019989013672,0,11026445469.2958
246.87890625,325.019989013672,90150643973.3078,38027796336.671
248.4375,325.260009765625,0,17496543137.4316
250.00390625,325.5,64443834928.7503,50428392637.7152
251.5625,325.71119140625,0,32634056453.5947
253.12890625,325.739990234375,0,88538323971.4394
254.6875,325.97998046875,27188967740.0912,1096408520.74725
256.25390625,326.260001220703,17159614108.863,17516743141.2798
257.8125,326.470001220703,37077210004.7637,27013705784.3485
259.37890625,326.949981689453,32538451782.1629,32491943046.4709
260.9375,326.949981689453,0,5044507423.61777
262.50390625,326.986907958984,7674314948.01718,40803578774.4589
264.0625,327.190002441406,48989065787.7731,10100325091.491
265.62890625,327.790000915527,5325022114.26727,14069627789.5417
267.1875,327.669982910156,35889865662.8713,0
268.75390625,327.910003662109,94025572848.3334,2461869758.38918
270.3125,327.928464449369,121870989722.635,34630035344.812
271.87890625,328.399993896484,51459525838.7709,10374934201.9661
273.4375,328.639984130859,36196277803.6366,38672177890.2793
275.00390625,328.79359741211,0,2598292221.07083
276.5625,329.119995117188,0,38799288748.566
278.12890625,329.359985351563,127798737732.852,40875407727.4027
279.6875,329.600006103516,0,8166291413.82541
281.25390625,329.323063777044,97886040798.4385,0
282.8125,329.974801025391,81541965463.6345,1011312791.51499
284.37890625,330.089996337891,59962522223.6106,16788810203.8978
285.9375,330.089996337891,16892161535.3427,33021666774.0921
287.50390625,330.329986572266,0,20578693134.9132
289.0625,330.809997558594,0,418105994.803575
290.62890625,330.570007324219,40364776307.33,6835557789.3667
292.1875,331.289978027344,0,12599024839.441
293.75390625,331.289978027344,0,15384851935.9767
295.3125,331.539978027344,169020479608.064,17301080645.7938
296.87890625,331.555380014273,62637264244.6465,43371240770.3617
298.4375,332.019989013672,94440538849.0903,13522577968.4074
300.00390625,332.260009765625,36362255552.506,20784017647.7068
301.5625,332.260009765625,72065899112.4629,4702590330.47494
303.12890625,332.260009765625,41124437041.4373,73687648819.1576
304.6875,332.5,50163649265.4703,87213323808.0646
306.25390625,332.989990234375,132672087977.506,14974924466.8528
307.8125,333.22998046875,49965769356.1133,11144318769.5982
309.37890625,333.37769141564,0,50411094445.748
310.9375,333.22998046875,0,631714916.066551
312.50390625,333.801022233634,36298407974.3639,10285147435.8919
314.0625,333.949981689453,0,21618306065.8984
315.62890625,333.949981689453,102522188801.076,68353588196.6098
317.1875,333.959213256836,110488990975.305,15844747803.3979
318.75390625,334.429992675781,62308540381.6937,2620398523.94908
320.3125,334.679992675781,0,39025307623.3684
321.87890625,335.086151123047,129844150700.379,39135382032.7622
323.4375,335.160003662109,64660877762.9834,0
325.00390625,335.399993896484,0,2918083030.55799
326.5625,335.399993896484,8647280664.57748,41939128411.7219
328.12890625,335.639984130859,86378008564.8136,25044901976.8583
329.6875,335.982299804688,0,45205535926.1549
331.25390625,336.130004882813,0,0
332.8125,336.27769118089,13400334891.3219,0
334.37890625,336.609985351563,32136456496.9314,1936543590.36005
335.9375,336.850006103516,78411206390.5841,29362458842.8
337.50390625,336.850006103516,86307758925.9908,38768556626.5435
339.0625,337.339996337891,0,32773685192.2799
340.62890625,337.339996337891,3475256337.43482,974569061.678591
342.1875,337.579986572266,37332557060.1653,2428684753.20566
343.75390625,337.820007324219,24692964332.1198,16066011355.3787
345.3125,337.820007324219,75110879223.8228,61855857573.2236
346.87890625,338.349987792969,15066449554.9464,57495650996.9127
348.4375,338.299987792969,0,17457077064.9987
350.00390625,338.299987792969,35666420767.9574,22441300490.1855
351.5625,338.789978027344,0,20207038001.7504
353.12890625,338.789978027344,70316773945.8204,38248814191.5218
354.6875,339.269989013672,121596479742.358,26449602752.9529
356.25390625,339.510009765625,79733048997.4492,0
357.8125,339.75,56247250684.6758,1821403619.52665
359.37890625,339.75,214686332268,26130136541.6708
360.9375,340,39984545811.4839,3615756025.92592
362.50390625,339.75,0,51872192218.091
364.0625,340.221529447115,0,0
365.62890625,340.47998046875,0,1856232669.64893
367.1875,340.720001220703,0,26847686782.3444
368.75390625,340.959991455078,151937878396.048,20151049052.8363
370.3125,340.775383582482,44118352067.4335,53496418780.6506
371.87890625,341.209991455078,54257157361.1495,0
373.4375,341.782306377704,30153727435.6892,2381780925.8076
375.00390625,341.699232835036,43907689665.298,34685436061.6833
376.5625,341.929992675781,45324859334.2019,10568387322.3794
378.12890625,342.419982910156,0,49067736138.2702
379.6875,342.169982910156,137625768943.697,0
381.25390625,342.419982910156,20601052642.1801,0
382.8125,342.899993896484,25644124543.4866,3479399842.19133
384.37890625,343.139984130859,113574615250.198,51649952520.8156
385.9375,343.139984130859,0,27471000573.5844
387.50390625,343.389984130859,0,51256025464.0597
389.0625,343.139984130859,86263074272.7248,27078381670.0792
390.62890625,343.76846078726,88803783962.5453,46127371474.7895
392.1875,343.869995117188,69116647111.1495,7558886102.93647
393.75390625,344.285362830529,82274379373.5415,55180291847.5274
395.3125,344.196381835938,8618990477.51449,49619520739.3294
396.87890625,344.599975585938,14693202063.5307,1891137503.64055
398.4375,344.599975585938,62911774224.9241,27051778619.1461
400.00390625,345.320007324219,163134779726.799,12967089973.6906
401.5625,345.320007324219,0,9508817222.97892
403.12890625,345.570007324219,100426500083.335,2197577883.3031
404.6875,345.570007324219,0,32592507065.7303
406.25390625,345.809997558594,17400843755.3198,34061580643.1801
407.8125,346.049987792969,84762958986.5527,44172032820.5135
409.37890625,346.345379169171,33572600867.9644,0
410.9375,346.318780517578,51242483004.5379,1410910760.83407
412.50390625,346.289978027344,76474048051.5977,21423207776.3082
414.0625,347.019989013672,0,17376781219.2986
415.62890625,347.019989013672,131684045299.899,14389089248.3627
417.1875,347.019989013672,19669055355.6893,2809894275.09424
418.75390625,347.260009765625,43723513410.0859,40716247140.0218
420.3125,347.5,0,6767986223.96271
421.87890625,347.75,78098435446.3045,16598424464.9791
423.4375,347.75,66358937844.2621,0
425.00390625,347.75,9286339552.60636,0
426.5625,348.22998046875,43214644968.0056,224385561.227421
428.12890625,348.470001220703,30226794954.498,4728545871.35533
429.6875,348.720001220703,0,22403868471.1138
431.25390625,348.959991455078,31619958734.2778,22335946858.842
432.8125,349.200012207031,71025369594.5641,12340553809.4012
434.37890625,349.301546536959,33247025802.3231,692050629.450759
435.9375,349.238410644531,30355240947.0542,11606601496.7421
437.50390625,349.690002441406,40071088911.0259,29585459138.2624
439.0625,349.690002441406,110603882010.228,9988221381.19702
440.62890625,349.929992675781,190649849512.966,24016048873.3676
442.1875,350.530003662109,39403623690.4408,3268509328.69155
443.75390625,350.410003662109,74885618879.6914,47604898811.8502
445.3125,350.660003662109,15762262710.9116,9895224608.69272
446.87890625,350.660003662109,18743416872.7126,0
448.4375,350.899993896484,16362326128.247,4247896108.40705
450.00390625,350.899993896484,114719613961.974,62338344136.8456
451.5625,351.139984130859,78145888558.2433,22605807085.3139
453.12890625,351.380004882813,73010678891.7318,46619300412.1397
454.6875,351.869995117188,25771798071.1873,0
456.25390625,352.023588867188,4875674452.22424,2003853157.18141
457.8125,352.349975585938,83728809900.7517,27781271692.422
459.37890625,352.599975585938,46269639113.4711,2553956511.24074
460.9375,352.839996337891,88344133308.5224,30569051794.9713
462.50390625,352.839996337891,59616884051.4531,3872716028.8368
464.0625,353.320007324219,145637255771.193,55901060066.5014
465.62890625,353.320007324219,25617718422.322,35429272318.1413
467.1875,353.570007324219,70000369399.5325,43953548385.1541
468.75390625,353.809997558594,0,25461955327.0737
470.3125,354.049987792969,147660869289.529,26444759330.7446
471.87890625,354.049987792969,37485102377.3255,54137458791.9693
473.4375,354.299987792969,48583313563.5366,33927407167.7468
475.00390625,354.299987792969,44942996421.0249,25986106206.3565
476.5625,354.539978027344,32968925477.2043,43288328413.753
478.12890625,354.779998779297,160447255212.985,10496271433.2075
479.6875,355.019989013672,29902013982.2956,1662615001.65691
481.25390625,355.445388793945,63483854797.3664,8909465391.83013
482.8125,355.454620361328,0,33975200574.1043
484.37890625,355.510009765625,113329689116.627,7718720926.57615
485.9375,356,64348085190.1204,52428575617.365
487.50390625,355.75,88088829510.2879,45412409843.4785
489.0625,356.239990234375,153859361743.657,23013843585.9277
490.62890625,356.259189453125,29026902573.6711,10235481917.5632
492.1875,356.47998046875,91644482103.8677,19070306330.3124
493.75390625,356.970001220703,49552385486.2308,34207657807.2888
495.3125,357.209991455078,100600705453.466,47090433448.339
496.87890625,357.209991455078,176087143399.124,108826106185.491
498.4375,357.450012207031,94178789733.0077,36099375622.2038
500.00390625,357.450012207031,105910696891.855,45058082387.9826
501.5625,357.921541654146,81414291935.9341,50557501829.2521
503.12890625,357.940002441406,96563133416.4134,1781185482.89615
504.6875,357.940002441406,143945597750.594,27161553930.0994
506.25390625,358.429992675781,103179697735.872,37938442555.5764
507.8125,358.881201171875,64801333783.4627,33409699603.7139
509.37890625,358.910003662109,54422600289.2231,36115599042.5326
510.9375,359.149993896484,91423848924.7935,8316989912.01283
512.50390625,359.131533109224,148647216718.771,1782203736.01837
514.0625,359.399993896484,13447766374.6774,25393548350.5464
515.62890625,359.639984130859,89078250685.6566,10138803214.129
517.1875,359.880004882813,133272151394.841,1648942835.32432
518.75390625,360.130004882813,97919583000.3323,25762550486.1635
520.3125,360.130004882813,154344534126.07,32322231228.8679
521.87890625,360.369995117188,35000778079.9512,47921127421.7667
523.4375,360.609985351563,197734067819.298,39329326547.4354
525.00390625,361.099975585938,0,2945251624.36496
526.5625,360.859985351563,118385543510.712,42858783909.3454
528.12890625,361.099975585938,100913541283.495,31688422163.8026
529.6875,361.301593017579,152723082487.129,33152424149.8083
531.25390625,361.339996337891,70251315903.3598,60545564897.2818
532.8125,361.339996337891,30489316535.436,69328458503.0016
534.37890625,361.829986572266,49953495783.9018,55829016843.9931
535.9375,362.320007324219,59094350886.6786,10339131255.0254
537.50390625,362.320007324219,140734180931.826,39001230990.9893
539.0625,362.684792480469,72975164757.8199,31667421191.3986
540.62890625,362.799987792969,161831088638.18,2506461794.50962
542.1875,363.049987792969,141452341172.713,36590624344.3926
543.75,363.289978027344,71778628267.9905,28960644693.545
545.3125,363.289978027344,107443989235.362,34436974736.8063
546.875,363.529998779297,135404297144.586,76453881620.6806
548.4375,363.770383394682,10868795720.8547,48904880078.0001
550,364.019989013672,100396445112.011,46030731915.2824
551.5625,364.260009765625,100111942726.211,91901796569.5064
553.125,364.510009765625,188030922971.205,30722970008.9178
554.6875,364.216530433068,59962522223.6106,21051737580.3156
556.25,364.75,193571949747.702,63331258311.6854
557.8125,364.75,0,48403370025.7178
559.375,365.24958984375,190348209394.695,68961144359.8132
560.9375,365.720001220703,89578974019.5206,16922359778.2789
562.5,365.720001220703,118832390043.373,44827423271.4604
564.0625,365.720001220703,146786295891.916,39607127216.6152
565.625,366.246917724609,30368023439.8327,42196114629.8215
567.1875,366.209991455078,123058355693.111,1771208738.35086
568.75,366.450012207031,96926506594.3721,28690980953.2345
570.3125,366.700012207031,66112761308.2143,49537478951.8359
571.875,366.805607910156,123045551571.749,50323390995.1052
573.4375,367.179992675781,89036334491.0632,39835304730.8025
575,367.304992675781,171666087927.285,51497012700.64
576.5625,367.399992675781,164612141743.254,43482849407.0708
578.125,367.429992675781,151959809779.597,30378299861.0371
579.6875,367.669982910156,121656715347.075,7171912305.61942
581.25,367.910003662109,110657693925.68,57196924474.876
582.8125,368.160003662109,151925117531.853,12732151393.6803
584.375,368.160003662109,215895502770.383,42146958442.4609
585.9375,368.649993896484,111389042844.142,3461165517.58623
587.5,368.889984130859,150278144164.521,52478608301.642
589.0625,369.130004882813,173616683348.126,41388779105.0241
590.625,368.965371938852,113274990429.256,41838136466.5543
592.1875,369.380004882813,16275703651.8039,49453141674.5177
593.75,369.859985351563,92004771045.8357,29238147030.8103
595.3125,369.823063777044,108873898139.877,28402089675.0457
596.875,369.969985351563,192923568075.093,17674832483.0418
598.4375,370.109985351563,76668483284.6221,12528664192.5776
600,370.349975585938,161998500470.27,19971489164.8504
601.5625,370.599975585938,68714485231.7544,37143154162.0173
603.125,370.599975585938,124130787371.498,18923515479.4074
604.6875,370.839996337891,155499933050.308,26461073661.0553
606.25,371.30114041842,117730759777.421,82759014617.7576
607.8125,371.329986572266,205732750525.433,64642160835.7029
609.375,371.329986572266,165991050448.156,63760820906.1062
610.9375,371.664289202009,160373415229.321,25373701050.856
612.5,371.809997558594,101503569038.142,43241096922.0463
614.0625,372.059997558594,47549121220.5682,60676419570.6967
615.625,372.299987792969,197887284703.973,31725309233.9985
617.1875,372.789978027344,81458976589.2002,13759446149.8378
618.75,372.789978027344,178640613953.14,45354581487.7023
620.3125,373.029998779297,150814360003.714,64177514346.8196
621.875,373.279998779297,150144090204.723,19549052093.8087
623.4375,373.519989013672,234659747968.892,78018292992.1031
625,373.322854178293,153769992437.125,48998747828.4336
626.5625,373.769989013672,139253622643.32,49262076282.5564
628.125,374.010009765625,167826754834.074,18506798123.0834
629.6875,374.25,110074024974.548,77147585902.1957
631.25,374.25,107348217868.148,47219432106.8287
632.8125,374.25,55215891686.1301,43772284305.4903
634.375,374.739990234375,163919983817.88,71876966394.2157
635.9375,374.932297926683,195742378090.033,28379527033.6961
637.5,375.133984375,138959949738.166,16138955297.0244
639.0625,375.22998046875,110453433584.226,82403053439.873
640.625,375.470001220703,132333773676.253,30485660512.9254
642.1875,375.959991455078,161133054334.845,119503812378.149
643.75,375.959991455078,234548468907.394,44664699002.5587
645.3125,375.959991455078,149610621195.619,54012810168.4603
646.875,376.366928100586,218876656932.184,58591124969.1758
648.4375,376.450012207031,161781436007.455,68192018520.2527
650,376.690002441406,223377089305.032,49380066605.8264
651.5625,376.940002441406,189518320650.348,71354326388.7565
653.125,377.143071101262,94711415227.3597,93855148132.9132
654.6875,377.429992675781,168024656372.015,12296548370.0684
656.25,377.429992675781,180798281431.276,39698564364.2428
657.8125,377.669982910156,157440579322.794,56210020221.4928
659.375,377.729982910156,157405021931.715,101429066832.505
660.9375,378.160003662109,109556972060.231,36245393917.1164
662.5,378.160003662109,127893512022.371,9962900370.52942
664.0625,378.399993896484,136402910467.892,7885254574.12856
665.625,378.889984130859,151554879441.529,117609658288.136
667.1875,378.889984130859,149652559018.795,61200957392.2983
668.75,378.889984130859,104781986449.938,18904619387.3661
670.3125,379.380004882813,129980951490.267,62264180141.3358
671.875,379.296920776367,123007268979.164,42981197394.1756
673.4375,379.630004882813,92385001541.6819,90463094335.8473
675,380.109985351563,95502978121.9542,66042140935.9505
676.5625,379.869995117188,163849734179.057,76624746088.9626
678.125,380.109985351563,138468418552.239,45217259787.8333
679.6875,380.240420134172,194267741275.084,27106606281.1887
681.25,380.359985351563,105780621401.827,36340771008.3215
682.8125,380.696129432092,201123785921.176,71510349891.8797
684.375,380.849975585938,224762356813.449,28913262145.1167
685.9375,381.089996337891,220708727716.094,36418741009.7678
687.5,380.849975585938,195774301879.104,56230186191.5872
689.0625,381.579986572266,152208754774.317,59374988446.1916
690.625,381.829986572266,195091227958.75,58474448369.2455
692.1875,382.070007324219,181647289843.332,73718999476.5508
693.75,382.166003417969,188126694338.418,31089946778.4682
695.3125,382.799987792969,178502926391.334,52031753187.5463
696.875,382.559997558594,131602381500.626,52248706614.9992
698.4375,382.799987792969,133936062390.319,48380252317.3496
700,382.799987792969,86265842731.3975,59839128210.2952
701.5625,383.289978027344,175346667218.477,46568207775.7272
703.125,383.289978027344,148165161339.652,42620149038.8184
704.6875,383.539978027344,216999858237.84,73902342170.2865
706.25,383.567672729492,241889642678.731,26472592911.3969
707.8125,384.029998779297,176441030280.412,57397260845.3547
709.375,384.029998779297,211363103351.296,36672659897.4746
710.9375,384.269989013672,183249578557.397,63280053047.0542
712.5,384.519989013672,130555514807.796,37694445273.6454
714.0625,384.760009765625,246287944880.853,42314020226.4191
715.625,384.760009765625,221781202651.648,19675381708.8088
717.1875,385,215445022635.714,69192307237.2145
718.75,385.071428571429,195825345335.884,73349770755.8517
720.3125,385.318568638393,147986422726.587,43625641138.5923
721.875,385.489990234375,254251113453.075,48950150080.8061
723.4375,385.97998046875,169997183176.405,52599680161.5864
725,386.22998046875,58592848923.8126,74949666761.5229
726.5625,386.22998046875,108535583838.624,62053348803.6423
728.125,386.470001220703,292335891014.664,47045790974.8086
729.6875,386.720001220703,243089769513.402,73929670457.0075
731.25,386.766153188852,199010803096.306,45431281713.2986
732.8125,386.720001220703,227935010452.51,54335679397.4165
734.375,387.450012207031,229096854694.595,48335564056.6668
735.9375,387.209991455078,164960491707.196,26208460831.4284
737.5,387.700012207031,149275918867.79,67483536946.3375
739.0625,387.700012207031,176265925269.356,48784451486.6649
740.625,388.026540902945,221522221994.238,55271941118.4468
742.1875,388.429992675781,181060030547.358,102578313624.848
743.75,388.429992675781,257835964634.219,28509603427.7246
745.3125,388.679992675781,186712314756.77,79522956115.6587
746.875,388.679992675781,94954001418.5659,60254964368.3438
748.4375,389.169982910156,278091219485.297,53376130412.4689
750,389.21614074707,182288447569.092,50675283350.843
751.5625,389.660003662109,202330271559.36,46248957162.6545
753.125,389.899993896484,223721805666.967,61543067854.397
754.6875,390.149993896484,256680522452.815,102012696857.932
756.25,390.389984130859,265764397701.53,112264599601.817
757.8125,390.389984130859,224992182140.46,72938572591.0467
759.375,390.639984130859,198289446583.368,99728285786.4909
760.9375,390.639984130859,234522903921.837,95862116860.5229
762.5,390.880004882813,253887234166.265,30820391373.8307
764.0625,391.130004882813,333673477745.326,31599709760.5529
765.625,391.166926457332,301493606247.044,63420326076.3831
767.1875,391.369995117188,251165060661.874,69973452919.688
768.75,391.619995117188,156017029221.793,57013182063.3885
770.3125,391.767681415265,285751544633.011,85337261468.823
771.875,391.859985351563,212148307442.377,80351209010.4256
773.4375,392.349975585938,265604822013.342,80420887960.177
775,392.109985351563,315371630030.929,104436166270.52
776.5625,393.089996337891,404359429980.884,32778207286.7943
778.125,392.839996337891,240638429130.114,19204862915.4346
779.6875,392.849611722506,274861077071.608,64143767069.2731
781.25,393.329986572266,249447837655.718,25350106461.1198
782.8125,393.579986572266,231082142363.18,80572764455.5025
784.375,394.010007324219,20425060859.2048,53349172306.6982
785.9375,394.070007324219,199866170311.877,62876478954.1312
787.5,393.772003173829,338052660279.738,56286734959.9812
789.0625,394.070007324219,217877200094.126,41498472857.6122
790.625,394.319997558594,271790553603.275,60478156806.3201
792.1875,394.559997558594,322674477952.515,20459848799.4893
793.75,394.559997558594,255308015808.594,49079814901.4809
795.3125,395.049987792969,207526538716.758,104001306368.302
796.875,395.049987792969,249869162459.99,76841277927.1223
798.4375,394.559997558594,258812624945.393,51106671401.3533
800,395.289978027344,349472984876.82,98558350151.1266
801.5625,395.799229548528,211088593371.018,56104046879.4391
803.125,396.029998779297,283734333175.355,58167752225.4116
804.6875,396.029998779297,218758089038.086,48008304473.4629
806.25,396.443065936749,330851899271.713,57010385163.3641
807.8125,396.519989013672,289505142021.698,90299727002.7438
809.375,396.769989013672,317257555987.459,70898188440.5415
810.9375,397.010009765625,228707453679.395,24848315042.6982
812.5,397.010009765625,297088901984.241,43741932329.2559
814.0625,397.3848046875,346728014845.545,99022184940.0904
815.625,397.75,262339165465.741,57211919256.2496
817.1875,397.75,245764489905.855,80201143458.2972
818.75,397.823843149039,358588783914.607,94217000522.9299
820.3125,398.239990234375,329843315171.469,78266980391.0449
821.875,398.47998046875,319319452098.382,99746989633.8143
823.4375,398.239990234375,292952305641.036,98059288893.8665
825,398.72998046875,297663400416.02,86225444942.4386
826.5625,398.72998046875,374803192161.108,96512078774.4243
828.125,399.220001220703,355269315451.553,102739824840.823
829.6875,398.970001220703,327430300637.932,81781757042.8295
831.25,399.709991455078,384825531642.746,93452648913.832
832.8125,399.709991455078,360768361147.708,50700775041.2974
834.375,399.959991455078,368674949345.803,81418560064.0268
835.9375,400.200012207031,283730699573.347,69887096715.1214
837.5,400.450012207031,346883978560.309,36731083077.4172
839.0625,400.690002441406,306670710479.566,82023712095.1217
840.625,400.901540902945,327143029793.459,68239218533.2923
842.1875,401.179992675781,284915297085.15,122893533789.939
843.75,401.179992675781,356418355572.277,86669214431.7211
845.3125,401.429992675781,400146268452.508,86305997216.6323
846.875,401.669982910156,308745410711.85,94528275893.015
848.4375,401.679598294771,163290721812.98,70043791081.789
850,401.669982910156,265853767008.063,69785790085.4847
851.5625,402.169982910156,325849900050.248,113303509679.573
853.125,402.240361140324,377739661669.643,97395921564.6764
854.6875,402.234595665565,359163325603.552,76938111724.3146
856.25,402.659973144531,352364769732.089,71188565450.5016
857.8125,402.798446655273,310258330119.383,106053961884.448
859.375,403.149993896484,324898783096.048,91543549100.1086
860.9375,403.390014648438,333848626013.549,114903133006.399
862.5,403.640014648438,288502916724.967,61688144855.3965
864.0625,403.640014648438,301068691097.932,95168386108.3104
865.625,403.890014648438,406721357800.474,56785608469.476
867.1875,404.130004882813,404231734824.6,75537633177.7678
868.75,404.130004882813,397528950320.35,57899916905.0907
870.3125,404.619995117188,402699652492.191,74482033989.5946
871.875,404.869995117188,430021657648.661,94733121889.1852
873.4375,404.869995117188,306881372881.701,55859256089.8056
875,405.036142202525,460024742001.098,113918272004.689
876.5625,405.109985351563,318754946072.125,95405026989.2346
878.125,405.359985351563,368939380406.225,94807858377.4042
879.6875,405.513831505409,388974845592.98,49588683705.4499
881.25,405.849975585938,447959626076.248,77388927018.2738
882.8125,406.339996337891,424694061732.972,83927963683.074
884.375,406.349996337891,472025923833.473,117980037819.852
885.9375,406.589996337891,365355480882.749,87679621904.9428
887.5,406.839996337891,415020072215.276,94213808606.5132
889.0625,407.079986572266,422935787675.558,44716966978.8194
890.625,407.329986572266,329775833991.318,66844330822.8938
892.1875,407.079986572266,359546324558.071,92873905644.883
893.75,407.329986572266,432638889266.486,78403607720.5722
895.3125,407.570007324219,454343259204.121,76374851258.2849
896.875,408.059997558594,400672491886.179,100170836499.453
898.4375,407.820007324219,412275145441.167,72495115639.9602
900,408.233074481671,489836283619.109,118696578648.003
901.5625,408.309997558594,289071056353.232,39469352448.7857
903.125,408.559997558594,456194492912.908,74412562104.0633
904.6875,408.652301494892,426117676719.723,104037367021.28
906.25,408.799987792969,449874707363.177,93716251068.8344
907.8125,409.289978027344,425297715495.148,100152492919.344
909.375,409.289978027344,401167570159.781,28241098776.9113
910.9375,409.789978027344,424467870007.968,76095035749.9953
912.5,409.289978027344,402785431453.881,72687522043.5865
914.0625,409.854598999024,449619403564.942,85348783274.251
915.625,410.029998779297,437362831419.999,81041712075.0088
917.1875,410.519989013672,491304518373.377,126533254893.162
918.75,410.279998779297,413232686084.631,81609683098.7422
920.3125,410.750758244441,416871305924.062,131029541601.648
921.875,411.019989013672,411572908595.938,93250454382.1555
923.4375,411.260009765625,483257517411.969,125995651176.183
925,411.260009765625,519200978704.459,79751274466.2207
926.5625,411.510009765625,506050713494.194,97896877776.3819
928.125,411.75,399635574341.705,75693969116.8835
929.6875,412,579653993941.995,63117712858.7741
931.25,412,490602281528.147,60693634620.1452
932.8125,412.489990234375,503114243985.659,109615262064.538
934.375,412.739990234375,462003670866.169,125126887280.756
935.9375,412.989990234375,529287079249.905,101156490293.441
937.5,413.47998046875,515817662663.263,87463784641.5315
939.0625,413.47998046875,552140532565.431,131103820933.768
940.625,412.99614070012,585590694022.874,78050859206.4076
942.1875,413.47998046875,325549846712.997,103907664078.713
943.75,413.720001220703,605507677829.864,108418864623.429
945.3125,413.720001220703,597145115836.92,132350962804.085
946.875,413.989231989934,523672255746.91,86036183748.2458
948.4375,414.441530667818,422105942188.378,89808805127.2362
950,414.459991455078,552204380143.573,116099663823.03
951.5625,414.894622802734,590633787552.763,98222907954.1044
953.125,414.950012207031,656576742852.848,89628580456.812
954.6875,415.200012207031,510838416711.516,94100176750.01
956.25,415.450012207031,688047975445.219,103621257366.759
957.8125,415.450012207031,586995167713.332,95233440657.879
959.375,415.450012207031,645596862727.748,102105766399.303
960.9375,415.770002441406,531249700163.106,106292538907.814
962.5,416.429992675781,699219398304.748,131509753065.037
964.0625,416.429992675781,557438929893.556,81083035695.4187
965.625,416.196152907151,660470753004.849,76719691574.9348
967.1875,416.679992675781,547496010570.095,128314566648.439
968.75,416.929992675781,573461817034.214,105977840539.278
970.3125,417.169982910156,592858092696.297,105353639110.944
971.875,417.169982910156,612402005068.541,151917215332.246
973.4375,417.621574707031,531266008114.976,132214053495.197
975,417.659973144531,598804893325.614,92027466767.75
976.5625,417.909973144531,648022638125.48,141586374515.694
978.125,417.909973144531,603720205184.887,116743931470.877
979.6875,418.159973144531,706752028296.181,115237480297.701
981.25,418.399993896484,602315818008.761,76637800435.3488
982.8125,418.769993896484,614700085309.989,65455728318.9848
984.375,418.899993896484,638035055777.338,81797918783.3669
985.9375,418.899993896484,615466169733.36,128127573451.339
987.5,419.358764648438,729158635079.041,132002786361.929
989.0625,419.640014648438,629765431807.182,145748538065.078
990.625,420.130004882813,820444493641.864,160621445792.62
992.1875,419.880004882813,696857383970.825,82651951275.7492
993.75,420.130004882813,673738677708.711,92078846084.882
995.3125,420.139235276443,618211096507.469,122347962393.028
996.875,420.369995117188,755395317921.436,101631699203.826
998.4375,421.109985351563,780674460120.356,106166325089.34
1000,421.359985351563,672408087259.079,125154245410.889
1001.5625,421.109985351563,678983263121.382,54948368218.634
1003.125,421.321523813102,707999651499.953,93025221247.5923
1004.6875,421.849975585938,768800973444.268,54489619687.3114
1006.25,421.849975585938,721881222371.514,110103904291.757
1007.8125,421.969975585938,846045642190.17,110897395130.773
1009.375,422.1384371244,770284737521.404,121798647487.6
1010.9375,422.349975585938,772822592238.218,153726489342.338
1012.5,422.763073260968,711539818027.836,129024294287
1014.0625,422.839996337891,866470465134.958,94262981964.0558
1015.625,423.089996337891,858363293454.583,103265304365.152
1017.1875,423.339601956881,751373612613.146,119126509788.119
1018.75,423.704986572266,823380963150.397,48681946930.2145
1020.3125,423.829986572266,772311984641.749,130495221988.611
1021.875,424.070007324219,798803971282.369,134688023581.728
1023.4375,424.320007324219,803345584477.98,168677937060.05
1025,424.070007324219,654128214185.4,100441887549.598
1026.5625,424.320007324219,984376178523.354,117669716825.723
1028.125,424.579606933594,865449163427.688,142190995088.771
1029.6875,424.809997558594,961078690391.009,168375714055.27
1031.25,425.059997558594,827530363614.969,130831149958.702
1032.8125,425.309997558594,856150970546.244,112357621516.373
1034.375,425.309997558594,897048091176.341,92064441835.1291
1035.9375,425.549987792969,957628715055.825,87134058786.5129
1037.5,426.049987792969,886323601363.811,137485080795.003
1039.0625,425.799987792969,981761693735.619,103819347713.89
1040.625,426.049987792969,907198039299.928,132571484154.502
1042.1875,426.539978027344,985113064359.162,163188062195.973
1043.75,426.789978027344,977673394019.101,139993263184.846
1045.3125,426.789978027344,898197174554.232,116030025141.444
1046.875,427.279998779297,954373094170.913,107214275779.003
1048.4375,427.279998779297,936163405850.306,163478234287.986
1050,427.279998779297,930945185680.776,110975066187.084
1051.5625,427.529998779297,946268647692.046,150359726814.731
1053.125,427.529998779297,932221877700.617,164674897458.104
1054.6875,427.693192138672,1101196656112,151123357889.401
1056.25,428.221912090595,987768665083.903,136623727161.809
1057.8125,428.269989013672,974162382821.625,172500869525.556
1059.375,428.269989013672,1132157194593.57,122913031451.576
1060.9375,428.510009765625,1118751625585.06,120528358372.114
1062.5,428.760009765625,964906127763.359,111314987450.962
1064.0625,429.010009765625,1074768344020.85,150906882365.35
1065.625,428.760009765625,911411287342.641,135852416314.369
1067.1875,429.25,1079364591018.08,109834048306.729
1068.75,429.7,1027529528086.06,134862975677.594
1070.3125,429.957303560697,1154053107265.63,137626218465.646
1071.875,429.989990234375,1187886354191.92,160228960264.636
1073.4375,430.369990234375,1173267854227.39,137889323400.791
1075,430.72998046875,1191780364343.92,158401603804.288
1076.5625,430.72998046875,1178885402931.89,173516306840.106
1078.125,430.97998046875,1100941265799.43,181073412354.274
1079.6875,430.75998046875,1073762571636.45,88469650703.7841
1081.25,431.22998046875,1177353407113.82,122794532563.864
1082.8125,431.470001220703,1038122732397.47,129708749359.336
1084.375,431.970001220703,1229571382486.02,140733964298.913
1085.9375,431.950770451472,1245785898875.44,164023645123.253
1087.5,431.970001220703,1261106549170.87,189412855447.726
1089.0625,432.220001220703,1240742805345.55,119287813122.246
1090.625,432.402393798828,1254055393074.1,135045289489.047
1092.1875,432.459991455078,1292833258590.15,115958747831.703
1093.75,432.709991455078,1281023532977.86,165696601786.927
1095.3125,433.200012207031,1376714095803.49,181396323384.447
1096.875,433.20894077846,1230848161020.2,102090303934.873
1098.4375,433.450012207031,1289641398769.04,146982421897.502
1100,433.478858360877,1244828358231.98,130518536132.039
1101.5625,433.940002441406,1383863813354.73,129051205072.567
1103.125,433.940002441406,1390566597858.98,177543482301.339
1104.6875,434.190002441406,1328581500289.03,154751461013.735
1106.25,434.440002441406,1298833892763.5,197779032923.563
1107.8125,434.670762282151,1378555380363.91,158749400764.978
1109.375,434.929992675781,1335348132371.43,170770738506.078
1110.9375,434.929992675781,1304387593889.86,154514325570.243
1112.5,435.179992675781,1357946195374.38,138868567606.672
1114.0625,435.179992675781,1282788100953.04,188693282038.36
1115.625,435.429992675781,1404674490227.04,168749813895.317
1117.1875,435.545187988281,1507833748951.62,163555600164.75
1118.75,435.919982910156,1420952681165.94,152602289757.58
1120.3125,436.169982910156,1400205851871.76,139485752358.317
1121.875,436.409973144531,1460725439888.95,169881992504.591
1123.4375,436.659973144531,1465829482766.81,201896885547.457
1125,436.909973144531,1424683546913.49,133842466516.091
1126.5625,436.909973144531,1409298811125.5,174688046366.628
1128.125,437.149993896484,1360783346428.03,162493427862.926
1129.6875,437.399993896484,1525895822190.65,178385658374.148
1131.25,437.399993896484,1505781066617.22,190967727863.146
1132.8125,437.679993896484,1679106694118.78,157276736933.107
1134.375,437.899993896484,1616352008294.95,182935502662.217
1135.9375,437.899993896484,1532410740819.65,164893755753.739
1137.5,438.390014648438,1641503476966.18,217809140681.382
1139.0625,438.390014648438,1542880013348.28,208281628196.17
1140.625,438.843083308294,1520029393377.18,149135042622.806
1142.1875,439.000004882813,1619674980588.52,188766475152.053
1143.75,439.130004882813,1596502462410.95,170573972102.633
1145.3125,439.130004882813,1658679102715.32,180770816306.848
1146.875,439.168466421275,1692256872814.71,173283433792.124
1148.4375,439.869995117188,1701513214387.31,203917980940.209
1150,440.119995117188,1769690315836.37,143288870024.835
1151.5625,440.168072040265,1767073084218.55,189426903620.606
1153.125,440.369995117188,1648848305968.11,158246854676.171
1154.6875,440.600754957933,1770201096461.5,181759526495.458
1156.25390625,440.859985351563,1726281748989.76,161995162361.845
1157.8125,440.859985351563,1863146732513.02,251606911849.831
1159.37890625,440.859985351563,1780905942870.18,196969431803.454
1160.9375,441.359985351563,1747018412849.74,161531246321.126
1162.50390625,441.535362830529,1756284746827.87,198797222270.816
1164.0625,441.849975585938,1807417659429,228307496145.445
1165.62890625,441.849975585938,1814567376980.24,201446633854.506
1167.1875,441.957118443081,1958262840164.03,189268320125.091
1168.75390625,441.859590970553,1909555789474.97,177223991816.733
1170.3125,441.849975585938,1977541348189.6,163141581184.31
1171.87890625,442.339996337891,1847438686712.79,242261317239.849
1173.4375,442.589996337891,1932472917339.97,175842892273.6
1175.00390625,442.839996337891,1893136215406.37,200207421593.33
1176.5625,443.089996337891,2070742374553.68,202828891005.186
1178.12890625,443.579986572266,2037327587563.57,202389292848.126
1179.6875,443.829986572266,2046612315732.64,212220254677.494
1181.25390625,443.829986572266,2046917128818.17,234107734009.273
1182.8125,444.070007324219,2091287776850.82,221952817156.992
1184.37890625,444.223853478065,2116536421557.61,218789808581.531
1185.9375,444.320007324219,2198861970158.14,208675177968.835
1187.50390625,444.637315016527,2102175063658.68,214500976714.864
1189.0625,444.820007324219,2036011865845.8,193336316978.906
1190.62890625,445.059997558594,2240604879569.37,211937316700.042
1192.1875,445.309997558594,2106142482574.46,206511952407.592
1193.75390625,445.309997558594,2173391285224.79,201062611539.954
1195.3125,445.559997558594,2242781317629.88,231730226619.153
1196.87890625,445.799987792969,2200266270819.93,165444852678.783
1198.4375,446.219987792969,2241312996361.28,223147572188.417
1200.00390625,446.049987792969,2269911693537.59,208429553096.723
1201.5625,446.501910869892,2251782268889.91,173771185111.739
1203.12890625,447.039978027344,2366240732144.63,184681381958.114
1204.6875,447.280362642729,2269018000472.27,229294661630.884
1206.25390625,447.289978027344,2327811238221.11,196872195273.508
1207.8125,447.289978027344,2402435906890.52,203222116690.663
1209.37890625,447.731994628906,2392796652877.73,243653658244.305
1210.9375,447.847306471605,2509297892575.67,197048556039.733
1212.50390625,447.779998779297,2550619640316.22,240409216707.393
1214.0625,448.135768010066,2454522748161.68,300833526187.307
1215.62890625,448.519989013672,2509617130466.38,269410514464.414
1217.1875,448.769989013672,2517341303192.23,265806080742.752
1218.75390625,448.769989013672,2453121886444.65,273936502010.859
1220.3125,448.769989013672,2489763994237.53,239400249178.79
1221.87890625,449.269989013672,2460080061261.47,208822712247.745
1223.4375,449.269989013672,2647886587680.09,245018459400.868
1225.00390625,449.416088601817,2569566577562.48,266045513975.647
1226.5625,449.510009765625,2675336201478.51,262294272795.017
1228.12890625,449.640009765625,2600073057027.68,253318913405.458
1229.6875,450.48153921274,2706871368163.35,246160472334.159
1231.25390625,450.5,2734448677118.06,261297511681.753
1232.8125,450.75,2691359002104.84,245790752628.014
1234.37890625,450.55,2692924927871.24,194784359587.235
1235.9375,450.817307692308,2722511083320.83,238291253483.696
1237.50390625,451.25,2672654949253.88,272024106850.812
1239.0625,451,2736810518423.32,264655583286.608
1240.62890625,451.26919921875,2779524597513.55,264525134565.356
1242.1875,451.739990234375,2865181524681.01,257983918002.85
1243.75390625,451.989990234375,2808690087289.95,272172773493.013
1245.3125,452.22998046875,2929660138371.83,250058145069.412
1246.87890625,452.22998046875,2776899530292.54,275236088771.634
1248.4375,452.44998046875,2990049219516.89,311552864961.45
1250.00390625,452.47998046875,2991545514546.38,253269437116.845
1251.5625,452.72998046875,2885686027326.97,241815378890.834
1253.12890625,453.220001220703,2928035996785.97,248234196685.81
1254.6875,453.239231989934,2982005808900.32,257385667976.156
1256.25390625,453.310001220703,2971345166665.93,301662011390.551
1257.8125,453.690001220703,2989602459498.56,275739133613.351
1259.37890625,453.470001220703,3097447520424.58,300670754138.285
1260.9375,453.970001220703,2955574252521.67,229283035271.312
1262.50390625,454.459991455078,3024521028738.94,233189740084.483
1264.0625,454.709991455078,3129595455264.78,245844319303.705
1265.62890625,454.459991455078,3018383192727.69,294194386236.468
1267.1875,454.709991455078,3050183256406.72,252242164027.822
1268.75390625,454.959991455078,3212646446990.94,248578015018.911
1270.3125,454.959991455078,3188835626060.61,270659838480.912
1271.87890625,455.270012207031,3179782839737.65,265837306763.02
1273.4375,455.450012207031,3275780800967.44,279789420037.523
1275.00390625,455.480012207031,3318295674748.72,243940768627.116
1276.5625,455.950012207031,3311784259950.23,220659094933.244
1278.12890625,455.950012207031,3338304913331.55,255685228289.715
1279.6875,456.440002441406,3226240011646.19,254778109273.52
1281.25390625,456.555387056791,3293974073193.26,274083352497.486
1282.8125,456.770002441406,3354044089476.28,273764460260.863
1284.37890625,456.940002441406,3515805129729.6,276159808134.536
1285.9375,457.179992675781,3515613760023.84,324127872804.233
1287.50390625,457.439608060396,3550659678363.17,274799772163.429
1289.0625,457.679992675781,3574406824744.02,278565402518.8
1290.62890625,457.679992675781,3673991397721.64,264436752074.892
1292.1875,457.977675217848,3595153654038.19,260086625417.524
1293.75390625,458.169982910156,3515805112102.31,300544047034.788
1295.3125,458.381521371695,3700994251501.74,292746572155.087
1296.87890625,458.539982910156,3676608975396.8,288640748010.299
1298.4375,458.688443697416,3614623877826.85,269269391613.273
1300.00390625,458.909973144531,3724230617257.45,305835658214.656
1301.5625,459.159973144531,3649925186478.75,278613885594.14
1303.12890625,459.409973144531,3827500503536.52,260264289073.521
1304.6875,459.409973144531,3734721669769.54,295098829668.151
1306.25390625,459.619973144531,3762468568446.55,280592198105.408
1307.8125,459.409973144531,3791641893826.13,312039134739.637
1309.37890625,460.149993896484,3888786658672.99,300030938524.478
1310.9375,460.399993896484,3900865893845.2,283917546358.13
1312.50390625,460.649993896484,3994130767787.43,265463790709.166
1314.0625,460.890014648438,3965021116957.31,289633883762.251
1315.62890625,460.890014648438,3912437800260.13,297134313826.831
1317.1875,461.140014648438,3963594214425.89,294805768692.995
1318.75390625,461.390014648438,4010217242963.23,243296400717.67
1320.3125,461.640014648438,4019409909986.36,300993035237.402
1321.87890625,461.713857797477,4202470776666.46,285532815195.792
1323.4375,461.880004882813,4080280400140.32,294933242066.973
1325.00390625,462.130004882813,4217043357526.33,297734474496.201
1326.5625,462.130004882813,4217110734673,297266680242.798
1328.12890625,462.130004882813,4267413974815.61,313764267089.843
1329.6875,462.130004882813,4175170316066.33,334679716247.319
1331.25390625,462.630004882813,4262885340986.96,294322242975.643
1332.8125,462.869995117188,4289565104771.57,299313224707.159
1334.37890625,463.369995117188,4291224795745.93,313162689267.224
1335.9375,463.369995117188,4415450381198.39,299998843365.944
1337.50390625,463.776911808895,4290839782845.87,364039706212.116
1339.0625,463.859985351563,4544846409279.69,302427865492.789
1340.62890625,464.109985351563,4513694328063.69,256083303018.591
1342.1875,464.359985351563,4570700352710.56,320795457181.904
1343.75390625,464.542677659255,4564827413693.49,346355430026.702
1345.3125,464.609985351563,4558443694051.29,339616103136.289
1346.87890625,464.849975585938,4583148381075.6,340327473286.735
1348.4375,465.253821739784,4606384746831.31,317278687664.755
1350.00390625,465.599975585938,4673705016052.7,358802054526.957
1351.5625,465.349975585938,4775551067977.12,341726372380.934
1353.12890625,465.349975585938,4674944933749.22,335357079421.218
1354.6875,465.839996337891,4583467445937.64,327882901696.379
1356.25390625,465.839996337891,4662049799308.52,314128410830.444
1357.8125,466.089996337891,4864347303564.06,349140445372.216
1359.37890625,466.339996337891,4761315307424.1,340029135751.085
1360.9375,466.089996337891,4946121689784.71,336103824848.206
1362.50390625,466.989986572266,4961279398227.38,345998294939.819
1364.0625,467.109986572266,4910126925492.44,399653850290.034
1365.62890625,467.329986572266,4963868201992.21,293651251778.979
1367.1875,467.329986572266,5003318738080,388093326305.675
1368.75390625,467.579986572266,4997892905138.59,415008033419.035
1370.3125,467.820007324219,4968336494290.15,390410724465.291
1371.87890625,468.087864467076,4942444681859.28,380409835986.635
1373.4375,468.070007324219,5140090999866.3,350803200903.636
1375.00390625,468.320007324219,5147652677045.21,346904630106.537
1376.5625,468.570007324219,5223043343623.66,324878156310.775
1378.12890625,468.809997558594,5104480735065.59,340258305354.309
1379.6875,468.598806152344,5193168213970.5,369006361219.375
1381.25390625,469.059997558594,5146886852164.84,345835239327.283
1382.8125,469.309997558594,5263515787019.06,320639526888.341
1384.37890625,469.454228327825,5237509972812.47,366200013608.924
1385.9375,469.781527005709,5192146652720.23,406427134230.607
1387.50390625,469.799987792969,5299774636314.42,327945513634.235
1389.0625,470.242295485277,5454641522357.74,382189583313.474
1390.62890625,470.049987792969,5445995959759.68,404328265833.588
1392.1875,470.299987792969,5450364599765.55,369032858285.315
1393.75390625,470.530757023738,5388560413075.44,322096101748.542
1395.3125,470.789978027344,5542991343983.69,365928325728.989
1396.87890625,471.039978027344,5539304978289.44,337498554654.251
1398.4375,471.039978027344,5528691562823.87,359390534720.02
1400.00390625,471.539978027344,5657794379283.62,376023012868.536
1401.5625,471.539978027344,5734819229653.26,405962471797.984
1403.12890625,471.779998779297,5665245312438.11,398868078367.715
1404.6875,471.751196289063,5705198798198,384851606651.445
1406.25390625,472.029998779297,5815125294605.31,337449097017.769
1407.8125,472.279998779297,5902899968941.98,365206062222.22
1409.37890625,472.43517119309,5726009994156.32,405705963585.49
1410.9375,472.568397216797,5987164237681.51,426470127290.282
1412.50390625,472.769989013672,6007272245136.92,376728420366.627
1414.0625,473.019989013672,5982248839307.9,361428275377.901
1415.62890625,473.519989013672,6029296025993.93,392575479450.288
1417.1875,473.760009765625,6005293489300.52,409382228355.268
1418.75390625,473.760009765625,5986206350980.71,415122489035.466
1420.3125,473.760009765625,6146818480884.81,381870693683.04
1421.87890625,474.010009765625,6171714537614.88,382362726816.823
1423.4375,474.260009765625,6163416082743.08,378867917962.614
1425.00390625,474.370009765625,6450040838172.95,382471274306.449
1426.5625,474.26962515024,6369607424121.95,388364205142.982
1428.12890625,474.75,6207462952342.44,406841564631.096
1429.6875,475,6243850188908.75,386982598977.272
1431.25390625,475.182692307692,6482597912165.39,398109697280.638
1432.8125,475.25,6443657464588.1,404597946181.962
1434.37890625,475.25,6399477854316.49,413497580673.593
1435.9375,475.624794921875,6340130260403.01,416225431423.735
1437.50390625,475.989990234375,6420631531052.28,445029121642.792
1439.0625,476.239990234375,6566223359066.21,403259845067.422
1440.62890625,476.489990234375,6757732179873.73,427992768616.558
1442.1875,476.72998046875,6636443236958.44,417834935679.358
1443.75390625,476.72998046875,6725813927720.04,429660348969.157
1445.3125,476.584219125601,6793480594601.25,438716896542.869
1446.87890625,477.34998046875,6986833405921.29,461771044014.135
1448.4375,477.47998046875,6764406155104.9,471501113393.409
1450.00390625,477.720001220703,6997737279851.98,448253972921.73
1451.5625,477.664611816406,6899917405594.28,424768999263.504
1453.12890625,477.970001220703,6954986244542.03,404339654212.392
1454.6875,478.220001220703,6999671935980.11,433798831362.471
1456.25390625,478.430001220703,7039616547640.38,426016107815.49
1457.8125,478.564283098493,6977012447800.39,475585560405.941
1459.37890625,478.709991455078,7105690866196.35,441506682541.726
1460.9375,478.709991455078,7150325227923.39,486394867970.529
1462.50390625,478.74845299354,7029036285008.17,440197091237.063
1464.0625,479.209991455078,7116492586597.43,385887181114.711
1465.62890625,479.459991455078,7216076813517.72,423972402972.203
1467.1875,479.700012207031,7284381610123.07,504473989153.122
1468.75390625,479.209991455078,7360771384346.09,464997026327.718
1470.3125,480.219242976262,7432481691055.33,439315665047.741
1471.87890625,480.344242976262,7446526081902.6,430868372258.822
1473.4375,480.450012207031,7404394293590.16,486959676921.258
1475.00390625,480.450012207031,7509231951851.49,480825077866.456
1476.5625,481.136431012835,7476529252769.34,478910972638.033
1478.12890625,480.940002441406,7554409455809.37,459694381926.086
1479.6875,481.190002441406,7639949983997.07,426801092873.33
1481.25390625,481.679992675781,7673145187713.58,472642843478.609
1482.8125,481.929992675781,7615053927266.98,477946155064.462
1484.37890625,481.929992675781,7704424618028.51,434477777974.651
1485.9375,482.179992675781,7882527869827.58,457310803701.244
1487.50390625,482.179992675781,7812307991935.29,435204823326.04
1489.0625,482.179992675781,7901678682696.82,454223982596.596
1490.62890625,482.669982910156,7980806128439.75,439079864074.894
1492.1875,482.919982910156,8065345179517.51,491873130579.11
1493.75390625,483.169982910156,8146810471653.04,463509402974.668
1495.3125,483.419982910156,8125744577496.85,453292849445.44
1496.87890625,483.659973144531,8148703743812,461256033037.426
1498.4375,483.949973144531,8182133690059.93,462909042242.015
1500.00390625,483.909973144531,8237458113977.45,495119255100.48
1501.5625,484.409973144531,8189580389689.54,482642131195.492
1503.12890625,484.159973144531,8182736778775.36,475354713030.634
1504.6875,484.409973144531,8360023316340.87,458420267692.616
1506.25390625,483.909973144531,8358369807140.05,490397545363.393
1507.8125,484.779993896484,8384673456077.87,476270165717.37
1509.37890625,484.899993896484,8529828113268.08,509367147604.597
1510.9375,484.899993896484,8428966934784.97,502270142722.492
1512.50390625,485.149993896484,8440457422506.54,479657522651.996
1514.0625,485.593856811524,8492164617253.6,501208593759.603
1515.62890625,485.640014648438,8629413032303.05,485195948250.106
1517.1875,485.890014648438,8783258357096.09,491849884196.579
1518.75390625,486.300014648438,8942210796025.86,486572088472.3
1520.3125,486.503089317909,8829859129821.12,505399740780.824
1521.87890625,486.880004882813,8813899657686.96,502820537611.935
1523.4375,487.033851036659,8993279861048.85,508838009656.136
1525.00390625,487.120389498198,8897525104587.71,495058478992.365
1526.5625,487.380004882813,9197556121140.76,542584015382.761
1528.12890625,487.380004882813,8930407955224.18,499818548551.58
1529.6875,487.380004882813,9085842584660.15,490631065768.122
1531.25390625,487.869995117188,8965675902975.81,539285378056.73
1532.8125,488.071918194111,9101485371076.46,534318502289.987
1534.37890625,488.023841271034,9225644210720.61,478376958868.864
1535.9375,488.369995117188,9326505389203.71,545402237502.799
1537.50390625,488.369995117188,9425451486399.93,580511075180.724
1539.0625,488.639985351563,9282458519604.39,496014598029.026
1540.62890625,489.109985351563,9466945144988.31,493250101408.866
1542.1875,489.109985351563,9505885592565.6,510836280357.854
1543.75390625,489.349975585938,9540409971789.85,573364072108.012
1545.3125,489.759975585938,9538898034752.58,522611969413.435
1546.87890625,490.339996337891,9653347543773.79,567112048528.323
1548.4375,490.839996337891,9759953966117.68,577763640151.509
1550.00390625,490.589996337891,9666753112782.25,567147752542.311
1551.5625,491.089996337891,9781657989998,526630881520.111
1553.12890625,490.589996337891,9582805257186.37,566651186787.055
1554.6875,490.647688645583,9760592095841.75,544034589570.921
1556.25390625,490.839996337891,9806554738842.71,517639853981.649
1557.8125,490.383474598761,9715907096518.36,539560281615.388
1559.37890625,491.214791259766,9726148661807.14,553980661629.914
1560.9375,491.579986572266,9920183356610.26,614940408113.347
1562.50390625,491.579986572266,9954654819774.97,576206715490.511
1564.0625,491.829986572266,9964230226209.65,542638343065.454
1565.62890625,492.079986572266,10001417623465,535699023157.103
1567.1875,492.079986572266,10116160469715.8,579459959505.257
1568.75390625,492.570007324219,10217021648198.9,547590425851.565
1570.3125,492.570007324219,10243194656491.8,547726915410.821
1571.87890625,492.820007324219,10291063971370.1,589193817107.066
1573.4375,493.070007324219,10367141925333.3,592920150332.331
1575.00390625,493.309997558594,10456270712718,597351022786.153
1576.5625,493.559997558594,10560368401718.7,554542809815.632
1578.12890625,494.049987792969,10418106567555.7,545994695250.315
1579.6875,494.049987792969,10638341607667.2,580219867512.103
1581.25390625,494.299987792969,10542538581939.5,584718606848.24
1582.8125,494.299987792969,10620948982340.9,603155664648.391
1584.37890625,494.549987792969,10707923355835.4,593962575596.063
1585.9375,494.589987792969,10762183761593.4,574935398412.574
1587.50390625,494.549987792969,10781973396301.5,538897248593.732
1589.0625,495.039978027344,10811337745329.5,576165998856.482
1590.62890625,495.289978027344,10695671313256.5,600629316410.265
1592.1875,495.039978027344,10991994900254.2,595504957521.612
1593.75390625,495.539978027344,11073929357998.3,563238204837.555
1595.3125,495.539978027344,11367820063730.4,620883767314.873
1596.87890625,495.789978027344,11156053761206,611650368347.203
1598.4375,496.029998779297,11309083834410.7,612303384867.164
1600.00390625,496.529998779297,11104973547729.7,601969548007.138
1601.5625,496.73192185622,11317475327870.2,607812154777.316
1603.12890625,497.019989013672,11400235922454.2,574522871551.623
1604.6875,496.808797607422,11479711306036,606389781284.655
1606.25390625,497.385373629057,11623230800479.8,598464034004.286
1607.8125,497.519989013672,11603103934704.9,559471423415.66
1609.37890625,497.760009765625,11573183953870.8,607675874326.347
1610.9375,497.974295479911,11556082693986.3,653913567747.323
1612.50390625,498.010009765625,11608128021557.5,581028266668.36
1614.0625,498.260009765625,11642174013562.7,602000652660.789
1615.62890625,498.702001953125,11873901845349.5,574424510323.646
1617.1875,498.510009765625,11810524644322.1,577928423411.417
1618.75390625,498.73153921274,11966855326363,612183010188.157
1620.3125,499,11923850607201.9,621515303374.876
1621.87890625,499.25,11778823410039.7,604273295514.25
1623.4375,499.489990234375,11895223899016,609990724144.765
1625.00390625,499.489990234375,12123445847216.1,599166497429.367
1626.5625,499.989990234375,12186666570427.1,603528040315.983
1628.12890625,500.239990234375,12231630040835.2,590915139823.111
1629.6875,500.239990234375,12275971589109.4,651341860180.562
1631.25390625,500.614595853365,12134997790460.8,653946507259.784
1632.8125,500.50998046875,12236490914011.5,647518223635.386
1634.37890625,500.72998046875,12217499846531.1,636729855312.309
1635.9375,500.97998046875,12269898045664.6,632718552151.4
1637.50390625,500.97998046875,12405242333455,659148967072.521
1639.0625,501.470001220703,12316478014822.4,624768989521.812
1640.62890625,501.720001220703,12493141692359.4,622910317102.148
1642.1875,501.720001220703,12398945459593.5,678611016064.932
1643.75390625,501.970001220703,12562882488473.7,644809608292.788
1645.3125,502.062305157001,12555015732732.3,639285211551.104
1646.87890625,502.279991455078,12603482187349.6,713030699304.097
1648.4375,502.929991455078,12835853986533.1,628107950151.84
1650.00390625,502.709991455078,12847841203346,643420813850.773
1651.5625,502.959991455078,12792873565702.1,684013742647.586
1653.12890625,503.344242976262,12876958668261.4,695714071978.218
1654.6875,503.469242976262,12983886112216.4,610745373272.315
1656.25390625,503.700012207031,12848549921777,691419586215.865
1657.8125,503.75539456881,12998981094247.8,709480024911.659
1659.37890625,503.940002441406,13033828157430.9,637958536221.835
1660.9375,504.190002441406,13011196999649.1,740581357053.928
1662.50390625,504.440002441406,13097874347271,674439187338.265
1664.0625,504.190002441406,13201682866318.9,675272629000.749
1665.62890625,504.440002441406,13172142048913.5,693725274924.49
1667.1875,504.929992675781,13175759539280.5,669631920014.487
1668.75390625,504.929992675781,13269778295030.8,644642920829.02
1670.3125,505.179992675781,13378772396310.8,616085633608.155
1671.87890625,505.276146521935,13357766807528.1,626933436312.258
1673.4375,505.669982910156,13561016700369,648449498849.357
1675.00390625,505.669982910156,13678759763261.9,698821305669.92
1676.5625,506.169982910156,13508115341420.9,662947033792.693
1678.12890625,506.419982910156,13652338049855,662286771609.18
1679.6875,506.551903357873,13668551666715.1,656506025887.999
1681.25390625,506.909973144531,13605945748985,677433106821.835
1682.8125,506.909973144531,13755592565346.3,688872696512.114
1684.37890625,507.159973144531,13761918201878.6,671633549990.794
1685.9375,507.399993896484,13806586832772.5,638308440260.262
1687.50390625,507.649993896484,13867752061697,663172258546.573
1689.0625,507.698070819561,13868951939560.5,645418649983.357
1690.62890625,507.649993896484,14092928164453.3,680855624303.52
1692.1875,508.140014648438,14056746897809.2,734108391045.547
1693.75390625,508.140014648438,14024723720669.5,715214807486.133
1695.3125,508.610014648438,13977413349659.9,682845162434.574
1696.87890625,508.640014648438,14055836102952,734331086212.564
1698.4375,508.82270695613,14083172291569.3,704867515284.424
1700.00390625,508.890014648438,14177629642910,686154146379.492
1701.5625,509.630004882813,14247741306714,730494028257.254
1703.12890625,509.630004882813,14450873069893,717265244011.745
1704.6875,509.630004882813,14379254868122.4,660949055699.498
1706.25390625,509.380004882813,14401342359293.5,746620890380.381
1707.8125,510.05268742488,14466980369206.8,729879240994.493
1709.37890625,510.30845289964,14524832982110.7,725763658513.964
1710.9375,510.609985351563,14528410515434.8,729951969797.845
1712.50390625,510.609985351563,14647600386655.4,760058771519.68
1714.0625,511.100369966948,14823191631934.8,746237615173.159
1715.62890625,511.28306227464,14682037724937.1,766092382257.537
1717.1875,511.599975585938,14701793965458.2,731323050744.113
1718.75390625,511.599975585938,14710590424259.8,674205442852.437
1720.3125,511.849975585938,14848325986018.9,752651828599.83
1721.87890625,512.099975585938,14865775445781.8,757710636434.48
1723.4375,511.849975585938,14780500980952.1,691675240620.61
1725.00390625,512.099975585938,14758342691003.5,758155610493.801
1726.5625,512.339965820313,14795827945492.3,736190551782.219
1728.12890625,512.589965820313,14918914055325,748349366827.963
1729.6875,512.839965820313,15038311429715.9,721076465748.719
1731.25390625,513.079956054688,15069774494884.8,739072355495.484
1732.8125,513.329956054688,15238819986293.1,761688842536.284
1734.37890625,513.579956054688,15133209116881,747561452567.71
1735.9375,513.579956054688,15086265011750.5,722407855672.729
1737.50390625,514.070007324219,15098855199473.5,759589502214.767
1739.0625,513.820007324219,15306964242107.8,780344719232.636
1740.62890625,514.243084247296,15373873159736.5,751160204389.937
1742.1875,514.320007324219,15193966316182.7,790469855441.706
1743.75390625,514.570007324219,15417687419481.6,733466074359.643
1745.3125,514.809997558594,15510569055641.8,749956736513.115
1746.87890625,515.059997558594,15464432382231.7,774677643898.664
1748.4375,515.309997558594,15397563143792.1,772061711052.917
1750.00390625,515.309997558594,15484545316463.2,741400512256.154
1751.5625,515.059997558594,15640598180129.1,729974109010.241
1753.12890625,515.059997558594,15738616596250.5,752692405572.826
1754.6875,515.857680100661,15807062387128.1,800631723167.3
1756.25390625,516.289978027344,15835554032454.3,741267982161.336
1757.8125,516.289978027344,15969758772106.6,735650137469.949
1759.37890625,516.789978027344,15870159900898.8,805894951014.078
1760.9375,516.789978027344,15827599074127.7,755258530224.209
1762.50390625,517.030029296875,16043957865092.9,715963237992.749
1764.0625,517.280029296875,16102813103014.4,755549242768.145
1765.62890625,517.130029296875,16219258544778.4,763019381616.449
1767.1875,517.530029296875,16307986177257.6,807906956635.057
1768.75390625,517.77001953125,16278613122435.3,742977697476.552
1770.3125,518.02001953125,16364946998220.8,870707564540.304
1771.87890625,518.02001953125,16240842538652.3,787913287274.222
1773.4375,518.760009765625,16278623198834.3,822970426095.883
1775.00390625,518.760009765625,16250996307838.4,803688391899.083
1776.5625,519.010009765625,16337937587595.5,806882907963.151
1778.12890625,519.010009765625,16406973618413.4,768335768653.701
1779.6875,519.47,16415424880220.7,760816777979.955
1781.25390625,519.36,16408931154947.2,751273973812.303
1782.8125,519.5,16392592369643.4,789243868564.416
1784.37890625,519.989990234375,16468173041855.6,742771272283.54
1785.9375,520.204275948661,16475792891568.5,741286462745.19
1787.50390625,519.989990234375,16625908153262.8,809432600290.324
1789.0625,520.239990234375,16657535449988.8,777401194438.016
1790.62890625,520.644596980168,16485238247179.4,799667295295.543
1792.1875,520.72998046875,16790393299509.4,756118370224.083
1793.75390625,520.97998046875,16795142051272.4,867278332699.775
1795.3125,520.97998046875,16793902891761.5,793914988914.952
1796.87890625,521.469970703125,16727787513818.3,791378341991.366
1798.4375,521.469970703125,16859396196892.1,794709713043.183
1800.00390625,521.719970703125,16816713285165.4,776588610816.389
1801.5625,521.969970703125,16978592924873.6,790270036016.355
1803.12890625,521.969970703125,16834840705298.2,742589379499.264
1804.6875,522.2099609375,16875764054250.6,786459035192.172
1806.25390625,522.344576322115,16955814421886.1,768061624109.078
1807.8125,522.7099609375,17172315888660.6,814793019748.623
1809.37890625,522.7099609375,17143743784210.4,785172038722.95
1810.9375,523.200012207031,17202044945404.4,802435517538.616
1812.50390625,523.200012207031,17095331541084.5,775032162474.641
1814.0625,523.690002441406,17188055460007.7,819089296933.312
1815.62890625,523.690002441406,17070933376868,809628523719.588
1817.1875,523.806073869978,17199714325185.1,814753554902.632
1818.75390625,523.940002441406,17277209930162.5,778169283678.932
1820.3125,524.429992675781,17474501325752.7,773552327536.646
1821.87890625,524.190002441406,17352325791610,831314660181.165
1823.4375,524.429992675781,17510548147684.6,761336197656.433
1825.00390625,524.929992675781,17391766517432,820576587716.287
1826.5625,525.169982910156,17633135532744.4,822725845845.386
1828.12890625,525.045187988281,17597602313081.4,837799794431.891
1829.6875,525.419982910156,17585722939614.7,818586955864.656
1831.25390625,525.659973144531,17604679249426.2,864562042796.785
1832.8125,525.689973144531,17758493175366.2,858409382345.643
1834.37890625,525.909973144531,17772413160962.4,813890257155.126
1835.9375,526.159973144531,17825177451053.6,870095261945.981
1837.50390625,526.381558931791,17760575318330.2,822117354213.867
1839.0625,526.650024414063,17813583372609.4,876296438279.774
1840.62890625,526.900024414063,17776472626887.8,826252114305.882
1842.1875,527.284245417669,17779372516151,823321135650.919
1843.75390625,527.44770695613,17857056021432.3,839637463988.389
1845.3125,527.640014648438,18091526676289.7,792437189052.351
1846.87890625,527.500014648438,18020368209765.8,852335307160.805
1848.4375,527.610014648438,17944532898156.5,802447778172.893
1850.00390625,527.774409179688,18206626188389.3,834053477363.106
1851.5625,528.130004882813,18083428826237.8,835004346309.971
1853.12890625,528.091543344352,18167263765714,798110014864.284
1854.6875,528.380004882813,18208291039366.7,807281005790.011
1856.25390625,528.380004882813,18160328143863.7,816166258005.633
1857.8125,529.109985351563,18171886859734.2,847195511460.794
1859.37890625,528.869995117188,18214067468532.2,857932334999.329
1860.9375,529.109985351563,18307040998924.8,809055740752.313
1862.50390625,529.359985351563,18427620398518.8,870855825588.053
1864.0625,529.479985351563,18501403091754.2,804338368939.095
1865.62890625,530.099975585938,18558674768419.3,801405100671.008
1867.1875,530.269975585938,18481232618525.3,852775760965.276
1868.75390625,530.506892277645,18653429261151.6,872279618993.453
1870.3125,530.839965820313,18445493975226,844732258736.218
1871.87890625,530.839965820313,18653429261151.6,854830644210.348
1873.4375,531.089965820313,18563619971882.2,859282240409.674
1875.00390625,531.089965820313,18643645767187.4,900957453617.181
1876.5625,531.301157226563,18677596074980.3,900365053103.605
1878.12890625,531.579956054688,18649401160577.6,836957780351.574
1879.6875,531.579956054688,18840299656020.6,894180974489.682
1881.25390625,531.820007324219,18632138165374.1,807745970438.281
1882.8125,532.070007324219,18891687019885.4,854242419525.947
1884.37890625,532.070007324219,18944236128628.7,873616462545.459
1885.9375,532.320007324219,18777085641817.9,863207190023.307
1887.50390625,532.320007324219,18931821587611.1,855426840049.599
1889.0625,532.809997558594,19052090898981.5,870600539933.408
1890.62890625,533.119987792969,19059906206475.9,819926576335.91
1892.1875,533.549987792969,19281220639140.5,863609166778.275
1893.75390625,533.439987792969,19088209482256.8,870507615725.363
1895.3125,533.549987792969,19274353631381.3,872604804255.13
1896.87890625,534.0400390625,19397895974427.1,893416874812.123
1898.4375,534.2900390625,19349867337723.6,885385365546.468
1900.00390625,534.2900390625,19289735038253.7,862818494404.215
1901.5625,534.2900390625,19256328694609.7,901424468875.775
1903.12890625,534.530029296875,19208479082494.5,910801415420.693
1904.6875,534.530029296875,19588024317310,869549048711.307
1906.25390625,535.27001953125,19558407876994.6,865280969820.336
1907.8125,535.02001953125,19491032364548.4,908763446644.677
1909.37890625,535.52001953125,19490709545888.5,889586761531.165
1910.9375,535.621553861178,19521870138244.2,870188332100.571
1912.50390625,535.760009765625,19684443522298,925398025176.6
1914.0625,535.760009765625,19604062119217.4,902370920588.88
1915.62890625,536.102313701923,19755135274790.6,889209853446.507
1917.1875,536.010009765625,19819045475792.6,915455664636.441
1918.75390625,536.5,19881009383503.2,874560786075.811
1920.3125,536.97114445613,20057299637147.2,917049260207.306
1921.87890625,536.989990234375,19940045661214.9,903951808283.104
1923.4375,536.989990234375,19845098186562.4,861288199264.847
1925.00390625,537.415367713341,19898652038313.9,898151582990.303
1926.5625,537.239990234375,19970895976143.6,878566485676.239
1928.12890625,537.701134314904,19966717782576.2,930104745753.503
1929.6875,537.97998046875,19966862628422.1,890880688877.265
1931.25390625,538.219970703125,20185073994459.5,915638496926.07
1932.8125,538.219970703125,20286618574467.6,874644720007.155
1934.37890625,538.219970703125,20303061199751.4,955069805054.828
1935.9375,538.6331640625,20346706818835.2,905588120712.017
1937.50390625,538.9599609375,20387502281257.1,909068927333.803
1939.0625,538.9599609375,20322902398919.1,918121919402.271
1940.62890625,539.056114783654,20350673511101.8,913108030246.017
1942.1875,539.449951171875,20338205223573.7,933795658630.501
1943.75390625,539.699951171875,20395708802817.7,915004707688.479
1945.3125,540.190002441406,20424937573238.6,911326925810.468
1946.87890625,540.190002441406,20548269309890.2,980350565545.084
1948.4375,540.440002441406,20572589714943.9,894245709346.81
1950.00390625,540.601594238281,20650602825889.4,912285255201.467
1951.5625,540.824223445012,20712996336570.7,875369755885.115
1953.12890625,540.929992675781,20699760330857.1,932131780547.322
1954.6875,541.068448580228,20582203538523.7,896551702723.964
1956.25390625,541.419982910156,20627122988473.3,971963889222.466
1957.8125,541.419982910156,20695241701310,916562250476.034
1959.37890625,541.910034179688,20640997285883.1,910330449998.176
1960.9375,541.725379356971,20677727624343.6,969804291986.435
1962.50390625,542.160034179688,20764700418697.9,929165295386.568
1964.0625,542.160034179688,20718398752716.7,939155309212.133
1965.62890625,542.650024414063,20752176176908.3,905501800074.255
1967.1875,542.400024414063,20905177105591,943933525609.788
1968.75390625,542.890014648438,20985769588341.7,957488590891.426
1970.3125,543.390014648438,21097260465049.2,925854405142.62
1971.87890625,543.390014648438,21076998226395.9,934041325610.439
1973.4375,543.630004882813,21064050700940.2,926078155100.499
1975.00390625,543.591606445313,20900103456447.3,935192089204.409
1976.5625,543.774235652044,21019566553536.5,958924466177.241
1978.12890625,544.119995117188,21061233077172.5,927635482851.963
1979.6875,544.369995117188,21071462792777.1,912264585368.289
1981.25390625,544.369995117188,20930216852614,921676774734.057
1982.8125,544.859985351563,20997602093803.9,905811069394.729
1984.37890625,544.859985351563,21097185336650.9,943194042250.007
1985.9375,544.859985351563,21007536711122.4,950027084249.981
1987.50390625,545.244379882813,21287876191632.8,937782116946.685
1989.0625,545.109985351563,21255287224653.7,992322574988.187
1990.62890625,545.599975585938,21355269273932.9,986272411326.032
1992.1875,545.349975585938,21519643531747.5,970294354330.803
1993.75390625,545.839965820313,21519762057251.5,970885174983.217
1995.3125,546.089965820313,21634549996061.6,944224978822.236
1996.87890625,546.792309100812,21547667786442.9,1001707709257.1
1998.4375,546.5184373122,21580727595751.6,973384025583.481
2000.00390625,547.070007324219,21606481983278.9,978158500158.972
2001.5625,546.950007324219,21543718091110.6,946472960899.411
2003.12890625,547.366159292368,21462388824097.5,918569002838.909
2004.6875,547.559997558594,21473657591402.5,969943528672.631
2006.25390625,547.559997558594,21649017948306.2,1009607294596.69
2007.8125,547.809997558594,21739943830942.1,933919069825.557
2009.37890625,547.809997558594,21527193715319.5,923647289631.96
2010.9375,548.299987792969,21937382125283,977116604155.884
2012.50390625,548.5400390625,21800117736984,950775251684.882
2014.0625,548.328793945313,21920811902649.2,985544573642.278
2015.62890625,548.299987792969,21965446451657.3,998568531667.987
2017.1875,549.030029296875,21981846893749.4,971256032316.131
2018.75390625,549.070029296875,21974166777089,932500336820.322
2020.3125,549.530029296875,22078972003796.5,1002083286346.03
2021.87890625,549.530029296875,22074833012763.8,945754873324.019
2023.4375,550.02001953125,21985571894672,992772217906.199
2025.00390625,550.02001953125,22009570030571.8,985410163412.52
2026.5625,550.260009765625,22112187781119.7,903241676838.655
2028.12890625,550.330009765625,22109400352878.8,978449430856.205
2029.6875,550.510009765625,22147859377199,927122619732.172
2031.25390625,550.75,22160612594854.7,993007784986.417
2032.8125,550.75,22306901717145.4,994732824893.59
2034.37890625,551,22252569629517.2,960332205309.046
2035.9375,551.48037484976,22360514744352.7,953571512273.248
2037.50390625,551.57638671875,22417004750010.9,1048870914332.04
2039.0625,551.489990234375,22482235148185,989153534568.627
2040.62890625,551.97998046875,22307816757953.9,948763284850.117
2042.1875,551.97998046875,22288755268569.2,946837755420.576
2043.75390625,552.450739933894,22398879492150.9,987822138512.411
2045.3125,552.469970703125,22492788438594,1002557278626.36
2046.87890625,552.7099609375,22282431899243.4,991964709861.954
2048.4375,552.7099609375,22342112980807.7,962862583991.919
2050.00390625,553.2099609375,22538877032974.4,929702304177.178
2051.5625,553.449951171875,22625448236186.5,951858610816.111
2053.12890625,553.449951171875,22649386413801.3,1037109981617.15
2054.6875,553.699951171875,22786192985785,1031570398871.41
2056.25390625,554.190002441406,22703635279907.8,1023475155116.14
2057.8125,553.921536959135,22718600827492.8,977795201947.638
2059.37890625,554.190002441406,22688667580218.4,989917000175.888
2060.9375,554.429992675781,22730238141839.4,1000598387737.36
2062.50390625,554.497300368089,22652626649312.1,999192397153.534
2064.0625,554.919982910156,22731901195699.6,975484081942.475
2065.62890625,554.919982910156,22777331691835.1,1008419262406.99
2067.1875,555.410034179688,22695319889763,997855045905.814
2068.75390625,555.410034179688,22745199863614.9,989935806175.574
2070.3125,555.660034179688,23000315309848.5,1023541943036.47
2071.87890625,555.853872445914,23015789371455.7,1025337492756.47
2073.4375,555.900024414063,23021315945954,1027121175836.54
2075.00390625,556.233097956731,23170412287301.8,1018703048441.63
2076.5625,556.390014648438,23088160266767.8,1057797103532.36
2078.12890625,556.640014648438,23080045176095.2,975505477829.068
2079.6875,556.889620267428,22992317604159.6,1003305662681.51
2081.25390625,557.130004882813,23067173203420.1,1050351297182.81
2082.8125,557.369995117188,23163237566216.9,1012564915191
2084.37890625,557.619995117188,23201859820343.2,1027030065535.59
2085.9375,557.684607872597,23165446514500.2,1064382077895.21
2087.50390625,557.619995117188,23225027186545.9,955802330300.504
2089.0625,558.109985351563,23275202492318.7,1004624239050.49
2090.62890625,558.109985351563,23269672227550.8,1002801174726.86
2092.1875,558.469975585938,23251496433337.9,1020872810016.66
2093.75390625,558.599975585938,23122382366240.7,1082309959105.65
2095.3125,558.692279522236,23145020838577.3,1000614830639.63
2096.87890625,558.909965820313,23424982797843.3,1003126430508.93
2098.4375,558.599975585938,23206723454923.9,1031866296299.33
2100.00390625,559.089965820313,23388146658084.8,1002778509268.83
2101.5625,559.118044339694,23459705276131.6,1012132753971.28
2103.12890625,560.070007324219,23302346808247.3,1032192238684.28
2104.6875,560.070007324219,23402461895161.4,1000853069676.13
2106.25390625,560.245384803185,23282910366425.7,1005202374975.35
2107.8125,560.799987792969,23444600934492.8,1036706651586.1
2109.37890625,560.587688739483,23502066433964.5,1017515971547.71
2110.9375,560.799987792969,23464105638615.8,1012896282944.69
2112.50390625,560.578843336839,23648819467209.2,977256843560.274
2114.0625,560.799987792969,23525163842377.7,987192685870.043
2115.62890625,561.338115985577,23460404114794.4,1033920319348.94
2117.1875,561.5400390625,23537812260759.2,986581330804.043
2118.75390625,561.780029296875,23586794424214.5,1010915652305.53
2120.3125,561.981952373798,23838131176585.6,1044485438153.4
2121.87890625,562.27001953125,23654859941883.1,1035395930882.05
2123.4375,562.27001953125,23878693511420.2,1039191698381.97
2125.00390625,562.27001953125,23807427694994.2,1026129056140.34
2126.5625,562.52001953125,23646073029222.7,1056249404267.14
2128.12890625,563.010009765625,23689280055946.6,1030734347596.75
2129.6875,563.010009765625,23900061627391.5,1061981550912.04
2131.25390625,563.269230769231,23925261773567.2,1063624765345.36
2132.8125,563.614777938179,24040774070775.1,1082638928552.83
2134.37890625,563.739990234375,23967965441520.6,1029673083423.81
2135.9375,563.816787109375,23928176295808.9,1019221302998.6
2137.50390625,564.22998046875,23899470831667.3,1033268515984.11
2139.0625,564.22998046875,23994949356856.9,1059421997994.57
2140.62890625,564.469970703125,23951550505562.7,1050588739134.49
2142.1875,564.9599609375,24041319815069.2,1042887949856.96
2143.75390625,564.719970703125,24137547692711.5,1032214241455.04
2145.3125,564.9599609375,24362086152442.6,1035462499780.36
2146.87890625,565.311495267428,24339602360874.5,1051570907279.31
2148.4375,565.449951171875,24374357220935.5,1059897636159.51
2150.00390625,565.699951171875,24333620294262.5,1075368425674.65
2151.5625,565.940002441406,24229357619686.4,1113415214941.15
2153.12890625,565.914282662528,24354340738605,1080388985702.18
2154.6875,566.679992675781,24403416797229.8,1076098659723.05
2156.25390625,566.429992675781,24276311898020.5,1032188684098.86
2157.8125,566.772296612079,24433942467922.5,1050813348214.7
2159.37890625,566.919982910156,24546093966125.2,1078927403587.61
2160.9375,567.160034179688,24516111616210.5,1099049113653.86
2162.50390625,567.300034179688,24373974504158.3,1044097474719.94
2164.0625,567.410034179688,24355977623208.5,1071634086443.16
2165.62890625,567.650024414063,24437213623761.4,1075587003523.98
2167.1875,567.650024414063,24567380182210.3,1055471912154.13
2168.75390625,568.140014648438,24531995463712.5,1104882964295.47
2170.3125,568.390014648438,24662041625339.3,1147358823299.97
2171.87890625,568.532006835938,24668021908744.3,1097687712806.58
2173.4375,568.880004882813,24611459055058.5,1099052127838.45
2175.00390625,568.630004882813,24568470705971.5,1098222358346.46
2176.5625,569.119995117188,24572280364798.9,1043826106123.62
2178.12890625,569.119995117188,24473720918169.9,1110484353564.66
2179.6875,569.359985351563,24667479547606.6,1112749934158.69
2181.25390625,569.609985351563,24725486506951.6,1056968697639.01
2182.8125,569.718055138222,24644096274103.8,1070646070829.3
2184.37890625,569.849975585938,24704923912666.1,1057317995764.2
2185.9375,569.849975585938,24693284036504.1,1045066491118.46
2187.50390625,570.339965820313,24816353388598.1,1117525288246.1
2189.0625,570.820725661058,24829926680629.8,1026464059680.08
2190.62890625,570.339965820313,24840773355843,1032650954306.08
2192.1875,570.829956054688,25067353236536.7,1025905172091.51
2193.75390625,571.079956054688,25012602100017.6,1072688032899.1
2195.3125,571.320007324219,25032747811153.2,1083549455747.97
2196.87890625,571.559997558594,25135627711855.3,1111685096288.29
2198.4375,571.809997558594,25179995813574.6,1157221386542.93
2200.00390625,571.809997558594,25164848877384.9,1136692368073.56
2201.5625,572.049987792969,25186486984395.2,1136054035891.95
2203.12890625,572.098064716046,25388712911443.7,1096328538768.39
2204.6875,572.63322265625,25415821342229.9,1143093888443.09
2206.25390625,572.7900390625,25546691686180.7,1058406933313.85
2207.8125,573.030029296875,25584123355802.3,1163615407017.8
2209.37890625,572.882342998798,25570164294189.8,1131198767637.68
2210.9375,573.52001953125,25398278815154.2,1072619657656.75
2212.50390625,573.760009765625,25384329317198.5,1090561230554.39
2214.0625,573.760009765625,25450277474800,1104492220007.92
2215.62890625,574.25,25467401704537.3,1084452152318.03
2217.1875,574.25,25555573123432.9,1060171018572.89
2218.75390625,574.2883984375,25591737441922.4,1097156429760.69
2220.3125,574.595759465144,25705341193947.1,1117976137778.22
2221.87890625,574.739990234375,25702800243950.2,1058201184554.47
2223.4375,574.841524564303,25445838443699.1,1147727946648.9
2225.00390625,574.776911808894,25494039100007.5,1063543316746.78
2226.5625,575.469970703125,25415399760024.9,1125273294298.04
2228.12890625,575.22998046875,25546691686180.7,1116929174067.42
2229.6875,575.469970703125,25497210785797.1,1137002093630.3
2231.25390625,575.7099609375,25747874664852.7,1118273544904.62
2232.8125,575.9599609375,25686297035766.1,1137080726421.22
2234.37890625,576.449951171875,25862177288079.3,1078682221563.11
2235.9375,576.237647423378,26000674367614.7,1102883546053.25
2237.50390625,576.690002441406,25879954992739.8,1133487215081.66
2239.0625,576.929992675781,25962013419929.6,1106494294722.61
2240.62890625,577.151146521935,26004261111679.6,1102439392687.75
2242.1875,577.419982910156,25859481070709.3,1148330160125.97
2243.75390625,577.419982910156,25778921866012,1117373820053.62
2245.3125,577.669982910156,25981070147071.8,1112636518973.53
2246.87890625,577.716146615835,25926335042723.8,1120421192869.24
2248.4375,578.150024414063,26071221535629.6,1119107887235.15
2250.00390625,578.400024414063,25971044548214.1,1125969344046.88
2251.5625,578.640014648438,26022918387398.7,1097582035650.16
2253.12890625,578.890014648438,26083298661591.6,1128510932048.08
2254.6875,578.890014648438,25974621052489.7,1086426351650.85
2256.25390625,578.890014648438,26151614027172.5,1035181528759.69
2257.8125,578.890014648438,26165313780881.9,1113971669474.04
2259.37890625,579.29615196815,26321143204517.5,1109923849117.27
2260.9375,579.684607872597,26190748279821.7,1100681498403.61
2262.50390625,579.859985351563,26263877260914.8,1126772310475.75
2264.0625,580.109985351563,26226362772555.9,1113470749851.17
2265.62890625,579.859985351563,26204102135097.5,1084688815274.9
2267.1875,580.349975585938,26334503446447.9,1165730311905.01
2268.75390625,580.589965820313,26326342515468.6,1141060379826.29
2270.3125,580.839965820313,26358046877396.3,1079575698767.4
2271.87890625,580.907163085938,26305237036863.4,1162592996054.22
2273.4375,581.320007324219,26389863537826.8,1151398830099.63
2275.00390625,581.570007324219,26509523040511.5,1071159354669.65
2276.5625,581.570007324219,26277882804833.7,1062920194280.42
2278.12890625,581.809997558594,26281253401631.8,1134259991424.59
2279.6875,582.049987792969,26288697261583.6,1148214523037.48
2281.25390625,582.299987792969,26242261582374.5,1134598931586.3
2282.8125,582.5400390625,26319233863602.2,1083098775260.38
2284.37890625,582.692028808594,26401315974362.1,1126988064290.03
2285.9375,582.607346754808,26518747758866.2,1149070210919.39
2287.50390625,583.030029296875,26628610855990,1180327050437.28
2289.0625,583.27001953125,26454145664231.8,1199053958133.02
2290.62890625,583.52001953125,26593922265448.3,1112862550674.87
2292.1875,583.552706204928,26632433878963.5,1108206501502.8
2293.75390625,583.944617638221,26627104853149.5,1103673912838.95
2295.3125,584.25,26559257482135.8,1123154943109.99
2296.87890625,583.914289202009,26315417980972.8,1192343539441.59
2298.4375,584.25,26582120102957.6,1143186879083.39
2300.00390625,584.489990234375,26528779111207.5,1166716374410.65
2301.5625,584.72998046875,26550916183359.5,1126887927021.34
2303.12890625,584.72998046875,26731029084877.8,1141806384533.67
2304.6875,584.97998046875,26669468513380.5,1155434501632.71
2306.25390625,585.219970703125,26826771266280,1206290148241.87
2307.8125,585.4599609375,26780882509283.3,1185815142668.52
2309.37890625,585.7099609375,26979789335847.6,1137963666857.08
2310.9375,585.802264873798,26887329548435.3,1147681459402.82
2312.50390625,586.199951171875,26787255948484,1155151150906.56
2314.0625,586.440002441406,26758576640590.3,1140585612434.88
2315.62890625,585.949951171875,26947903985138.5,1160544593122.05
2317.1875,586.679992675781,27137998706234.2,1157971719004.94
2318.75390625,587.000370905949,27085013685611.8,1189729375124.6
2320.3125,587.169982910156,27127111007131.4,1184030261661.63
2321.87890625,587.410034179688,27312263172801.4,1188483761349.39
2323.4375,587.410034179688,27041020491288.2,1214006969768.16
2325.00390625,587.660034179688,27220911889271,1131511756806.56
2326.5625,587.900024414063,27099177100900.9,1153062755247.51
2328.12890625,587.973867563102,27290553675010,1116051817773.38
2329.6875,588.390014648438,27441913424063,1203449565434.54
2331.25390625,588.390014648438,27263100815984.4,1142560284049.91
2332.8125,588.630004882813,27506442795432.1,1131903775162.51
2334.37890625,588.869995117188,27472021865874.7,1162700693159.91
2335.9375,589.119995117188,27529446939728,1184090127239.08
2337.50390625,589.129225510818,27435231864862.6,1231581060806.72
2339.0625,589.599975585938,27467469556447.8,1192405413828.14
2340.62890625,589.599975585938,27574177942821,1187598271601.41
2342.1875,589.919965820313,27534380530500,1154336325809.64
2343.75390625,590.256134033204,27581215373380.6,1169917759876.22
2345.3125,590.110834536346,27799252315743.2,1152240565368.9
2346.87890625,590.820007324219,27569069233474.9,1219130044368.07
2348.4375,590.810391939604,27558204131057.8,1199629633458.36
2350.00390625,590.570007324219,27378039019533,1200359943597.24
2351.5625,591.059997558594,27557566651120.9,1198177791947.23
2353.12890625,591.133840707633,27282252460688.9,1193690959263.67
2354.6875,591.299987792969,27513473252062.6,1180171621451.71
2356.25390625,591.299987792969,27497497720420.1,1110036299706.13
2357.8125,591.7900390625,27765990318781.5,1195478441450.95
2359.37890625,592.030029296875,27763173746925.4,1194877890211.03
2360.9375,592.030029296875,27757677526681.7,1186473064801.5
2362.50390625,592.280029296875,27826117822736.6,1147033416665.59
2364.0625,592.280029296875,27973933214235.9,1166357354691.87
2365.62890625,592.760009765625,27790297728259.3,1177985854762.95
2367.1875,593.25,27927852608434.7,1187179599297.2
2368.75390625,593.034404296875,27801155653569.8,1176919380052.96
2370.3125,593.489990234375,27963052146302.6,1169131962096.42
2371.87890625,593.72998046875,27951075879936.2,1206669406086.4
2373.4375,593.97998046875,28109204607376.4,1224041260178.85
2375.00390625,594.155357947716,28140400360165.5,1183722488702.09
2376.5625,593.489990234375,27914414574294.7,1194042661725.37
2378.12890625,594.219970703125,27736573535801.3,1199767267543.12
2379.6875,594.4599609375,27945773780491.6,1201541890132.71
2381.25390625,594.4599609375,27861945344036.4,1205010471891.43
2382.8125,594.4599609375,28176910364824.7,1195483938055.5
2384.375,595.180400390625,28254402092055.6,1196675397536.19
2385.9375,595.429992675781,28625005468112.4,1247245446578.24
2387.5,595.429992675781,28622440130722.7,1234308563860.68
2389.0625,595.497300368089,28735932072649,1269431117396.92
2390.625,595.919982910156,28713987943779.9,1191074660120.7
2392.1875,596.190034179688,28802778208056.8,1218097849057.96
2393.75,596.410034179688,28761692661767.4,1222949794217.67
2395.3125,596.650024414063,28780308187946.2,1231464381242.89
2396.875,596.650024414063,28614741478605.4,1279398368160.14
2398.4375,596.890014648438,28861847587705.4,1217977288113.14
2400,597.30308180589,28834878605428.4,1236988263492.33
2401.5625,597.300004882813,28937625357995.8,1247344915078.56
2403.125,597.130004882813,28807912240504.2,1196431045608.24
2404.6875,597.495200195313,28705213437853,1250477497886.88
2406.25,597.619995117188,28707139404214.1,1245055152735.89
2407.8125,597.619995117188,28812342197121.5,1226223275540.53
2409.375,598.349975585938,28956896169262.4,1335007604526.63
2410.9375,598.349975585938,28808555393338.8,1233216972802.46
2412.5,598.589965820313,29046195001860.9,1212393948078.08
2414.0625,598.878032977765,29098581357056.2,1241176870553.04
2415.625,599.236912653997,29197235993684.5,1259494544945.59
2417.1875,599.320007324219,29177304527529.4,1254755358007.17
2418.75,599.703991699219,28960108100974.6,1297363452045.08
2420.3125,599.799987792969,28884647086266.2,1253080375568.61
2421.875,600.049987792969,28898313762678.8,1284800533339.16
2423.4375,600.049987792969,28949188241627.8,1301622782983.77
2425,600.456186147837,28936341241825.9,1218523854358.58
2426.5625,600.400803786058,29332274439059.2,1266778252307.04
2428.125,600.530029296875,28851572055051.2,1225749291845.28
2429.6875,601.02001953125,29026277131747.5,1208335562949.13
2431.25,601.02001953125,29062901141919.1,1291716163506.35
2432.8125,601.260009765625,29301402421783,1249643316475.72
2434.375,601.260009765625,29091820879273.6,1242682539256.49
2435.9375,601.684607872596,29278250652039.7,1312093162599.96
2437.5,601.5,29236453483123.5,1332551334751.6
2439.0625,602.008451021635,29376661044900.1,1219034422806.17
2440.625,601.989990234375,29246099070806.1,1249798308439.27
2442.1875,602.22998046875,29310405942183.5,1264887840601.31
2443.75,602.7099609375,29475103378106.4,1262687410628.11
2445.3125,602.988759765625,29560281595532.8,1276121648929.3
2446.875,603.440002441406,29498916240497.6,1252508295454.57
2448.4375,603.199951171875,29390170079670.2,1239627473892.67
2450,603.440002441406,29202452788314.9,1265927134044.26
2451.5625,603.679992675781,29178592543926.3,1271164631248.88
2453.125,603.928911481585,29442284478044.3,1299604299707.18
2454.6875,603.919982910156,29393387011526.1,1255938396637.77
2456.25,604.169982910156,29393387011526.1,1262561674202.02
2457.8125,604.410034179688,29468515037968,1268155531075.84
2459.375,604.410034179688,29223593218884.4,1227482169174.07
2460.9375,604.227587890625,29324556114281.1,1312983287632.8
2462.5,604.794018554688,29299472336916.7,1251362973990.71
2464.0625,604.890014648438,29518214830253.7,1285993030287.23
2465.625,605.140014648438,29583882635592.4,1243357851104.64
2467.1875,605.619995117188,29674670050010.5,1286803570810.49
2468.75,605.619995117188,29661698705272.9,1233630504067.96
2470.3125,606.109985351563,29713312235484.8,1250158112058.62
2471.875,606.589965820313,29780305607152.8,1304406381022.73
2473.4375,606.349975585938,29826048883587.3,1323394326997.35
2475,606.617657001202,29884046940394,1255018867054.81
2476.5625,606.589965820313,29923363784950.4,1252428402699.33
2478.125,606.839558105469,30072941765308.6,1356707481017.64
2479.6875,607.070007324219,29955593403212.4,1272851906618.01
2481.25,607.559997558594,29920745388024.9,1304157789695.05
2482.8125,607.559997558594,30060045750742.1,1277161577157.98
2484.375,607.559997558594,29796413115738.6,1284680645199.75
2485.9375,608.0400390625,29952369994919.8,1301615016542.46
2487.5,607.928586687361,29755826205190.4,1263364948569.93
2489.0625,608.52041391226,29670528753488.6,1311916994691.67
2490.625,608.530029296875,29805941282632.2,1341562530048.72
2492.1875,608.568427734375,30038763450190.6,1330839076767.48
2493.75,608.77001953125,30042633856115.1,1308981264955.33
2495.3125,608.77001953125,30375568321660.8,1270814844897.75
2496.875,609.489990234375,30378152618542.6,1282194046750.87
2498.4375,609.489990234375,30438200114661,1288350173330.33
2500,609.739990234375,30407849939622.8,1324858190293.25
2501.5625,609.97998046875,30216149474585.9,1308365104895.62
2503.125,610.219970703125,30258093321854.3,1269519684160.23
2504.6875,610.4599609375,30190342068041.1,1303289022324.7
2506.25,610.4599609375,30332963048880.5,1294974086600.13
2507.8125,610.855722280649,30091655495938.2,1290650063627.57
2509.375,610.949951171875,30422055698590.1,1330998703044.95
2510.9375,611.190002441406,30544123756620.2,1302388356435.29
2512.5,611.309997558594,30487927381932.5,1307025285434.22
2514.0625,611.429992675781,30344581009829.3,1377810698278.89
2515.625,611.669982910156,30502781450543.1,1318572831111.58
2517.1875,611.910034179688,30427869261778.4,1303175118709.19
2518.75,612.160034179688,30360720974757.6,1347783808679.85
2520.3125,612.160034179688,30384606464836.1,1332484842097.08
2521.875,612.400024414063,30379443375941.1,1292292088923.56
2523.4375,612.640014648438,30408496785898.4,1328453374805.74
2525,612.880004882813,30447240272508.2,1311142478130.35
2526.5625,613.02769118089,30610021239827.3,1331265063569.27
2528.125,613.119995117188,30607437613142,1321462237229.59
2529.6875,613.552293043871,30844024607589.5,1318094907268.34
2531.25,613.609985351563,30838850278434.7,1323093985353.96
2532.8125,613.849975585938,30601984950402.4,1342381658115.92
2534.375,614.195561523438,30634953077777,1338526442028.69
2535.9375,614.588468111479,30743805359129.1,1341933346295.84
2537.5,614.570007324219,30633283354748.7,1333331428453.81
2539.0625,614.809997558594,30717301911741.7,1290320015627.23
2540.625,614.809997558594,30853952189866.1,1341919911343.75
2542.1875,614.809997558594,30787120622991.7,1328938067788.86
2543.75,615.031151404748,30832383201670.1,1298512281847.29
2545.3125,615.059997558594,30829370038037.9,1343563794085.52
2546.875,615.5400390625,30792294002449.4,1359430190320.27
2548.4375,615.7153907189,30959157658572.1,1349856876783.05
2550,616.04771071214,30817561177397.5,1315682730521.02
2551.5625,616.5,31208988219265.9,1339917140112.45
2553.125,616.5,31115761156264.7,1336319758021.06
2554.6875,616.75,31083666266982.3,1334394890665.56
2556.25,616.75,31252595617059.3,1317271513637.32
2557.8125,617.22998046875,31386464031591.8,1338248252270.92
2559.375,617.22998046875,31163019423037.6,1323579840288.28
2560.9375,617.469970703125,31144632007645.1,1357173641650.86
2562.5,617.949951171875,31222588509197.5,1328046770175.67
2564.0625,617.949951171875,31418864402419.7,1334926566990.39
2565.625,617.949951171875,31217345702838.6,1341642917570.93
2567.1875,618.199951171875,31460987619606.7,1300030632058.88
2568.75,618.440002441406,31388408511222.4,1320538268234.72
2570.3125,618.679992675781,31607495245401.7,1327497384136.63
2571.875,618.199951171875,31298603128352.1,1364352623574.56
2573.4375,618.833605957031,31431822779043.5,1385198588684.3
2575,619.233877328727,31333987798322.8,1361618689265.37
2576.5625,619.640014648438,31353423970295.8,1363277914893.51
2578.125,619.880004882813,31367981492856.7,1326385138882.36
2579.6875,620.130004882813,31449969999912.5,1393290051933.4
2581.25,619.880004882813,31639097865102.7,1386676166867.58
2582.8125,619.880004882813,31510246119533.8,1315358978560.73
2584.375,620.369995117188,31521266084833.1,1314610176595.62
2585.9375,620.168403320313,31647558424234.7,1331764244711.19
2587.5,620.369995117188,31517378124653.8,1388619266094.8
2589.0625,620.849975585938,31473136131927.5,1424156396540.2
2590.625,621.329956054688,31695694427317.4,1361587249537.66
2592.1875,620.849975585938,31896841847794.8,1310476291109.76
2593.75,621.570007324219,31948774821314.1,1347646630371.44
2595.3125,621.717693622296,32134097334927.5,1344514474262.58
2596.875,621.999997558594,31930598467376.1,1377041076650.33
2598.4375,622.059997558594,32162445368644.6,1335322773950.94
2600,622.299987792969,32202731837756.6,1408958087595.06
2601.5625,622.5400390625,32035781782814.6,1416528720862.06
2603.125,623.02001953125,32069542687298.9,1416464405958.97
2604.6875,623.02001953125,32028639551581.7,1340271218395.9
2606.25,623.260009765625,31981236695723.6,1385253857252.09
2607.8125,623.02001953125,32227424454662.4,1395155435236.98
2609.375,623.0776171875,31900087556392.6,1337019193770.69
2610.9375,623.5,32184536424116.6,1393081998383.68
2612.5,623.739990234375,32003964185852,1388092005981.71
2614.0625,624.469970703125,32566847740872.8,1363530746642.96
2615.625,624.22998046875,32601982010913.5,1422625001589.34
2617.1875,624.393173828125,32555135397817,1403157783298.98
2618.75,624.7099609375,32492036405520.9,1428968753698.74
2620.3125,624.949951171875,32493985646780,1394950598336.92
2621.875,625.106907771184,32447621480206.1,1370630212226.79
2623.4375,625.190002441406,32527813169220.7,1407823838036.97
2625,625.429992675781,32736060210516.4,1373188957634.7
2626.5625,625.660752516526,32965958155529.8,1437866879871.63
2628.125,625.669982910156,32778378998700.4,1447724096544.73
2629.6875,626.390014648438,32666892703576.2,1390382633170.09
2631.25,626.342016601563,32515713165799.5,1439084907143.06
2632.8125,626.390014648438,32390986721455.5,1408716688734.02
2634.375,626.843083308294,32472432634618.3,1419199426691
2635.9375,626.599243164063,32721085807916,1417148581709.24
2637.5,626.640014648438,32642330664852.1,1424019021081.3
2639.0625,627.119995117188,32630615223613.1,1415154060341.63
2640.625,627.119995117188,32564354877943.2,1397770620464.38
2642.1875,627.599975585938,32749730967082.2,1355666935582.24
2643.75,627.839965820313,32934686417148.7,1394207002616.32
2645.3125,628.079956054688,33164201318889.5,1390403205194.56
2646.875,628.204797363282,33291909627421,1454200424638.29
2648.4375,628.559997558594,33307564581783.4,1415951189624
2650,628.559997558594,33349967943628.2,1443481833482.5
2651.5625,628.559997558594,33016780607806.2,1440180647661.96
2653.125,629.0400390625,33215604669446.3,1391679882946.44
2654.6875,629.52001953125,33561190654268.1,1389684519728.89
2656.25,629.5740234375,33539881033080,1481032427379.1
2657.8125,629.52001953125,33249514848325.2,1394263759879.78
2659.375,629.52001953125,33251202030570.8,1418668514848.1
2660.9375,630.010009765625,33257994434062,1486654748531.15
2662.5,630.222308819111,33363017263581,1464186035027.57
2664.0625,630.25,33352576628380.9,1478834409407.67
2665.625,630.489990234375,33344116008243.5,1433310447343.8
2667.1875,630.969970703125,33713590186324.6,1531350326368.81
2668.75,630.969970703125,33631944911420.2,1497209203272.77
2670.3125,630.969970703125,33582387908226.8,1446442334272.66
2671.875,631.449951171875,33677442923639.4,1412579783481.96
2673.4375,631.449951171875,33554898299030.6,1478391810352.47
2675,631.2099609375,33587543174654.9,1464054266757.38
2676.5625,631.929992675781,33901127225670.3,1520501706548
2678.125,632.169982910156,33852239617040.1,1471805906551.32
2679.6875,632.650024414063,34028619095292.3,1483073796157.78
2681.25,632.650024414063,33878106408560.9,1427666562691.47
2682.8125,632.890014648438,33870408205270.2,1446381519838.25
2684.375,632.650024414063,33690726379332.6,1468011416492.51
2685.9375,633.130004882813,33698730242148.4,1438893170989.76
2687.5,633.369995117188,34076412400459.8,1466428056803.07
2689.0625,633.494790039063,34030581647416.3,1447862577436.3
2690.625,633.609985351563,33862565274748.5,1491894835469.37
2692.1875,633.859985351563,33990572642986.2,1456946546404.08
2693.75,634.099975585938,33897206732721,1478703109024.95
2695.3125,633.859985351563,34069166093613.5,1457770209034.63
2696.875,634.099975585938,33906357467469.8,1456355675467.57
2698.4375,634.608762207032,34284427786449.2,1516287849508.03
2700,634.820007324219,34115608147529.5,1477315589877.77
2701.5625,634.820007324219,34112324908382.9,1434814833291.56
2703.125,635.143071101262,34022079242039.4,1495317803055.12
2704.6875,635.098395996094,34059357825889.9,1518494102625.85
2706.25,635.5400390625,34200607078190.6,1432762250748.68
2707.8125,636.02001953125,34288353547291.7,1463849107712
2709.375,636.02001953125,34364290474153.2,1494686910468.13
2710.9375,636.407696063702,34467592165052.9,1497239886490.43
2712.5,636.260009765625,34239325236572.8,1533189935900.37
2714.0625,636.739990234375,34257208234534.3,1484748833990.62
2715.625,636.97998046875,34421909450389.4,1520156464878.34
2717.1875,637.219970703125,34326453606205.5,1484322618355.27
2718.75,637.4599609375,34351195693025,1466134009973.29
2720.3125,637.219970703125,34572563598928.2,1514671450402.25
2721.875,637.4599609375,34745031036725.1,1485262227341.98
2723.4375,637.699951171875,34912839840274.4,1494066683834.76
2725,637.940002441406,34666415680436.2,1520779653368.13
2726.5625,638.419982910156,34711495698955.4,1525023560679.71
2728.125,638.320676606277,34660370345601.1,1447689043004.69
2729.6875,638.458391113281,34844077460261.7,1484899708176.56
2731.25,638.660034179688,34752138635719.1,1524025998035.77
2732.8125,639.140014648438,35016459577459.2,1529929816760.74
2734.375,639.380004882813,34935105268906.4,1545432157507.58
2735.9375,639.619995117188,35021710035654.2,1483043784416.89
2737.5,639.859985351563,34845901256489,1498789239407.72
2739.0625,639.380004882813,34651195684384.1,1507403765886.83
2740.625,639.859985351563,34660859812613.5,1490190407292.71
2742.1875,640.099975585938,34728538541712.8,1489021143031.91
2743.75,640.099975585938,34675925464861.2,1539731125174.55
2745.3125,640.533804086539,34958722187073.8,1481839511789.98
2746.875,640.820007324219,34964626005735.4,1530731914460.16
2748.4375,640.820007324219,35311893461171.2,1471213395453.59
2750,640.820007324219,35221263657969.4,1513474567494.68
2751.5625,641.299987792969,35233739955913.6,1549066078768.57
2753.125,641.299987792969,35215446140617.8,1520541028717.95
2754.6875,641.70322265625,35248187614199.4,1507379501966.6
2756.25,641.780029296875,35211987071473.4,1582939379728.53
2757.8125,642.260009765625,35438694405566.4,1500215375929.76
2759.375,642.509599609375,35335541036632.1,1494809314652.45
2760.9375,642.260009765625,35288905793030.4,1493985439438.7
2762.5,642.739990234375,35439352730494.4,1508997225016.07
2764.0625,642.260009765625,35474183377205.3,1521628272449.58
2765.625,642.97998046875,35438694405566.4,1502875682556.13
2767.1875,643.4599609375,35391366095690.1,1573669008095.27
2768.75,643.219970703125,35527449570373.1,1507838131022.07
2770.3125,643.699951171875,35601052196952.2,1536766979911.03
2771.875,643.911169433594,35353278692298.4,1536785850861.02
2773.4375,643.940002441406,35423581840581.4,1569148123056.81
2775,644.179992675781,35366418815947.8,1508879428981.59
2776.5625,644.391184082031,35501130752488,1508091790619.59
2778.125,644.419982910156,35420018392960.5,1573173520279.96
2779.6875,645.140014648438,35860883357956.1,1508885205419.23
2781.25,644.660034179688,36041915655181,1565388028552.12
2782.8125,645.140014648438,36057060293327.7,1536106070268.56
2784.375,645.389604492188,36077023468724.9,1546520490523.74
2785.9375,645.721529447116,36223750653259.8,1589918546110.61
2787.5,645.859985351563,36169691555220.2,1556881315895.07
2789.0625,646.099975585938,36163103303005.5,1606085159913.76
2790.625,646.339965820313,35962906672597.2,1567507744769.65
2792.1875,646.339965820313,35956323079234.5,1550073994623.52
2793.75,646.579956054688,35939864744999.5,1580108349470.26
2795.3125,647.059997558594,36183193937588.1,1547063284132.68
2796.875,647.059997558594,36241509126851.4,1562114481819.05
2798.4375,647.3284375,36370690231846.8,1558307697092.21
2800,647.2900390625,36484771109395,1608188381922.88
2801.5625,647.530029296875,36348936916076.6,1570254377041.75
2803.125,647.530029296875,36435962732044.7,1538631467196.84
2804.6875,648.010009765625,36555641666411.4,1589734126907.78
2806.25,648.010009765625,36557048673505.5,1570771967276.21
2807.8125,648.25,36673440116690.5,1616797563569.57
2809.375,648.72998046875,36740099691647.5,1574641510653.98
2810.9375,648.72998046875,36778383765704.4,1578044227849.57
2812.5,649.163808969351,36827241639356.3,1609077198035.94
2814.0625,649.449951171875,36873410735259.9,1628373181166.06
2815.625,649.293034480168,36736799129882.8,1581052127336.31
2817.1875,649.690002441406,36969231536086.9,1550829487542.88
2818.75,649.929992675781,37059086476908.6,1580387086936.4
2820.3125,649.929992675781,37017024446919.2,1581649921944.37
2821.875,650.169982910156,37219039396581.6,1569708448852.55
2823.4375,650.410034179688,37232923030195.8,1635232592682.05
2825,650.650024414063,36981782645198.2,1585556384484.22
2826.5625,650.650024414063,37233585400813.3,1553496222358.38
2828.125,650.890014648438,37180695064045.4,1585218811855.97
2829.6875,651.130004882813,36802811686902.2,1580373209341.1
2831.25,651.369995117188,37020762968477.3,1602077488757.39
2832.8125,651.27769118089,36904794375341.7,1592148987109.29
2834.375,651.609985351563,37178051799865.7,1635681627489.44
2835.9375,651.839965820313,37558403624807.3,1591977961466.14
2837.5,652.246145395133,37520015148198.7,1607945213306.64
2839.0625,652.559997558594,37512073426862.4,1601689303235.79
2840.625,652.799987792969,37524647678451.4,1607157442488.95
2842.1875,652.799987792969,37538545705344.9,1633847045039.71
2843.75,653.0400390625,37482294592034.4,1624982320390.04
2845.3125,652.195166015626,37482752567527.4,1632736348474.55
2846.875,653.280029296875,37269952119255.6,1589522892786.23
2848.4375,653.455406775841,37509427190589.6,1607043746448.68
2850,653.760009765625,37585251089661.3,1642840069378.37
2851.5625,653.760009765625,37492022817475.7,1628448424174.65
2853.125,654.230390625,37743797114830.6,1666504309549.54
2854.6875,654.239990234375,37598738848084.6,1598778539148.67
2856.25,654.47998046875,37733198262247.8,1627386416420.41
2857.8125,654.774573692909,38069174105883.9,1637480982551.05
2859.375,654.76755859375,38131507738846.8,1638771504784.31
2860.9375,654.949951171875,38105646676987.7,1691896032750.6
2862.5,655.190002441406,37924853094468.9,1678436057981.66
2864.0625,655.669982910156,37886892947558.6,1634567515284.48
2865.625,655.669982910156,37817321672783.5,1649688834359.4
2867.1875,655.910034179688,37954488603610.6,1610723286226.28
2868.75,655.910034179688,37931911186585.2,1663309606657.53
2870.3125,656.205406775842,38031383446019.3,1606048506276.28
2871.875,656.390014648438,38041894533540.7,1598337929483.91
2873.4375,656.630004882813,38427439714755.2,1622409476422.95
2875,656.869995117188,38428766938046.6,1615545523700.4
2876.5625,657.109985351563,38552933157797.7,1625694293438.73
2878.125,657.579956054688,38374335496395.3,1638787446071.97
2879.6875,657.266372070313,38186559163224.9,1624675185077.92
2881.25,657.339965820313,38264359217542,1636054287487.07
2882.8125,657.644585242639,38457313750687.6,1631027775640.77
2884.375,658.059997558594,38641942362867.5,1615389757341.19
2885.9375,658.059997558594,38871889583121,1709616726074.68
2887.5,658.299987792969,38882506865592,1667965626650.51
2889.0625,659.01078913762,38973041464407,1701092841498.04
2890.625,659.02001953125,38940376002235.2,1696731303006.17
2892.1875,659.02001953125,38634633149858.6,1681334573596.71
2893.75,659.093862680289,38561859611971.6,1657174940966.07
2895.3125,659.489990234375,38536332039454,1672328339664.6
2896.875,659.489990234375,38768192187246.2,1686188434458.17
2898.4375,659.72998046875,38862582412399,1640262143957.2
2900,659.969970703125,39002892607895.7,1662829749840.17
2901.5625,660.2099609375,39117316792440,1703794068041.13
2903.125,660.2099609375,38921091518336.7,1705881209152.66
2904.6875,660.449951171875,38678482477592.3,1666080801999.4
2906.25,660.523813100962,38759551166407.3,1659928443763.9
2907.8125,660.929992675781,39011540688759.7,1709644863915.05
2909.375,661.013066218449,39065255707236.7,1692182528686.18
2910.9375,661.400024414063,39489504288090.2,1699938869839.51
2912.5,661.400024414063,39517488256607,1705144159870.6
2914.0625,661.640014648438,39616114190145.3,1674309978489.84
2915.625,662.119995117188,39526141003373.3,1666361010480.01
2917.1875,662.359985351563,39601450085556.9,1683515607805.13
2918.75,662.359985351563,39359829361715.8,1693594117975.82
2920.3125,662.599975585938,39336977740967.8,1674713896701.83
2921.875,662.839965820313,39548139267220.1,1685552751185.96
2923.4375,662.839965820313,39487250176462.2,1662781282708.57
2925,663.079956054688,39578459971238.9,1661687009627.02
2926.5625,663.079956054688,40079025792880.5,1675077822595.75
2928.125,663.079956054688,39932202963260,1653088061919.89
2929.6875,663.420776367188,39956223287677.1,1724072637634.85
2931.25,664.030029296875,39973572013218.4,1701904870410.36
2932.8125,664.030029296875,40040311012126.1,1747685535690.94
2934.375,664.27001953125,39841477831954.7,1769917589610.36
2935.9375,664.510009765625,39838559821475.4,1688428581617.71
2937.5,664.510009765625,39920860459530.1,1721507886649.14
2939.0625,664.75,39936207663932.8,1701239389309.11
2940.625,665.344765625,40215899117648,1689447146153.89
2942.1875,665.4599609375,40294048147273.8,1750316876731.08
2943.75,665.48765211839,40303087916906.5,1738851624977.17
2945.3125,665.4599609375,40340812870471.8,1729326356062.42
2946.875,665.709553222656,40217237204321.5,1714969058581.61
2948.4375,666.179992675781,40446392681211.3,1754407751115.12
2950,666.419982910156,40600821126170.6,1706706068994.59
2951.5625,666.650024414063,40650977745917.2,1717124031417.46
2953.125,666.650024414063,40692445769643,1728838778795.31
2954.6875,666.890014648438,40672903484813.2,1733917891392.36
2956.25,667.130004882813,40449841622230.1,1748714130475.18
2957.8125,667.360764723558,40730112712476.5,1710729507283.92
2959.375,667.609985351563,40868417600351.7,1741072927350.81
2960.9375,667.609985351563,40680404487748.4,1755423204680.02
2962.5,667.609985351563,40916609827155.4,1738072974387.89
2964.0625,668.079956054688,41195205364854.9,1793132282628.16
2965.625,667.933809720553,40962129834351,1792852704334.12
2967.1875,668.285688127791,41136248549944.1,1798493944573.99
2968.75,668.799987792969,41030519783972.8,1779880748146.84
2970.3125,668.947711651142,41290361811792.8,1743542979876.32
2971.875,669.243107722356,41440528777688.1,1779733498300.18
2973.4375,669.280029296875,41469363560329.6,1737697088031.27
2975,669.280029296875,41347333984154.5,1757635158298.31
2976.5625,669.510009765625,41353369319325.9,1770682302202.1
2978.125,669.989990234375,41425104821997.3,1743811488819.68
2979.6875,669.989990234375,41329237421169.1,1761309179906.44
2981.25,670.22998046875,41407672393314.3,1823795251742.25
2982.8125,670.469970703125,41624984935945.4,1729434738340.15
2984.375,670.469970703125,41417730447877.9,1749953197556.33
2985.9375,670.699951171875,41537103371139,1795877514303.98
2987.5,670.940002441406,41667931230917.3,1770063400534.44
2989.0625,671.179992675781,41607541012567.2,1757769933598.85
2990.625,671.179992675781,41814060921169.4,1744541456219.24
2992.1875,671.419982910156,41584025053126.6,1808632254911.91
2993.75,671.872333233174,41830369020318.1,1783729348808.19
2995.3125,671.900024414063,41966025009586.6,1763551388816.48
2996.875,672.166926457332,42054703885129.4,1784606021718.76
2998.4375,672.369995117188,42193150755436.5,1736192040622.69
3000,672.369995117188,42365958788776.7,1774762984856.6
3001.5625,672.609985351563,42232454837881.8,1852672435450.98
3003.125,672.849975585938,42242898109109.6,1786650716709.22
3004.6875,673.089965820313,42299005930558.3,1802693461956.79
3006.25,673.320007324219,42128625123769.6,1789659685244.2
3007.8125,673.559997558594,42290635566136.7,1852483819978.28
3009.375,673.799987792969,42149459788023.4,1863502839957.03
3010.9375,673.559997558594,42404972251257.5,1788905866826.41
3012.5,674.280029296875,42357887761630,1829245351266.21
3014.0625,674.280029296875,42527424195985.3,1784905862769.58
3015.625,674.510009765625,42681569992443.8,1794332671318.99
3017.1875,674.510009765625,42587322915160.2,1813227180739.59
3018.75,674.796151968149,42704463207255.3,1888178186059.9
3020.3125,675.22998046875,42717928372221.3,1845454986800.33
3021.875,675.22998046875,42752272923385.9,1830030468473.13
3023.4375,675.469970703125,42752947587143.7,1791830270170.35
3025,675.469970703125,42631751058082.5,1817393506320.68
3026.5625,675.940002441406,42858023461368.7,1868450706748
3028.125,676.179992675781,42766414888195,1812664870867.99
3029.6875,676.179992675781,42946286925075.1,1809293521959.89
3031.25,675.921499399038,42874867117849.9,1823566321703.95
3032.8125,676.419982910156,43343395012753.3,1813179797271.33
3034.375,676.890014648438,43400143832016.5,1853449354100.35
3035.9375,677.130004882813,43615503192882.2,1816184063220.48
3037.5,677.130004882813,43283846305836.1,1823333238934.46
3039.0625,677.369995117188,43468313699363.5,1815539656473.72
3040.625,677.64536696214,43528396749507.9,1881673280037.84
3042.1875,677.839965820313,43377871674042.2,1883193870549.39
3043.75,677.754591721755,43185670235566.2,1877024559518.53
3045.3125,678.320007324219,43636439360207.8,1872944983114.33
3046.875,678.799987792969,43752630529306.5,1824415074058.72
3048.4375,678.799987792969,43656317758962.8,1826440307669.77
3050,678.799987792969,43879359572062.7,1852535631849.56
3051.87109375,679.343862680289,43499366754669.6,1833753169556.39
3053.43359375,679.510009765625,43518268878473.9,1816097501708.58
3054.99609375,679.510009765625,43503415857096.8,1809704423916.57
3056.55859375,679.510009765625,43803308906375.3,1823583400132.91
3058.12109375,679.75,43942545954722.6,1848544178130.06
3059.68359375,680.219970703125,43954713866341.5,1796467191420.73
3061.24609375,680.303044245793,43697596604384.3,1834754807934.5
3062.8046875,680.4599609375,43856253147931.3,1837740515400.82
3064.37109375,680.699951171875,43872469237807.9,1858103384657.91
3065.9296875,680.929992675781,43914909278318.2,1864966176596.43
3067.49609375,680.929992675781,44326112995775.1,1814570305189.19
3069.0546875,681.169982910156,44445870930551.1,1811149514706.91
3070.62109375,680.699951171875,44545652785493.3,1858803808978.22
3072.18359375,681.880004882813,44408630693854.4,1880572578790.66
3073.74609375,681.880004882813,44431434541636.4,1900557569994.47
3075.30859375,682.249220628005,44434438646276.5,1870898698042.37
3076.87109375,682.119995117188,44468049472802.2,1919961744932.36
3078.43359375,682.359985351563,44461603871732.3,1835936212302.56
3079.99609375,682.599975585938,44477102256422.2,1833233682460.89
3081.55859375,682.599975585938,44678305822093.1,1828166473910.22
3083.12109375,682.839965820313,44521125926015.9,1822984709164.7
3084.68359375,683.309997558594,44868115183868.4,1895083909563.46
3086.24609375,683.346919133113,44758103264995.3,1872192286675.97
3087.80859375,683.7900390625,44727989607893.2,1939333959582.98
3089.37109375,683.549987792969,44921688779890,1859931067192.29
3090.9296875,683.905029296875,45003764093735.2,1859800823593.39
3092.49609375,684.260009765625,45180873160484.4,1901401909240.92
3094.0546875,684.260009765625,45348575653188.3,1898911170626.77
3095.62109375,684.5,45181553163011.9,1910306485111.67
3097.1796875,684.92197265625,45226357129569.7,1937702403085
3098.74609375,685.123564453125,44910835673177.7,1872939573689.34
3100.3046875,685.2099609375,44967811367854.4,1877717153443.21
3101.87109375,685.449951171875,45132685085051.2,1903044798689.7
3103.4296875,685.468354492188,45273202275038.4,1877940023838.07
3104.99609375,685.679992675781,45203745280973.3,1860662299426.15
3106.5546875,685.919982910156,45254780884838.2,1888755862128.44
3108.12109375,686.160034179688,45070929570002.1,1886384959397.07
3109.6796875,686.160034179688,45301719145285.2,1898807035263.79
3111.24609375,686.621159480169,45350613821236.2,1909001653944.63
3112.8046875,686.740769606371,45346537498502.5,1903250653383.99
3114.37109375,686.869995117188,45361482312868.3,1888292100489.05
3115.9296875,687.183828500602,45373028660559.9,1868990541209.93
3117.49609375,687.285362830529,45482398544732.4,1891350666612.83
3119.0546875,687.579956054688,45880799116969,1902584132696.68
3120.62109375,687.579956054688,45729128605958.2,1944099035067.91
3122.1796875,687.607654278096,45547628093813.3,2005740844133.57
3123.74609375,688.083225097657,45781488183056.3,1943948895904.25
3125.3046875,688.530029296875,45684249229439.3,1919345375409.72
3126.87109375,688.530029296875,45503461464691.8,1898823519518.1
3128.43359375,688.659254807692,45842706422618.5,1929314767821
3129.99609375,689.010009765625,45681530725839.1,1891914929014.69
3131.55859375,688.77001953125,45980141677013.9,1896943806360.19
3133.12109375,689.028408203125,45826381563485.9,1906600510157.43
3134.68359375,689.47998046875,46060450900744.2,1956191754775.1
3136.24609375,689.47998046875,45842655555267.9,1966894096499.78
3137.80859375,689.719970703125,45654381079664.7,1943725506340.83
3139.37109375,690.09599609375,46123082105157.3,1954740207609.96
3140.93359375,690.429992675781,46420064672712.5,1961126457350.96
3142.49609375,690.267142159598,46518898819774.4,1903459193445.19
3144.05859375,690.642291729267,46456783173075.9,1932239341774.2
3145.62109375,690.900024414063,46335212312847.1,1921659363645.26
3147.18359375,691.140014648438,46258831619508.8,1982104507152.81
3148.74609375,691.140014648438,46411889994569.8,1930446647558.72
3150.30859375,691.609985351563,46570030743664.4,1932689447409.2
3151.87109375,691.849975585938,46681861746934.9,1950635159240.57
3153.43359375,691.849975585938,46794425051759.9,1957515069705.54
3154.99609375,692.089965820313,46865389560802.8,1946410666090.4
3156.55859375,692.089965820313,46906342021171.4,1963534005916.58
3158.12109375,692.329956054688,46852426538640.2,1985227641864.02
3159.68359375,692.329956054688,46873581993321.8,1929708389537.24
3161.24609375,692.559997558594,46858564670078.9,1970372131983.97
3162.80859375,693.0400390625,47111853855683.7,1943187923325.67
3164.37109375,693.2240234375,47162395185484.3,1909454971874.4
3165.93359375,693.27001953125,47357823785270.6,1897198820032
3167.49609375,693.510009765625,47459454849424.8,1909443639261.89
3169.05859375,693.75,47403739303091.4,1955241139080.24
3170.62109375,693.8419921875,47430790051260.6,1982106443720.42
3172.18359375,693.97998046875,47704752541901.8,1970464307996.22
3173.74609375,694.219970703125,47650505874186.9,1956691665036.54
3175.30859375,694.118436373197,47635451431357.6,1950692714917.5
3176.87109375,694.929992675781,47778464992713.2,1962898581219.14
3178.43359375,695.169982910156,47656659591946.9,2030379984071.79
3179.99609375,695.169982910156,47397610927997.5,1946278957422.21
3181.55859375,695.410034179688,47457701855361.1,1924829213742.13
3183.12109375,695.640014648438,47681293467286.6,2027719884492.77
3184.68359375,695.769240159255,47709347924171,1989458593046.73
3186.24609375,695.880004882813,47855344963372.3,1998004089042.77
3187.80859375,695.880004882813,48100527237738,2027982248788.03
3189.37109375,696.349975585938,48070715490270,2053765470193.79
3190.93359375,696.349975585938,48082694442494.6,2009473382641.19
3192.49609375,696.463435246395,48140056392004.4,1955811200586.94
3194.05859375,696.829956054688,48284666060849.7,1984711672985.33
3195.62109375,697.111975097657,48198989668722.6,1967412275835.01
3197.18359375,697.299987792969,48312090256254.9,2023735558447.48
3198.74609375,697.299987792969,48411513943765,1989469443784.21
3200.30859375,697.77001953125,48451293342286.4,1963024047828.08
3201.87109375,698.010009765625,48651640315765.2,1936765072218.63
3203.43359375,698.25,48887134894413.3,2012044253887.22
3204.99609375,698.19240234375,48721839550215.3,2042469158426.11
3206.5546875,698.47998046875,48645215357863.4,2003554447522.95
3208.12109375,698.25,48789135565123.6,2053342165628.93
3209.6796875,698.839965820313,48935214026075.6,2026214322796.35
3211.24609375,698.9599609375,48841117999749.1,2001457346070.53
3212.8046875,699.190002441406,48834515581278.3,2033019336396.45
3214.37109375,699.429992675781,48681598184810.3,1989477575552.82
3215.9296875,699.429992675781,48988244266330.6,2025361091253.11
3217.49609375,699.817209472657,48950173338421.4,2027602371282.36
3219.0546875,699.864633413462,49065761385878.5,1980009701686.94
3220.62109375,700.140014648438,49534786873733.5,2020510823043.26
3222.1796875,700.380004882813,49622889944388.5,2032197285840.58
3223.74609375,700.849975585938,49604308484689.2,2053066260016.41
3225.3046875,700.849975585938,49642171142763.1,2002787420329.34
3226.87109375,700.849975585938,49669019865778.8,2008608279275.29
3228.4296875,701.320007324219,49575393536623.1,2086657155017.01
3229.99609375,701.559997558594,49614456765073.3,2091981449827.12
3231.5546875,701.252669114333,49509747767594.6,2018988816870.12
3233.12109375,702.030029296875,49462529101061.7,2053996555319.9
3234.6796875,702.030029296875,49784711346515.4,2030372990727.64
3236.24609375,702.25155874399,49659381296812.9,2054720278267.11
3237.8046875,702.030029296875,49972114127057.7,2085032716997.52
3239.37109375,702.510009765625,50074813878127.6,2047538415951.84
3240.9296875,702.739990234375,50363108585771.7,2084001228117.77
3242.49609375,702.97998046875,50233412088807.2,2127943540014.82
3244.0546875,703.219970703125,50045168782770.4,2113764599900.11
3245.62109375,703.449951171875,49918362046801.5,2042488785295.42
3247.1796875,703.449951171875,50257552308738.6,2020036407922.15
3248.74609375,703.690002441406,50282749837911.5,2071809715409.76
3250.3046875,703.929992675781,50359525371353.9,2091105674092.81
3251.87109375,703.929992675781,50425322561643.5,2057449116209.21
3253.4296875,704.400024414063,50649257442910.4,2095929589935.87
3254.99609375,704.640014648438,50585893781274.7,2063265283607.31
3256.5546875,705.004389648438,50341343281446.2,2051715535315.49
3258.12109375,704.869995117188,50312055462216.5,2102295597036.82
3259.6796875,705.109985351563,50275361970324.9,2067578115579.46
3261.24609375,705.109985351563,49975438707268.8,2078019252767.83
3262.8046875,705.579956054688,50153412368275.7,2022682320670.37
3264.37109375,705.579956054688,50298855034806.8,2074382328949.43
3265.9296875,705.820007324219,50667124998845.3,2069694314784.64
3267.49609375,706.049987792969,50950158802686.9,2078580612685.31
3269.0546875,706.530029296875,50844409576330.1,2051286698597.67
3270.62109375,706.530029296875,50716591718750.9,2031641897494.25
3272.1796875,706.530029296875,50550155291794.4,2055048488453.44
3273.74609375,706.843083308293,50754422286916.4,2097589804813.84
3275.3046875,707.239990234375,50928159296274.9,2097363865401.21
3276.87109375,707.379591721755,51075994054227,2089586540960.77
3278.4296875,707.399207481971,51156913666259.3,2052355302358.12
3279.99609375,707.7099609375,51361723948183.8,2061183593390.86
3281.5546875,707.940002441406,51342846712325.7,2098580417759.11
3283.12109375,707.940002441406,51307128011555.2,2141308799188.14
3284.6796875,708.419982910156,51122417392402.2,2067121446098.62
3286.24609375,708.419982910156,51136161419607.9,2147132189100.7
3287.8046875,708.80694110577,51207410977641.3,2067340882126.94
3289.37109375,709.130004882813,51161065475794.9,2107977403655.27
3290.9296875,708.984008789063,51252382799267,2021947121834.17
3292.49609375,709.130004882813,51213639687036.3,2067411433666.37
3294.0546875,709.599975585938,51618619554857,2078723308496.32
3295.62109375,709.599975585938,51425409299757.6,2088832919821.22
3297.1796875,709.829956054688,51714903845860.8,2114319195944.75
3298.74609375,710.070007324219,52056995334055.5,2093013018239.06
3300.3046875,710.106928898738,52016367790837.6,2116738469700.69
3301.87109375,710.780029296875,51889198658214.4,2110355761105.34
3303.4296875,710.5400390625,52089997177284.5,2076466092056.04
3304.99609375,710.780029296875,52271113555718.3,2092546678954.18
3306.5546875,711.010009765625,52367604452132.7,2134962294330.62
3308.12109375,711.25,52071966355180.2,2137314653517.22
3309.6796875,711.489990234375,52001217854829.8,2115214212645.97
3311.24609375,711.719970703125,51928105683243.5,2122797736623.95
3312.8046875,711.833430363582,51779472063335.9,2081731757565.84
3314.37109375,712.199951171875,51659237119109.6,2076564783060.87
3315.9296875,712.199951171875,51571740748816.7,2149888248638.82
3317.49609375,712.306124173678,51707451743069.6,2067385980428.94
3319.0546875,712.669982910156,51881257434706.5,2049339266983.96
3320.62109375,712.758460411659,51945045157067,2146566799532.09
3322.1796875,712.900024414063,52296099087518.7,2102183302223.42
3323.74609375,713.082416992188,52418989644371,2112241468181.17
3325.3046875,713.459613506611,52300957943094.1,2124978555388.99
3326.87109375,713.380004882813,52438432855319.5,2173339719573.99
3328.4296875,713.609985351563,52454407515976.8,2212340059401.86
3329.99609375,713.609985351563,52482184332274,2152425169193.78
3331.5546875,714.320007324219,52786950092821.9,2143319317760.97
3333.12109375,714.559997558594,53007260825583.2,2133968380675.39
3334.6796875,714.652014160156,52958306770966,2093049717455.2
3336.24609375,714.559997558594,52965956838181.7,2177825043188.64
3337.8046875,714.854651817909,52797666663448.4,2162108245224.62
3339.37109375,715.100792518029,53029257772617.4,2184946853948.35
3340.9296875,715.5,52847657013600.3,2185015286441
3342.49609375,715.739990234375,52804460509384.2,2146030944788.26
3344.0546875,715.739990234375,52739969434392.1,2177291311940.51
3345.62109375,715.85498046875,52990988394908.6,2179809704205.09
3347.1796875,715.989169921875,52959474163948.6,2148751021252.98
3348.74609375,716.440002441406,53105801270134.2,2111629435057.53
3350.3046875,716.440002441406,53174001239098,2140553736433.97
3351.87109375,716.679992675781,52979658274579,2196911571492.08
3353.4296875,716.919982910156,53096699444977.9,2127204906613.81
3354.99609375,717.141176663913,53050131491354.4,2141973004790.15
3356.5546875,716.919982910156,53013954848103.6,2115863589234.49
3358.12109375,717.619995117188,53258229566241.4,2172341053132.63
3359.68359375,717.795372596154,53446260824917.3,2150776264475.24
3361.24609375,717.795372596154,53106495391709.9,2179013908892.57
3362.80859375,718.089965820313,53443475416739.5,2174865187331.98
3364.37109375,717.903979492188,53425022052093.5,2100913090299.14
3365.93359375,718.570007324219,53396475270108.4,2177570810004.84
3367.49609375,718.570007324219,53482749522808.8,2087183731214.16
3369.05859375,719.0400390625,53479037929807.8,2151159817936.51
3370.62109375,719.0400390625,53498778230897.9,2136682770679.84
3372.18359375,719.27001953125,53352929341628.5,2128367318938.67
3373.74609375,719.510009765625,53872865028004.7,2172029423703.17
3375.30859375,719.75,54153390372746.7,2230614159361.92
3376.87109375,719.97998046875,53916878832230.5,2156291964402.14
3378.43359375,719.97998046875,53815201727087.7,2181541188268.14
3379.99609375,720.219970703125,53992149242062.8,2142063444625.64
3381.55859375,720.449951171875,53654426245855.6,2157691113795.18
3383.12109375,720.690002441406,53726421158240.6,2162601914662.45
3384.68359375,720.984612098107,54091686134260.8,2152355414953.29
3386.24609375,721.160034179688,54007029712990.5,2161730409992.03
3387.80859375,721.400024414063,54055668341032.1,2132471146601.11
3389.37109375,721.400024414063,53801997839622.4,2154294235501.43
3390.93359375,721.869995117188,53764561896338.5,2124723243365.85
3392.49609375,721.630004882813,53809400606109.3,2139278515908.29
3394.05859375,722.081577148438,53773133825466,2179805714999.44
3395.62109375,722.339965820313,54128256305068.2,2101426096773.09
3397.18359375,722.339965820313,54374763375874.1,2216080812688.78
3398.74609375,722.570007324219,54432052548166.9,2196846719751.49
3400.30859375,722.099975585938,54446724883096.6,2122267472958.99
3401.87109375,723.00383582482,54286752374900.2,2188242331410
3403.43359375,722.809997558594,54330493943686.5,2194095179631.7
3404.99609375,723.289259690505,54481492125236.4,2163840088602.85
3406.55859375,723.551166240986,54713753158168.4,2181281726733.73
3408.12109375,723.546555739183,54740327162298.2,2194842344097.49
3409.68359375,724.219970703125,54857840140179.5,2196850784010.77
3411.24609375,724.284583458534,54657112368981.8,2163080876193.3
3412.80859375,724.4599609375,54592095725071.2,2168725017356.91
3414.37109375,724.690002441406,54423671247711.4,2133506665248
3415.93359375,724.274587777945,54508918361242.8,2175206854881.57
3417.49609375,725.169982910156,54596988808809.8,2198098188061.59
3419.05859375,725.169982910156,54703266084379.1,2234192943065.13
3420.62109375,724.929992675781,54646627097456.5,2155669816339.02
3422.18359375,725.640014648438,54650120129449.6,2154725472698.61
3423.74609375,725.869995117188,54397792140619.4,2158487332682.3
3425.30859375,726.109985351563,54490582950320.9,2127535257311.17
3426.87109375,726.321567382813,54676257200194.4,2120174367087.17
3428.43359375,726.216130183294,54862811874267.5,2159077598047.96
3429.99609375,726.339965820313,54934451877182.5,2180561337212.32
3431.55859375,726.809997558594,54950902208841.6,2169549064994.55
3433.12109375,726.809997558594,54734998283916.2,2263562993689.65
3434.68359375,727.049987792969,54715849845577.5,2230201176130.81
3436.24609375,727.2900390625,54932482888777.8,2171414387168.71
3437.80859375,727.760009765625,55216083996760.5,2163672114700.5
3439.37109375,727.989990234375,55254759380576.9,2182993076763.22
3440.93359375,727.989990234375,55470092859820.7,2222339307106.09
3442.49609375,728.067298302284,55190864117676.4,2192719953926.11
3444.05859375,728.4599609375,55184723026232.1,2192152336580.53
3445.62109375,728.274207481971,54987293008666.8,2177875179638.05
3447.18359375,728.779580923227,55015035330058.8,2164353160578.49
3448.74609375,728.929992675781,54992968909874.6,2169058577087.22
3450.30859375,729.169982910156,55284166659042.1,2188191725159.88
3451.87109375,729.169982910156,55257782448951.2,2197097790635.4
3453.43359375,729.553618164063,55113552906288.3,2208650942567.31
3454.99609375,729.640014648438,55090855468671.1,2165121327138.88
3456.55859375,729.869995117188,55037842149707.9,2148333880977.18
3458.12109375,729.732006835938,55427614961703.9,2155048487261.91
3459.68359375,730.109985351563,55639424434519.8,2235781329632
3461.24609375,730.820007324219,55772798243200,2184487656964.58
3462.80859375,730.820007324219,55749954543439.8,2223982905916.42
3464.37109375,731.049987792969,55592830960700.5,2251962625070.21
3465.93359375,731.2900390625,55317105368011.1,2183052439455.15
3467.49609375,731.2900390625,55140111330229,2192230151587.35
3469.05859375,731.52001953125,55263061756300.9,2165082571630.42
3470.62109375,731.760009765625,55255833260819.7,2145175190415.33
3472.18359375,731.875,55392773609424.9,2177982005294.66
3473.74609375,732.22998046875,55396979596315.8,2194941761449.06
3475.30859375,732.22998046875,55411727974029.9,2192321951788.77
3476.87109375,732.22998046875,55144105041785.7,2142007321542.34
3478.43359375,732.524573692909,55233046463307.8,2212020083809.02
3479.99609375,732.847177734375,55293286002966,2181848539924.04
3481.55859375,733.169982910156,55618540960340.3,2154199018127.67
3483.12109375,733.169982910156,55354091660730.6,2260273843854.05
3484.68359375,733.178830660306,55760166123704.8,2206793400497.02
3486.24609375,733.880004882813,55847170774615.3,2232705794497.77
3487.80859375,734.109985351563,55964371300988.5,2173796520363.8
3489.37109375,734.109985351563,55382264953818.7,2184982971337.03
3490.93359375,734.26690204327,55454595565474.6,2247592509626.76
3492.49609375,734.349975585938,55161759254550,2209051850821.33
3494.05859375,734.695180664063,55216237246040,2151999432762.89
3495.62109375,734.820007324219,55532250014530.9,2189700680420.15
3497.18359375,735.049987792969,55417305234145,2175052826255.69
3498.74609375,735.049987792969,55694174172425.7,2230489610365.32
3500.30859375,735.52001953125,55555255687707,2271567898633.99
3501.87109375,735.52001953125,55471324943806.9,2146425346250.5
3503.43359375,735.760009765625,55465283373841.5,2206309996912.81
3504.99609375,736.013070913462,55291379546953.9,2226856940606.71
3506.55859375,735.989990234375,55460893327344.5,2168694613451.61
3508.12109375,736.4599609375,55132203978065.3,2172303333357.66
3509.68359375,736.4599609375,55331118275319,2156535142372.04
3511.24609375,736.850362924429,55464957457456.9,2149092296217.08
3512.80859375,736.929992675781,55774903643216.5,2197617910223.18
3514.37109375,737.214221660907,55629534261433.8,2172878900422.95
3515.93359375,737.193210449219,55675375968066.4,2221012334518.04
3517.49609375,737.169982910156,55694736141993.3,2243607904597.69
3519.05859375,737.869995117188,55728600097782.2,2247767602865.61
3520.62109375,737.869995117188,55643037693796.5,2272518891859.24
3522.18359375,738.109985351563,55523141493981.3,2212664810940.14
3523.74609375,738.109985351563,55708261437889,2213087962316.82
3525.30859375,738.339965820313,55471966967487,2184385269230.27
3526.87109375,738.809997558594,55398383629850.2,2228465895453.3
3528.43359375,739.031527005709,55555954930994.4,2252312776078.2
3529.99609375,738.939223069411,55650767521937.1,2224721501036.1
3531.55859375,739.280029296875,55863222754768,2144047979888.9
3533.12109375,739.52001953125,56176443203713.1,2198764141840.58
3534.68359375,739.75,56061959371256.8,2198593016798.94
3536.24609375,739.833073542668,55979117890132.9,2285999953899.16
3537.80859375,739.989990234375,56030364637892.9,2283917074263.31
3539.37109375,740.219970703125,55857694181614.2,2254937699461.77
3540.93359375,740.846919133113,55981218510399.8,2194072660977.7
3542.49609375,740.690002441406,55746840854292.3,2208433754329.44
3544.05859375,740.929992675781,55911007654031.9,2215617397746.54
3545.62109375,740.929992675781,56003552709725,2238029779609.41
3547.18359375,741.400024414063,56081619291246.5,2173020127355.03
3548.74609375,741.630004882813,55994559281370.4,2148037483013.92
3550.30859375,741.630004882813,55977670063545.6,2196419820337.66
3551.87109375,741.821997070313,55804482618861.1,2194465261934.78
3553.43359375,742.099975585938,56067574632475.8,2195062599909.51
3554.99609375,741.869995117188,55843658988929.5,2151015247690.44
3556.55859375,742.543464073768,55919453645490.1,2203298062024.45
3558.12109375,742.809997558594,56060422363976.3,2141875192387.12
3559.68359375,743.0400390625,55900860791952.1,2216138090570.56
3561.24609375,743.0400390625,56194692493880.3,2212465845720.62
3562.80859375,743.0400390625,56115326457400.3,2256639914008.99
3564.37109375,743.280029296875,56416741387032.6,2253580097854.56
3565.93359375,743.97998046875,56612907257177,2250040943982.34
3567.49609375,743.97998046875,56679484851778.2,2262842283680.66
3569.05859375,744.219970703125,56336278916868.2,2264914042512.51
3570.62109375,744.449951171875,56340474648493.7,2303656520027.03
3572.18359375,744.536369628906,56295837535332.5,2176269505748.56
3573.74609375,744.219970703125,55964655517828.7,2188585201953.13
3575.30859375,744.743074857271,56049322335416.6,2197856460105.39
3576.87109375,744.919982910156,56211882743132,2187971026479.8
3578.43359375,745.390014648438,56158933233133.9,2191261316357.76
3579.99609375,745.160034179688,56119541616341.1,2157728312852.7
3581.55859375,745.630004882813,56514456171208.5,2218849808948.33
3583.12109375,745.630004882813,56290911016201.8,2192407017954.12
3584.68359375,746.071176757813,56507257707841,2211000697095.54
3586.24609375,746.329956054688,56367289946637.3,2200124195661.52
3587.80859375,746.177792756454,56429290891949.9,2207360028872.81
3589.37109375,746.570007324219,56311320846891.2,2232481574659.97
3590.93359375,746.799987792969,56607282788985.9,2218774536505.14
3592.49609375,747.048884465144,56383704726102.3,2177591967505.94
3594.05859375,747.27001953125,56035279041555.6,2168038787192.82
3595.62109375,747.27001953125,56071088786735.6,2235690452834.29
3597.18359375,747.510009765625,56295390270242.1,2241359915143.47
3598.74609375,747.473088191106,56071890924402.5,2190085764770.77
3600.30859375,747.739990234375,56597437147932.3,2158555045957.92
3601.87109375,748.2099609375,56540473561695.7,2191132292349.74
3603.43359375,748.1731640625,56220684906485.3,2194802323280.49
3604.99609375,748.78284563337,56390026490845.4,2180930753572.45
3606.55859375,748.919982910156,56330294568129.6,2199647301924.97
3608.12109375,748.919982910156,55988238940609.5,2241314616644.29
3609.68359375,748.928830660306,55777708835676.9,2200451874696.94
3611.24609375,749.380004882813,56112518411526.8,2239196791066.18
3612.80859375,749.380004882813,55852082467879.3,2214118319168.51
3614.37109375,749.619995117188,56066684269617.5,2207517961742.09
3615.93359375,749.849975585938,56020709777105.5,2188344051248.24
3617.49609375,750.089965820313,56371381063149.6,2246154134271.46
3619.05859375,750.320007324219,56413067012110.4,2285353689911.03
3620.62109375,750.320007324219,56168161599035.4,2205167954544.92
3622.18359375,750.666170560397,56066874242220.4,2231715921426.38
3623.74609375,751.030029296875,56070388389074,2215300446464.1
3625.30859375,751.030029296875,56012108295353,2143367000098.73
3626.87109375,751.5,55930679445839,2193832187441.79
3628.43359375,751.4616015625,56154884556837.6,2240349896185.47
3629.99609375,751.72998046875,56018514310256.2,2222178046047.92
3631.55859375,751.969970703125,56104094416229.5,2223554789613.45
3633.12109375,752.199951171875,56210850688720.7,2204942109824.82
3634.68359375,752.440002441406,56416741387032.6,2190930589968.63
3636.24609375,752.440002441406,56103070974199.8,2219059445016.5
3637.80859375,752.669982910156,56163255622597.1,2186490599348.87
3639.37109375,752.737197265625,56317857010107,2143294958844.66
3640.93359375,753.140014648438,56043701292697.4,2130914255225.74
3642.49609375,753.334613506611,56179942429026.7,2208640894514.9
3644.05859375,753.517681415265,56340888128851,2247537130302.09
3645.62109375,753.839965820313,55876238997159.8,2221223722353.6
3647.18359375,753.839965820313,55958757783873.8,2207056444416.69
3648.74609375,753.87425013951,55873835995631.9,2196580018954.53
3650.30859375,754.079956054688,55870571122748.9,2200262196475.31
3651.87109375,754.309997558594,55638197204118.4,2201550832468.5
3653.43359375,754.780029296875,55552583957344.8,2221790637538.38
3654.99609375,754.80308180589,55871729967827.6,2175736799643.09
3656.55859375,755.02001953125,55853298838322.8,2192049383501.11
3658.12109375,755.25,55915431009571.5,2166348837404.3
3659.68359375,755.489990234375,56028257617198.4,2194061741645.34
3661.24609375,755.489990234375,56235436778301.4,2208900196412.09
3662.80859375,755.719970703125,56275485223924.1,2192434777665.18
3664.37109375,755.913808969351,56332397408183.5,2189258306077.66
3665.93359375,756.031353128368,56039493185361.8,2185372186929.03
3667.49609375,756.419982910156,56350671342812.8,2143178343673.1
3669.0546875,756.890014648438,56038086434882.3,2234017279428.74
3670.62109375,756.890014648438,56081640552457.1,2185234954796.19
3672.1796875,756.660034179688,55798131688990.5,2198431775293.31
3673.74609375,756.890014648438,55605169768791.2,2248182009450.65
3675.3046875,757.506066363791,55782609451385.5,2203231519931.04
3676.87109375,757.599975585938,55540205667497.6,2215502798773.4
3678.4296875,757.829956054688,55532955357678.8,2210115133302.17
3679.99609375,758.070007324219,55787463108982.8,2220806157423.95
3681.5546875,758.070007324219,55786226476151.5,2216359853320.04
3683.12109375,758.299987792969,55562398693313.2,2230311515059.63
3684.6796875,758.743483323317,55646541273322.1,2153319132703.62
3686.24609375,758.893855168269,55664777516114.3,2208735736459.56
3687.8046875,759,55779022494077.2,2221271687316.65
3689.37109375,759.092303936298,55775638206068.8,2230340483024.14
3690.9296875,759.258388671875,55748240286652.4,2178054850716.25
3692.49609375,759.469970703125,55670386061997.1,2234315226649.36
3694.0546875,759.7099609375,55821547293872.9,2203767772388.42
3695.62109375,760.179992675781,55445634311695,2185091932902.46
3697.1796875,760.250774676983,55453790477476.4,2188473651782.94
3698.74609375,760.410034179688,55226719112492,2167815058942.96
3700.3046875,760.410034179688,55263866593709.7,2130173023606.19
3701.87109375,760.46426156851,55133600814756.7,2174652175999.49
3703.4296875,760.880004882813,55034889365603.3,2183559151981.66
3704.99609375,760.880004882813,55002694293249.5,2219417583006.57
3706.5546875,761.288057767428,55133992647094.7,2183623079124.81
3708.12109375,761.349975585938,55156312851342,2157302290746.25
3709.6796875,761.579956054688,55363970610652.9,2215392357709.07
3711.24609375,761.899615948017,55424740816187.4,2229826564932.59
3712.8046875,761.652268629808,55362646448138.5,2212621141824.31
3714.37109375,762.2900390625,55426410843919.4,2164296300269.92
3715.9296875,762.664013671875,55465662657303.6,2187258500882.9
3717.49609375,762.760009765625,55322708029034.7,2180819773772.71
3719.0546875,762.760009765625,55346529512606.3,2220687519232.91
3720.62109375,763.22998046875,55359139793160.9,2193355936654.47
3722.1796875,763.22998046875,55165814721582.3,2178505879475.44
3723.74609375,763.22998046875,54990795720958.6,2150232819426.53
3725.3046875,763.865379920372,54984494507873.4,2226041571210.93
3726.87109375,763.929992675781,54982394130235.9,2188053355567.88
3728.4296875,763.929992675781,54844551168700.8,2200293148922.96
3729.99609375,764.160034179688,54767600953789.4,2134490321755.81
3731.5546875,764.400024414063,54884425757723.1,2207493040475.75
3733.12109375,764.702148437501,54960924429260.9,2192565021150.11
3734.6796875,765.099975585938,55179713076742.6,2183973941462.78
3736.24609375,765.099975585938,55013889055789.6,2161972766703.94
3737.8046875,765.170738807092,54640332456215.2,2114036666533.83
3739.37109375,765.329956054688,54829157262332.1,2178046819497.45
3740.9296875,765.570007324219,55000593799832.7,2203004142650.57
3742.49609375,765.782296987681,54870541616678.9,2137520600774.64
3744.0546875,765.799987792969,55124973129902.6,2215759152057.7
3745.62109375,766.0400390625,55161611673275.5,2220441587496.94
3747.1796875,766.739990234375,55375798929658.5,2227400143487.38
3748.74609375,767.2099609375,55156627991799.3,2229975138927.35
3750.3046875,766.739990234375,54792819044421.6,2171030596215.72
3751.87109375,766.883984375,54990091533180.7,2231386830420.45
3753.4296875,767.440002441406,54631945852285.7,2191106206182.61
3754.99609375,767.2099609375,54732635584503.3,2203990231672.9
3756.5546875,767.679992675781,54898420326130.1,2247629161710.75
3758.12109375,767.679992675781,54282994767124.1,2167109770225.73
3759.6796875,767.956186147837,54645090070645.3,2201688868648.26
3761.24609375,768.380004882813,54499739553455.3,2197287062525.69
3762.8046875,768.229633037861,54461413160693.9,2126642090119.63
3764.37109375,768.380004882813,54490751874494.3,2169736577704.13
3765.9296875,768.619995117188,54325868833114.9,2175298772353.29
3767.49609375,768.858820988582,54409661030288,2179784280888.76
3769.0546875,769.320007324219,54361978440949,2214396078331.84
3770.62109375,769.549987792969,54406200286060.7,2202162852821.82
3772.1796875,769.88203125,54701865002622,2198384181135.68
3773.74609375,769.958101712741,54160372063119.1,2130880214313.03
3775.3046875,770.02001953125,54273023239634.5,2270632337943.9
3776.87109375,770.260009765625,53915739875997.4,2148805503573.6
3778.4296875,770.02001953125,54162986315842.5,2164453697794.89
3779.99609375,770.489990234375,54129492108074,2155227755163.8
3781.5546875,770.719970703125,54185844980927.8,2188566709442.14
3783.12109375,770.812274639423,54084980081046.2,2120836314930.32
3784.6796875,771.190002441406,54080790799735.1,2244930281191.99
3786.24609375,771.429992675781,53934254086579.4,2124931031358.77
3787.8046875,771.660034179688,53982086524110.9,2205634270387.38
3789.37109375,770.9599609375,53932694316106.1,2171593046998.3
3790.9296875,771.900024414063,54184103653394.8,2153558312872.56
3792.49609375,772.130004882813,53989372442732.4,2193789815301.21
3794.0546875,772.359985351563,54173633444736,2142506054991.18
3795.62109375,772.359985351563,53939833279378.9,2173311583548.75
3797.1796875,772.269995117188,54096845965594.3,2146389799045.76
3798.74609375,773.070007324219,53904253937074.8,2215596267513.84
3800.3046875,772.599975585938,54059155102341.1,2185813213745.4
3801.87109375,773.77001953125,54068925495353.5,2211968812884.8
3803.4296875,773.77001953125,54024264944478.6,2193994805608.68
3804.99609375,773.630388532366,53487005425776.2,2163226896838.39
3806.5546875,773.77001953125,53420812011433,2115914636185.96
3808.12109375,773.77001953125,53337611242202.3,2136896971583.5
3809.6796875,774.239990234375,53451136856860.1,2156038527730.83
3811.24609375,774.7099609375,53128762387833.8,2132087541430
3812.8046875,774.940002441406,53186303318768.6,2242351974455.82
3814.37109375,774.940002441406,53053311378399.1,2116269139942.43
3815.9296875,775.169982910156,52905442954925.5,2140802403094.81
3817.49609375,774.940002441406,52775040397259.7,2137326460387.02
3819.0546875,775.471951998198,52828246120217.3,2143928184633.53
3820.62109375,775.640014648438,52807635775128.4,2140965202691.24
3822.1796875,775.640014648438,53118325864664.2,2157766810037.82
3823.74609375,776.13306603065,52846339499252.2,2081836974165.34
3825.3046875,776.349975585938,53077271132786,2119927232527.31
3826.87109375,776.579956054688,52979869802070.4,2144288289790.92
3828.4296875,776.809997558594,52703209964365.6,2093587612251.73
3829.99609375,776.809997558594,52604138640561.2,2117396335670.31
3831.5546875,777.049987792969,52528032413829.8,2202242872457.55
3833.12109375,777.280029296875,52628069282163.3,2190770989648.29
3834.6796875,777.280029296875,52882265050404.3,2144229843717.4
3836.24609375,777.52001953125,52530002149298.3,2198182283525.51
3837.8046875,777.97998046875,52423157669722.5,2132707657689.76
3839.37109375,777.97998046875,52341914902898,2145459096532.99
3840.9296875,778.357958984375,52189908806009.8,2090436536958.98
3842.49609375,778.690002441406,52340817694055.2,2165281944835.44
3844.0546875,778.514580359826,52395270961833.2,2105084512942.82
3845.62109375,778.878015136719,52018554622324.5,2137954556716.84
3847.1796875,779.160034179688,51963768308018.3,2157520416548.63
3848.74609375,779.160034179688,52040753294243.7,2093452099450.99
3850.3046875,779.399213867188,52103182420275.9,2084796001672.62
3851.87109375,779.859985351563,51886807616349.4,2121449937762.43
3853.4296875,779.859985351563,51780751262726.4,2120989360841.78
3854.99609375,780.089965820313,51788898283325.2,2088567048544.89
3856.5546875,779.859985351563,51671117257250.8,2087261994511.95
3858.12109375,780.329956054688,51800826162655.7,2136462704563.59
3859.6796875,780.329956054688,51822889764223.5,2096853566493.8
3861.24609375,780.7900390625,51596862504056,2090136685681.68
3862.8046875,780.559997558594,51735705860819.6,2088951563326.83
3864.37109375,781.030029296875,51508326594225.8,2184460678924.02
3865.9296875,781.260009765625,51468141696842.2,2101775024727.03
3867.49609375,781.435387244592,51301514506407.9,2104707466986.72
3869.0546875,781.5,51521654618983.8,2108834197616.81
3870.62109375,781.82197265625,51374869849880.8,2104469630693.18
3872.1796875,781.9599609375,51522967048120.3,2071388702241.48
3873.74609375,782.199951171875,51397026429010,2041857800764.15
3875.3046875,782.669982910156,51277256078432.9,2110123311765.33
3876.87109375,782.900024414063,51375673206137.8,2100504789762.01
3878.4296875,782.900024414063,51032426215310.8,2061734510984.59
3879.99609375,783.369995117188,51006856027184.5,2097102106513.3
3881.5546875,783.213936941965,51046645901299.8,1996719887942.56
3883.12109375,783.369995117188,50722115919066.2,2069830879420.01
3884.6796875,783.599975585938,50724878054804.7,2127718798507.55
3886.24609375,783.839965820313,50580535818720,2093001630785.7
3887.8046875,784.070007324219,50972857309778,2119096057214.4
3889.37109375,783.839965820313,50864625119208.3,2058533290220.93
3890.9296875,784.309997558594,50980420698784.8,2068188560944.69
3892.49609375,784.624992957482,51215715950225.4,2089862187631.11
3894.0546875,784.5400390625,51342345247446.1,2059777283203.51
3895.62109375,784.77001953125,51058012010484.7,2115724445907.59
3897.1796875,784.77001953125,51251002465972.9,2106098763672.08
3898.74609375,784.5400390625,51374877873897.7,2141407697619.51
3900.3046875,785.47998046875,51523036109522.4,2121434724872.73
3901.87109375,786.301504281851,51502266322546.3,2071787197558.57
3903.4296875,785.93994140625,51556277753325.2,2114812257816.71
3904.99609375,786.165556640625,51136886657948.4,2078565567490.54
3906.5546875,786.180053710938,50929205939373.5,2064523983463.08
3908.12109375,787.354971078727,50831972537079.4,2078362105329.29
3909.6796875,786.410034179688,50807783122954.9,2129611905519.99
3911.24609375,786.650024414063,50729719478039.1,2108799096307.89
3912.8046875,786.958002929688,50971073339838,2062517789019.72
3914.37109375,787.109985351563,50992809625444.3,2071079081913.43
3915.9296875,787.579956054688,51366524459696.5,2066726335679.05
3917.49609375,787.579956054688,51108493834756.2,2108518913170.67
3919.0546875,787.819946289063,51293207325444.5,2097125316914.08
3920.62109375,788.280029296875,51034277543644.7,2092606508410.88
3922.1796875,788.253493088942,50717510393556.4,2112231513563.68
3923.74609375,788.280029296875,50394326981012.6,2160072516892.66
3925.3046875,788.280029296875,50309270489283.4,2138843680228.29
3926.87109375,788.75,50317022419069.8,2128187230312.29
3928.4296875,789.264197716346,50589945239689.6,2110384964314.63
3929.99609375,789.219970703125,50072807392899.7,2067376282671.24
3931.5546875,789.449951171875,50279596399233.8,2080328700315.49
3933.12109375,789.901635742188,50351230145596.9,2063124839693.78
3934.6796875,789.920043945313,50139334511283.9,2124936421397.31
3936.24609375,789.920043945313,49929647443898.9,2126923910042.28
3937.8046875,790.136953500602,49946902235510,2109388344804.26
3939.37109375,790.436010742188,50272257377566.9,2141506798110.7
3940.9296875,790.619995117188,49976962041656.6,2152724346296.15
3942.49609375,790.859985351563,50228584262888.6,2092087244123.02
3944.0546875,791.089965820313,50046395654355.7,2104872619837.86
3945.62109375,792.260009765625,50059500147903.1,2102912453766.44
3947.1796875,791.329956054688,49816399563317.6,2068777630277.36
3948.74609375,791.48032789964,49723416942822,2113967563711.65
3950.3046875,792.9599609375,49852907038392.1,2070733195746.67
3951.87109375,792.030029296875,49499688539312.5,1997944599322.14
3953.4296875,792.356005859375,49408868625230.2,2065534109467.96
3954.99609375,792.260009765625,49111119251939.5,2034449058917.16
3956.5546875,792.5,49145855672556.3,2062619288013.65
3958.12109375,792.754621233259,49056153867509.5,2065784029841.32
3959.6796875,792.9599609375,49216297578737.4,2033180816766.4
3961.24609375,793.199951171875,48697135569659.9,2033319018161.64
3962.8046875,793.199951171875,48952416591160.2,2038045901671.66
3964.37109375,793.670043945313,49032776822163.7,2004103163264.65
3965.9296875,793.900024414063,48920104360840.5,2056458720111.08
3967.49609375,794.130004882813,48956509386531.5,2018033821651.01
3969.0546875,794.369995117188,48596051079338.2,2002100565696.46
3970.62109375,794.369995117188,48553510074884.1,2018956673724
3972.1796875,794.130004882813,48795798614540.4,2076174704635.03
3973.74609375,794.683049128606,48777797639600.2,2110361632081.19
3975.3046875,795.034564678486,48912982613732.5,2048003195721.2
3976.87109375,795.300048828125,48786411418004.7,2101638708092.97
3978.4296875,795.214590219352,48377770832429.2,2043241688465.84
3979.99609375,795.77001953125,48544537012989.3,2052293729779.42
3981.5546875,795.5400390625,48372964070544.2,2042090869061.63
3983.12109375,796.010009765625,48070170936533.2,2040836180078.64
3984.6796875,796.710021972657,48118126385703.8,2039880628373.41
3986.24609375,796.506892277645,48164712508612.4,2053414243191.81
3987.8046875,796.7099609375,47792417508468.8,2009977116855.5
3989.37109375,796.469970703125,47818124917592.6,2071905271223.65
3990.9296875,796.93994140625,47767659573900,2021781831983.37
3992.49609375,797.410034179688,47631935657086.4,2005406578670.96
3994.0546875,797.410034179688,47607403544206.6,2037004279463.48
3995.62109375,797.525024414063,47222515048398.8,2035123305017.73
3997.1796875,797.640014648438,47204067824862.7,2032552963979.26
3998.74609375,798.337665264424,47312028769156.3,2011579583210.36
4000.3046875,797.91538649339,47367446646106.7,2023428345662.07
4001.87109375,797.880004882813,47643846696778.6,2010363498281.54
4003.4296875,799.52001953125,47662819364062.1,2006531113630.77
4004.99609375,799.050048828125,47550633046131.1,2044349567776.14
4006.5546875,798.809936523438,47432337171102.3,2060635649450.89
4008.12109375,799.280029296875,46943196697772.7,2069856209677.54
4009.6796875,799.280029296875,46958887392903.2,1971818269551.4
4011.24609375,799.316180889423,46932224619574.2,1991028233911.91
4012.8046875,799.75,47339707316185.6,1981443376534.19
4014.37109375,799.75,46800384961411.6,2063076745042.71
4015.9296875,799.97998046875,46694992944652.5,2000976619115.35
4017.49609375,800.219970703125,46671773763110.3,1986979755762.4
4019.0546875,800.449951171875,46613915955740.4,1975213635667.72
4020.62109375,800.5419921875,46328080829206.9,1991509706320.77
4022.1796875,800.920043945313,46471180461459.7,2038904216504.56
4023.74609375,801.150024414063,46503898472993.1,2059933358591.76
4025.3046875,802.282749023438,46378496021631.5,1968223928800.06
4026.87109375,802.319946289063,46072702175310,2010756858241.42
4028.4296875,801.390014648438,46009402209213.7,2022524925744.94
4029.99609375,802.684013671875,46124995767312.1,2043570219757.56
4031.5546875,802.169574444111,45933810833528.5,2009229031967.27
4033.12109375,802.089965820313,45779817466957.8,1975973174421.62
4034.6796875,802.319946289063,45766426212341.4,1988732677810.16
4036.24609375,803.489990234375,45935226164850.5,2005609443191.83
4037.8046875,803.02001953125,45734566467458.9,2018937756595.42
4039.37109375,803.260009765625,45844063424441.2,2009407372601.65
4040.9296875,803.260009765625,45704647608607.4,1968500920571.74
4042.49609375,803.643583984375,45793734408893.6,1975938802269.02
4044.0546875,803.72998046875,45476281489312.8,2003441932137.1
4045.62109375,803.72998046875,45273879535093.2,1946138117532.09
4047.1796875,804.17154296875,45250117423716.1,1945495482311.2
4048.74609375,804.430053710938,45385252939785,2050897549733.29
4050.3046875,804.18994140625,45461215828290.4,2099749486831.74
4051.87109375,804.660034179688,45561282237763.7,2000051088223.63
4053.4296875,804.900024414063,45334992134600,1988190742710.33
4054.99609375,805.618051382212,44748793115897.9,2019401080878.07
4056.5546875,805.359985351563,44842346335761,1941743387457.74
4058.12109375,805.359985351563,44807056534592.8,1918441745393.95
4059.6796875,805.737963867188,44921321490053.2,1900599544285.57
4061.24609375,806.77001953125,44923044709622.2,1949677550275.66
4062.8046875,805.726506159856,44633580976635.9,1929105955907.26
4064.37109375,806.300048828125,44590220005658.1,1933998512314.92
4065.9296875,806.354276216947,44529929649599.4,1929173655979.21
4067.49609375,806.659254807692,44768451059618.6,1965297639129.69
4069.0546875,807,44599704423362.8,1940101344923.08
4070.62109375,807.93994140625,44194821951489.7,1913367139898.16
4072.1796875,807.75918344351,44190760811595.3,1893373071893.74
4073.74609375,808.640014648438,43997343913819.8,1951067715770.01
4075.3046875,808.400024414063,43549159017912.5,1911416603568.04
4076.87109375,807.469970703125,43154786734122.8,1929952221944.02
4078.4296875,807.699951171875,43205732832785,1909863019989.41
4079.99609375,807.93994140625,43442946554042.8,1867981522739.04
4081.5546875,808.42310509315,43888241392064.3,1961299935384.65
4083.12109375,808.666550856371,43763178585998.7,1884088566179.44
4084.6796875,808.640014648438,43362818497794.8,1908264553861.32
4086.24609375,808.640014648438,43377871674042.2,1925178681968.12
4087.8046875,809.260357196515,43368424786862.1,1946276424700.76
4089.37109375,809.180748572717,43064240162083.4,1988520919998.05
4090.9296875,809.809936523438,43148518622040.1,1917183876419.64
4092.49609375,809.680711012621,43530422949386.7,1911047732866.08
4094.0546875,810.0400390625,43355604058412.2,1968511194064.05
4095.62109375,810.280029296875,43130987331015.1,1917329376186.3
4097.1796875,810.280029296875,42808175763036.7,1903486928530.84
4098.74609375,810.280029296875,42666083004478,1890713791276.2
4100.3046875,810.510009765625,42524059218512.9,1861944603158.89
4101.87109375,810.739990234375,42639953763183.6,1916804776163.16
4103.4296875,811.2099609375,42711777222227.8,1858738285392.94
4104.99609375,811.910034179688,42901815975140.3,1862881866281.73
4106.5546875,811.736396484376,42853307988058.8,1906291475839.51
4108.12109375,811.704694475447,42701767909345.4,1879919067801.14
4109.6796875,812.150024414063,42665461066776.6,1878286088217
4111.24609375,812.150024414063,42505347130489.3,1894033582146.52
4112.8046875,812.150024414063,42359232431841.4,1890428036574.83
4114.37109375,812.450768103967,42420443080660.6,1913882928396.93
4115.9296875,812.380004882813,42264414176557.5,1878284939041.24
4117.49609375,812.609985351563,42189916494414.3,1928033843959.73
4119.0546875,813.079956054688,42191911846097,1974114221499.43
4120.62109375,813.079956054688,41974782226706.5,1929421966906.58
4122.1796875,813.550048828125,42058700510737.4,1874173824631.5
4123.74609375,813.550048828125,42116029101589.4,1894051180495.25
4125.3046875,814.02001953125,42246259985613.9,1889218938373.51
4126.87109375,814.076015625,41922366637548.8,1878889125725.35
4128.4296875,814.484985351563,41870656414138.1,1934535784483.86
4129.99609375,814.489990234375,41623643507745.1,1904598007005.81
4131.5546875,814.719970703125,41700143485167.2,1892356793840.2
4133.12109375,814.99794921875,41688734344986.5,1883570259747.05
4134.6796875,815.18994140625,41411386235630.8,1914275867329.13
4136.24609375,815.18994140625,41354012589354.8,1914182676983.26
4137.8046875,815.420043945313,41133726195601.2,1888017999196.42
4139.37109375,815.660034179688,40894369948590.6,1898513505636.7
4140.9296875,815.686570387621,41000963278655.8,1875088889665.6
4142.49609375,816.119995117188,40965477548725.3,1856975109550.55
4144.0546875,817.059936523438,41301755970136.9,1930857617511.37
4145.62109375,816.119995117188,40732938205491.2,1867769950079.75
4147.1796875,816.119995117188,40385206290021,1860535859758.46
4148.74609375,816.810747070313,40541983150044.5,1875993290342.51
4150.3046875,817.059936523438,40628238889514.5,1884733463727.69
4151.87109375,817.530029296875,40625155414405.4,1863979734815.77
4153.4296875,818.085986328125,40540458754129,1900152630500.56
4154.99609375,817.493107722356,40183178669976.8,1905634897640.71
4156.5546875,817.760009765625,40375982599825,1904881166858.81
4158.12109375,817.760009765625,40315617520585.7,1850819258762.54
4159.6796875,818.22998046875,40521255874087.8,1902074030296.89
4161.24609375,818.4599609375,40317210377098.6,1894329417604.4
4162.8046875,818.4599609375,40208126192344.1,1831644025709.36
4164.37109375,818.699951171875,40183844743768.6,1848058563811.83
4165.9296875,818.903503417969,40064339989055,1869497577361.67
4167.49609375,819.160034179688,39754779527598.6,1925176049822.64
4169.0546875,818.930053710938,39888155821773.9,1839209328187.74
4170.62109375,819.585777869592,39908142423260.9,1831892229492.75
4172.1796875,819.869995117188,39838047880569.6,1867909870070.72
4173.74609375,820.790844726563,40022958429202.4,1833342971896.57
4175.3046875,819.869995117188,39668771227819.8,1789082364851.89
4176.87109375,820.303419846755,39932921342411.9,1852370733888.28
4178.4296875,820.569946289063,39854529820659.7,1854985057299.27
4179.99609375,820.569946289063,39917369905365.4,1823202623462.12
4181.5546875,820.800048828125,39620113716511.7,1864296851909.03
4183.12109375,821.0400390625,39484173617213.7,1850952033990.84
4184.6796875,821.243483323317,39325657760472.9,1848131343881.97
4186.24609375,821.5,39312342893458.5,1872657120922.84
4187.8046875,821.730390625,39147263012101.1,1834273198400.78
4189.37109375,821.739990234375,39235941543311.6,1899175560060.17
4190.9296875,821.969970703125,39138501022926.9,1861281293930.33
4192.49609375,822.2099609375,39139942859586.7,1877788013830.27
4194.0546875,822.2099609375,39293698456515.4,1827285432161.28
4195.62109375,822.42154296875,39114656205924.7,1827275942565.47
4197.1796875,822.910034179688,39088169993477.5,1818098794445.13
4198.74609375,824.079956054688,39001341301590.9,1841332445285.87
4200.3046875,823.369995117188,39038213123215.4,1852241537261.68
4201.87109375,823.234008789063,38862163512489.6,1871849756753.98
4203.4296875,823.609985351563,38796105723862.8,1884898827727.1
4204.99609375,823.839965820313,38782814472543,1784951881561.47
4206.5546875,824.079956054688,38835988803369.2,1855947716251.85
4208.12109375,824.079956054688,38448313566086.2,1871928102169.71
4209.6796875,824.5400390625,38538537254472,1816816522848.23
4211.24609375,824.645634765625,38631311363494.9,1853560610742.19
4212.8046875,825.010009765625,38436071090780.3,1915719581211.9
4214.37109375,825.010009765625,38421465843856.8,1851976562922.96
4215.9296875,825.25,38515746097108.5,1858336683204.47
4217.49609375,825.515362079327,38588799807110.1,1782683448065.55
4219.0546875,825.7099609375,38510432805428.4,1795142944254.16
4220.62109375,825.7099609375,38345796658097.9,1819348833170.46
4222.1796875,826.294982910157,38029393840824.3,1817049901267.82
4223.74609375,826.614642803486,37804074181746.7,1861136509407.03
4225.3046875,826.180053710938,37668515093023.6,1875577037260.75
4226.87109375,826.579261192909,37744444755472.7,1789447311788.57
4228.4296875,826.650024414063,37603417556211,1821225440926.67
4229.99609375,827.119995117188,37585791361547.2,1762682045713.07
4231.5546875,827.340776367188,37446172049592.6,1851385070589.37
4233.12109375,827.119995117188,37614008884287.7,1823100298432.19
4234.6796875,827.349975585938,37469457753821.5,1809213084641.09
4236.24609375,827.819946289063,37218098711903.7,1831838272755.49
4237.8046875,828.122021484375,37324697453636.2,1815210392641.73
4239.37109375,828.050048828125,37264274573680.6,1769628074338.12
4240.9296875,828.2900390625,37359236213637.5,1796960733903.97
4242.49609375,828.52001953125,37285668892019.2,1835565327221.41
4244.0546875,828.760009765625,37283166858102.9,1781245889794.25
4245.62109375,828.52001953125,37175495453997,1809106675220.36
4247.1796875,828.897998046875,37168135470296.1,1813983813943.01
4248.74609375,829.284583458534,36971214008460.9,1837806547159.63
4250.3046875,829.68994140625,37034637255850,1924999716248.15
4251.87109375,829.4599609375,36943452035334.9,1852857411118.98
4253.4296875,829.68994140625,36790990161552.6,1849328232422.99
4254.99609375,830.160034179688,36890008839150.8,1803215657816.66
4256.5546875,830.160034179688,36659596902224.7,1804785401077.44
4258.12109375,830.630004882813,36806774400987.8,1821961087868.85
4259.6796875,830.859985351563,36895427247753.4,1839766928992.78
4261.24609375,830.738459660457,36945369296833.6,1816272521137.11
4262.8046875,830.943058894231,36746713190191.7,1831177571547.79
4264.37109375,830.859985351563,36720296877492.3,1823035516970.28
4265.9296875,831.329956054688,36765182883064.1,1846244548631.54
4267.49609375,832.42768742488,36565307052135.2,1859512346145.2
4269.0546875,831.800048828125,36352416060297.9,1864661051709.25
4270.62109375,832.27001953125,36368849197713.9,1798718455012.52
4272.1796875,832.27001953125,36339708897987.8,1761073063976.23
4273.74609375,832.5,36413872295620.2,1845229662565.17
4275.3046875,832.969970703125,36566530315006.9,1856155292927.36
4276.87109375,832.969970703125,36329056807434.3,1847451152245.06
4278.4296875,833.48923601423,36285660909677.7,1741508046908.09
4279.99609375,833.199951171875,35972984731417.9,1797854366962.41
4281.55859375,833.43994140625,35981728611266,1848170182513.02
4283.12109375,833.380756084736,35743805496470.3,1768119486132.39
4284.68359375,833.723116361179,35947845603237.9,1771371223872.47
4286.24609375,833.670043945313,35856207771607.5,1813674710600.96
4287.80859375,834.369995117188,35904213697678.6,1856444880764.07
4289.37109375,834.369995117188,35852329988400.2,1764220832362.94
4290.93359375,834.839965820313,35779292653091.5,1811530021914.18
4292.49609375,835.309936523438,35287177827618.6,1785700078258.25
4294.05859375,834.609985351563,35185930656015.8,1796285811014.61
4295.62109375,835.04341008113,35108340652770.2,1771077108092.14
4297.18359375,835.069946289063,35483384083417,1781714806423.62
4298.74609375,835.309936523438,35532681790073.1,1722408316647.33
4300.30859375,835.780029296875,35594897150460.8,1825704699490.29
4301.87109375,836.010009765625,35364116768059.6,1826072737106.77
4303.43359375,837.180053710938,35221702246399.1,1831328978622.6
4304.99609375,836.216796875,35119466347615.5,1813014368289.93
4306.55859375,836.47998046875,35505109367501.4,1809901931013.05
4308.12109375,837.650024414063,35298094011472.6,1807475685135
4309.68359375,836.894568810096,35074380753937.1,1839381023708.68
4311.24609375,836.7099609375,34872576917203.6,1805037475991.32
4312.80859375,837.180053710938,34771024707533.3,1799406915128.46
4314.37109375,837.650024414063,34962002703768.2,1756800967174.24
4315.93359375,837.880004882813,35079459959345.5,1815975818345.88
4317.49609375,837.880004882813,34712149534306.5,1786998439061.38
4319.05859375,838.119995117188,34742961066752.6,1809839934389.12
4320.62109375,838.303979492188,34888531434267.7,1813426935061.34
4322.18359375,838.119995117188,34520153130519.9,1788433896130.61
4323.74609375,838.579956054688,34280933105302.7,1727853088208.07
4325.30859375,838.819946289063,34292545470074.8,1768683010692.17
4326.87109375,839.050048828125,34461202348526.7,1768453235001.96
4328.43359375,839.272896902902,34238614158146.1,1782236954229.46
4329.99609375,839.52001953125,34297746391485.9,1761164625144.7
4331.55859375,839.75,34426254919197.9,1794348699684
4333.12109375,839.989990234375,34173131050708.8,1800733447034.08
4334.68359375,840.063583984375,34208352010787.7,1768189027495.83
4336.24609375,840.219970703125,34202623444003.7,1812801096885.39
4337.80859375,840.4599609375,34114952823431.2,1746165263318.34
4339.37109375,840.920043945313,33820222448490.9,1805669535897.74
4340.93359375,840.920043945313,33779994206209.2,1797307954818.33
4342.49609375,840.920043945313,33864396917624.9,1790003177741.92
4344.05859375,841.336942232573,33821392686029.2,1765728414166.54
4345.62109375,841.534008789063,33874900628135.9,1769039623202.01
4347.18359375,841.859985351563,33845731214067,1798171085974.19
4348.74609375,841.859985351563,33682888344759,1793706532828.38
4350.30859375,841.630004882813,33463510114298.9,1769671350495.43
4351.87109375,842.241502028246,33473178255289.9,1761528404693.99
4353.43359375,842.559936523438,33300041887686,1804544717030.5
4354.99609375,842.655362642729,33368280474250.5,1767969561253.62
4356.55859375,842.627167968751,33515074818160.8,1770188767801.62
4358.12109375,842.800048828125,33677662162867.5,1796287745112.99
4359.68359375,843.27001953125,33541840254773.8,1783580188762.92
4361.24609375,843.27001953125,33399715048484.5,1846845591655.1
4362.80859375,843.27001953125,33158189276028.7,1797905152032.83
4364.37109375,843.5,33194084109814.9,1817099377212.01
4365.93359375,843.969970703125,33175907047793.1,1754203186695.12
4367.49609375,843.72998046875,33187419849205.9,1762420188795.67
4369.05859375,844.14687875601,33224733720824.8,1819014892204.37
4370.62109375,844.799954927885,33195390568149.1,1757175968751.37
4372.18359375,845.839965820313,33174524708727.8,1781955081608.15
4373.74609375,844.900024414063,32713909248810.9,1758029314643.43
4375.30859375,845.369995117188,32473312566881.4,1720318307628.39
4376.87109375,845.125610351563,32682682199666.2,1770845101865.47
4378.43359375,845.609985351563,32525479224471.7,1800729980538.34
4379.99609375,845.839965820313,32779388527326.9,1781999785324.55
4381.55859375,845.839965820313,32843495763017,1768492429765.59
4383.12109375,846.309936523438,32700906614249.9,1784763699496.36
4384.68359375,846.079956054688,32658680779553.2,1746447110110.79
4386.24609375,847.2216015625,32493862768245.9,1800257298669.44
4387.80859375,846.309936523438,32283967398382.8,1733314625935.02
4389.37109375,846.5400390625,32454312325749.5,1763818250444.39
4390.93359375,847.25,32593524671801,1720541867265.02
4392.49609375,847.47998046875,32563594420772.7,1765787958436.23
4394.05859375,847.7099609375,32268876970251.7,1779654705256.27
4395.62109375,847.949951171875,32123853167404.5,1749977114980.75
4397.18359375,847.71919133113,32197254219884,1703444238389.45
4398.74609375,848.180053710938,32199789460599.2,1771627478620.37
4400.30859375,848.180053710938,32313905608248.4,1816688674432.51
4401.87109375,848.180053710938,32157138347847.5,1856413703055.37
4403.43359375,848.473116361179,32257319421871.6,1784663206397.11
4404.99609375,848.650024414063,32148151904486.7,1739418255295.85
4406.55859375,848.890014648438,32041902644552,1772633065769.36
4408.12109375,849.119995117188,31837686860784.4,1763178871426.92
4409.68359375,849.349975585938,31880063863919.4,1783849758112.2
4411.24609375,849.819946289063,31916737421185,1775934875586
4412.80859375,849.660729041467,31839078381770.8,1690540427741.74
4414.37109375,850.059936523438,32022145233695.2,1789658376400.56
4415.93359375,851.2727734375,32005109766274.8,1771208628372.78
4417.49609375,850.52001953125,31806818714540.8,1771803666345.91
4419.05859375,850.52001953125,31498580041893.5,1787500842675.49
4420.62109375,850.52001953125,31402663753311.6,1725599862020.52
4422.18359375,850.989990234375,31669751304817,1725872282193.9
4423.74609375,851.22998046875,31573777047610.5,1731327874707.98
4425.30859375,851.4599609375,31560162680327.6,1793204353477.29
4426.87109375,851.699951171875,31537202264176.8,1732782680342.91
4428.43359375,851.699951171875,31479794701459.8,1767097352166.77
4429.99609375,852.160034179688,31556920859071.7,1789559035514.05
4431.55859375,851.930053710938,31536824082112.7,1779236251052.22
4433.12109375,852.160034179688,31330907584163.1,1773896870006.52
4434.68359375,852.869995117188,31419831362573.3,1786057002711.45
4436.24609375,853.800048828125,31060747369131.8,1750702076616.58
4437.80859375,852.869995117188,30878946100399.7,1767362540697.39
4439.37109375,853.007983398438,30770311300503.9,1688694957676.96
4440.93359375,853.339965820313,31177378778775.2,1755833644571.77
4442.49609375,854.225170898438,30943019145338.1,1712992691962.99
4444.05859375,853.587646484376,30720275647632.8,1753195438238.71
4445.62109375,854.0400390625,30669473622887.8,1720699285426.41
4447.18359375,854.27001953125,30622297994016.6,1734249300334.04
4448.74609375,854.27001953125,30581594245134.8,1730959386738.07
4450.30859375,854.0400390625,30571255321079.9,1753400447121.15
4451.87109375,854.490810546875,30398811048748.1,1756697718386.98
4453.43359375,855.2099609375,30708489705511.3,1747052309205.56
4454.99609375,855.2099609375,30472827189547.6,1714498610862.06
4456.55859375,855.680053710938,30552536700531.8,1765832428762.33
4458.12109375,855.487963867188,30268222604270.4,1766441695006.17
4459.68359375,855.741971529448,30221652476985.3,1721776429766.78
4461.24609375,856.150024414063,30024560517501.4,1740134015187.32
4462.80859375,856.150024414063,29878626946398.1,1804121555922.01
4464.37109375,856.380004882813,29868579989481.3,1750773238675.56
4465.93359375,856.619995117188,29798927550085.8,1713570591799.38
4467.49609375,856.849975585938,29840321209173.7,1726065940839.35
4469.05859375,857.319946289063,29699787561314.8,1747076408353.87
4470.62109375,857.079956054688,29546545267448.1,1709225235118.77
4472.18359375,857.319946289063,29647950059820.1,1708078958217.57
4473.74609375,857.753117487981,29674238771900.5,1720394451418.97
4475.30859375,857.7900390625,29638096787256,1763968221356.11
4476.87109375,857.7900390625,29501076155776.1,1735043847650.27
4478.43359375,858.106416015625,29471346799724.7,1741494813851.79
4479.99609375,858.321927584135,29585871388166.2,1740802128974.72
4481.55859375,858.489990234375,29497821168377.1,1735497676755.78
4483.12109375,858.719970703125,29353605169854.2,1672347695957.89
4484.68359375,858.9599609375,29281914781192,1694114763869.03
4486.24609375,859.18994140625,29090491590369.2,1727523956329.95
4487.80859375,859.430053710938,29287253424740.8,1750687019473.72
4489.37109375,859.571580153246,29240791593144.7,1660534545662.25
4490.93359375,859.321570763222,29250261370804.2,1755585326926.57
4492.49609375,859.900024414063,29200447911829.6,1701222655685.51
4494.05859375,860.599975585938,29099532759275.9,1751805229566.98
4495.62109375,860.599975585938,28893311459164.1,1775325880088.84
4497.18359375,860.599975585938,28858636791026.6,1751993147016.59
4498.74609375,860.369995117188,28705213437853,1732735854349.07
4500.30859375,861.069946289063,28746930854788.1,1736443285079.76
4501.87109375,861.300048828125,28558161669049.2,1690180489947.12
4503.43359375,861.300048828125,28452443478077.7,1711738439503.78
4504.99609375,861.453642578125,28359104228460.8,1695645079108.75
4506.55859375,861.77001953125,28325552820320.3,1685126862600.17
4508.12109375,862.010009765625,28531395772515.4,1748571552453.14
4509.68359375,861.77001953125,28490615630341.1,1755097245124.89
4511.24609375,862.010009765625,28619872034730.6,1723833181457.28
4512.80859375,862.469970703125,28610816910642.2,1702903758428.83
4514.37109375,862.7099609375,28483288803264.6,1688288955167.36
4515.93359375,862.860390625,28629255640370,1739445227425.98
4517.49609375,862.93994140625,28272779478350.6,1750423800196.4
4519.05859375,863.650024414063,28370418261478,1807016177306.03
4520.62109375,863.410034179688,28183153169088.9,1733612683139.85
4522.18359375,863.650024414063,28203642429396.6,1711557247340.61
4523.74609375,863.650024414063,28089168376945.2,1702355308024.7
4525.30859375,864.119995117188,28130154314850.1,1737558121547.53
4526.87109375,864.349975585938,28084686342595,1701490325753.55
4528.43359375,864.349975585938,27994255861231.5,1713720434506.05
4529.99609375,864.579956054688,27676415805433.4,1663556563705.82
4531.55859375,865.050048828125,28117345209249,1687464251435.09
4533.12109375,865.050048828125,28041149966498.5,1669512077070.14
4534.68359375,865.050048828125,27872181444089.2,1663972877951.75
4536.24609375,865.2900390625,27851709623718.5,1703110104404.96
4537.80859375,865.52001953125,28026283943223.8,1697932191694.75
4539.37109375,865.760009765625,27723281709716.2,1744512476323.5
4540.93359375,865.989990234375,27647693240931,1702331455290.48
4542.49609375,865.760009765625,27728896732349,1694267574379.34
4544.05859375,866.22998046875,27742328505184.5,1732497417220.28
4545.62109375,866.68994140625,27576101289789.9,1718789109053.51
4547.18359375,866.6071484375,27446385021743.2,1738532339003.74
4548.74609375,866.68994140625,27460440275104.1,1697362395629.36
4550.30859375,867.215416541467,27544784104122.3,1676328648773.22
4551.87109375,867.304028320313,27518583401047.7,1669993105962.46
4553.43359375,867.630004882813,27447662238639.7,1667972221394
4554.99609375,867.630004882813,27576101289789.9,1741677752093.71
4556.55859375,867.887685922477,27494302725378.2,1734599404670.31
4558.12109375,868.099975585938,27244858900269.3,1705339517338.98
4559.68359375,868.339965820313,27034472098191.6,1655001579784.99
4561.24609375,868.155357947717,27012880098933.9,1688237483929.46
4562.80859375,868.569946289063,27067175694526.8,1719279722334.85
4564.37109375,869.021630859375,27266929930632.6,1776315364203.48
4565.93359375,868.933837890625,27249055648479.6,1721520914461.46
4567.49609375,869.30694110577,27204372263253.3,1695602106163.58
4569.05859375,869.510009765625,27155229212911,1751786766147.69
4570.62109375,869.739990234375,27019470277501.5,1685408264716.58
4572.18359375,869.97998046875,27075343948322.6,1719545518389.43
4573.74609375,869.850754957933,27069090262616.9,1780088913302.75
4575.30859375,870.2099609375,26961078998630.9,1681704824863.08
4576.87109375,870.449951171875,27051179113207.3,1718596444339.82
4578.43359375,870.680053710938,27088228377675.1,1747145769757.46
4579.99609375,870.920043945313,26916658336018.8,1726787478088.3
4581.55859375,871.150024414063,26981703293953.3,1672636499055.44
4583.12109375,871.390014648438,26769410139904.6,1693592544451.27
4584.68359375,871.619995117188,26780563576149.7,1732136594456.59
4586.24609375,871.408813476563,26678697833047.7,1742320515645.87
4587.80859375,871.859985351563,26741498305097.6,1718894999466.65
4589.37109375,871.859985351563,26763566045833.6,1697719006490.65
4590.93359375,872.258028470554,26640932535689.8,1724951937378.87
4592.49609375,872.390747070313,26591375304749.4,1709199801838.61
4594.05859375,872.559936523438,26668038491169.8,1719528262405.96
4595.62109375,873.030029296875,26755364153249,1692374250185.04
4597.18359375,873.260009765625,26536391017103.7,1718401890778.86
4598.74609375,873.260009765625,26514624257167.6,1705012507039.23
4600.30859375,873.453848031851,26473554223544.3,1686831893599.95
4601.87109375,873.72998046875,26359754223337,1706792440611.95
4603.43359375,873.969970703125,26199753170843.7,1704296523767.77
4604.99609375,873.72998046875,26321780574185,1675693981466.31
4606.55859375,873.969970703125,26253074626664.1,1756765791501.58
4608.12109375,874.199951171875,26214885527829.6,1715856116795.07
4609.68359375,874.670043945313,26091289776312.2,1733170808080.71
4611.24609375,874.910034179688,25957954012620.3,1678569156194.36
4612.80859375,875.086942232573,25975760689251.7,1716425490368.2
4614.37109375,875.369995117188,25955509622049.2,1723574201215.85
4615.93359375,875.369995117188,25999151524039.8,1707494963600.7
4617.49609375,875.140014648438,25898407199231.1,1692779615726.87
4619.05859375,875.839965820313,25947202971883.2,1673114446060.02
4620.62109375,876.079956054688,26107457277212,1692313604820.2
4622.18359375,876.309936523438,25987967071069.8,1728805296589.6
4623.74609375,876.550048828125,25796765133256,1762909108923.83
4625.30859375,876.309936523438,25721209592792.9,1746667348387.76
4626.87109375,876.780029296875,25754857298881.7,1759800451377.91
4628.43359375,876.955406775842,25653926683141.9,1729051815032.74
4629.99609375,877.25,25767556460776.2,1730372122555.19
4631.55859375,877.223463792067,25700262070611.9,1677816152267.16
4633.12109375,877.581982421875,25620927209861.4,1708185227550.05
4634.68359375,877.719970703125,25563186408424.4,1759668790581.3
4636.24609375,877.719970703125,25574259167319.2,1722192764032.32
4637.80859375,877.9599609375,25472721476466.8,1736566347719.1
4639.37109375,878.500816932092,25545314495234.7,1764330096339.22
4640.93359375,878.606961763823,25467965893275.4,1754285504356.85
4642.49609375,878.900024414063,25315862628374.4,1721077518350.56
4644.05859375,878.988478440505,25525144595270.9,1676626608100.86
4645.62109375,878.900024414063,25432109884408.1,1713012242607.42
4647.18359375,879.369995117188,25412835186077.3,1736083241763.64
4648.74609375,879.599975585938,25144283604737.4,1730292352144.15
4650.30859375,879.369995117188,25150779111259,1776583820940.29
4651.87109375,879.369995117188,25157272194984.4,1695515354246.61
4653.43359375,879.839965820313,25182393133324,1692504183022.55
4654.99609375,880.410813551683,25369184369355.2,1748679181489.29
4656.55859375,880.300048828125,25217996099190.9,1757918651904.9
4658.12109375,880.5400390625,25121911712240.8,1695451213396.02
4659.68359375,880.973088191106,25165388538469,1740865058993.77
4661.24609375,881.239990234375,25161601463461.7,1722618591706.89
4662.80859375,881.239990234375,25186486984395.2,1791931166725.96
4664.37109375,881.47998046875,25045966021171.4,1744361234122.3
4665.93359375,881.63037109375,25133509807699.6,1748987396827.84
4667.49609375,881.949951171875,24879314116302.3,1705189532789.74
4669.05859375,881.949951171875,24850552667561.7,1672019228009.84
4670.62109375,882.180053710938,24961802299872.6,1716312313816.89
4672.18359375,882.650024414063,24886459640079.7,1731682818839.26
4673.74609375,883.119995117188,24812009074502.9,1682684030538.25
4675.30859375,882.943087064304,24650077628835.5,1702839861640.12
4676.87109375,882.890014648438,24651709703054.5,1723224808381.77
4678.43359375,883.341524564304,24658780145249.3,1723315141118.76
4679.99609375,883.359985351563,24501950673739.7,1727875839562.5
4681.55859375,883.359985351563,24551466641803.5,1677345461016.68
4683.12109375,883.589965820313,24577372546248.2,1684708246299.38
4684.68359375,883.468440129207,24629383467280.9,1722845502748.96
4686.24609375,884.059936523438,24828297512150.9,1701635411169.99
4687.80859375,884.300048828125,24603822325887,1759191510407.32
4689.37109375,884.549228515625,24581472695860.3,1692318106102.51
4690.93359375,885,24549368497336.3,1753200411137.89
4692.49609375,885,24274777221593.8,1732861753179.53
4694.05859375,885.239990234375,24440952632020.6,1732582351521.18
4695.62109375,885.239990234375,24242840303932.9,1692547855359.33
4697.18359375,885.469970703125,24434488455806.6,1737617029140.73
4698.74609375,885.93994140625,24492785742364.4,1735225583118.89
4700.30859375,886.152348445013,24619074963473,1716818353507.84
4701.87109375,885.93994140625,24440802231706.4,1707803010390.92
4703.43359375,886.180053710938,24375056029351.1,1733932851661.16
4704.99609375,886.650024414063,24298145419918.4,1700196985916.92
4706.55859375,886.446185772236,24285583180608.2,1701672529920.11
4708.12109375,886.880004882813,24181570963467.7,1727323748570.27
4709.68359375,887.119995117188,24089664756914.1,1750145773468.49
4711.24609375,887.349975585938,24272766485357.6,1730165353874.22
4712.80859375,887.589965820313,24149852821660.3,1763942784957.73
4714.37109375,887.589965820313,24188390362652.4,1746274986758.99
4715.93359375,887.819946289063,24256659110186.8,1714319664285.31
4717.49609375,888.059936523438,24165442962426.5,1750529245507.83
4719.05859375,888.2900390625,24356153015027.6,1738162586297.12
4720.62109375,888.2900390625,24072091418104.3,1697585298180.5
4722.18359375,888.935387244592,24151448493590,1778926059856.49
4723.74609375,889.22998046875,24041711497875.3,1779711404363.92
4725.30859375,889.026536207933,23860606000381.9,1729636404990.93
4726.87109375,889.0419921875,23969377367844.4,1708683480071.29
4728.43359375,889.22998046875,23729258429646.7,1700598108394.51
4729.99609375,889.699951171875,23914868779412.8,1714537760234.06
4731.55859375,889.93994140625,23880137805338.3,1682193635754.63
4733.12109375,889.93994140625,23712217803764.6,1727469536770.44
4734.68359375,890.410034179688,23846336602131.7,1676616648435.54
4736.24609375,890.410034179688,23792731290764,1711813119541.96
4737.80859375,890.170043945313,23642776253371.5,1664965578664.43
4739.37109375,890.880004882813,23652663880018.5,1672664560153.79
4740.93359375,891.109985351563,23708120227609.1,1710505330880.04
4742.49609375,891.109985351563,23676061695922.3,1750844082267.52
4744.05859375,891.349975585938,23566324981987.6,1751068327298.99
4745.62109375,891.349975585938,23707022775047.7,1786006296062.78
4747.18359375,892.013232421875,23566055511779.6,1701988343250.77
4748.74609375,892.203642578125,23673683505040.8,1735021980196.89
4750.30859375,892.050048828125,23544584634817.5,1761277880708.49
4751.87109375,892.2900390625,23500797874702.4,1693055914937.72
4753.43359375,892.511174128606,23364466620069.3,1769664018596.17
4754.99609375,892.760009765625,23383740649806,1716488010059.25
4756.55859375,893.22998046875,23360582159336.2,1760457993862.83
4758.12109375,893.4599609375,23369785202332.9,1726878857926.86
4759.68359375,893.22998046875,23219752821666.2,1779859337711.59
4761.24609375,893.663029597356,23231092659780.7,1693061487310.81
4762.80859375,893.930053710938,23385903764594,1723378053824.04
4764.37109375,894.170043945313,23276368827024,1739242528119.57
4765.93359375,893.699951171875,23316308160428,1728104598127.4
4767.49609375,894.640014648438,23208804145586.2,1623946849463.99
4769.05859375,894.640014648438,23317087780471.3,1696471951708.93
4770.62109375,894.640014648438,23074352207222.9,1745007667309.8
4772.18359375,895.091524564304,23171733111144.6,1748328915906.1
4773.74609375,895.109985351563,23050013304571.3,1676763893445.94
4775.30859375,895.349975585938,23184757839691.6,1735862367913.47
4776.87109375,895.819946289063,22845437818752.2,1660818629810.17
4778.43359375,895.819946289063,22960512184604.5,1719166995542.15
4779.99609375,895.819946289063,22984838934194.5,1740140388548.39
4781.55859375,895.819946289063,22837688349230.5,1722312894027.04
4783.12109375,896.153484637921,23035009432254.9,1696790360827.73
4784.68359375,896.52001953125,22760875837655.7,1728926224368.21
4786.24609375,896.52001953125,22908523562769.8,1715961639275.74
4787.80859375,896.989990234375,22938260200316.5,1720879161593.24
4789.37109375,897.22998046875,22788873553082.7,1692160659188.73
4790.93359375,897.4599609375,22683737373454.7,1745124393305.17
4792.49609375,897.53076171875,22604422213996,1680862728815.58
4794.05859375,897.22998046875,22743537022367.9,1740031388599.93
4795.62109375,897.930053710938,22555532124020.5,1760152275460.71
4797.18359375,898.170043945313,22533880950651.4,1752142290165.58
4798.74609375,898.170043945313,22507389959785.6,1694837766319.63
4800.30859375,898.684241661659,22370650909890.2,1712447532596.29
4801.87109375,898.640014648438,22655399656402.1,1702295423620.36
4803.43359375,898.869995117188,22576419604109.1,1680848456260.11
4804.99609375,898.869995117188,22415619876683.3,1769195602682.52
4806.55859375,898.869995117188,22392208266786.2,1737201810989.15
4808.12109375,899.321567382813,22297653977177.8,1779995324406.29
4809.68359375,899.579956054688,22517222405542.6,1731252472377.99
4811.24609375,900.050048828125,22465568366789.8,1728650639071.56
4812.80859375,900.216195913462,22377752888827.3,1715878041690.89
4814.37109375,900.33603515625,22289306217052.6,1713683087613.78
4815.93359375,900.2900390625,22324256906837.6,1769936091519.99
4817.49609375,900.52001953125,22268593161220.4,1722033499154.48
4819.05859375,900.760009765625,22295426524782.1,1738152419446.98
4820.62109375,900.760009765625,22319416571562.6,1784226344849.74
4822.18359375,901.22998046875,22388111113094.9,1738894707800.27
4823.74609375,901.4599609375,22330792999488,1783211959799.58
4825.30859375,901.930053710938,22197640893870.1,1709198600661.22
4826.87109375,901.930053710938,22272257469394.2,1740856698341.52
4828.43359375,901.930053710938,22007355401201,1743967337657.09
4829.99609375,902.160444335938,22003065276091.4,1770546871060.39
4831.55859375,902.400024414063,22292088877569.1,1724255139452.64
4833.12109375,902.400024414063,22156195017848.1,1692455921471.68
4834.68359375,903.036063058036,22041418963320.4,1704315871754.99
4836.24609375,903.048067533054,22037464993494.1,1743603857853.7
4837.80859375,902.880004882813,21993943788587.4,1734591839119.11
4839.37109375,903.487963867188,22066467539764.2,1739706941477.75
4840.93359375,903.579956054688,22036349723744.6,1708771009775.02
4842.49609375,903.579956054688,21859074040444.5,1712728774955.4
4844.05859375,904.050048828125,21818008543615.9,1800628415159.17
4845.62109375,904.050048828125,21838128498366.6,1800726215434.74
4847.18359375,904.050048828125,21771708271571.6,1750555021351.51
4848.74609375,904.466947115385,21885533423680.7,1812954853985.8
4850.30859375,904.901536207933,21757471544247.4,1766471383716.16
4851.87109375,904.760009765625,21747899170287,1768534752301.71
4853.43359375,905.22998046875,21683289552302.9,1716440744930.34
4854.99609375,905.22998046875,21743082532564.5,1749053825172.37
4856.55859375,905.303823617789,21577366071193.9,1710904347560
4858.12109375,905.699951171875,21803472212390.8,1714690272466.62
4859.68359375,905.93994140625,21623857930520.1,1770559147026.72
4861.24609375,905.853544921875,21644597579274.2,1798310952233.73
4862.80859375,906.410034179688,21749418364459.6,1765826539129.75
4864.37109375,906.640014648438,21591323131096.3,1744677076946.84
4865.93359375,906.640014648438,21504527666779.9,1763264301521.43
4867.49609375,906.640014648438,21398084081978.2,1766591929657.51
4869.05859375,907.109985351563,21541989801010.5,1756013796590.86
4870.62109375,907.293178710938,21778310450260.2,1704878981840.37
4872.18359375,907.589965820313,21702616326875.5,1759523620330.37
4873.74609375,907.349975585938,21318240900768.1,1708554494831.1
4875.30859375,907.819946289063,21540942541104.7,1754782877497.5
4876.87109375,908.153955078126,21512354898386.3,1716373521924.74
4878.43359375,908.530029296875,21483200238680.6,1774293304607.4
4879.99609375,908.376435546875,21353072180346.8,1719119414218.21
4881.55859375,908.760009765625,21413508403836.3,1727195140715.86
4883.12109375,909,21234949994465,1743306751284.18
4884.68359375,909,21305661532118.5,1737312265821.3
4886.24609375,909.184631347656,21173772581092.2,1753407966079.32
4887.80859375,909.239990234375,21226061045459.9,1727660730107.85
4889.37109375,909.93994140625,21226061045459.9,1705120687833.04
4890.93359375,909.7099609375,21169272590659.1,1728256064723.47
4892.49609375,909.93994140625,21053354112763,1768626170142.08
4894.05859375,910.180053710938,21196264821502.5,1738628607489.04
4895.62109375,910.410034179688,21224375309093.6,1714922726293.36
4897.18359375,910.396963266227,21109077727444.5,1775996740317.9
4898.74609375,910.880004882813,21138091942440,1797721695242.21
4900.30859375,910.880004882813,21135013068037.5,1704636070010.85
4901.87109375,911.286142202525,21080375531842,1799591887066.54
4903.43359375,911.359985351563,21145648809589.5,1786098745637.93
4904.99609375,911.589965820313,20954216573731.7,1749361828531.73
4906.55859375,911.829956054688,21099510775195.4,1779540756923.67
4908.12109375,912.059936523438,20958161054052.9,1740077276936.26
4909.68359375,912.300048828125,20741552066818.8,1736737337071.33
4911.24609375,912.300048828125,20889954218312.2,1722785390905.11
4912.80859375,912.530029296875,20983516893917.9,1748767381478.6
4914.37109375,912.77001953125,20884342625019.2,1760535974956.93
4915.93359375,913.010009765625,20957540096831.2,1768075889948.44
4917.49609375,913.239990234375,20856116517094.1,1793859269452.23
4919.05859375,913.010009765625,20932829969253.2,1790098092372.16
4920.62109375,913.47998046875,20840109278957.3,1671479687279.13
4922.18359375,913.885338416467,20721007444051.2,1711594007069.88
4923.74609375,913.949951171875,20658643774185.8,1739505771688.09
4925.30859375,914.18994140625,20637259504744.9,1747956258236.67
4926.87109375,914.18994140625,20595774254466.8,1779609065388.32
4928.43359375,914.881169245794,20733647092890.5,1774649511953.57
4929.99609375,914.890014648438,20462820119708.2,1734982171433.18
4931.55859375,915.130004882813,20377871194555.7,1766635499005.9
4933.12109375,915.130004882813,20478670305404.3,1783399117961.25
4934.68359375,915.599975585938,20459461569644.5,1751481324700.09
4936.24609375,915.636897160457,20448662460255.3,1756754190802.74
4937.80859375,915.359985351563,20373369414159.2,1763111480778.51
4939.37109375,916.069946289063,20308433436386.1,1817565678277.89
4940.93359375,916.069946289063,20293572206039.9,1761221330713.65
4942.49609375,916.069946289063,20381270426780.5,1730347995389.84
4944.05859375,916.5400390625,20412991060350.9,1738301678908.62
4945.62109375,916.5400390625,20319501342429.6,1731144163306.56
4947.18359375,916.741630859375,20247344332797.9,1781843191827.08
4948.74609375,916.996938852164,20350978534434.3,1823959536453.66
4950.30859375,917.02001953125,20233304978246.5,1773417371174.16
4951.87109375,917.489990234375,20242381815156.8,1811155052192.85
4953.43359375,917.719970703125,20147040412183.5,1808912755183.41
4954.99609375,917.719970703125,20136820452182.5,1710542637548.6
4956.55859375,917.9599609375,20114674540222.2,1718258364378.17
4958.12109375,918.180751953125,20091387246886.1,1786321398074.7
4959.68359375,918.199951171875,19993640588700.9,1833629099648.76
4961.24609375,918.430053710938,20024905948555.9,1761226148993.81
4962.80859375,918.670043945313,19990838036111.7,1820044319982.61
4964.37109375,919.092016601563,19894041862399,1723543169313.68
4965.93359375,919.140014648438,20052184963031.2,1773676943037.72
4967.49609375,919.545372596154,19937908083367.1,1754176259857.98
4969.05859375,919.166550856371,19919704253935.9,1799999709961.92
4970.62109375,919.705981445313,19969190587184.6,1730366591514.71
4972.18359375,920.079956054688,20033431987370.8,1793919940916.77
4973.74609375,920.113159179688,19835469910434,1795734479845.36
4975.30859375,920.229567307693,19779656982067.8,1743297460168.51
4976.87109375,920.550048828125,19938476711604.1,1736640600731.78
4978.43359375,921.030029296875,19817249078471.4,1730822722258.1
4979.99609375,921.030029296875,19769402697277.9,1771245376495.32
4981.55859375,921.260009765625,19712987653032.7,1732388312262.36
4983.12109375,921.260009765625,19707856903844.9,1740847478938.45
4984.68359375,921.610764723558,19711512192961.6,1815180182075.23
4986.24609375,921.739990234375,19594092038169.1,1732037115851.92
4987.80859375,921.666147085337,19653120626948.3,1749126747940.52
4989.37109375,922.043813852164,19524725258607.7,1791336233782.73
4990.93359375,922.2099609375,19696509503868,1733658998850.7
4992.49609375,922.680053710938,19531203691309.5,1747259242265.98
4994.05859375,922.680053710938,19819891051790.6,1772686255825.29
4995.62109375,922.680053710938,19564884354162.3,1772986619520.61
4997.18359375,922.846182016227,19529292554832.9,1777599584791.85
4998.74609375,923.150024414063,19460185983126.7,1822697231704.35
5000.30859375,923.390014648438,19586602767520.7,1836608267130.69
5001.87109375,923.619995117188,19574874783066.5,1818696873811.46
5003.43359375,923.859985351563,19598371815665.5,1872800205994.14
5004.99609375,924.099975585938,19496190247346.7,1786923458983.46
5006.55859375,924.099975585938,19364164416209.9,1786030402526.82
5008.12109375,924.329956054688,19564686718527.4,1754918893976.85
5009.68359375,924.800048828125,19283509960870.2,1728295887515.63
5011.24609375,925.0400390625,19376171048437,1900420589589.27
5012.80859375,925.0400390625,19270919968099.4,1800262951338.68
5014.37109375,925.510009765625,19240012216492.1,1824813549592.28
5015.93359375,925.280029296875,19204970018743.2,1790102680128.82
5017.49609375,925.280029296875,19163353384888.8,1770138775302.21
5019.05859375,925.989990234375,19204515337604.8,1800264797973.89
5020.62109375,926.219970703125,19143799720109.1,1814351062992.81
5022.18359375,926.219970703125,19207377408421.9,1778090294271.18
5023.74609375,926.4599609375,19239439976428.7,1746712138759.92
5025.30859375,926.4599609375,19123171917239.9,1772763883853.94
5026.87109375,926.930053710938,18869020698396.9,1844801905841.08
5028.43359375,926.930053710938,18985554220541.7,1792089140098.98
5029.99609375,927.170043945313,19012479136495.2,1790890373594.84
5031.55859375,927.640014648438,19023683715307,1747355527531.05
5033.12109375,927.400024414063,18971279134854.9,1752181294118.4
5034.68359375,927.726411132813,18932663228472.6,1806035877616.86
5036.24609375,928.313054011419,18805205614450.8,1740705455781.07
5037.80859375,928.109985351563,18693636526915.5,1733079248076.35
5039.37109375,928.109985351563,18599318784288.7,1774105032149.46
5040.93359375,928.349975585938,18678746329902.6,1803073152815.93
5042.49609375,928.819946289063,18844320896714.8,1795126153609.2
5044.05859375,929.059936523438,18909792695863.5,1747731590616.36
5045.62109375,929.2900390625,18801543136742.7,1816284541491.04
5047.18359375,929.2900390625,18686453741645.3,1830323303476.42
5048.74609375,929.530029296875,18673412565243.6,1836014076077.82
5050.30859375,929.530029296875,18652038131744.2,1763822170429.67
5051.87109375,929.77001953125,18634534766574.2,1763422850269.3
5053.43359375,930.239990234375,18641612255564.1,1765635501634.23
5054.99609375,930.47998046875,18615909731475,1788110629204.98
5056.55859375,930.5995703125,18694526979748.6,1788167666234.58
5058.12109375,930.534207857572,18617192616612.1,1784874260820.44
5059.68359375,930.949951171875,18534244693650.5,1760990222284.12
5061.24609375,931.180053710938,18492759760093,1796325580504.61
5062.80859375,930.949951171875,18482386135668.6,1790743273425.66
5064.37109375,931.420043945313,18318891649214.1,1754660162951.41
5065.93359375,931.660034179688,18302127779357.3,1782648614282.38
5067.49609375,931.660034179688,18469129348771,1791958730401.56
5069.05859375,931.890014648438,18433963242436.8,1814187679979.65
5070.62109375,932.203848031852,18554405661529.8,1743354795233.13
5072.18359375,932.423067533054,18428773214768.5,1792896591626.24
5073.74609375,932.599975585938,18436268733296.5,1843031171075.9
5075.30859375,932.599975585938,18416353311565,1848239419922.85
5076.87109375,933.079956054688,18263303625389.2,1776294829888.52
5078.43359375,933.186100886419,18281955715815.7,1809397302179.62
5079.99609375,933.550048828125,18252290870168,1745204783950.72
5081.55859375,933.7900390625,18111187608355.7,1728964862148.5
5083.12109375,933.83603515625,18176481849494.1,1782200007941.55
5084.68359375,933.7900390625,18085754220366.2,1801116013812.87
5086.24609375,934.02001953125,18093261048404.8,1781379984993.07
5087.80859375,934.489990234375,18083428826237.8,1782116446613.89
5089.37109375,934.489990234375,18127377508334.1,1792976127997.99
5090.93359375,934.72998046875,18074173969406,1814009168578.62
5092.49609375,934.969970703125,17952036806362.1,1812361293871.71
5094.05859375,935.199951171875,18103769004894.9,1835575059731.87
5095.62109375,935.43994140625,17934108849250.1,1786093891982.09
5097.18359375,935.334345703125,17927737916999.1,1818905789000.26
5098.74609375,935.697744516227,17928316879076.9,1799863317393.75
5100.30859375,935.680053710938,17962482975613.9,1835396444325.01
5101.87109375,936.150024414063,17969430712118.2,1821520836919.86
5103.43359375,936.390014648438,18032519643306,1798125746607.94
5104.99609375,936.537202148438,18017474460909.2,1771955894772.73
5106.55859375,936.859985351563,17907544664962.6,1844576165945.46
5108.12109375,936.907983398438,17704513288386.9,1780396786411.97
5109.68359375,937.099975585938,17748052070352.8,1801495014762.85
5111.24609375,937.329956054688,17714981632350.5,1831561257298.67
5112.80859375,937.329956054688,18008784355323,1854687186935.15
5114.37109375,937.569946289063,17840578235255.1,1837466625936.63
5115.93359375,938.0400390625,17686725194913.8,1759958090241.54
5117.49609375,938.243107722356,17702471910629.1,1839981466815.79
5119.05859375,938.52001953125,17906885780955.6,1905228494312.12
5120.62109375,938.52001953125,17644281479750.8,1826446647505.03
5122.18359375,938.52001953125,17481508052895.8,1820183223887.68
5123.74609375,938.714618389423,17641265496960.5,1853623573391.24
5125.30859375,938.989990234375,17647070821118,1836440055077.39
5126.87109375,939.4599609375,17643587158426.9,1802717482614.38
5128.43359375,939.22998046875,17618037471376.1,1832632735573.47
5129.99609375,939.4599609375,17605840457869.7,1841909823714.41
5131.55859375,939.93994140625,17564014401710.3,1844592517445.12
5133.12109375,940.410034179688,17674936296990.4,1839820680656.75
5134.68359375,940.373112605169,17589577427475.9,1825304852519.61
5136.24609375,940.170043945313,17430593660762.7,1825681454709.29
5137.80859375,940.410034179688,17397259024600.1,1817695436614.74
5139.37109375,940.861606445313,17380844849673.9,1778600035299.96
5140.93359375,941.359985351563,17017129860658.7,1759889708276.76
5142.49609375,942.300048828125,16655192559167.1,1842063641958.55
5144.05859375,942.5400390625,16122228075333.7,1737835395714.54
5145.62109375,942.780029296875,16005686194525.6,1727475369636.14
5147.18359375,942.780029296875,15641093792349.5,1631493912625.64
5148.74609375,942.780029296875,15457043803350.7,1723770671605.86
5150.30859375,943.02001953125,15241944761893,1650037204574.73
5151.87109375,943.25,14968636822818.3,1644187635517.48
5153.43359375,943.489990234375,14894544639140.7,1640912558145.96
5154.99609375,943.489990234375,14854116917143.8,1659426040083.36
5156.55859375,943.9599609375,14748925265593.5,1610030961205.57
5158.12109375,943.9599609375,14361830182936.6,1594183593008.55
5159.68359375,944.43994140625,14530794616690.4,1593485299229.34
5161.24609375,944.199951171875,14367315015677,1609305218437.34
5162.80859375,944.670043945313,14411489031176.4,1587284687578.37
5164.37109375,944.670043945313,14299460047157,1598415492648.62
5165.93359375,944.670043945313,14295529613298.7,1581290950870.35
5167.49609375,944.910034179688,14207798476408.8,1624208646929.63
5169.05859375,945.076181265025,14276738797053.8,1592565824695.21
5170.62109375,945.428002929688,14254531170967.2,1593989472159.18
5172.18359375,945.619995117188,14154737628166.4,1604403277904.78
5173.74609375,945.619995117188,14062437528474.6,1651352169997.69
5175.30859375,946.089965820313,14107919174255.9,1608633599898.94
5176.87109375,945.859985351563,14026970530447,1606862753636.43
5178.43359375,946.329956054688,14051108559430,1630493426274.26
5179.99609375,946.329956054688,14034232106027.4,1578637430448.28
5181.55859375,946.809936523438,13840058448210.3,1582671697220.28
5183.12109375,946.854187011719,13970048536956.6,1561592743271.66
5184.68359375,946.883569335938,13778992031951.8,1571631657672.19
5186.24609375,947.280029296875,13725033827084.3,1599613572360.3
5187.80859375,947.280029296875,13606499489785.2,1623681675545.41
5189.37109375,947.75,13781991939084.7,1643640086818.75
5190.93359375,947.90359375,13716582175891.1,1580394444590.42
5192.49609375,947.714618389423,13688366833954.2,1555045020655.28
5194.05859375,947.989990234375,13650594015571.6,1600096942858.18
5195.62109375,948.063833383414,13671631032639,1633115491851.19
5197.18359375,948.469970703125,13632517037671.8,1591828623807.09
5198.74609375,948.469970703125,13721383667086.4,1586608578320.91
5200.30859375,948.699951171875,13716042619844.4,1568114846655.83
5201.87109375,948.93994140625,13436334100844.6,1580308488809.32
5203.43359375,948.93994140625,13807247995528.8,1528830640161.34
5204.99609375,949.180053710938,13628855041976.1,1552988948586.66
5206.55859375,949.582827148438,13615319657389.5,1611213309030.17
5208.12109375,949.890014648438,13722584986520.2,1582769821515.58
5209.68359375,950.018803710938,13676502201611.8,1631705208928.28
5211.24609375,950.1023043119,13676364839060.4,1582149233037.48
5212.80859375,950.258451021635,13696523567852.5,1573666263471.29
5214.37109375,950.599975585938,13599476176154.7,1605821258354.21
5215.93359375,950.839965820313,13528798777781.4,1599820366930.94
5217.49609375,950.599975585938,13474558349733.6,1677905471464.14
5219.05859375,950.599975585938,13434738044412.7,1658115773969.08
5220.62109375,951.550048828125,13697371718637.9,1656151078776.14
5222.18359375,951.309936523438,13753191865741.1,1620180515841.47
5223.74609375,951.780029296875,13617050404144,1616609314949.06
5225.30859375,951.780029296875,13772216586914.2,1664155517709.98
5226.87109375,952.02001953125,13603081091384.9,1557753269316.37
5228.43359375,952.260009765625,13533968599059.3,1622991359117.64
5229.99609375,952.260009765625,13398634518075.5,1629085914199.71
5231.55859375,952.32720703125,13528228758120,1617380654778.34
5233.12109375,952.72998046875,13361616579453,1673538050129.07
5234.68359375,952.969970703125,13477898884937.9,1658667384657.14
5236.24609375,953.2099609375,13381259678445.8,1628709645012.42
5237.80859375,953.449951171875,13649935318970.6,1636325968586.32
5239.37109375,953.680053710938,13644530629686.6,1624217206645.62
5240.93359375,953.680053710938,13457597679879.6,1611650964391.35
5242.49609375,953.680053710938,13623982849570,1614849136141.52
5244.05859375,953.920043945313,13645942185223.9,1621745992228.19
5245.62109375,954.160034179688,13451658994180.1,1643522707411.58
5247.18359375,954.390014648438,13586256810131.8,1581882846528.44
5248.74609375,954.630004882813,13464214490505.1,1542449231975.12
5250.30859375,954.869995117188,13416687609596.9,1658133174309.32
5251.87109375,955.063833383414,13481611811035.9,1595182779357.41
5253.43359375,955.109985351563,13411738233609.8,1632596486741.6
5254.99609375,955.339965820313,13423546784048.9,1663327354237.11
5256.55859375,955.455161132813,13542984862491.8,1680596023837.99
5258.12109375,955.579956054688,13586857484497.3,1693787059300.63
5259.68359375,956.2900390625,13588660792854.5,1731972374485.96
5261.24609375,956.530029296875,13429322540594.5,1672397901397.2
5262.80859375,956.530029296875,13450379170796.5,1675783226256.1
5264.37109375,956.530029296875,13462145805890.4,1622255708550.3
5265.93359375,957.010009765625,13479184345318.2,1635381771120.88
5267.49609375,957.010009765625,13382383811645.9,1673240549665.35
5269.05859375,957.010009765625,13420297909096.5,1649135567820.88
5270.62109375,957.239990234375,13478743072392.8,1700076229252.46
5272.18359375,957.239990234375,13385445723333.4,1659066394738.33
5273.74609375,957.172691932092,13573629105508.8,1627517893559.94
5275.30859375,957.9599609375,13440753395950,1654783753241.52
5276.87109375,958.09956242488,13496104915801.8,1677463830601.68
5278.43359375,957.947197265625,13396548151305.7,1641153784156.41
5279.99609375,958.430053710938,13430468437274.8,1659304639191.62
5281.55859375,958.670043945313,13371755616318.2,1695349942844.21
5283.12109375,958.900024414063,13590464613274.2,1674544877721.52
5284.68359375,959.140014648438,13636874467659.8,1649463175649.61
5286.24609375,959.380004882813,13521513529665,1669090856446.2
5287.80859375,959.380004882813,13315382388482.8,1666379306129.25
5289.37109375,959.571997070313,13358305266986.2,1662478458441.31
5290.93359375,959.619995117188,13578893364977.5,1667175216624.06
5292.49609375,959.849975585938,13599882108296.1,1703320380639.35
5294.05859375,960.089965820313,13502103295549.5,1669344184495.68
5295.62109375,960.329956054688,13510520859415,1672769652088.05
5297.18359375,960.569946289063,13425712506746.2,1717739314905.64
5298.74609375,960.960388183594,13499096509993.4,1657855968107.11
5300.30859375,961.0400390625,13484062779164.9,1722768311384.61
5301.87109375,961.280029296875,13605980849139.4,1696491048552.6
5303.43359375,961.414423828125,13673248736780.9,1684475429553.24
5304.99609375,961.52001953125,13506312149796.2,1660818973549.55
5306.55859375,961.52001953125,13534400841745.2,1683078008670.68
5308.12109375,961.760009765625,13532697187433.1,1701453653065.86
5309.68359375,962.22998046875,13554405117733.1,1661493868948.73
5311.24609375,962.469970703125,13475040872623.7,1704666428802.01
5312.80859375,962.285362830529,13517735826198.4,1732169942772.68
5314.37109375,962.801953125,13529158437007.2,1714611941278.13
5315.93359375,962.7099609375,13560415899118.8,1718678210800.89
5317.49609375,962.93994140625,13423306628288.9,1778551770133.14
5319.05859375,963.133878267729,13435829969217.2,1762525781184.53
5320.62109375,963.660034179688,13462276699584.4,1654051960305.64
5322.18359375,963.660034179688,13527956518767.2,1697194041921.55
5323.74609375,963.926936222957,13544788817544.3,1700525116051.86
5325.30859375,963.645629882813,13667351117663.7,1678493009151.15
5326.87109375,964.130004882813,13514729424405.8,1753861528722
5328.43359375,964.609985351563,13526754588728.1,1676022986339.25
5329.99609375,964.573063777044,13458801592961.3,1741146725510.04
5331.55859375,964.839965820313,13351080913112.6,1708853764943.73
5333.12109375,965.079956054688,13551399616328.1,1698392022031.35
5334.68359375,965.118354492188,13443761613305.3,1749785903720.42
5336.24609375,965.559936523438,13567945523474.5,1701286211486.16
5337.80859375,965.559936523438,13475186953575.2,1686991553261.16
5339.37109375,965.684794921875,13464815763889.9,1704027502071.67
5340.93359375,966.030029296875,13456996371084.9,1718039263457.64
5342.49609375,966.27001953125,13389606323511.5,1738046758488.79
5344.05859375,966.337216796875,13313146734368.9,1638252500252.68
5345.62109375,966.510009765625,13261194633554.8,1738538994865.41
5347.18359375,966.75,13405733105555.4,1721700944506.85
5348.74609375,966.97998046875,13284983571612,1654115854141.19
5350.30859375,967.219970703125,13439667890987,1661588384006.85
5351.87109375,967.247661884015,13370253897003.2,1698881383975.37
5353.43359375,967.699951171875,13263753254929.5,1667007355093.39
5354.99609375,967.699951171875,13517579878463.4,1715858015880.58
5356.55859375,968.170043945313,13288510853272.8,1688794144792.23
5358.12109375,968.170043945313,13479250656691.8,1744919449086.37
5359.68359375,968.170043945313,13339039813921.8,1752053937467.94
5361.24609375,968.391573392429,13391026737138.6,1744569538353.1
5362.80859375,968.650024414063,13326351048101.8,1713118176699.76
5364.37109375,968.890014648438,13390161372669.6,1713926247986.28
5365.93359375,969.202308067909,13519538404997.4,1716717810122.95
5367.49609375,969.359985351563,13418836169593.2,1738259354021.31
5369.05859375,969.130004882813,13369547332748.2,1761172092186.58
5370.62109375,969.406137319712,13421500883735.1,1695364159503.59
5372.18359375,969.839965820313,13432932468174.5,1722520273776.39
5373.74609375,969.858426607573,13463011934886.3,1736897634257.82
5375.30859375,970.319946289063,13481055550792.6,1727737234070.09
5376.87109375,970.319946289063,13382066700554.7,1697073541983.51
5378.43359375,970.550048828125,13220736790645.2,1782878724093.1
5379.99609375,971.030029296875,13392615795507.6,1717330355263.47
5381.55859375,971.002338115986,13521888805958,1726992992981.1
5383.12109375,971.27001953125,13467970253494.7,1781016952788.23
5384.68359375,971.048490084135,13427719661246.1,1813375058157.95
5386.24609375,971.8455859375,13375279930439.6,1741035665088.63
5387.80859375,971.739990234375,13400439294298.2,1754847287707.88
5389.37109375,971.739990234375,13346866727973.9,1715053456209.05
5390.93359375,971.97998046875,13436008954536.5,1778322926670.37
5392.49609375,972.4599609375,13406007919554.4,1679322280663.4
5394.05859375,972.699951171875,13536023166451.1,1717499744403.78
5395.62109375,972.718359375,13481977317361.2,1704557625264.6
5397.18359375,972.930053710938,13605484743427.1,1809161784146.34
5398.74609375,972.930053710938,13419093617894.9,1755657930472.42
5400.30859375,973.170043945313,13383587158095.3,1818262959307.13
5401.87109375,973.650024414063,13580849305060.1,1736174169203.17
5403.43359375,973.650024414063,13531512386704.8,1779522926753.98
5404.99609375,973.890014648438,13448856327221.6,1842125543939.53
5406.55859375,974.119995117188,13620503567347.8,1730348613641.6
5408.12109375,974.244790039063,13463011934886.3,1780253183091.42
5409.68359375,974.599975585938,13485265128223.7,1821367202365.5
5411.24609375,974.839965820313,13547477709000.7,1761059993827.15
5412.80859375,975.079956054688,13430760738230.8,1789152636717.67
5414.37109375,975.309936523438,13407059189767.1,1753070272991
5415.93359375,975.309936523438,13370947516071.6,1744167919358.3
5417.49609375,975.550048828125,13514729424405.8,1807042489105.19
5419.05859375,975.7900390625,13385995120712.8,1739713624466.25
5420.62109375,975.7900390625,13298692288214.4,1748362749701.95
5422.18359375,976.27001953125,13332142490265.7,1788984636749.34
5423.74609375,976.27001953125,13265812039592.9,1750203902561.54
5425.30859375,976.510009765625,13249015290483.4,1765363217182.96
5426.87109375,976.739990234375,13207298617956.1,1722370364439.19
5428.43359375,976.739990234375,13294474999398,1750198139965.31
5429.99609375,976.97998046875,13357703471301.7,1790329559868.01
5431.55859375,976.97998046875,13242470288420.5,1801153911088.18
5433.12109375,977.4599609375,13119923543492.6,1778644651592.54
5434.68359375,977.699951171875,13165509489328.5,1741702611147.78
5436.24609375,977.699951171875,13305317671424.7,1800911420553.61
5437.80859375,978.456186147837,13273392916117.5,1741368660419.72
5439.37109375,978.170043945313,13226577581735.7,1737328813029.87
5440.93359375,978.170043945313,13191607566519.5,1760613743004.33
5442.49609375,978.613102839544,13172744753457.4,1820995983185.31
5444.05859375,978.890014648438,13137167060727.9,1777763624865.97
5445.62109375,978.650024414063,13165509489328.5,1839728570633.7
5447.18359375,979.130004882813,13233929595004.5,1766577150389.52
5448.74609375,979.149169921876,13231635585542.4,1820469881323.13
5450.30859375,979.599975585938,13239049071875.3,1811063953890.59
5451.87109375,979.599975585938,13276403930611.9,1817322610375.51
5453.43359375,980.015343299279,13259536073779.6,1867733333395.98
5454.99609375,980.166352539063,13180583565996.4,1788549283726.64
5456.55859375,980.319946289063,13328201423455.8,1790986209542.81
5458.12109375,980.684794921875,13348879029339.3,1840806734962.61
5459.68359375,980.559936523438,13169386252696.1,1812079819063.08
5461.24609375,981.030029296875,13189625819097.9,1799653226665.8
5462.80859375,981.27001953125,13223983460881.5,1719172523507.33
5464.37109375,981.030029296875,13136564182084,1784223874095.28
5465.93359375,981.510009765625,13245677669840.1,1799451892108.82
5467.49609375,981.980390625,13208769414795.4,1814947069308
5469.05859375,981.874794921875,13339000864718.7,1817136030854.6
5470.62109375,981.75,13118085834684.4,1803636199187.17
5472.18359375,982.092843191965,13260740624166.8,1879389414017.48
5473.74609375,982.699951171875,13252908222680.5,1766892023334.86
5475.30859375,982.699951171875,13325918664620.2,1780059541154.2
5476.87109375,982.699951171875,13105223305983.3,1782005711381.93
5478.43359375,983.115408090445,13110258624353,1794698655593.76
5479.99609375,983.180053710938,13218648547228.9,1826478574142.83
5481.55859375,983.420043945313,13054036555537.7,1784053571740.95
5483.12109375,983.660034179688,13053186175684.4,1786282567614.82
5484.68359375,983.669264573318,13158877880069.9,1784662056751.72
5486.24609375,984.130004882813,13213737425664.5,1841383103714.44
5487.80859375,984.369995117188,12950065295628,1781276053509.66
5489.37109375,984.443838266227,13126310870200.5,1783470681574.07
5490.93359375,984.609985351563,13154053003054.7,1803243679253.41
5492.49609375,984.849975585938,13087704208075.7,1850269987898.63
5494.05859375,985.089965820313,13246882355967.6,1846529817989.61
5495.62109375,985.089965820313,13032787211648.6,1843120545864.92
5497.18359375,985.329956054688,13121987663666.2,1821445514771.04
5498.74609375,985.767177036831,12995524041152.3,1844407128604.8
5500.30859375,985.640747070313,12986300595327.1,1816750049743.69
5501.87109375,986.23203125,12926507307187,1887289574436.55
5503.43359375,986.0400390625,13048480837378.3,1783926963433.45
5504.99609375,986.280029296875,12979308333515.1,1787070483510.33
5506.55859375,986.52001953125,13020647168708.1,1835943695640.28
5508.12109375,986.760009765625,12878916868533.2,1863704684850.65
5509.6796875,986.760009765625,12916117432212.8,1847626110543.15
5511.24609375,987.239990234375,13058954875802.2,1774226587685.77
5512.8046875,987.7099609375,12894484299883.6,1784968279400.7
5514.37109375,987.7099609375,12768729394801.1,1763396828236.89
5515.9296875,987.903799203726,12908382218658,1780177513253.57
5517.49609375,987.7099609375,12827390180443.7,1826282873877.89
5519.0546875,988.18994140625,12973069790414.4,1802852036408.32
5520.62109375,988.18994140625,12967949366466.5,1854048875482.45
5522.1796875,988.430053710938,12873031250026.1,1789427945245.29
5523.74609375,988.670043945313,12930689194277,1792980214092.53
5525.3046875,989.003943401835,12942816960469.5,1858101744816.6
5526.87109375,989.150024414063,12781581455743.3,1777920464019.18
5528.4296875,989.380004882813,12805373920930.7,1826926150001.38
5529.99609375,989.619995117188,12792921990493.4,1829173323987.44
5531.5546875,989.380004882813,12850946993411.8,1824222500043.45
5533.12109375,989.859985351563,12901650434478.3,1817892744274.45
5534.6796875,990.099975585938,12775322268532.8,1806716191724.69
5536.24609375,990.339965820313,12671870109347.3,1775320201322.46
5537.8046875,990.819946289063,12805436920878,1745799497933.76
5539.37109375,990.819946289063,12890254473423.4,1824897290515.44
5540.9296875,990.819946289063,12593790145148.2,1783364192351.85
5542.49609375,991.059936523438,12727588781770.2,1764003846749.06
5544.0546875,991.059936523438,12667669104148.4,1795850693674.13
5545.62109375,991.326585036058,12786874940058.6,1778296821595.09
5547.1796875,991.77001953125,12636403287666.3,1851876738683.04
5548.74609375,991.827948208513,12681139248934.8,1833906489635.29
5550.3046875,992.25,12665813163088.5,1813644084272.82
5551.87109375,992.25,12770543413056.1,1779951242770.19
5553.4296875,992.489990234375,12748160794553.5,1804395759431.39
5554.99609375,992.489990234375,12730614446150.2,1787012856294.55
5556.5546875,992.969970703125,12508955495702.8,1757443977977.53
5558.12109375,992.969970703125,12636185772994.4,1780678213458.37
5559.6796875,993.2099609375,12754211045767.1,1824865576228.85
5561.24609375,993.449951171875,12582886186921.1,1817486343107.46
5562.8046875,993.680053710938,12466517788961.8,1791002463447.88
5564.37109375,994.160034179688,12673235406845.6,1771386190718.57
5565.9296875,994.160034179688,12470034894563.4,1749185275887.19
5567.49609375,993.938504732573,12550658767280.1,1790709568294.77
5569.0546875,993.920043945313,12631873415264.9,1893088467628.81
5570.62109375,994.640014648438,12494380727911.6,1829050277162.04
5572.1796875,994.880004882813,12436118998531.7,1793045578613.96
5573.74609375,994.880004882813,12459100092351.7,1753155073268.41
5575.3046875,995.119995117188,12624142881635.3,1812987922788.71
5576.87109375,995.599975585938,12452570306894.9,1807943600590.47
5578.4296875,995.839965820313,12424145815291.6,1853176482317.96
5579.99609375,996.069946289063,12342824110064.2,1793245016877.63
5581.5546875,995.839965820313,12417391575757,1849451188966.95
5583.12109375,996.069946289063,12372823013612.1,1773404001046.15
5584.6796875,996.550048828125,12301447330754.8,1753194626327.23
5586.24609375,996.550048828125,12307395473859.3,1829564882446.7
5587.8046875,996.946955754207,12220318014074.4,1797538104295.23
5589.37109375,997.27001953125,12335471952714.4,1820884973460.9
5590.9296875,997.27001953125,12210106572515.8,1779876085331.45
5592.49609375,997.27001953125,12177942082729.5,1769586292810.92
5594.0546875,997.75,12384744559547.6,1788454690662.24
5595.62109375,997.75,12202948817574.7,1813948392549.71
5597.1796875,998.181982421875,12227377609810.6,1779884936853.65
5598.74609375,997.989990234375,12192384840915.5,1753238792851.49
5600.3046875,998.239580078125,12176589167484.9,1784089921674.19
5601.87109375,998.469970703125,12122230207567.4,1756108512437.91
5603.4296875,998.93994140625,12066886335585.5,1763007408279.87
5604.99609375,998.7099609375,12093040765926.4,1776070161859.92
5606.5546875,999.180053710938,12126379194098.1,1784719962025.32
5608.12109375,999.346200796275,12114984940435.1,1848026538404.6
5609.6796875,999.592836914063,12033438336185.9,1804969865693.36
5611.24609375,999.660034179688,11920094963608.5,1830797997690.16
5612.8046875,999.900024414063,11982909969895.7,1807705119356.28
5614.37109375,1000.38000488281,11983518466940,1829166086795.53
5615.9296875,1000.38000488281,12005412913418.1,1741574718446.27
5617.49609375,1000.61999511719,11873781798828.8,1769269267781.02
5619.0546875,1000.38000488281,12065060729327.1,1789125350581.7
5620.62109375,1000.85998535156,12035287051245.5,1798913749905.81
5622.1796875,1001.09997558594,11964151631300.4,1774493037706.09
5623.74609375,1001.09997558594,12073170763167.1,1777737178593.62
5625.3046875,1001.09997558594,11858563063301.6,1785354320252.09
5626.87109375,1001.70475097656,12068277937682.9,1795978464220.01
5628.4296875,1002.05993652344,11943609656054.5,1744638064106.92
5629.99609375,1001.90301983173,12026200911291.4,1715996768244.48
5631.5546875,1002.2900390625,11884258836293.1,1795165694803.73
5633.12109375,1002.33619103065,11909842494891.5,1800827214572.99
5634.6796875,1002.70282226563,11892786860763.8,1743163765998.71
5636.24609375,1002.53002929688,11870246310805.8,1779578891848.1
5637.8046875,1003.01000976563,11920063509215.5,1834560131116.16
5639.37109375,1003.06539212741,11896416972974.6,1856953858906.84
5640.9296875,1003.01000976563,12010299973944.7,1756644558405.45
5642.49609375,1003.72998046875,11784044111758.1,1783675971503.76
5644.0546875,1003.90535794772,11891551988372.2,1800759140635.65
5645.62109375,1003.96997070313,11820276247716.2,1835874548491.43
5647.1796875,1004.2099609375,11942119424171.7,1823792261297.48
5648.74609375,1004.2099609375,11914105711628.4,1757815129879.74
5650.3046875,1004.44995117188,11931158452794.5,1831969386474.83
5651.87109375,1004.68994140625,11996301502724,1766026974252.28
5653.4296875,1004.93005371094,12044375703284.4,1731524035221.18
5654.99609375,1004.93005371094,11961602793933.8,1816285889232.29
5656.5546875,1005.04524902344,11854404873562.4,1827094287719.03
5658.12109375,1005.41003417969,11887305003145.8,1807157147018.57
5659.6796875,1005.79401855469,11871464393753,1820756211828.6
5661.24609375,1005.89001464844,11827815005810.4,1810076681467.62
5662.8046875,1005.89001464844,11948345821375.9,1825190772134
5664.37109375,1006.36999511719,11723058839351.7,1752648912269.62
5665.9296875,1006.36999511719,11656933666234.2,1749367815627.58
5667.49609375,1006.60998535156,11807666575973.7,1836351234567.41
5669.0546875,1007.01534329928,11664959975742.5,1776623437429.65
5670.62109375,1006.93596191406,11669196999319.1,1755022671469.79
5672.1796875,1007.55993652344,11833075897668,1734935969706.79
5673.74609375,1007.14195800781,11716617899764,1758008644829.16
5675.3046875,1007.56917161208,11774555606294.7,1756499189906.88
5676.87109375,1008.0400390625,11828809932866.1,1779810557607.94
5678.4296875,1007.80004882813,11839779830773.8,1736172519518.64
5679.99609375,1008.28002929688,11695875463901.4,1857853749905.93
5681.5546875,1008.28002929688,11747114193611.4,1805211112305.98
5683.12109375,1008.52001953125,11741625987222.5,1826767757271.7
5684.6796875,1008.56801757813,11745285258859,1767858961963.51
5686.24609375,1008.76000976563,11842983943636,1786549549493.28
5687.8046875,1009.47998046875,11673464239797,1809710907829.08
5689.37109375,1009.47998046875,11666586838178,1754642285748.2
5690.9296875,1009.08307354267,11718447250586.3,1774799937631.36
5692.49609375,1009.9599609375,11718325793791,1787752514993.06
5694.0546875,1009.9599609375,11735047493429.6,1798771973315.31
5695.62109375,1010.27379432092,11622641147406.4,1846292253330.4
5697.1796875,1010.43994140625,11737355600557.9,1773979791161.82
5698.74609375,1010.43994140625,11697705115714.6,1829634020288.89
5700.3046875,1010.68005371094,11657419072148.1,1816927820801.74
5701.87109375,1011.16003417969,11617196861083.5,1859636531422.15
5703.4296875,1011.16003417969,11662221859383.7,1748484436880.92
5704.99609375,1011.16003417969,11578111326810.4,1821483275017.56
5706.5546875,1011.40002441406,11590893296728.9,1810778357543.77
5708.12109375,1011.64001464844,11754432311849.8,1758605419820.7
5709.6796875,1012.07199707031,11603714270122.5,1805622479669.65
5711.24609375,1012.03359863281,11650718443893.5,1719247834083.65
5712.8046875,1012.35998535156,11488878943983.8,1759664984245.25
5714.37109375,1012.47518066406,11448539284489.2,1801769979323.69
5715.9296875,1012.62480216191,11566264407590.6,1730450756156.07
5717.49609375,1012.68304912861,11488218679411,1701553785738.97
5719.0546875,1013.07995605469,11441444241650.9,1700684260962.25
5720.62109375,1013.31994628906,11437208346591.6,1758741067053.23
5722.1796875,1013.55993652344,11378113067154.9,1780894510121.75
5723.74609375,1013.80004882813,11448897331026.9,1795041269141.68
5725.3046875,1013.80004882813,11481115387744.6,1730240319214.39
5726.87109375,1014.0400390625,11394020144022.6,1810068347188.45
5728.4296875,1014.76000976563,11469321043467.5,1768566201508.8
5729.99609375,1014.52001953125,11390508202386.9,1734162872110.27
5731.5546875,1014.23387732873,11376528724820.4,1797904209428.67
5733.12109375,1014.52001953125,11490261273786.3,1764964865808.21
5734.6796875,1015.02769118089,11373341855853.8,1857259165835.25
5736.24609375,1015.35075495794,11272589162392.7,1815341367782.37
5737.8046875,1015.71997070313,11290487682036.6,1774543895166.19
5739.37109375,1015.23999023438,11422249362492.4,1752894954051.63
5740.9296875,1015.9599609375,11379442822741.2,1716083020832.63
5742.49609375,1015.9599609375,11433867129353.7,1730930347963.94
5744.0546875,1015.71037109375,11295008015523.7,1743820876137.43
5745.62109375,1016.43994140625,11261952601461.7,1785442987766.55
5747.1796875,1016.58400878906,11250932438474.2,1814671569412.57
5748.74609375,1016.90158315805,11273584400598.8,1772970109986.28
5750.3046875,1016.92004394531,11353138556837.8,1777878689387.14
5751.87109375,1017.16003417969,11287877490850.6,1769890443654.62
5753.4296875,1017.40002441406,11167167806245.5,1786804905353.53
5754.99609375,1017.88000488281,11271747941449.6,1807541677303.25
5756.5546875,1017.43694598858,11162437826905.5,1778045380625.28
5758.12109375,1017.88000488281,11258891983527.8,1764087000009.46
5759.6796875,1018.11999511719,11307247888888.1,1800753261479.44
5761.24609375,1018.25438964844,11225827164481.8,1830184653438.12
5762.8046875,1018.80304424579,11293171866326.6,1741748699353.71
5764.37109375,1018.59997558594,11226439984506.8,1766218711827.24
5765.9296875,1019.31994628906,11365374148278.2,1762857558348.44
5767.49609375,1018.87688739483,11166906119203.5,1839507840636.44
5769.0546875,1019.23687274639,11273398145404.2,1808625597474.27
5770.62109375,1019.55993652344,11290224927816.6,1736580618192.18
5772.1796875,1019.80004882813,11133072785762.8,1799503332996.9
5773.74609375,1019.81850961539,11085833883313.7,1803188955993.74
5775.3046875,1019.80004882813,11043702095001.3,1771459923786.45
5776.87109375,1020.0400390625,11249095651658.3,1737300057082.37
5778.4296875,1020.52001953125,11157968842492.9,1796486751803.1
5779.99609375,1020.76000976563,11315203903265.1,1779261208213.44
5781.5546875,1021,11198186241633.1,1790489668426.25
5783.12109375,1021.35518554688,11175843395914,1697940951484.24
5784.6796875,1021.50767164964,11180950510050.7,1749293382535.46
5786.24609375,1021.47998046875,10964544940398.4,1743418192026.15
5787.8046875,1021.47998046875,10915390956662.4,1764683432626.54
5789.37109375,1021.47998046875,10958009153106.3,1797544260439.7
5790.9296875,1021.71997070313,10952525185236.4,1719896025966.92
5792.49609375,1022.44954589844,11052254816148.2,1766790228691.85
5794.0546875,1022.19995117188,11014350729179.3,1760826036778.56
5795.62109375,1022.68005371094,11081365591015.8,1753097883915.27
5797.1796875,1022.92004394531,11003822762298.8,1719147226266.63
5798.74609375,1023.16003417969,10846810285637.6,1799482905996.6
5800.3046875,1023.16003417969,10896652375724.6,1830638403372.73
5801.87109375,1023.40002441406,10820012013653.8,1728328977808.36
5803.4296875,1023.88000488281,10903091404845.4,1724373046664.05
5804.99609375,1023.88000488281,10864554502025,1704207998251.73
5806.5546875,1023.88000488281,10867815029408.1,1750267948567.82
5808.12109375,1024.02769118089,10958608764702.6,1800469897260.91
5809.6796875,1024.59997558594,11072266328544,1774702198044.72
5811.24609375,1024.59997558594,10917653001142.6,1746286102899.96
5812.8046875,1024.59997558594,10930711606957.8,1717853106380.45
5814.37109375,1024.83996582031,10782611526025.5,1762796425083.16
5815.9296875,1025.32995605469,10871344087063,1703640212662.9
5817.49609375,1025.56994628906,10927520266222.7,1777167007273.9
5819.0546875,1025.32995605469,10891771851495.1,1713674938780.25
5820.62109375,1025.56994628906,10935818721094.5,1765416652793.95
5822.1796875,1025.88381723258,10857228456420.4,1780878274136.53
5823.74609375,1026.05004882813,10887696325511.9,1740260459142.96
5825.3046875,1026.73309795673,10862406810352.5,1711267960477.26
5826.87109375,1026.77001953125,10870067135500.2,1767902154250.62
5828.4296875,1026.53002929688,10716221810707.2,1758314496529.64
5829.99609375,1026.87561523438,10742394819000.1,1782434165177.09
5831.5546875,1026.77924992488,10795378965310,1791779387562.06
5833.12109375,1026.77001953125,10909007583077.5,1781807954735.25
5834.6796875,1027.6838285006,10776866282164.8,1744452761020.92
5836.24609375,1027.96997070313,10730904331278.5,1758933230622.45
5837.8046875,1027.72998046875,10798531482305.3,1756390019236.73
5839.37109375,1027.50918945313,10731675258774.2,1813223519857.47
5840.9296875,1028.44995117188,10820568023161.4,1750178531765.01
5842.49609375,1028.44995117188,10776849884346.1,1712925281991.49
5844.0546875,1028.68994140625,10646226776646.6,1743977574262.12
5845.62109375,1028.87465726413,10710566073170,1823862247613.93
5847.1796875,1029.17004394531,10748140062860.8,1756491741404.2
5848.74609375,1029.41003417969,10647427064884.5,1789362364359.63
5850.3046875,1029.41003417969,10778034475477.5,1745333573985.37
5851.87109375,1029.55402832031,10792530720847.8,1663663470303.99
5853.4296875,1029.90002441406,10758992420858.3,1767570344249.25
5854.99609375,1030.03441894531,10734339564463.1,1688414667764.71
5856.5546875,1030.34690278152,10705324130013.2,1820559948303
5858.12109375,1030.38000488281,10619947281104.8,1742512338473.84
5859.6796875,1030.85998535156,10640894818678.2,1762720857050.17
5861.24609375,1030.38000488281,10893048110943.3,1714004302372.02
5862.8046875,1031.33996582031,10655577339249.5,1777386565493.61
5864.37109375,1031.32076660156,10761545631869.4,1744316329763.12
5865.9296875,1031.57995605469,10559822582788.4,1665431435684.37
5867.49609375,1031.81994628906,10633873315369.2,1702099024677.72
5869.0546875,1032.05993652344,10640256688954.1,1712599964180.09
5870.62109375,1031.81994628906,10668344778533.9,1740609338304.46
5872.1796875,1032.05993652344,10669621037982.1,1730750565352.12
5873.74609375,1032.5400390625,10591740834942.1,1736857520145.92
5875.3046875,1032.74310772236,10689410672690.2,1728068089400.13
5876.87109375,1032.90002929688,10625574168382.7,1726505552849.58
5878.4296875,1032.78002929688,10588324362715.2,1754169197100.82
5879.99609375,1033.27001953125,10524474694711.2,1721279298073.63
5881.5546875,1033.47308819111,10537480429184,1706275540860.53
5883.12109375,1033.51000976563,10434065347575.2,1676711118907.4
5884.6796875,1033.75,10612806729098.3,1738036482669.31
5886.24609375,1033.95306865986,10559646726400.4,1745230803512.87
5887.8046875,1034.22998046875,10481656290040.9,1755088324558.11
5889.37109375,1034.46997070313,10617991477142.6,1775934078894.66
5890.9296875,1034.82995605469,10572590022072.9,1720713885816.87
5892.49609375,1034.96841195914,10569397989223.1,1700814505371.62
5894.0546875,1035.18994140625,10379804249702.5,1635647517329.3
5895.62109375,1035.18994140625,10575782054922.6,1770966453728.16
5897.1796875,1035.3561730018,10421297908290.8,1727332417969.99
5898.74609375,1035.34426007952,10459771642670.6,1727542614685.49
5900.3046875,1035.92004394531,10451415876108.2,1691314505831.29
5901.87109375,1036.01604003906,10386188315402,1730087125629.66
5903.4296875,1036.16003417969,10247024819065.7,1754692206037.28
5904.99609375,1036.64001464844,10452578030720.4,1715101965105.58
5906.5546875,1036.40002441406,10511307420891.1,1655927032169.13
5908.12109375,1036.16003417969,10412999453419,1719748027035.28
5909.6796875,1036.88000488281,10399593884410.5,1755348944975.05
5911.24609375,1037.08307354267,10325543843944.4,1705307471061.3
5912.8046875,1037.49437988281,10388741526413,1752760160247.67
5914.37109375,1037.59997558594,10176804941173.4,1747312649226.27
5915.9296875,1037.83996582031,10275751038369.6,1709935359191.79
5917.49609375,1038.32995605469,10313414534384.1,1715401896043.33
5919.0546875,1038.32995605469,10208723193327.1,1671092476757.13
5920.62109375,1038.56994628906,10236172461068.2,1731200313311.27
5922.1796875,1038.56994628906,10101477949144.4,1707579283311.28
5923.74609375,1038.56994628906,10321713681370.5,1711181941401.56
5925.3046875,1039.05004882813,10165931739493.8,1777329385339.81
5926.87109375,1038.9022639348,10031688574199.9,1688882928180.9
5928.4296875,1039.2900390625,10151908884443.3,1699898773747.1
5929.99609375,1039.77001953125,10163399372164.8,1705767346323.48
5931.5546875,1040.01000976563,10218346338803.5,1705759808888.45
5933.12109375,1040.01000976563,10246961292563.8,1729081118880.25
5934.6796875,1040.01000976563,10236811282906.9,1732393503748.18
5936.24609375,1040.25,10152547014167.4,1663007049460.71
5937.8046875,1040.3303879958,10025512827391.3,1718049342343.82
5939.37109375,1040.66614708534,10105308111718.2,1635096675947.66
5940.9296875,1040.73999023438,10140418396721.7,1717246815577.9
5942.49609375,1041.33073542669,9997424737811.48,1717323416134.68
5944.0546875,1041.4599609375,10128289087161.4,1734471329572.92
5945.62109375,1041.21997070313,10151270754719.2,1757503142921.6
5947.1796875,1041.69995117188,10085519169124.9,1720193105318.63
5948.74609375,1041.93994140625,10019129453806.5,1638323180233.76
5950.3046875,1042.18005371094,10169296336212.3,1732130222214.64
5951.87109375,1042.22813063402,9931931728420.11,1703642345645.13
5953.4296875,1042.58433314732,9862730225887.73,1706343580313.39
5954.99609375,1042.91003417969,10015152769584.1,1693347366751
5956.5546875,1042.91003417969,9978236489757.5,1737673038993.83
5958.12109375,1042.91003417969,10109138274292.1,1731186640499.53
5959.6796875,1043.15002441406,9883796120043.99,1667633218514.61
5961.24609375,1043.39001464844,9954015997936.22,1701522471409.8
5962.8046875,1043.63000488281,10037003315112.9,1718759142587.72
5964.37109375,1043.86999511719,9939334169479.57,1689411188099.9
5965.9296875,1043.86999511719,9790540769815.87,1700984961168.11
5967.49609375,1044.35998535156,9919063961545.12,1708300126574.68
5969.0546875,1044.35998535156,10008277095809,1635012275256.16
5970.62109375,1044.83996582031,9964868355933.72,1683535083737.8
5972.1796875,1044.83996582031,9960843916772.5,1675510035453.77
5973.74609375,1044.94556152344,9913765325383.36,1747957488456.71
5975.3046875,1045.31994628906,9950185835362.38,1659417430276.32
5976.87109375,1045.31994628906,9970613599794.51,1731785228346.49
5978.43359375,1045.3937894381,9759576007812.64,1753711600153.17
5979.99609375,1046.01158728967,9895680441450.75,1687599554390.66
5981.55859375,1046.05004882813,9766337339702.53,1655661175222.23
5983.12109375,1046.05004882813,9860177014876.72,1745570369092.34
5984.68359375,1046.43772536058,9799532543419.11,1619277924244.08
5986.24609375,1046.32696063702,9966783437220.67,1692695429401.52
5987.80859375,1046.77001953125,9873435122312.51,1643813860454.5
5989.37109375,1046.77001953125,9958079509187.43,1649118129449.19
5990.93359375,1047.25,10084242217562.1,1629226263794.77
5992.49609375,1047.48999023438,9967191367551.38,1668899455551.43
5994.05859375,1047.48999023438,9935034521626.68,1676834625718.4
5995.62109375,1047.48999023438,9841026202007.42,1729683669061.52
5997.18359375,1047.97998046875,9908911282650.67,1700008969513.4
5998.74609375,1047.97998046875,9732734818176.79,1706965591112.66
6000.30859375,1048.13997395834,9906138965762.99,1648310161071.85
6001.87109375,1048.4599609375,9905500836038.93,1649081886316.01
6003.43359375,1048.60764723558,10008672770843.7,1721823276426.16
6004.99609375,1048.69995117188,9881335174839.34,1697442092808.04
6006.55859375,1049.18994140625,9873582583885.24,1705460543457.25
6008.12109375,1049.43005371094,10014660469393.8,1721135955398.49
6009.68359375,1049.43005371094,9828258762723.03,1692880242396.34
6011.24609375,1049.46697528546,9954654819774.97,1732080221483.26
6012.80859375,1049.67004394531,9794865724571.26,1686334891331.15
6014.37109375,1050.15002441406,9990703129356.34,1725777800649.31
6015.93359375,1050.15002441406,9878656740927.31,1719479624657.43
6017.49609375,1050.39001464844,9856878169700.51,1701796650472.62
6019.05859375,1050.63000488281,9832543179186.81,1685826413442.65
6020.62109375,1050.88000488281,10022959616380.3,1657336935752.63
6022.18359375,1050.88000488281,9895286607765.55,1754775284586.94
6023.74609375,1051.29141671317,9931673844331.83,1712884074372.01
6025.30859375,1051.4338285006,10036365185388.8,1731059040892.52
6026.87109375,1051.59997558594,9864007177450.55,1707850682067.84
6028.43359375,1051.83996582031,9796989546236.21,1725886828040.93
6029.99609375,1052.07073505108,9904154194530.95,1710440824713.89
6031.55859375,1052.32995605469,9835811439923.99,1700785850697.53
6033.12109375,1052.54994710286,9923981518721.74,1700912392793.54
6034.68359375,1052.08996582031,9840823878397.48,1714400817873.08
6036.24609375,1052.80993652344,9938057217916.68,1716865429196.49
6037.80859375,1052.80993652344,9804623730861.79,1719817184700.35
6039.37109375,1052.80993652344,9769209428975,1736930566902.72
6040.93359375,1053.05004882813,9747186526833.29,1693397221910.42
6042.49609375,1053.5400390625,9935061733412.58,1694142003190.19
6044.05859375,1053.78002929688,9694595989703.91,1767506406914.38
6045.62109375,1053.78002929688,9909969128336.89,1700665163189.05
6047.18359375,1054.11232346755,9752931770694.08,1733873001899.18
6048.74609375,1054.02001953125,9721013518540.39,1637132397104.42
6050.30859375,1054.48153921275,9830173844009.98,1653918430649.18
6051.87109375,1054.5,9987211201652.79,1632239648585.42
6053.43359375,1054.98999023438,9789537934052.39,1703468337112.09
6054.99609375,1055.22998046875,9830461934469.59,1670515908555.75
6056.55859375,1055.22998046875,9751655511245.88,1651929914122.5
6058.12109375,1055.46997070313,9844217542742.56,1695964245735.11
6059.68359375,1055.46997070313,9717822177805.24,1719263767206.79
6061.24609375,1055.94995117188,9821236567299.42,1679039340784.96
6062.80859375,1055.94995117188,9669944453517.39,1699147326428.75
6064.37109375,1056.19995117188,9695479332086.17,1699633426994.28
6065.93359375,1056.43994140625,9834642136307.88,1665109044805.96
6067.49609375,1056.59997558594,9788689141277.29,1643554241334.61
6069.05859375,1056.92004394531,9687575203977.27,1700207297622.08
6070.62109375,1057.12003580729,9871250572343.66,1710028054473.79
6072.18359375,1056.92004394531,9764422258415.65,1718898749745.12
6073.74609375,1057.41003417969,9744633315822.28,1653030739278.1
6075.30859375,1057.41003417969,9679121016654.31,1753150507400.15
6076.87109375,1057.41003417969,9690123025631.96,1706521588621.45
6078.43359375,1057.89001464844,9677604778665.06,1735673791168.22
6079.99609375,1058.13000488281,9715907096518.36,1676563317733.34
6081.55859375,1058.31461275541,9782934941560.82,1715118964998.85
6083.12109375,1058.61999511719,9722928599827.27,1731993163805.21
6084.68359375,1058.61999511719,9735057909387.6,1700369027936.73
6086.24609375,1059.09997558594,9685265103812.8,1716377181288.13
6087.80859375,1059.09997558594,9684551130865.68,1704983366584.4
6089.37109375,1059.33996582031,9754504138858.45,1730656788690.52
6090.93359375,1059.57995605469,9685903925651.55,1679128537747.1
6092.49609375,1059.82995605469,9788680185421.6,1617789918175.84
6094.05859375,1060.2360933744,9766976161541.29,1673575675543.67
6095.62109375,1060.30993652344,9625897583918,1650573147293.77
6097.18359375,1060.30993652344,9770167502276.43,1689184695007.15
6098.74609375,1060.55004882813,9625093984716.78,1692243423841.91
6100.30859375,1060.7900390625,9645939975117.91,1674574323300.7
6101.87109375,1061.0400390625,9648917626530.58,1695140068353.75
6103.43359375,1060.7900390625,9712076933944.46,1742496309750.6
6104.99609375,1061.52001953125,9758038884830.73,1737908522575.86
6106.55859375,1061.52001953125,9710799982381.64,1728351122119.17
6108.12109375,1061.52001953125,9644410267063.24,1695785093513.75
6109.68359375,1061.76000976563,9642291900667.68,1706706877670.31
6111.24609375,1062.01000976563,9757536299492.13,1696021494079.07
6112.80859375,1062.48999023438,9852903416478.02,1739348826269.34
6114.37109375,1062.63767653245,9680486494657.8,1709731527592.1
6115.93359375,1062.25,9783783499665.8,1747961187699.37
6117.49609375,1062.91458834135,9612492014909.49,1715786857523.41
6119.05859375,1063.21997070313,9696756283649.05,1651163232531.95
6120.62109375,1063.4599609375,9694841202362.11,1688023642616.42
6122.18359375,1062.96997070313,9571003826081.75,1698535180175.07
6123.74609375,1063.64379882813,9614982907915.83,1743713108664.14
6125.30859375,1063.93994140625,9466976298475.35,1749452668529.56
6126.87109375,1063.93994140625,9548655510602.11,1717936845373.5
6128.43359375,1063.97840294471,9620298058203.94,1698431169833.51
6129.99609375,1064.18994140625,9608034102493.19,1729682876100.61
6131.55859375,1064.91003417969,9564707051073.74,1726900151430.11
6133.12109375,1064.57768366887,9516099128724.35,1676253907203.96
6134.68359375,1064.91003417969,9593979331764.32,1709038134672.93
6136.24609375,1064.91003417969,9621429291620.11,1718531873068.02
6137.80859375,1065.32618126502,9588795060035.53,1688542779044.69
6139.37109375,1065.88000488281,9500488209646.46,1699661230189.84
6140.93359375,1065.64001464844,9403108640680.86,1700574860443.16
6142.49609375,1065.88000488281,9541634007293.19,1650044035491
6144.05859375,1066.60998535156,9504886488706.03,1654438333571.24
6145.62109375,1066.36999511719,9439622224510.17,1765426898961.64
6147.18359375,1066.36999511719,9409492706380.4,1720085763572.34
6148.74609375,1066.84997558594,9472052259124.96,1695251253148.6
6150.30859375,1066.60998535156,9574828518895.01,1679751455642.49
6151.87109375,1067.33996582031,9589511039466.35,1675769487733.15
6153.43359375,1067.09997558594,9615045225920.5,1727447089192.81
6154.99609375,1067.57995605469,9478435632709.88,1759598764855.2
6156.55859375,1068.06994628906,9439268167628.22,1737474735874.41
6158.12109375,1067.81994628906,9499744982093.73,1729212952319.45
6159.68359375,1068.06994628906,9345018072348.95,1681429073629.9
6161.24609375,1068.55004882813,9398640348382.96,1737282036592.96
6162.80859375,1068.55004882813,9435026892834.55,1709989583968.37
6164.37109375,1068.30993652344,9548409113887.12,1717280480814.17
6165.93359375,1068.55004882813,9422873190125.35,1712960310364.94
6167.49609375,1069.0400390625,9501494526422.36,1684345019717.34
6169.05859375,1069.28002929688,9536426827217.76,1609287037075.77
6170.62109375,1069.76000976563,9390341893511.16,1654771572606.75
6172.18359375,1069.76000976563,9383319698087.49,1705602177069.17
6173.74609375,1070.01000976563,9417791161252.2,1691675887550.33
6175.30859375,1070.25,9336718925362.46,1708717029563.3
6177.12890625,1070.47152944712,9355989156129.18,1680965160771.8
6178.69140625,1070.25,9318845064056.04,1679949701194.78
6180.25390625,1070.72998046875,9345018072348.95,1692153179922.55
6181.81640625,1070.72998046875,9354593478783.57,1729315562954.93
6183.37890625,1070.97998046875,9276587620162.73,1733049148391.15
6184.94140625,1071.4599609375,9304348586070.32,1772394985185.28
6186.50390625,1071.4599609375,9363732587756.71,1669487207959.5
6188.06640625,1071.69995117188,9225297575092.26,1644201466309.98
6189.62890625,1071.85379732573,9311822868632.38,1709350102855.52
6191.19140625,1071.96995035808,9348848234922.79,1658960046161.37
6192.75390625,1071.94995117188,9288841893189.24,1651350709538.28
6194.31640625,1072.68005371094,9271606161606.89,1699521304630.07
6195.87890625,1072.48774601863,9271069082787.22,1720047660572.7
6197.44140625,1072.68005371094,9298037845594.17,1710187267036.48
6199.00390625,1072.92004394531,9322074775520.16,1715945207811.06
6200.56640625,1073.16003417969,9213769559886.03,1682173924965.05
6202.12890625,1073.65002441406,9130950157838.54,1715024889144.53
6203.69140625,1073.65002441406,9236495876603.43,1739280295092.61
6205.25390625,1074.13000488281,9197767289651.72,1678674727781.49
6206.81640625,1074.07462252103,9252024383533.03,1752424603097.3
6208.37890625,1074.36999511719,9355635204902.86,1641135361192.32
6209.94140625,1074.36999511719,9117122014975.09,1725151405450.43
6211.50390625,1074.61999511719,9226279019375.74,1691777705451.01
6213.06640625,1074.85998535156,9275570022350.34,1650654945828.84
6214.62890625,1074.61999511719,9150867497706.1,1730968590695.39
6216.19140625,1075.12080891927,9117288915453.37,1630296692907.57
6217.75390625,1075.34997558594,9125819952485.5,1706301664513.84
6219.31640625,1075.82995605469,8964553641744.86,1684886687275.83
6220.87890625,1075.84995524089,9140741812256.98,1702436766250.34
6222.44140625,1075.82995605469,9158615673563.46,1694177276334.81
6224.00390625,1076.06994628906,9274159372617.9,1700290840361.74
6225.56640625,1076.31994628906,9221559445385,1725464082814.44
6227.12890625,1076.80004882813,9208881629542.94,1706698606204.89
6228.69140625,1076.80004882813,9090601487796.54,1721938520265.61
6230.25390625,1076.80004882813,9246071283038.05,1681790917765.97
6231.81640625,1077.05004882813,9041795715060.76,1707467490747.17
6233.37890625,1077.14235276443,9214153722999.04,1717908472022.11
6234.94140625,1077.53002929688,9209684738586.39,1723175688143.21
6236.50390625,1077.89752197266,9134357746557.44,1711690407849.65
6238.06640625,1077.92771559495,9113291852401.25,1684725806240.04
6239.62890625,1078.02001953125,9175774905657.47,1696489904589.73
6241.19140625,1078.26000976563,9322397831937.31,1689641494185.73
6242.75390625,1078.26000976563,9272702330385.18,1690020196114.94
6244.31640625,1078.98999023438,9253559203503.37,1716217576551.32
6245.87890625,1078.75,9182675252941.95,1726043632434.23
6247.44140625,1078.98999023438,9080713456951.31,1699614705217.4
6249.00390625,1079.22998046875,9086138472872.97,1664219912395.65
6250.56640625,1079.44151893029,9117348717405.02,1658446235968.06
6252.12890625,1079.8676570012,9131440340211.96,1696074821464.25
6253.69140625,1079.71997070313,9180320389558.4,1712240859200.12
6255.25390625,1079.9599609375,9231648805628.32,1711931963955.82
6256.81640625,1080.2099609375,8977593922905.09,1740717645320.06
6258.37890625,1080.61609825721,9165707460576.22,1708198547685.49
6259.94140625,1080.61609825721,9155076727428.37,1655895821827.64
6261.50390625,1080.68994140625,9359699900805.6,1685337854300.46
6263.06640625,1080.82455679087,9240964861016.02,1741534326581.38
6264.62890625,1081.18005371094,9256923641035.55,1759670562399.74
6266.19140625,1080.68994140625,9238966098199.31,1794216595428.87
6267.75390625,1081.67004394531,9300737765989.84,1763264093513.11
6269.31640625,1081.67004394531,9245433153313.98,1686768881191.87
6270.87890625,1082.15002441406,9067653102573.22,1738041887932.84
6272.44140625,1081.92849496695,8991580065544.09,1784080207380.99
6274.00390625,1082.26078913762,9048179088645.68,1721682697048.84
6275.56640625,1082.64001464844,9195002218015.05,1771456819687.09
6277.12890625,1082.750779372,9129572058583.4,1692567359362.43
6278.69140625,1083.09999593099,9100257188184.16,1711995032293.47
6280.25390625,1083.18153733474,9205854576012.56,1797697261716.35
6281.81640625,1083.36999511719,9211599819873.34,1705498702778.67
6283.37890625,1083.36999511719,9303524413760.58,1759859135995.85
6284.94140625,1083.36999511719,9099434649913.84,1742817554761.58
6286.50390625,1084.09997558594,9139266244061.2,1751951886263.83
6288.06640625,1084.33996582031,9108992121116.08,1705639424343.23
6289.62890625,1084.09997558594,9120784857746.51,1733502067600.93
6291.19140625,1084.09997558594,9067968031239.04,1696765249489.77
6292.75390625,1084.33996582031,9197477705900.64,1740971365286.61
6294.31640625,1084.772263747,9249604325110.56,1666743538604.18
6295.87890625,1085.30993652344,9235843232748.08,1755963924247.21
6297.44140625,1085.06994628906,9076905307949.6,1719787814153.58
6299.00390625,1085.44455190806,9068606853077.8,1703357686648.71
6300.56640625,1085.76310847356,9088395795671.17,1772625335407.16
6302.12890625,1085.80004882813,9167775848506.46,1737182615385.77
6303.69140625,1086.23234675481,9081568349960.15,1700691062089.02
6305.25390625,1086.2900390625,9123958782605.52,1720473060577.13
6306.81640625,1086.2900390625,9137897810890.27,1736341193080.12
6308.37890625,1086.78002929688,9174479973712.52,1665084269958.6
6309.94140625,1086.78002929688,9174685609091.17,1719721712903.84
6311.50390625,1086.85387244592,9163722787700.12,1714912066992.43
6313.06640625,1087.02001953125,9195002218015.05,1739527745823.23
6314.62890625,1087.26000976563,8980512421764.4,1786869303059.31
6316.19140625,1087.26000976563,9096211411884.7,1784364600780.5
6317.75390625,1087.75,8976026329142.37,1716911733530.3
6319.31640625,1087.98999023438,9056876049625.52,1707876664306.05
6320.87890625,1088.23999023438,9045183743429.58,1769609320214.1
6322.44140625,1088.47998046875,9065166399726.43,1697257875987.49
6324.00390625,1088.53997802735,9068606853077.8,1682994101586.14
6325.56640625,1088.65997314454,9077802615151.18,1709061686689.3
6327.12890625,1088.96997070313,9060358076899.13,1718453200483.17
6328.69140625,1089.2099609375,9044987055795.91,1691148159114.89
6330.25390625,1089.2099609375,9094609208873.88,1722767442861.35
6331.81640625,1089.69995117188,9062529937864.77,1696657900477.58
6333.37890625,1089.69995117188,9016552678267.18,1783133342079.84
6334.94140625,1089.79225510818,8996526261939.02,1732157637237.87
6336.50390625,1090.13224909856,8965307531972.93,1707817381563.03
6338.06640625,1090.22688176082,8927284342883.95,1718806553675.19
6339.62890625,1090.43005371094,8990726650037.83,1757083428898.62
6341.19140625,1090.65158315805,9038603682210.99,1771162146274.69
6342.75390625,1090.92004394531,9067305333066.38,1694849422452.35
6344.31640625,1090.92004394531,8864967383359.9,1702377193989.17
6345.87890625,1091.23387732873,8933674393753.25,1711702049549.96
6347.44140625,1091.45771672175,9055053708459.88,1730342671944.79
6349.00390625,1091.40002441406,8885103252756.43,1733595416778.65
6350.56640625,1092.03770094651,9047403796393.66,1729704643989.67
6352.12890625,1091.89001464844,8988811568750.88,1752110928536.65
6353.69140625,1092.13000488281,8919489345198.98,1717333270929.8
6355.25390625,1092.38000488281,8976540134524.85,1774923785029.02
6356.81640625,1092.61999511719,8919867950306.78,1713870813214.2
6358.37890625,1092.86999511719,8946679088323.76,1724886431309.73
6359.94140625,1093.10998535156,8988147475534.59,1669785886772.96
6361.50390625,1093.26997884115,9022634399892.13,1715454798769.54
6363.06640625,1093.34997558594,9099248153668.67,1759849106046.73
6364.62890625,1093.48459097056,8964093406308.02,1797918324802.62
6366.19140625,1093.83996582031,8971594770289.69,1736596099678.72
6367.75390625,1093.53843336839,8950547223390.38,1754028485082.82
6369.31640625,1094.32995605469,8985619535901.12,1806183290650.78
6370.87890625,1094.56994628906,8901355267161.55,1691210392161.51
6372.44140625,1094.56994628906,8779428194522.26,1711837382121.28
6374.00390625,1095.30004882813,8906432074245.82,1673533572252.88
6375.56640625,1095.05993652344,8802269649381.11,1713024758650.2
6377.12890625,1095.07840670072,8736657584371.06,1725660160185.11
6378.69140625,1095.30004882813,8759639251928.89,1708409398133.96
6380.25390625,1095.55004882813,8931997259867.11,1780437440757.59
6381.81640625,1095.7900390625,8790280552519.69,1736593773241.68
6383.37890625,1096.0400390625,8730204092540.97,1802296924689.97
6384.94140625,1096.28002929688,8761888190406.71,1718595898614.2
6386.50390625,1096.01618840144,8900079007713.41,1793130897798.04
6388.06640625,1096.77001953125,8683035308337.05,1756230943562.29
6389.62890625,1096.77001953125,8709628057140.52,1703171586665.18
6391.19140625,1097.08693284255,8709966683974.81,1771947886234.15
6392.75390625,1097.01000976563,8880929623412.08,1764238041224.99
6394.31640625,1097.26000976563,8749425023655.45,1749671763178.37
6395.87890625,1097.98999023438,8810069495113.06,1773589504884.28
6397.44140625,1097.64768629808,8624378142494.85,1754940102782.55
6399.00390625,1097.77845177284,8789362391038.03,1813606245045.24
6400.56640625,1098.22998046875,8531743194555.02,1736096395387.92
6402.12890625,1098.47998046875,8663246365743.69,1682784580680.84
6403.69140625,1098.22998046875,8727082177936.38,1714925357930.89
6405.25390625,1098.71997070313,8736900317095.94,1747579482347.85
6406.81640625,1098.71997070313,8749472503262.41,1713382528129.32
6408.37890625,1099.35764723558,8718022099806.89,1804125722306.05
6409.94140625,1099.44995117188,8692301931327.11,1771568349136.55
6411.50390625,1099.2699584961,8625088686338.2,1787181264783.16
6413.06640625,1099.3324584961,8668806033114.75,1803722549023.18
6414.62890625,1100.18005371094,8664027766448.4,1721782953831.71
6416.19140625,1100.18005371094,8590228101707.76,1729211353491.37
6417.75390625,1100.43005371094,8652283608968.04,1702430144057.31
6419.31640625,1100.43005371094,8626361375988.73,1748809654386.77
6420.87890625,1101.16003417969,8528004990499.5,1736983254091.28
6422.44140625,1101.16003417969,8518558187080.92,1665037987649.63
6424.00390625,1101.12311260517,8558136056586.92,1714354456811.75
6425.56640625,1101.41003417969,8711035700770.19,1690366596076.9
6427.12890625,1101.41003417969,8591560203454.65,1724620417262.82
6428.69140625,1101.61233285757,8421134528842.88,1725874588888.03
6430.25390625,1101.89001464844,8462161446386.86,1717891973866.09
6431.81640625,1102.14001464844,8656862300044.15,1782912463810.65
6433.37890625,1102.28770094651,8549617747976.13,1771628628765.79
6434.94140625,1102.40083821614,8457968296164.5,1746797326496.55
6436.50390625,1102.86999511719,8485401934009.82,1699185433183.6
6438.06640625,1102.86999511719,8561830591451.23,1679392579357.59
6439.62890625,1103.35998535156,8653440460251.66,1788692425816.5
6441.19140625,1103.11999511719,8544573950435.87,1715970016437.43
6442.75390625,1103.56305401142,8501931170619.61,1683765478039.26
6444.31640625,1103.59997558594,8493756770813.51,1741435838653.05
6445.87890625,1104.08996582031,8519187598593.39,1751378342143.91
6447.44140625,1104.33996582031,8479397177969.21,1800328096261.67
6449.00390625,1104.08996582031,8399601893642.3,1737175484326.79
6450.56640625,1104.57995605469,8518040816496.81,1718181562768.53
6452.12890625,1104.82995605469,8428086192104.28,1709867526379.51
6453.69140625,1104.82995605469,8432651996329.73,1688935114856.6
6455.25390625,1104.9591815655,8366407382040.41,1749775312990.1
6456.81640625,1105.30993652344,8400468088667.38,1766215877986.79
6458.37890625,1105.38685960036,8538519651421.41,1734099722898
6459.94140625,1105.36762883113,8416771725634.67,1758547471261.38
6461.50390625,1106.05004882813,8358705268036.37,1734691051663.88
6463.06640625,1106.05004882813,8226810126897.51,1803821204777.27
6464.62890625,1106.2900390625,8233568532277.9,1722952165580.37
6466.19140625,1106.5400390625,8316709852267.91,1710800304787.99
6467.75390625,1105.80004882813,8362029143593.64,1721322447027.74
6469.31640625,1106.94669596355,8389187395771.4,1725542711270.65
6470.87890625,1107.27001953125,8248948601699.02,1805817955268.88
6472.44140625,1107.47835286458,8309593073156.63,1710443710558.02
6474.00390625,1107.35668945313,8529189983544.01,1785810404197.78
6475.56640625,1107.76000976563,8189064128922.11,1785847774202.34
6477.12890625,1107.76000976563,8256125211690.09,1731912230738.79
6478.69140625,1108,8159577910937.42,1751117516201.68
6480.25390625,1107.9076960637,8181423681253.62,1816987874479.8
6481.81640625,1108.48999023438,8339119400808.44,1794009101577.26
6483.37890625,1108,8155896256976,1702421949734.8
6484.94140625,1108.40076622596,8275653390349.39,1750468148059.25
6486.50390625,1109.22998046875,8273206528704.98,1748337477849.36
6488.06640625,1108.97998046875,8235923208303.8,1797563628612.36
6489.62890625,1109.46997070313,8136359486902.75,1746254575737.69
6491.19140625,1109.46997070313,8167238236085.16,1757451923387.07
6492.75390625,1109.71997070313,8194801713020.09,1722847019339.02
6494.31640625,1110.01765324519,8034416619437.18,1771194802337.34
6495.87890625,1110.11072716346,8162131121948.44,1775278177815.53
6497.44140625,1110.69995117188,8299088564962.08,1726107596056.35
6499.00390625,1110.44995117188,8096589574230.91,1740749217700.21
6500.56640625,1110.69995117188,8260142833251.51,1702821119296.58
6502.12890625,1110.93994140625,8228873883607.37,1748656837832.91
6503.69140625,1111.18005371094,8088480319717.96,1739010821837.84
6505.25390625,1111.18005371094,8218190863088.77,1701455488275.99
6506.81640625,1111.43005371094,8124467625933.96,1776003785210.16
6508.37890625,1111.67004394531,8083612097069.72,1723685510637.09
6509.94140625,1112.16003417969,8187665308402.66,1675335415040.09
6511.50390625,1111.92004394531,7992326325021.24,1705461487599.58
6513.06640625,1112.41003417969,8063077570165.02,1761687682032.99
6514.62890625,1112.65002441406,8086818278798.04,1743266561929.32
6516.19140625,1112.90002441406,8141400702801.24,1656396072118.73
6517.75390625,1112.90002441406,7898160821186.28,1719734998682.31
6519.31640625,1112.93694598858,8082385338960.35,1729112815811.67
6520.87890625,1113.51924015925,8032566014038.75,1736815976320.74
6522.44140625,1113.88000488281,7943910339911.63,1778768092853.55
6524.00390625,1113.63000488281,7934606058043.21,1796210227702.98
6525.56640625,1114.09999593099,7949948505624.96,1770071797415.27
6527.12890625,1114.11999511719,7873710580386.89,1780486757184.66
6528.69140625,1114.36999511719,7942669147426.41,1743639155159.98
6530.25390625,1114.57306377704,8070260063671.54,1679719760956.99
6531.81640625,1114.60998535156,8216156858658.3,1697007874106.35
6533.37890625,1114.85998535156,7918735133870.1,1759266357991.22
6534.94140625,1114.60998535156,7941213322342.19,1735754251037.71
6536.50390625,1115.34997558594,7830661341362.07,1816061578290.32
6538.06640625,1115.34997558594,7929922763567.91,1719831591474.78
6539.62890625,1115.83996582031,8013793287191.24,1784680719361.99
6541.19140625,1115.87996419271,7924740431706.77,1791444387052.64
6542.75390625,1116.07995605469,7955631554601.74,1775253531723.33
6544.31640625,1116.07995605469,7911003281104.64,1734918201481.34
6545.87890625,1116.56994628906,8022789286857.48,1758274640848.91
6547.44140625,1116.81994628906,8009540623488.54,1717260664734.83
6549.00390625,1116.81994628906,7768320286785.05,1717300489923.41
6550.56640625,1116.81994628906,7916394268505.76,1785894636306.45
6552.12890625,1117.55004882813,7963569758111.27,1735202054481.31
6553.69140625,1117.30993652344,7752075267334.14,1735861122819.76
6555.25390625,1117.55004882813,7798668621995.77,1758329366874.72
6556.81640625,1117.80004882813,7924021528415.89,1747684741976.28
6558.37890625,1118.0400390625,7766894258048.41,1844831446348.63
6559.94140625,1118.2900390625,7797458200225.82,1724923191619.52
6561.50390625,1118.53002929688,7715736755370.12,1736373632293.84
6563.06640625,1118.69669596355,7809755682025.16,1728316735010.37
6564.62890625,1119.02001953125,7921205104304.05,1676072805410.88
6566.19140625,1118.82002766928,7844569554052.26,1804133282284.86
6567.75390625,1119.27001953125,7711540098072.98,1768895053994.32
6569.31640625,1119.02001953125,7782304821068.54,1673002368776.22
6570.87890625,1119.27001953125,7829761569042.67,1740158695511.3
6572.44140625,1120,7942912908860.76,1752357327861.9
6574.00390625,1120,7615261124229.36,1719178490754.49
6575.56640625,1120.25,7809754780924.27,1709794255885.02
6577.12890625,1120.25,7758685715901.28,1757175812410.73
6578.69140625,1120.48999023438,7710997434212.39,1663022585951.87
6580.25390625,1120.73999023438,7542674675401.32,1678155586803.64
6581.81640625,1120.97998046875,7786646077070.9,1775309488796.26
6583.37890625,1120.97998046875,7647523979465.24,1776284232229.82
6584.94140625,1121.47998046875,7770814333346.91,1684668982962.08
6586.50390625,1121.47998046875,7810368283532.27,1752336176154.72
6588.06640625,1121.71997070313,7705753974837.83,1742069878899.79
6589.62890625,1122.06227463943,7736227697435,1705119472692.61
6591.19140625,1122.4599609375,7787628171293.26,1708924325619.38
6592.75390625,1121.96997070313,7778282832966.49,1779344564037.27
6594.31640625,1122.49688251202,7601150603988.42,1713105711402.28
6595.87890625,1122.94995117188,7736150238448.64,1705272406145.51
6597.44140625,1122.94995117188,7475626370800.4,1659590819498.63
6599.00390625,1122.94995117188,7706240044536.08,1717756254067.56
6600.56640625,1123.43994140625,7669091721912.02,1731079842432.49
6602.12890625,1123.68005371094,7778180308614.85,1791340957301.88
6603.69140625,1123.81466909556,7519404746409.91,1675378084408.02
6605.25390625,1123.68005371094,7538699519130.22,1808706737338.92
6606.81640625,1123.93005371094,7523789063570.04,1754344227542.8
6608.37890625,1124.34312086839,7858269942821.56,1759363474356.72
6609.94140625,1124.66003417969,7567815024817.82,1711561735572.81
6611.50390625,1124.66003417969,7617607138278,1764132072430.99
6613.06640625,1124.66003417969,7774644495920.81,1686248380439.08
6614.62890625,1125.25233811599,7653355553005.52,1746290990018.49
6616.19140625,1125.18003336589,7647610309144.74,1775353915172.06
6617.75390625,1125.16003417969,7609308683406.2,1755321585075.27
6619.31640625,1125.74232835036,7639311854272.94,1777584593801.45
6620.87890625,1125.89001464844,7555686407372.19,1735460759495.96
6622.44140625,1126.14001464844,7544195227535.93,1734170477672.08
6624.00390625,1126.38000488281,7477551925188.11,1749684651430.07
6625.56640625,1126.38000488281,7432111037696.22,1790518184595.23
6627.12890625,1126.86999511719,7465828161299.05,1745504801549.34
6628.69140625,1126.86999511719,7660377748429.19,1726398163295.06
6630.25390625,1126.7100016276,7462259942768.9,1764852976652.11
6631.81640625,1127.11999511719,7487992059418.82,1765652633628.03
6633.37890625,1127.50713239397,7559516569946.02,1719976808675.94
6634.94140625,1127.60998535156,7560154699670.15,1713292527710.73
6636.50390625,1127.85998535156,7587603967411.19,1727487269411.45
6638.06640625,1128.09997558594,7386164495283.08,1790147808433.68
6639.62890625,1128.34997558594,7524426784243.55,1729306552061.23
6641.19140625,1128.34997558594,7551856244798.35,1813667845578.89
6642.75390625,1128.58996582031,7578667382815.33,1739866630524.24
6644.31640625,1128.83996582031,7390988724581.64,1730110502653.26
6645.87890625,1129.32995605469,7476529252769.34,1694077637193.03
6647.44140625,1129.32995605469,7525540410532.92,1735734974720.67
6649.00390625,1129.32995605469,7392382430481.88,1789388715568.45
6650.56640625,1129.32995605469,7465101172702.97,1747452350258.07
6652.12890625,1129.81994628906,7519937992644.6,1701075601201.78
6653.69140625,1130.02827962239,7443014093363.51,1771483693648.74
6655.25390625,1130.19917179988,7460656731595.75,1699748601297.3
6656.81640625,1130.30993652344,7468182224965.7,1696668213637.61
6658.37890625,1130.55993652344,7381023912265.37,1810039727040.99
6659.94140625,1130.80993652344,7455463358613.15,1760809959416.18
6661.50390625,1130.80993652344,7334474875111.81,1772644908038.87
6663.06640625,1131.05004882813,7421899738473.69,1785686533816.61
6664.62890625,1131.35543118991,7397372098166.55,1799110585757.78
6666.19140625,1131.30004882813,7287290313667.33,1852419336818.9
6667.75390625,1131.7900390625,7494153190658.04,1760245559137.5
6669.31640625,1132.03002929688,7314384780989.87,1725413868802.05
6670.87890625,1132.03002929688,7480997545067.3,1735756464478.59
6672.44140625,1132.03002929688,7292482262407.74,1756409421686.65
6674.00390625,1132.53002929688,7314196253820.67,1709576983592.98
6675.56640625,1132.58541165866,7523768155218.5,1746288150635.04
6677.12890625,1133.09386268029,7489437002081.31,1781212101686.42
6678.69140625,1133.26000976563,7272976874868.19,1716567867572.94
6680.25390625,1133.37539438101,7163832445325.93,1870129063135.01
6681.81640625,1133.51000976563,7269766188446.66,1806240213266.67
6683.37890625,1134,7309999411058.45,1708052731138.94
6684.94140625,1134,7389822152331.25,1732773254613.78
6686.50390625,1134,7289987059798.03,1714939804956.63
6688.06640625,1134.48999023438,7312441076976.39,1726966536833.09
6689.62890625,1134.30538236178,7255395473644.05,1846111479484.99
6691.19140625,1134.58614408053,7239332919140.8,1759132934092.6
6692.75390625,1134.73999023438,7212884780667.95,1745697647168.53
6694.31640625,1134.86499023438,7329705431285.27,1734183205470.73
6695.87890625,1135.22998046875,7456101488337.22,1719623232009.65
6697.44140625,1135.3261343149,7279913317825.1,1819469532169.17
6699.00390625,1135.71997070313,7211608521219.82,1785303715548.3
6700.56640625,1135.91227839544,7177063835567.48,1724336378476.12
6702.12890625,1136.12381685698,7219225549728.55,1738313311385.58
6703.69140625,1136.21997070313,7211959340627.25,1766453994055.92
6705.25390625,1136.21997070313,7158985163472.14,1793148932974.08
6706.81640625,1136.4599609375,7292191316596.57,1808111196520.4
6708.37890625,1136.94995117188,7381941817718.73,1705302952686.48
6709.94140625,1137.19995117188,7211408869929.45,1688415124896.28
6711.50390625,1136.88995361329,7119683927332.52,1766253112666.3
6713.06640625,1137.44995117188,7279275188101.03,1783547579552.13
6714.62890625,1137.22078450521,7140749821488.77,1757917684710.07
6716.19140625,1137.87844613882,7373752300884.66,1735303259156.6
6717.75390625,1137.93994140625,7278217914815.33,1780617957172.92
6719.31640625,1138.18005371094,7165959387779.22,1734585319934.65
6720.87890625,1138.43005371094,7248633195395.54,1777210925160.38
6722.44140625,1138.68005371094,7242249821810.63,1749430848277.57
6724.00390625,1138.04139927455,7227801664243.09,1788053121441.03
6725.56640625,1139.17004394531,7177198268027.44,1788799810918.01
6727.12890625,1138.92004394531,7243434941652.73,1734241066507.34
6728.69140625,1139.42004394531,7180328398790.19,1758987629927.8
6730.25390625,1139.42004394531,7147930347334.89,1692688273127.67
6731.81640625,1139.66003417969,7063905780074.26,1802829264375.33
6733.37890625,1140.15002441406,7209857742007.23,1812560464478.8
6734.94140625,1140.15002441406,7209087896913.93,1768436371908.03
6736.50390625,1140.15002441406,7127622392818.29,1713942971034.89
6738.06640625,1140.65002441406,7132573541618.06,1768107917517.77
6739.62890625,1140.89001464844,7064972408263.01,1831605324882.82
6741.19140625,1140.77924992488,7138551634481.83,1769036861699.39
6742.75390625,1140.65002441406,7025464561295.71,1809342660213.1
6744.31640625,1141.39001464844,7134369361814.79,1746158789830.07
6745.87890625,1141.63000488281,7045652987609.14,1787739648378.34
6747.44140625,1141.43001302084,6932886278622.18,1767437291082.72
6749.00390625,1141.88000488281,7052893551969.5,1753069216958.11
6750.56640625,1142.13000488281,7102878058708.1,1768154435427.44
6752.12890625,1142.36999511719,7058669214540.34,1753275075114.8
6753.69140625,1142.61999511719,7138791036404.81,1767569515672.22
6755.25390625,1142.61999511719,7061747887658.89,1734578066498.52
6756.81640625,1142.85998535156,7117289459579.63,1803524757750.22
6758.37890625,1143.03306227464,6948120190457.89,1795958654352.85
6759.94140625,1143.35998535156,6995378304225.83,1782152514808.72
6761.50390625,1143.35998535156,7016554839400.35,1708254312120.22
6763.06640625,1143.73459097056,7053436265846.22,1677888209082.73
6764.62890625,1143.84997558594,7031590188133.8,1718220801654.15
6766.19140625,1143.84997558594,6999574609788.11,1736667075288.94
6767.75390625,1144.33996582031,7137490778691.61,1776635894037.54
6769.31640625,1144.33996582031,6978219028604.3,1833475043312.45
6770.87890625,1144.58996582031,6843935206710.41,1786720032829
6772.44140625,1144.83996582031,7174650830766.79,1733091184231.74
6774.00390625,1144.83996582031,7034327782547.84,1732529658010.32
6775.56640625,1145.07995605469,6969368084547.18,1769810671919.79
6777.12890625,1145.57995605469,6978754247636.21,1745567376101.17
6778.69140625,1145.57995605469,6887169944091.64,1770229989006.49
6780.25390625,1145.57995605469,6971487772773.61,1749420604360.39
6781.81640625,1145.81994628906,6925719900032.45,1837778274445.18
6783.37890625,1146.31994628906,6937712981960.35,1821515756432.63
6784.94140625,1146.3937894381,7040068683659.39,1836712333230.89
6786.50390625,1146.55993652344,6915779588034.7,1752406359919.32
6788.06640625,1146.55993652344,7009089849018.47,1746853624067.99
6789.62890625,1147.05993652344,6977626563849.07,1783124424248.79
6791.19140625,1147.05993652344,6921368793291.78,1725162746920.4
6792.75390625,1147.30004882813,6850568171173.53,1806548601508.96
6794.31640625,1147.80004882813,7076365921527.39,1782334689402.45
6795.87890625,1147.80004882813,6909662423379.82,1797022353764.8
6797.44140625,1148.0400390625,7106635915035.19,1736413997003.02
6799.00390625,1148.0400390625,6878404758449.07,1739046338779.88
6800.56640625,1148.0400390625,6887082202336.02,1736934604794.78
6802.12890625,1148.5400390625,6770790590112.52,1757150346921.41
6803.69140625,1148.78002929688,6864977424056.37,1818825663337.13
6805.25390625,1148.78002929688,7019363552381.48,1788035707216.19
6806.81640625,1149.03002929688,6922485034747.21,1823754790937.54
6808.37890625,1149.28002929688,6980795795305.48,1794544503447.06
6809.94140625,1149.52001953125,6754568794082.61,1768540239046.19
6811.50390625,1149.77001953125,6912854456229.59,1762703847001.71
6813.06640625,1149.77001953125,6983712463845.96,1746305785421.35
6814.62890625,1149.80573381696,6798587708737.97,1776824254151.05
6816.19140625,1150.51000976563,7050780686750.08,1834409793993.58
6817.75390625,1150.26000976563,6860688197503.82,1743607330507.2
6819.31640625,1150.68308668871,6942915893959.27,1769495644956.89
6820.87890625,1151.25,6831362885905.94,1776078117186
6822.44140625,1151.25,6930218528851.78,1721922083590.08
6824.00390625,1151.02385066106,6912178343739.13,1812687010629.73
6825.56640625,1151.51923076923,6948164712085.7,1738993302963.04
6827.12890625,1151.75,6864297380300.56,1835737557751.43
6828.69140625,1151.98999023438,6761713212630.94,1849301224636.37
6830.25390625,1152.41306715746,6768151205418.14,1795455850653.83
6831.81640625,1152.39383638823,6795658770302.16,1722635301832.13
6833.37890625,1152.48999023438,6819065842355.79,1766788517488.51
6834.94140625,1152.84536508413,6667589397079.4,1712850662574.78
6836.50390625,1152.94151893029,6721832817370.22,1771109629081.67
6838.06640625,1152.72998046875,6744751211859.13,1789933834709.92
6839.62890625,1153.22998046875,6763943271518.34,1719290572123.11
6841.19140625,1153.71997070313,6809439374620.79,1791242781220.59
6842.75390625,1153.22998046875,6751986936012.95,1754761672397.44
6844.31640625,1153.71997070313,6778445140428.44,1797184394447.1
6845.87890625,1154.33073542669,6640474273107.99,1795868416290.77
6847.44140625,1154.21997070313,6852468647759.55,1806079112425.72
6849.00390625,1154.3676570012,6726444228978.31,1781423415935.49
6850.56640625,1154.5224609375,6705755886347.55,1729695455378.2
6852.12890625,1154.9599609375,6688565332009.43,1752361908438.52
6853.69140625,1155.19995117188,6825265133445.33,1783441461758.25
6855.25390625,1154.9599609375,6921551098728.57,1817191856555.19
6856.81640625,1155.3345665565,6666853700004.58,1802176904512.63
6858.37890625,1155.46918194111,6837664367455.89,1808401052288.86
6859.94140625,1155.69995117188,6654430260364.93,1753980709254.18
6861.50390625,1156.00533353366,6800502790024.92,1808446156820.42
6863.06640625,1155.94995117188,6745203164900.35,1861458076445.54
6864.62890625,1156.18994140625,6775930508591.97,1821755616044.33
6866.19140625,1156.43994140625,6673707380646.54,1802137259055.23
6867.75390625,1156.43994140625,6737232927295.98,1818591954570.14
6869.31640625,1156.68994140625,6740496448291.38,1853738126895.34
6870.87890625,1157.27620755709,6676994454898.84,1848563820690.41
6872.44140625,1157.43005371094,6636092201805.91,1783713236259.46
6874.00390625,1157.18005371094,6813269537194.62,1814160655959.8
6875.56640625,1157.68005371094,6617019454604.75,1800001088528.24
6877.12890625,1157.92004394531,6744954473500.77,1833138923438.75
6878.69140625,1157.92004394531,6653319030522.62,1805969806242.72
6880.25390625,1158.17004394531,6658027552036.9,1781383521884.77
6881.81640625,1158.67004394531,6584927581160.78,1819018913348.6
6883.37890625,1158.67004394531,6535610049647.23,1799958637648.33
6884.94140625,1158.91003417969,6736666285717.48,1798733010927.1
6886.50390625,1158.91003417969,6512427557718.78,1852653925303.5
6888.06640625,1159.41003417969,6732871834638.4,1795721030086.8
6889.62890625,1159.41003417969,6621507547059.71,1785178628644.4
6891.19140625,1159.66003417969,6743716709686.72,1774035372314.31
6892.75390625,1159.90002441406,6678093136648.16,1805556550373.39
6894.31640625,1159.90002441406,6647685905453.05,1786759548194.16
6895.87890625,1160.57310133714,6684053850945.15,1820333381478.11
6897.44140625,1160.40002441406,6809924540784.96,1833932109518.53
6899.00390625,1160.40002441406,6528665135585.2,1801943588675.8
6900.56640625,1160.89001464844,6634528155671.49,1766112956932.06
6902.12890625,1161.14001464844,6756953551953.38,1814494065356.73
6903.69140625,1161.14001464844,6581987221210.82,1771335509505.27
6905.25390625,1161.39001464844,6652344799101.37,1812401052147.68
6906.81640625,1161.39001464844,6530627891947.45,1784295500174.6
6908.37890625,1161.92167154948,6587353055921.2,1790719662278.19
6909.94140625,1162.13000488281,6577713846787.78,1856597755254.51
6911.50390625,1161.88000488281,6597124902071.95,1810172226243.54
6913.06640625,1162.38000488281,6591486957072.61,1862571684217.63
6914.62890625,1162.63000488281,6648632140835.99,1885978042762.31
6916.19140625,1162.63000488281,6602718440615.66,1778756856530.51
6917.75390625,1163.11999511719,6547304659287.29,1807257157327.3
6919.31640625,1163.11999511719,6672463689519.18,1849444845506.28
6920.87890625,1163.61999511719,6461071952086.35,1836944778655.74
6922.44140625,1163.54307204027,6583146156408.42,1882155325875.85
6924.00390625,1163.61999511719,6568265516931.9,1828041888771.68
6925.56640625,1164.10998535156,6417868896794.75,1794160550459.68
6927.12890625,1163.85998535156,6564182043633.78,1802050400054.33
6928.69140625,1164.35998535156,6590943479706.86,1804099236395.62
6930.25390625,1164.35998535156,6579590923409.41,1888429287673.32
6931.81640625,1164.84997558594,6469693259525.88,1758332803197.94
6933.37890625,1165.09997558594,6472020805197.55,1810755106336.98
6934.94140625,1165.09997558594,6576452066865.06,1798207291992.44
6936.50390625,1165.09997558594,6388954593166.89,1844299534727.16
6938.06640625,1165.34997558594,6571063191495.18,1841752194901.46
6939.62890625,1165.40766789363,6398385116210.07,1841513758690.2
6941.19140625,1165.83996582031,6447898630265.49,1720173368863.46
6942.75390625,1165.83996582031,6569729901798.32,1771603599042.66
6944.31640625,1166.15246582031,6489347563106.25,1847146436764.52
6945.87890625,1166.58996582031,6438534754079.9,1828666138471.98
6947.44140625,1166.83996582031,6496922621889.75,1768347879399.37
6949.00390625,1166.83996582031,6635295828714.37,1839218422238.26
6950.56640625,1167.07995605469,6523523739332.79,1850971467442.89
6952.12890625,1167.07995605469,6407275861186.33,1827048704269.95
6953.69140625,1167.57995605469,6539511148837.78,1822795053967.21
6955.25390625,1167.57995605469,6508896348128.01,1787573994085.57
6956.81640625,1167.57995605469,6535582058475.33,1801961273721.93
6958.37890625,1168.22764235276,6571616792930.4,1811983195221.44
6959.94140625,1168.07995605469,6293908459390.28,1779211004360.08
6961.50390625,1168.31994628906,6554852835363.77,1851701866696.81
6963.06640625,1168.56994628906,6422385278625.72,1842971019434.02
6964.62890625,1168.81994628906,6493530588988.7,1791828818135.06
6966.19140625,1168.87763859675,6489371029037.84,1813309686989.46
6967.75390625,1169.30993652344,6403353830123.12,1831891168327.2
6969.31640625,1169.06994628906,6441413353610.05,1868726997737.86
6970.87890625,1169.55993652344,6480682830878.51,1855832218307.51
6972.44140625,1170.05993652344,6445548382421.65,1843896559178.61
6974.00390625,1170.05993652344,6387566465819.03,1808935507058.31
6975.56640625,1170.05993652344,6419324635094.29,1917340935927.35
6977.12890625,1170.30993652344,6563031326216.38,1894883685236.08
6978.69140625,1170.75838216146,6456568465216.8,1802037875201.1
6980.25390625,1170.7167154948,6334563429645.12,1869599668620.08
6981.81640625,1170.80004882813,6389461733160.72,1878604679111.56
6983.37890625,1171.16543344351,6558611524661.69,1835359734423.24
6984.94140625,1171.55004882813,6440191771220.61,1763478832429.1
6986.50390625,1171.30004882813,6367692342835.02,1806360037249.14
6988.06640625,1171.7900390625,6497212576571.06,1861243494526.84
6989.62890625,1171.55004882813,6451445478133.14,1849427129654.74
6991.19140625,1172.2900390625,6409252371975.76,1895515809825.8
6992.75390625,1172.2900390625,6497515705763.2,1782615065749.7
6994.31640625,1172.5400390625,6451132213246.11,1786008552794.5
6995.87890625,1172.34773137019,6332256811520.38,1817630661958.3
6997.44140625,1172.7900390625,6367668910427.77,1815042943348.73
6999.00390625,1173.0400390625,6371128046549.46,1818480533871.55
7000.56640625,1173.28002929688,6309083902946.89,1870351609710.97
7002.12890625,1173.53002929688,6357459525875.67,1843325273596.86
7003.69140625,1173.53002929688,6325239037519.91,1826666285066.57
7005.25390625,1173.78002929688,6349126041079.84,1844726727830.06
7006.81640625,1174.03002929688,6338976375209.26,1871434889197.59
7008.37890625,1174.28002929688,6316322751349.52,1872437670529.31
7009.94140625,1174.35387244592,6470495918424.49,1881251216084.82
7011.50390625,1174.52001953125,6353026814219.5,1882171526472.87
7013.06640625,1175.02001953125,6318362007740.79,1801798975066.59
7014.62890625,1175.02001953125,6497674894840.48,1820746084413.92
7016.19140625,1175.02001953125,6380459782119.43,1811443059977.01
7017.75390625,1175.27001953125,6410302668150.84,1856818591065.82
7019.31640625,1175.77001953125,6480399016011.28,1824961033618
7020.87890625,1175.77001953125,6462224335986.05,1836876286054.43
7022.44140625,1176.26000976563,6212046278423.96,1804220419372.45
7024.00390625,1176.26000976563,6414555991525.37,1820709196117.28
7025.56640625,1176.47429547992,6356783878129.39,1879222042880.24
7027.12890625,1176.51000976563,6317292292071.76,1856566676725.34
7028.69140625,1177.01000976563,6350692556387.35,1820336853158.63
7030.25390625,1177.01000976563,6363997036641.41,1832819037949.25
7031.81640625,1177.22154822717,6438352069331.78,1891066853292.85
7033.37890625,1177.51000976563,6262332140540.54,1947433892543.09
7034.94140625,1177.51000976563,6227060979430.3,1895661978662.58
7036.50390625,1177.51000976563,6334325655273,1818486857363.45
7038.06640625,1178,6337537562628.04,1917118054416.59
7039.62890625,1178.25,6148668979221.76,1819987950108.61
7041.19140625,1177.66077599159,6400643396073.06,1847543981862.27
7042.75390625,1178.5,6407838279513.58,1941390350720.09
7044.31640625,1178.75,6386304129771.45,1849793889169.11
7045.87890625,1179,6281072452630.1,1808136319721.37
7047.44140625,1179.23999023438,6258560742827.73,1853538311736.98
7049.00390625,1179.35537484976,6212445460425.28,1863930547706.75
7050.56640625,1179.73999023438,6057886139326.22,1817841775249.81
7052.12890625,1179.73999023438,6274026423859.38,1866530433451.04
7053.69140625,1179.98999023438,6323615662829.55,1803017496990.01
7055.25390625,1179.98999023438,6333022689931.5,1839188371344.49
7056.81640625,1180.23999023438,6290142550471.21,1964051395842.47
7058.37890625,1180.73999023438,6205037167752.56,1853830286128.33
7059.94140625,1180.97998046875,6299588616895.8,1797685672731.31
7061.50390625,1180.97998046875,6202787775074.44,1824314872993.34
7063.06640625,1181.22998046875,6298758848730.8,1871299537238.27
7064.62890625,1181.72998046875,6268730468127.96,1880803268276.43
7066.19140625,1181.55690354567,6229364301899.65,1905083983546.93
7067.75390625,1181.97998046875,6317058512228.64,1866650558903.06
7069.31640625,1181.97998046875,6102086362881.4,1838982592707.21
7070.87890625,1182.22998046875,6197432290722.63,1838011763813.27
7072.44140625,1182.47998046875,6277956847083.29,1871449176538.08
7074.00390625,1182.6338266226,6127918220013.99,1916540601822.82
7075.56640625,1182.76690204327,6161686038853.41,1844237994830.83
7077.12890625,1182.96997070313,6244829618219.32,1917181473910.01
7078.69140625,1183.21997070313,6249712568040.34,1886554999079.05
7080.25390625,1183.21997070313,6122665759904.47,1941680881824.77
7081.81640625,1183.71997070313,6254856408322.69,1871716224500.79
7083.37890625,1183.46997070313,6123973342137.45,1880403139252.8
7084.94140625,1183.96997070313,6156774672047.75,1924861495241.6
7086.50390625,1183.71997070313,6148965847750.11,1866183002906.38
7088.06640625,1184.41227839544,6132014885666.56,1823577460929.87
7089.62890625,1184.54689378005,6280209519736.07,1901835758652.37
7091.19140625,1183.96997070313,6114965974758.16,1876697490254.79
7092.75390625,1184.9599609375,5935241981819.16,1897685189213.53
7094.31640625,1185.2099609375,6206006914487.06,1854196964293.85
7095.87890625,1185.2099609375,6068913249248.14,1857049300310.59
7097.44140625,1185.9599609375,6133682100143.65,1883681372607.53
7099.00390625,1185.7099609375,6089054922134.3,1918697669376.18
7100.56640625,1185.9599609375,6058083488794.57,1891351808460.09
7102.12890625,1186.18912760417,6178127425023.92,1850942469794.16
7103.69140625,1186.34457632212,6089071425824.85,1874437270785.68
7105.25390625,1186.4599609375,6160323679799.8,1856831491667.54
7106.81640625,1186.7099609375,6165619465476.48,1888110504446.91
7108.37890625,1186.7099609375,6107876163516.45,1919844908424.89
7109.94140625,1186.83329264323,6149642945692.88,1881801405661.56
7111.50390625,1187.2099609375,6113874794882.98,1903173928594.56
7113.06640625,1187.44995117188,6058466666725.61,1914894947421.03
7114.62890625,1187.69995117188,6136086749281.84,1815753109418.44
7116.19140625,1187.94995117188,6064456846993.55,1906446060665.6
7117.75390625,1188.19995117188,6190768822386.89,1892224391297.86
7119.31640625,1187.98841271034,6014869835497.11,1875300756867.35
7120.87890625,1188.19995117188,6114940375166.87,1883716537355.15
7122.44140625,1188.69995117188,6059907563491.2,1858820300413.34
7124.00390625,1188.71918194111,6009587144305.52,1976549378036.15
7125.56640625,1188.94995117188,6130973611584.68,1997458190775.15
7127.12890625,1189.19995117188,6053655639243.98,1909443540960.04
7128.69140625,1189.19995117188,6060086209912.43,1884144423483.14
7130.25390625,1189.44995117188,6172719566787.09,1827961356611.12
7131.81640625,1189.69995117188,6112023864244.72,1904520780984.27
7133.37890625,1189.85379732573,6189462779568.33,1981881407208.97
7134.94140625,1190.18994140625,6159018731387.56,1894995039102.55
7136.50390625,1189.71918194111,6076681980640.76,1937682866971.87
7138.06640625,1190.43994140625,6202730391739.16,1922561027126.85
7139.62890625,1190.43994140625,6004283531244.52,1923174480814.53
7141.19140625,1190.49763371394,6129582749302.45,1875067587338.61
7142.75390625,1190.93994140625,6064113469170.56,1861798266996.38
7144.31640625,1191.18994140625,6186649045781.91,1960511300118.05
7145.87890625,1191.43994140625,5923217505461.76,1903413997807.68
7147.44140625,1191.68994140625,6019415429974.2,1899434299953.04
7149.00390625,1191.68994140625,5943202092650.4,1831544847735.17
7150.56640625,1191.93994140625,6065757376686.2,1876807260428.74
7152.12890625,1191.93994140625,5973244358263.06,1922743116243.98
7153.69140625,1192.39827473958,5955354436652.03,1969940541734.64
7155.25390625,1192.52327473958,6093071857799.24,1849736001226.16
7156.81640625,1192.93994140625,6118611659844.71,1959349996790.47
7158.37890625,1192.68994140625,6051915638906.3,1932278921076.32
7159.94140625,1193.43994140625,5975182141992.54,1838452145146.54
7161.50390625,1193.3437875601,5980259138867.59,1865216359407.86
7163.06640625,1193.47688176082,5936308250973.42,1946703847287.49
7164.62890625,1193.68005371094,6074958696224.11,1946070581387.85
7166.19140625,1193.93005371094,6066562562344.04,1904704476277.41
7167.75390625,1193.93005371094,6122346722348.51,1877075013145.67
7169.31640625,1194.18005371094,6138758952647.9,1849934473821.91
7170.87890625,1194.68005371094,6008077025799.54,1887215683443.36
7172.44140625,1194.68005371094,6066672571266.98,1912014866968.06
7174.00390625,1194.93005371094,6131225976058.43,1960205929454.78
7175.56640625,1195.12236140325,5914123881669.8,1927722289499.58
7177.12890625,1195.35313063402,5962085841179.24,1919234760941.37
7178.69140625,1195.43005371094,5943300786579.94,1886725984585.61
7180.25390625,1195.68005371094,5972765699328.53,1928755850755.15
7181.81640625,1195.93005371094,6082931413815.9,1971824393398.55
7183.37890625,1195.93005371094,6028775640655.63,1941362109230.08
7184.94140625,1196.18005371094,5941890771646.42,1946277432051.33
7186.50390625,1196.43005371094,5970054970589.04,1900970471561.69
7188.06640625,1196.61755371094,5847303912727.18,1937448342660.82
7189.62890625,1196.93005371094,6055321176424.42,1985307809040.66
7191.19140625,1197.18005371094,6000342173419.92,1906577497884.71
7192.75390625,1196.93005371094,6083028173339.01,1879587147571.04
7194.31640625,1197.43005371094,6057835415702.12,1920280509358.44
7195.87890625,1197.93005371094,5978540783064.38,1960920530407.51
7197.44140625,1198.02620755709,5846910610456.26,1905987860572.12
7199.00390625,1197.93005371094,5973375365836.89,1939422330571.72
7200.56640625,1198.37236140325,5935818400869.14,1944960373138.07
7202.12890625,1198.27620755709,6021620490004.25,1976984656811.61
7203.69140625,1198.68005371094,5907199005138.53,1940319037815.6
7205.25390625,1198.68005371094,5962349801817.97,1938597033885.35
7206.81640625,1198.54543832632,6029634614437.48,1856688809153.2
7208.37890625,1199.43005371094,5926409495054.37,1918290927113.81
7209.94140625,1199.43005371094,5825207385211.4,1958906234258.69
7211.50390625,1199.4685152494,5891460733933.73,1936909338311.79
7213.06640625,1199.92004394531,5998227458686.24,1975893594822.4
7214.62890625,1199.92004394531,5865957270341.55,1900093064961.82
7216.19140625,1200.42004394531,5943778014242.97,1898194501844.99
7217.75390625,1200.42004394531,5839416653994.06,1920802953539.5
7219.31640625,1200.17004394531,5993079217257.52,1973256669706.87
7220.87890625,1200.92004394531,6124437190358.79,1986854290664.03
7222.44140625,1201.17004394531,5770998298133.81,1887164281345.07
7224.00390625,1201.05465932993,5932185268742.02,1931889489137.47
7225.56640625,1201.67004394531,5837764810951.18,1903609857592.29
7227.12890625,1201.67004394531,5881331397850.11,1957433583812.91
7228.69140625,1201.727736253,5768186611492.81,1935240484905.16
7230.25390625,1201.92004394531,6037590574743.58,1943559378050.1
7231.81640625,1202.17004394531,5905331192309.51,2004654443635.72
7233.37890625,1202.67004394531,5965490163170.97,1974750691954.99
7234.94140625,1203.17004394531,5881266757584.38,1895795049738.23
7236.50390625,1202.92004394531,5928999718519.41,1923294130000.96
7238.06640625,1203.08671061198,5904576436667.75,1934242432354.03
7239.62890625,1203.17004394531,5949101077889.01,2003473348687.62
7241.19140625,1203.42004394531,5828230460434.22,1913092455418.25
7242.75390625,1203.33671061198,5717108875570.75,1931887864028.28
7244.31640625,1203.67004394531,5871476022380.74,1947344279694.1
7245.87890625,1203.92004394531,5885832488272.61,1934927459801.54
7247.44140625,1204.17004394531,5730683369763.31,1972087474418.08
7249.00390625,1204.42004394531,5908851593286.11,1989385939891.83
7250.56640625,1204.42004394531,5833943575034.4,1916690184843.01
7252.12890625,1204.92004394531,5954413658701.4,1897884484045.11
7253.69140625,1205.09312086839,5967176049333.74,1931033295200.22
7255.25390625,1205.17004394531,5828849071443.24,1893515674149.74
7256.81640625,1205.42004394531,5809507144626.19,1963713797927.8
7258.37890625,1205.67004394531,5801447901886.59,1989173912191.04
7259.94140625,1205.67004394531,5759193140478.34,1955649523511.35
7261.50390625,1205.92004394531,5796687631282.99,1984767340437.92
7263.06640625,1206.05465932993,5994640768534.79,1960099592311.83
7264.62890625,1206.24696702223,5860952609722.9,1956940949523.46
7266.19140625,1206.42004394531,5784127898314.08,1982711466756.95
7267.75390625,1206.53542856069,5664469808982.97,2025753553625.88
7269.31640625,1206.67004394531,5800006874268.07,1952258877877.46
7270.87890625,1206.88774226262,5898953295081.95,1969243838611.83
7272.44140625,1207.18005371094,5975481069291.67,2032542756389.79
7274.00390625,1207.43005371094,5910571950814.71,1899943173201.58
7275.56640625,1207.86755371094,5903688224285.46,1967801169205.03
7277.12890625,1207.68005371094,5739134205575.04,1969583586500.3
7278.69140625,1207.93005371094,5893773067952.35,1943515161933.66
7280.25390625,1207.68005371094,5843745484104.93,1955108003846.89
7281.81640625,1208.18005371094,5913618619577.72,1986379421403.86
7283.37890625,1208.68005371094,5822195989964.31,1985333603386.24
7284.94140625,1208.68005371094,5876537489932.93,2039807072393.98
7286.50390625,1209.18005371094,5842204232875.3,2042796232453.82
7288.06640625,1209.23774601863,5687367244022.8,1989887188637.96
7289.62890625,1209.43005371094,5790949523773.29,1993563716653.2
7291.19140625,1209.43005371094,6077022394536.74,1969423093046.88
7292.75390625,1209.68005371094,5831691137051.74,1957692373817.41
7294.31640625,1209.9685152494,5809608261497.78,1925106713877.93
7295.87890625,1210.18005371094,5798344441330.05,1937269115010.75
7297.44140625,1210.43005371094,5808329954904.2,2033139377408.23
7299.00390625,1210.43005371094,5771480242450.16,1967790656612.83
7300.56640625,1210.74255371094,5726488601993.32,1995859171220.41
7302.12890625,1211.18005371094,6008584316923.1,2037598771008.85
7303.69140625,1210.68005371094,5739885585806,1952336681987.35
7305.25390625,1211.43005371094,5588564300472.14,1995784134782.91
7306.81640625,1211.68005371094,5654668159996.15,2043104680561.78
7308.37890625,1211.68005371094,5892194797239.41,2056831230934.58
7309.94140625,1211.93005371094,5944394555937.27,1968460584931.79
7311.50390625,1212.01338704427,5855709397725.27,1967492257778.1
7313.06640625,1212.43005371094,5732967144319,2050932241665.71
7314.62890625,1212.02620755709,5770965516230.69,2017630432738.5
7316.19140625,1212.18005371094,5633589675841.55,2015980768224.07
7317.75390625,1212.93994140625,5620966633305.51,1958244399866.49
7319.31640625,1213.18994140625,5660756603244.1,2028847548072.35
7320.87890625,1213.43994140625,5798087540531.29,2026326813630.38
7322.44140625,1213.43994140625,5822801045258.69,2040918365929.58
7324.00390625,1213.68994140625,5648333271206.64,1938873659005.17
7325.56640625,1213.93994140625,5908035824221.71,2082416107145.81
7327.12890625,1214.18994140625,5767975885827.07,1909961151780.83
7328.69140625,1214.18994140625,5819669466462.33,2019111855887.68
7330.25390625,1214.68994140625,5826225612415.54,2042372981168.65
7331.81640625,1214.68994140625,5785331215364.81,1998103946127.3
7333.37890625,1214.93994140625,5619501950505.35,1962555854784.42
7334.94140625,1215.01686448317,5656609318325.35,1987927560228.31
7336.50390625,1215.24763371394,5626964297333.65,1992929101570.73
7338.06640625,1215.43994140625,5777161749579.28,1925422187117.37
7339.62890625,1215.93994140625,5753027054671.4,1927612474326.72
7341.19140625,1215.68994140625,5765042244796.52,1954963384339.26
7342.75390625,1215.93994140625,5706083409421.17,2048718055535.37
7344.31640625,1216.69995117188,5603518517685.78,2018399084642.71
7345.87890625,1216.69995117188,5843320665743.73,1971838852781.96
7347.44140625,1216.44995117188,5747914852410.46,2006440678013.22
7349.00390625,1216.94995117188,5680695204009.11,2064823375833.02
7350.56640625,1217.19995117188,5654923438380.8,1923256250149.3
7352.12890625,1217.19995117188,5576907731184.5,1979168715399.41
7353.69140625,1217.44995117188,5740712187005.68,1947694775454.82
7355.25390625,1217.94995117188,5699059431261.55,2078299514869.49
7356.81640625,1218.09280831474,5667613066132.93,2053162137488.11
7358.37890625,1217.94995117188,5698334586058.11,1900934932367.39
7359.94140625,1218.44995117188,5650013541237.37,1970745705967.26
7361.50390625,1218.36661783855,5589133399868.79,2011775000698.23
7363.06640625,1218.44995117188,5644874899655.39,2007693307379.21
7364.62890625,1218.94995117188,5529899198021.25,2051172298280.98
7366.19140625,1218.69995117188,5759453050083.41,2008631920873.51
7367.75390625,1219.2099609375,5706708412217.28,2006748391804.62
7369.31640625,1219.4599609375,5697827164892.69,2076528538856.09
7370.87890625,1219.4599609375,5536698628228.2,1981687072200.41
7372.44140625,1219.53688401442,5597414309904.11,1980605723848.26
7374.00390625,1219.7099609375,5647719239239.09,2060832348309.08
7375.56640625,1220.2099609375,5638685967035.12,2067192875083.42
7377.12890625,1220.2099609375,5669268422739.17,1967817103458.54
7378.69140625,1220.4599609375,5564777933899.62,2015836504673.22
7380.25390625,1220.7099609375,5602642311330.12,1955025212739.36
7381.81640625,1220.9599609375,5699844123295.92,2063614963528.87
7383.37890625,1221.01765324519,5638019056155.13,2085967722658.41
7384.94140625,1221.2099609375,5651412066526.69,1991568726376.1
7386.50390625,1221.2099609375,5482512569644.05,2001071420387.64
7388.06640625,1221.2524617513,5698588569972.05,2043850864122.67
7389.62890625,1221.96997070313,5580546524052.6,2015281784407.94
7391.19140625,1221.96997070313,5731072827553.54,2040224002042.23
7392.75390625,1222.21997070313,5691314446972.05,2000617163920.89
7394.31640625,1222.71997070313,5645032798587.66,2051905747468.98
7395.87890625,1222.71997070313,5581985373132.05,1984301744844.22
7397.44140625,1222.71997070313,5423902016102.6,2007697761344.89
7399.00390625,1223.18150916467,5446665081946.04,2008297139986.57
7400.56640625,1222.96997070313,5593729807458.25,2025811257886.21
7402.12890625,1223.47998046875,5644616600839.08,1973024627067.16
7403.69140625,1223.72998046875,5446440219297.48,2026906196989.41
7405.25390625,1223.72998046875,5519018111317.18,2057750311185.11
7406.81640625,1223.97998046875,5522102574407.5,2024300111276.33
7408.37890625,1224.22998046875,5580125650745,2011406222674.37
7409.94140625,1224.24783761161,5500039627970.99,2087995388137.03
7411.50390625,1224.72998046875,5482513307178.75,2034967278426.53
7413.06640625,1224.72998046875,5613896090968.73,2028645700291.48
7414.62890625,1224.97998046875,5524157078950.05,2070345070757.12
7416.19140625,1225.22998046875,5528357469881.37,2028313357869.34
7417.75390625,1225.48999023438,5501773827252.24,2080792046737.97
7419.31640625,1225.73999023438,5533165694839.32,2054984982207.15
7420.87890625,1225.98999023438,5456771160273.24,2044032047103.88
7422.44140625,1225.73999023438,5503980549979.63,2039181382880.64
7424.00390625,1226.0669133113,5593513674105.95,2073763871057.91
7425.56640625,1225.98999023438,5489625184441.94,2049622362510.1
7427.12890625,1226.48999023438,5483668401139.96,1958412325103.65
7428.69140625,1226.73999023438,5518762818333.23,2018164082676.11
7430.25390625,1226.98999023438,5541318079451.11,2064176753041.74
7431.81640625,1227.25,5486783445965.76,2032508298499.22
7433.37890625,1227.5,5523116305569.88,2019963330237.56
7434.94140625,1227.27083333333,5538930183813.6,2037770754301.02
7436.50390625,1227.75,5608548242588.28,2104160184501.95
7438.06640625,1227.75,5502787715221.84,2071573545243.76
7439.62890625,1228.25,5542709898798.15,2015722276413.51
7441.19140625,1228.5,5488576514465.97,2035834874614.15
7442.75390625,1228.25,5568052459788.55,2115601622644.1
7444.31640625,1228.76000976563,5439773491804.59,2030132430759.29
7445.87890625,1229.01000976563,5559634815741.59,2107400247609.2
7447.44140625,1229.26000976563,5501289357258.07,2030841924285.48
7449.00390625,1229.01000976563,5562330235769.77,2024923146225.86
7450.56640625,1229.76000976563,5499486749471.16,2057710621468.5
7452.12890625,1230.01000976563,5440780067150.15,2100639787303.47
7453.69140625,1229.76000976563,5498952008701.35,2072249630562.62
7455.25390625,1230.01000976563,5249201514708.37,2059974084120.56
7456.81640625,1230.27001953125,5544511680913.89,2144845992547.5
7458.37890625,1230.44309645433,5546158870026.34,2059607286255.62
7459.94140625,1230.77001953125,5360921828505.58,2113865343347.78
7461.50390625,1230.77001953125,5433505519148.49,2092394560050.12
7463.06640625,1231.27001953125,5452631903073.56,2122551900680.22
7464.62890625,1231.27001953125,5349969245274.85,2135641680440.69
7466.19140625,1231.37002328726,5469241784560.04,2073882878147.24
7467.75390625,1231.53002929688,5505402887798.53,2052998798994.27
7469.31640625,1232.03002929688,5354736057443.49,2027669541424.24
7470.87890625,1231.8569523738,5390434843223.62,1971275246035.26
7472.44140625,1231.53002929688,5486078930008.56,2059728861186.57
7474.00390625,1232.53002929688,5453778022794.81,2024241039830.03
7475.56640625,1232.53002929688,5361699421498.17,2069173059581.46
7477.12890625,1233.0400390625,5410193290055.14,1951154004022.55
7478.69140625,1233.0400390625,5383656750154.89,2056614373105.69
7480.25390625,1233.0400390625,5425786259896.06,2059996193752.71
7481.81640625,1233.5400390625,5423313301743.68,2104286028425.64
7483.37890625,1233.31087239583,5376945237976.53,2048531688735.65
7484.94140625,1233.7900390625,5470558328326.19,2027155879359.53
7486.50390625,1233.7900390625,5567699920908.72,2086661014227
7488.06640625,1234.0400390625,5334801637213.29,2088436378502.03
7489.62890625,1234.55004882813,5460555059847.95,2050487241069.26
7491.19140625,1234.55004882813,5408522348973.13,2060427225419.74
7492.75390625,1234.63338216146,5434247560697.86,2089847687271.26
7494.31640625,1235.05004882813,5382194370258.14,2087777391664.46
7495.87890625,1235.20389498198,5361382808236.06,2054348657273.49
7497.44140625,1235.30004882813,5411479874448.3,2134285363666.46
7499.00390625,1235.30004882813,5497943506789.72,2060900119999.09
7500.56640625,1235.80993652344,5464898190237.44,2112920451678.58
7502.12890625,1235.80993652344,5559761960450.43,2090077192835.16
7503.69140625,1236.05993652344,5313466076798.04,2096497137011.97
7505.25390625,1236.52147498498,5347002307580.91,2115918408163.25
7506.81640625,1236.55993652344,5485843737548.58,2092410188372.89
7508.37890625,1236.30993652344,5335342431282.87,2171502387971.13
7509.94140625,1236.81994628906,5383612473200.42,2064872364933.05
7511.50390625,1237.06994628906,5557750287532.26,2000906482900.15
7513.06640625,1237.31994628906,5392763770150.68,2090174264127.65
7514.62890625,1237.31994628906,5603078640423.39,2017665411846.31
7516.19140625,1237.82995605469,5502430706254.54,2071947314491.37
7517.75390625,1237.82995605469,5450352781907.59,2056628208401.53
7519.31640625,1238.07995605469,5360071402880.6,2092968942335.54
7520.87890625,1238.07995605469,5380947969610.04,2126172913942.52
7522.44140625,1238.32995605469,5277473043873.88,2134172246940.97
7524.00390625,1238.57995605469,5340693227098.53,2135016951279.66
7525.56640625,1238.57995605469,5306460274218.48,2122733245130.13
7527.12890625,1238.80912272136,5338184263302.68,2091368082139.83
7528.69140625,1239.08996582031,5316305046815.56,2052303290083.17
7530.25390625,1239.58996582031,5331626788273.02,2031266226442.01
7531.81640625,1239.58996582031,5360608651484.65,2029011664743.38
7533.37890625,1239.82073505108,5342871806713.22,2062782755482.65
7534.94140625,1240.09997558594,5461517415554.8,2073709643015.93
7536.50390625,1240.09997558594,5213918085865.64,2027690486813.29
7538.06640625,1240.34997558594,5325354090312.16,2006916729269.23
7539.62890625,1240.34997558594,5349535613265.92,2023634872149.44
7541.19140625,1240.84997558594,5428482402318.92,2070764238546.28
7542.75390625,1241.10998535156,5269932119320.71,2036070182263.65
7544.31640625,1241.10998535156,5511611750076.96,1997950272596.11
7545.87890625,1241.16767765925,5380368378728.31,2132530829471.97
7547.44140625,1241.35998535156,5369576114668.32,2063020786284.7
7549.00390625,1241.60998535156,5303779215028.95,2055585541998.94
7550.56640625,1242.11999511719,5330812535913.03,2053325575055.43
7552.12890625,1242.11999511719,5211454050044.62,2066156463908.49
7553.69140625,1242.36999511719,5343099395103.99,2116552107747.96
7555.25390625,1242.61999511719,5245622723856.29,2032394412299.17
7556.81640625,1243.07000262921,5101876248036.45,2080541211903.7
7558.37890625,1243.0300011268,5221537334548.52,2088603833365.62
7559.94140625,1243.13000488281,5260228757105.36,2077896312735.86
7561.50390625,1243.38000488281,5565365591702.24,2061844488682.93
7563.06640625,1243.39923565204,5323009185269.12,2042897726248.66
7564.62890625,1243.63000488281,5312877229423.34,2041530983497.1
7566.19140625,1243.88000488281,5312998685274.03,2062098524049.38
7567.75390625,1244.35155310998,5346267127699.62,2072089178639.57
7569.31640625,1244.39001464844,5256284770326.45,1992984514444.7
7570.87890625,1244.39001464844,5063100704348.83,2063709276469.93
7572.44140625,1244.64001464844,5343217198427.66,2017300186105.73
7574.00390625,1244.90002441406,5457945394990.02,2106599791857
7575.56640625,1244.39001464844,5196914370045.08,2118575610177.96
7577.12890625,1245.40002441406,5419142015315.59,2125750214668.48
7578.69140625,1245.30387056791,5182010006175.42,2060515725068.59
7580.25390625,1245.73669433594,5179494717641.08,2115894615820.03
7581.81640625,1245.65002441406,5295912671612.27,2126231610220.34
7583.37890625,1245.79002967248,5367596472060,2084288617426.62
7584.94140625,1246.16003417969,5220255151572.07,2049747383522.16
7586.50390625,1246.16003417969,5116658485028.62,2104819255238.35
7588.06640625,1246.66003417969,5262476774746.29,2123534626541.67
7589.62890625,1246.66003417969,5139196549259.85,2115834238359.08
7591.19140625,1246.66003417969,5218906184396.57,2065325683312.51
7592.75390625,1247.44004469651,5203086389653.86,2122519127749.18
7594.31640625,1247.54004845252,5310314175244.03,2103676437917.8
7595.87890625,1247.68005371094,5276340301972.16,2147734959561.1
7597.44140625,1247.68005371094,5095617746537.01,2092900002710.33
7599.00390625,1247.93005371094,5247751980568.01,2085034516864.42
7600.56640625,1248.18005371094,5258092373775.42,2105416470209.67
7602.12890625,1248.43994140625,5105821507116.77,2111111726759.16
7603.69140625,1248.68994140625,5041590958137.32,2104151152771.52
7605.25390625,1248.68994140625,5260628188916.82,2062229401644.48
7606.81640625,1248.68994140625,5175115652441.73,2072063605441.85
7608.37890625,1249.18994140625,5196401508750.22,2098930251817.8
7609.94140625,1249.38994891827,5249312336325.33,1998288853257.14
7611.50390625,1249.18994140625,5345162524584.88,2091601594013.12
7613.06640625,1249.69995117188,5124725767112.66,2091897778379.83
7614.62890625,1249.72078450521,5270751048861.86,2086657910696.14
7616.19140625,1250.2099609375,5221992631368.7,2104599853056.76
7617.75390625,1250.4599609375,5238230513116.75,2137198536957.53
7619.31640625,1250.4599609375,5214238682572.1,2107205159322.78
7620.87890625,1250.7099609375,5169400308475.33,2154850103820.8
7622.44140625,1250.7099609375,5178911061667.1,2106704652274.86
7624.00390625,1251.04139927456,5312187117021.24,2061477730475.49
7625.56640625,1251.46997070313,5107122165229.15,2102708581216.88
7627.12890625,1251.21997070313,5049675228932.9,2062672749483.14
7628.69140625,1251.72998046875,5134573397927.03,2121733749351.09
7630.25390625,1251.72998046875,5294493715963.1,2144135444731.25
7631.81640625,1251.97998046875,5026951007484.51,2095542153736.87
7633.37890625,1252.22998046875,5157998841299.38,2130041844068.84
7634.94140625,1252.47998046875,5210335346174.95,2107054907412.85
7636.50390625,1252.47998046875,5059254399822.48,2083081665017.19
7638.06640625,1252.22998046875,5073394420369.73,2101666337190.55
7639.62890625,1253.21915690105,5035295250067.33,2132385679395.49
7641.19140625,1253.14383638823,4957332455037.41,2029991273253.51
7642.75390625,1253.5,5039573570406.71,2087573908462.06
7644.31640625,1253.41333007813,5089529859954.73,2129797203462.09
7645.87890625,1253.75,5170305244078.29,2128812102231.13
7647.44140625,1253.75,5176779326319.72,2153256027980.52
7649.00390625,1254,5113702772569.45,2139451410160.38
7650.56640625,1254.26000976563,5148906356252.33,2082729894298.91
7652.12890625,1254.51000976563,5140482453434.06,2176354024103.33
7653.69140625,1254.76000976563,5182959497741.58,2128667499594.74
7655.25390625,1254.86001352164,5081808899073.5,2154499855750.18
7656.81640625,1255.27001953125,5117867129740.13,2173767266782.51
7658.37890625,1255.02001953125,5037549210161.53,2095797011337.85
7659.94140625,1255.34694260817,5134307844343.13,2045639084436.14
7661.50390625,1255.76002854568,5162700575764.19,2162626504425.21
7663.06640625,1256.03002929688,5132534424870.2,2166831268709.06
7664.62890625,1255.78002929688,5007449524444.99,2133188036196.03
7666.19140625,1256.19003530649,4971450599894.71,2104196882577.5
7667.75390625,1256.75157752404,5102290599785.44,2131707825558.09
7669.31640625,1256.7900390625,5065567166356.19,2170493062331.81
7670.87890625,1256.7900390625,5213786168809.88,2053870585245.45
7672.44140625,1256.7900390625,5053992925189.76,2115762618238.48
7674.00390625,1257.30004882813,4866305145101.05,2052658400156.6
7675.56640625,1257.30004882813,5131307405054.96,2147412878195.66
7677.12890625,1257.55004882813,4859732670648.82,2142931267838.32
7678.69140625,1257.80993652344,5109417204491.77,2125007350742.58
7680.25390625,1257.49002075196,4983929051565.84,2064041798415.01
7681.81640625,1258.18493652344,4899241403847.34,2117339589214.86
7683.37890625,1258.30993652344,4876920740403.4,2118291571668.48
7684.94140625,1258.56994628906,4989829489704.54,2120478820051.98
7686.50390625,1258.58917705829,5169438047109.04,2139182970224.81
7688.06640625,1258.54532564603,4907365292259.81,2169909642464.81
7689.62890625,1259.07995605469,4970973735051.17,2147721050867.85
7691.19140625,1259.48380220854,5114623812815.6,2135927388096.28
7692.75390625,1259.54149451623,4901021227003.09,2174995350501.86
7694.31640625,1259.57995605469,4908184201794.52,2135312731487.87
7695.87890625,1259.83996582031,4960378598766.55,2175579298047.9
7697.44140625,1259.83996582031,5163275614910.55,2182303473486.7
7699.00390625,1260.33996582031,4834825728252.73,2094319371211.6
7700.56640625,1260.33996582031,4876338351323.69,2125998281176.27
7702.12890625,1260.69612943209,5022773522304.42,2088721556309.3
7703.69140625,1261.10998535156,4981317684538.41,2122222813083.28
7705.25390625,1260.84997558594,5141675065417.44,2123207996529.26
7706.81640625,1261.29748535156,4971948838104.34,2103064577516.98
7708.37890625,1261.35998535156,5088664252145.64,2042379993054.55
7709.94140625,1261.60998535156,4960507143385.45,2165980455495.52
7711.50390625,1261.86999511719,4991987734665.86,2178647159535.95
7713.06640625,1261.74999060998,4988377987363.09,2080473294078.07
7714.62890625,1262.11999511719,4852682980429.28,2080660466913.09
7716.19140625,1262.36999511719,4874881467790.7,2156248217041.89
7717.75390625,1262.76231032151,5105540272269.21,2159815035928.03
7719.31640625,1262.88000488281,4964892864781.34,2102612788247
7720.87890625,1263.14001464844,4878091705419.1,2097012896207.47
7722.44140625,1263.56232158955,5047295957693.01,2146758187682.59
7724.00390625,1263.39001464844,4906944858553.18,2111303777617.37
7725.56640625,1263.39001464844,4879125857749.19,2122569370755.42
7727.12890625,1263.64001464844,4941612584890.64,2140659378359.82
7728.69140625,1263.75770920974,4938522326962.12,2105847371707.81
7730.25390625,1264.15002441406,4817703852236.86,2124209814989.36
7731.81640625,1264.50618802584,5000851992197.49,2107905097435.66
7733.37890625,1264.41003417969,4874720659273.25,2154317456123.58
7734.94140625,1264.66003417969,5046906054894.67,2152122566559.34
7736.50390625,1265.17004394531,4997783296885.16,2158998404533.06
7738.06640625,1264.93465482272,4907641130235.11,2123503352332.47
7739.62890625,1265.18927471454,4973191832250.56,2094753887206.82
7741.19140625,1265.68005371094,4897235969694.05,2033077100986.47
7742.75390625,1265.68005371094,5014665948332.39,2149998450035.5
7744.31640625,1265.93005371094,4979292242864.06,2195980429068.52
7745.87890625,1265.68005371094,4880199677441.91,2141367513320.91
7747.44140625,1266.43994140625,4858961385632.57,2117078982533.55
7749.00390625,1265.97231820914,4969423045107.77,2179645099262.12
7750.56640625,1266.68994140625,4801285334508.27,2155764558454.92
7752.12890625,1266.86994816707,4920223279067.84,2195701587119.77
7753.69140625,1267.0268742488,4948366871377.64,2080972043433.35
7755.25390625,1267.19995117188,4674490330125.13,2156691586330.51
7756.81640625,1267.19995117188,4841328338595.63,2145037634507.54
7758.37890625,1267.4599609375,4870386649116.66,2079711895571.66
7759.94140625,1267.4599609375,4971206408862.62,2118781621651.34
7761.50390625,1267.96997070313,4635247731237.96,2128079432656.28
7763.06640625,1267.96997070313,4710808381719.63,2118596862588.77
7764.62890625,1268.21997070313,4890113549037.18,2142554037950.73
7766.19140625,1268.72998046875,4807938489524.38,2145601986687.98
7767.75390625,1268.72998046875,4940231369497.32,2102428571169.41
7769.31640625,1268.72998046875,4727941275335.87,2164439846296.74
7770.87890625,1268.97998046875,4836538949430.24,2164992843983.94
7772.44140625,1269.23999023438,4901550555760.62,2047794056004.67
7774.00390625,1269.48999023438,4920789481856.46,2193053435738.02
7775.56640625,1269.8125,4936870758061.53,2153905693317.85
7777.12890625,1270,4829727625124.58,2181724665607.27
7778.69140625,1270.10000375601,4812960993724.32,2156378573481.08
7780.25390625,1270.26000976563,4802246679078.84,2211139910145.65
7781.81640625,1270.51000976563,4788658554553.02,2107094118600.06
7783.37890625,1270.51000976563,4883110822042.17,2164849807993.8
7784.94140625,1270.51000976563,4927650809284.04,2174719309490.18
7786.50390625,1270.76000976563,4904888586414.65,2135568558567.93
7788.06640625,1271.07771183894,4821599654316.99,2126721059655.63
7789.62890625,1271.1161733774,4844729779389.71,2189663978908.01
7791.19140625,1271.78002929688,4856843741307.26,2175266033941.47
7792.75390625,1271.78002929688,4887326343248.99,2134657099522.47
7794.31640625,1271.78002929688,4655456857187.12,2161997698695.01
7795.87890625,1272.09388146034,4826075257616.83,2183451353491.66
7797.44140625,1272.2900390625,4847281092492.53,2141192900098.52
7799.00390625,1272.2900390625,4917994053421.58,2158409447249.11
7800.56640625,1272.48619666467,4870257246924.44,2115709904018.89
7802.12890625,1272.80004882813,4784648799577.78,2190991210280.34
7803.69140625,1273.05993652344,4859675539286.53,2122650156426.55
7805.25390625,1273.05993652344,4803045535131.75,2118495940062.75
7806.81640625,1273.56994628906,4756358863406.38,2169487676355.01
7808.37890625,1273.56994628906,4827714150004.7,2177244905697.33
7809.94140625,1273.18660481771,4737247784407.62,2204469923354.51
7811.50390625,1274.07995605469,4865075348716.41,2150685913768.33
7813.06640625,1274.07995605469,4714009146569.23,2123715951136.01
7814.62890625,1274.21457143931,4728917254346.67,2173074686708.45
7816.19140625,1274.83996582031,4796845636819.71,2120399543581.08
7817.75390625,1274.57995605469,4817452584332.28,2119233608725.91
7819.31640625,1275.08996582031,4642100503479.39,2153630606303.97
7820.87890625,1275.26997258113,4714337160257.65,2157101689259.99
7822.44140625,1275.34997558594,4969825952091.86,2155523591682.03
7824.00390625,1275.59997558594,4849477856879.42,2104702028229.32
7825.56640625,1275.59997558594,4835319613169.24,2110662229391.66
7827.12890625,1276.10998535156,4802164840845.04,2182455021180.7
7828.69140625,1276.10998535156,4809003251707.1,2221388580176.05
7830.25390625,1276.36999511719,4836623537738.42,2138833123509.75
7831.81640625,1276.36999511719,4708107584284.92,2187765427255.85
7833.37890625,1276.61999511719,4784397344585.95,2135365967826.63
7834.94140625,1277.11077411358,4765636585915.08,2114343570510.45
7836.50390625,1276.88000488281,4688928704002.97,2153222895369.94
7838.06640625,1277.13000488281,4848881747167.12,2300415608876.3
7839.62890625,1277.48308856671,4671779661945.67,2184155743510.82
7841.19140625,1277.90002441406,4640980477021.84,2211947413089.94
7842.75390625,1277.13000488281,4689822272703.94,2168445770031.92
7844.31640625,1278.15002441406,4826577450072.23,2216066125911.86
7845.87890625,1278.41003417969,4751040439091.47,2216540881294.37
7847.44140625,1278.41003417969,4719168739219.21,2201714327217.64
7849.00390625,1278.66003417969,4830602926324.02,2142562001161.81
7850.56640625,1278.66003417969,4881964103749.87,2226105151470.41
7852.12890625,1279.12837727864,4769526805657.84,2233128735917.87
7853.69140625,1279.43005371094,4772242811771.69,2163107231742.71
7855.25390625,1279.17004394531,4843564728710.14,2118511346072.54
7856.81640625,1279.64159217248,4682208916187.9,2258644543257.38
7858.37890625,1279.68005371094,4712596779527.26,2209696819246.66
7859.94140625,1280.19995117188,4824355750091.56,2141055927303.39
7861.50390625,1279.93994140625,4719804711492.11,2164657246371.22
7863.06640625,1280.44995117188,4776641122625.24,2199503866066.33
7864.62890625,1280.7099609375,4938859577137.07,2134611737094.52
7866.19140625,1280.79924665179,4717609518421.81,2153957910399.34
7867.75390625,1280.7099609375,4758331338302.17,2135901105184.92
7869.31640625,1281.21997070313,4767366545993.99,2189154684986.17
7870.87890625,1281.21997070313,4829268016646.29,2174931587379.94
7872.44140625,1281.46997070313,4879831845531.49,2188126111388.72
7874.00390625,1280.9599609375,4704624417725.68,2208534128579.86
7875.56640625,1282.23999023438,4675659345324.03,2179319142622.35
7877.12890625,1281.97998046875,4887774726492.5,2150291250706.1
7878.69140625,1281.72998046875,4743447244740.86,2122332694813.59
7880.25390625,1281.72998046875,4665107388884,2181893228535.28
7881.81640625,1282.48999023438,4847265060305.1,2242167673354.2
7883.37890625,1283,4641538098670.01,2173113072715.1
7884.94140625,1283,4683910207579.53,2144998725234.47
7886.50390625,1283.22000826323,4620559165477.57,2205696675411.26
7888.06640625,1283.35616361178,4785263207071.61,2120915847375.42
7889.62890625,1283.77001953125,4635574880864.48,2195454097287.38
7891.19140625,1284.03002929688,4646711372480.41,2260968404718.13
7892.75390625,1284.06849083534,4550431094433.17,2236058560496.42
7894.31640625,1284.28002929688,4742356211399.34,2226484320980.47
7895.87890625,1284.28002929688,4730081657250.17,2288925613011.96
7897.44140625,1285.00671386719,4591222332333.33,2125413718155.85
7899.00390625,1284.5400390625,4848884243105.64,2212044419935.49
7900.56640625,1284.7900390625,4660332219430.74,2146088731771.05
7902.12890625,1285.0254281851,4554008821158.95,2264719153232.07
7903.69140625,1285.32170613607,4782625807881.21,2133804804041.85
7905.25390625,1285.55993652344,4824804941162.66,2235774091577.49
7906.81640625,1286.06994628906,4717863924633.83,2238929067492.06
7908.37890625,1285.67763108474,4632163839142.24,2313401575209.1
7909.94140625,1286.06994628906,4673750075637.46,2234973838349.12
7911.50390625,1286.32995605469,4538142562812,2262444996086.08
7913.06640625,1286.46457143931,4826833438415.13,2195018603238.21
7914.62890625,1286.83996582031,4592175011952.68,2127363790342.22
7916.19140625,1287.08996582031,4478994257261.21,2175539128713.43
7917.75390625,1287.08996582031,4568491025361.02,2147910885768.42
7919.31640625,1287.34997558594,4654509518205.72,2141256163892.63
7920.87890625,1287.85998535156,4843045372351.68,2199100015349.51
7922.44140625,1287.59997558594,4499743454885.27,2156394256814.86
7924.00390625,1287.43330891927,4618691048496.59,2183564290075.88
7925.56640625,1287.59997558594,4628729217938.41,2109708259177.74
7927.12890625,1288.25461050181,4609293565277.42,2202153752814.37
7928.69140625,1288.11999511719,4687691796680.84,2235498565727.49
7930.25390625,1288.78385103666,4632602627946.16,2248889760824.75
7931.81640625,1288.88000488281,4760940040688.14,2186451829452.71
7933.37890625,1288.94000713642,4517271997473.73,2252117561486.17
7934.94140625,1289.14001464844,4675455858204.43,2209536722043.73
7936.50390625,1289.14001464844,4594018242004.18,2216542809516.04
7938.06640625,1289.65002441406,4595766645857.57,2061030698838.13
7939.62890625,1289.91003417969,4625018171543.23,2144743879867.24
7941.19140625,1289.65002441406,4724256424399.46,2189006091005.53
7942.75390625,1290.42004394531,4677684786457.67,2200856136996.32
7944.31640625,1290.24670410156,4504165439304.76,2240836636543.17
7945.87890625,1290.68005371094,4735139650711.15,2250713061131.07
7947.44140625,1290.68005371094,4580144463911.21,2270281182334.61
7949.00390625,1291.05000187801,4719519751661.77,2163993783691.31
7950.56640625,1291.43994140625,4647454023415.12,2156326421250.24
7952.12890625,1291.43994140625,4682391848583.28,2220594949466.48
7953.69140625,1291.43994140625,4659843061981.84,2264024574421.06
7955.25390625,1291.69995117188,4579199683050.52,2241303371299.24
7956.81640625,1291.8485281808,4619654367216.11,2237383703468.7
7958.37890625,1291.9599609375,4672789314497.93,2217302552612.48
7959.94140625,1292.3130446214,4608363828177.89,2189323255201.29
7961.50390625,1292.2099609375,4771187198479.74,2209785561646.62
7963.06640625,1292.97998046875,4611292376217.77,2262025648033.01
7964.62890625,1292.71997070313,4597639488684.01,2183382261148.92
7966.19140625,1292.71997070313,4551112473754.01,2242768153659.8
7967.75390625,1293.23999023438,4574639910496.31,2173068744739.52
7969.31640625,1293.40665690105,4654765774743.05,2193503313399.51
7970.87890625,1293.53332519532,4569761321808.75,2178140559339.73
7972.44140625,1293.75,4575035172857.6,2133115978708.47
7974.00390625,1293.81818181818,4541018442007.05,2192009813743.26
7975.56640625,1294.26000976563,4513381937782.48,2166114560888.12
7977.12890625,1294.52001953125,4446676308886.63,2202830426485.37
7978.69140625,1294.52001953125,4605193628301.61,2209832403620.48
7980.25390625,1294.87002328726,4503900708688.46,2230096932550.72
7981.81640625,1295.03002929688,4554032105410.4,2258310971179.36
7983.37890625,1295.2900390625,4486028885876,2173371440900.35
7984.94140625,1295.2900390625,4496736538917.8,2264483276053.76
7986.50390625,1295.80004882813,4431931395259.38,2245159013802.32
7988.06640625,1295.80004882813,4513049034412.08,2210517727501.48
7989.62890625,1296.05993652344,4536396512689.19,2141653998627.33
7991.19140625,1296.15609036959,4494765612628.58,2173001288610.38
7992.75390625,1296.30993652344,4499557393915.3,2144210008528.82
7994.31640625,1296.50994403546,4540385470700.1,2128519414998.72
7995.87890625,1296.64686936598,4573967503252.56,2160251489560.42
7997.44140625,1296.81994628906,4472663858565.62,2156131869777.29
7999.00390625,1297.07995605469,4401896616921.57,2167358290266.5
8000.56640625,1297.33996582031,4495272302207.17,2178663097103.4
8002.12890625,1297.33996582031,4443272917194.34,2157812796665.77
8003.69140625,1297.58996582031,4429233715044.23,2212627631642.14
8005.25390625,1297.84997558594,4594059134085.36,2176706697219.45
8006.81640625,1298.3215238131,4486111110180.01,2225250954915.91
8008.37890625,1297.84997558594,4506635908547.9,2125912345973.32
8009.94140625,1298.88000488281,4321551662154.45,2227216010574.85
8011.50390625,1298.61999511719,4434717013509.54,2219315238683.69
8013.06640625,1298.61999511719,4381912738069.03,2200584468790.55
8014.62890625,1299.13000488281,4400292881795.98,2120404396354.91
8016.19140625,1299.13000488281,4528676315837.68,2133890434203.23
8017.75390625,1299.39001464844,4312586238005.48,2161243725492.63
8019.31640625,1299.65002441406,4424678936529.92,2124805082637.18
8020.87890625,1299.39001464844,4387995663054.29,2147567978727.4
8022.44140625,1300.16003417969,4396842437661.26,2207420293647.79
8024.00390625,1300.16003417969,4521788260347.47,2166731523204.14
8025.56640625,1300.42004394531,4254243311688.36,2189986524512.25
8027.12890625,1300.67004394531,4195452582855.19,2181337352080.53
8028.69140625,1300.67004394531,4437867477844.2,2221342064921.12
8030.25390625,1300.67004394531,4509968508264.65,2122016938823.16
8031.81640625,1300.93005371094,4295111462993.88,2216457565075.66
8033.37890625,1300.93005371094,4204810068335.12,2165579933877.72
8034.94140625,1300.67004394531,4231783024924.4,2194065562396.17
8036.50390625,1300.93005371094,4385656713441.68,2173624180577.26
8038.06640625,1300.67004394531,4507736325991.04,2222054425494.68
8039.62890625,1300.67004394531,4313051840845.66,2220572643274.07
8041.19140625,1300.67004394531,4198601014643.72,2156034543206.1
8042.75390625,1300.42004394531,4240320620554.07,2213059113811.81
8044.31640625,1300.42004394531,4227694495944.9,2125507054759.98
8045.87890625,1300.42004394531,4273764488093.75,2186390090174.03
8047.44140625,1300.42004394531,4136674100125.93,2145236142917.94
8049.00390625,1300.16003417969,4159619386243.64,2173853817863.54
8050.56640625,1300.42004394531,4151394879498.42,2099981649365.32
8052.12890625,1299.90002441406,4078833646895.07,2180707020263.53
8053.69140625,1300.16003417969,4278864010597.68,2115033879551.97
8055.25390625,1299.90002441406,4081405826173.71,2090230913648.23
8056.81640625,1299.76540902944,4195387705756.47,2218125769196.45
8058.37890625,1299.65002441406,4095018804645.4,2191871434922.28
8059.94140625,1299.39001464844,4189803493187.54,2103626349371.66
8061.50390625,1299.13000488281,4218781216147.61,2115749161192.55
8063.06640625,1299.45001690204,4234655010974.44,2075133008191.36
8064.62890625,1298.87666829427,4075825485121.2,2115926138245.68
8066.19140625,1299.39001464844,4061295588811.35,2156488920607.64
8067.75390625,1299.13000488281,4058549039893.48,2047733874927.68
8069.31640625,1299.13000488281,4024025443191.39,2079774392331.32
8070.87890625,1299.13000488281,3995656833047.95,2037012659984.09
8072.44140625,1298.88000488281,3989039256510.79,2145199589562.5
8074.00390625,1298.88000488281,3945031231847.18,2096120003433.26
8075.56640625,1298.61999511719,3833698583371.35,2027169112646.29
8077.12890625,1298.61999511719,3765989399020.88,2112595345338.42
8078.69140625,1298.35998535156,3817302034335.61,2028819288709.51
8080.25390625,1298.10998535156,3865601342970.77,2050298007837.94
8081.81640625,1298.35998535156,3913345272841.85,2099540027221.94
8083.37890625,1298.08998460036,3921610501883.87,2088634995493.4
8084.94140625,1298.10998535156,3864758749596.54,2008893075710.33
8086.50390625,1298.10998535156,3840709209665.73,2038605028030.02
8088.06640625,1297.84997558594,3826404358765.96,2117894699033.77
8089.62890625,1297.68996957632,3611677322909.89,2088750124109.43
8091.19140625,1297.84997558594,3836613428622.22,2034023527935.67
8092.75390625,1297.58996582031,3826657917137.51,2077205327654.18
8094.31640625,1297.35919658954,3707992711717.96,2069677825097.72
8095.87890625,1296.81994628906,3590787723336.82,2013545909132.14
8097.44140625,1297.33996582031,3743601570174.11,1964965820617.85
8099.00390625,1297.28424944196,3692247375536.4,1933693050359.69
8100.56640625,1297.33996582031,3764682509172.93,2074103755002.19
8102.12890625,1296.81994628906,3748822355493.63,2014763677501.76
8103.69140625,1296.95995154748,3666109786211.63,2078935050789.85
8105.25390625,1296.81994628906,3573110571833.37,1987902788361.97
8106.81640625,1296.81994628906,3535161654218.29,2040864537421.39
8108.37890625,1296.74302321214,3548149170827.18,2031130175138.87
8109.94140625,1296.30993652344,3696439103138.65,2007635895088.63
8111.50390625,1296.30993652344,3655787473418.51,1969120700156.94
8113.06640625,1296.56994628906,3598478557764.25,1999983833960.12
8114.62890625,1296.30993652344,3587410623350.49,1941819476013.99
8116.19140625,1296.08076985677,3438501295993.86,1919573163873.13
8117.75390625,1296.30993652344,3466678707297.35,1979872109325.72
8119.31640625,1296.05993652344,3483754080236.8,1936352942540.79
8120.87890625,1296.05993652344,3255764137508.22,2029469591911.44
8122.44140625,1296.05993652344,3504999515426.53,1998360941939.75
8124.00390625,1295.80004882813,3466348499389.15,1951329878249.19
8125.56640625,1295.68004432092,3442417838804.03,1880520241915.98
8127.12890625,1295.5400390625,3345525252316.97,1875754319757.1
8128.69140625,1295.5400390625,3346932260877.4,1921510788316.23
8130.25390625,1295.34773137019,3461508736171.63,1933072847468.18
8131.81640625,1295.2900390625,3331711432982.86,1914462311816.26
8133.37890625,1295.2900390625,3377520921822.03,1835531993132.03
8134.94140625,1295.03002929688,3240247309472.95,1906930725331.97
8136.50390625,1294.77001953125,3186138072372.69,1857558164804.13
8138.06640625,1295.03002929688,3319574291712.49,1866639343331.16
8139.62890625,1294.87310321515,3177610229071.26,1838908446765.94
8141.19140625,1294.77001953125,3213553229674.92,1954516832605.93
8142.75390625,1294.55848106971,3273634540404.18,1908293172477.01
8144.31640625,1294.52001953125,3335499225161.87,1876462807820.94
8145.87890625,1294.26000976563,3198807278957.1,1829791176373
8147.44140625,1294.26000976563,3266789597709.94,1851325440682.9
8149.00390625,1293.75,3311773586244.33,1874759914454.15
8150.56640625,1294,3085945323096.1,1942850895078.56
8152.12890625,1293.75,3007455304310.54,1949749717037.63
8153.69140625,1293.48999023438,3253556384719.55,1881230860022.67
8155.25390625,1293.60999474159,3288507686658.01,1809786505739.2
8156.81640625,1293.48999023438,3032216850717.7,1844747146767.78
8158.37890625,1293.23999023438,3128998034860.34,1897207204547.74
8159.94140625,1293.23999023438,3077523916216.36,1865852807274.41
8161.50390625,1293.23999023438,2941053833857.05,1903684077263.13
8163.06640625,1292.97998046875,2991978229611.52,1848666953421.29
8164.62890625,1292.97998046875,2964367398515.43,1839409167368
8166.19140625,1292.36688701923,3030708529547,1850301730365.78
8167.75390625,1292.46997070313,2897589106230.84,1781856902959
8169.31640625,1292.60458608775,2812414747796.94,1872728665586.62
8170.87890625,1292.46997070313,2903157986297.02,1776037044656.51
8172.44140625,1292.2099609375,2842235161459.85,1800552026061.88
8174.00390625,1292.2099609375,3013629929622.9,1737538422067.78
8175.56640625,1291.9599609375,3097256499047.15,1771222235044.06
8177.12890625,1291.16694523738,2915354043828.52,1787587193486.78
8178.69140625,1291.43994140625,2848955694379.62,1815271126558.21
8180.25390625,1291.43994140625,2901708280750.13,1781916426113.95
8181.81640625,1291.18994140625,2969160885215.95,1852210800090.81
8183.37890625,1291.18994140625,2886119498743.66,1817658715083.49
8184.94140625,1290.93005371094,2853881915696.35,1772026596120.98
8186.50390625,1291.18994140625,2822199127441.35,1696225425237.71
8188.06640625,1291.18994140625,2926321011689.34,1826574437565.64
8189.62890625,1290.87236140325,2907049548093.38,1769208952656.52
8191.19140625,1290.85313063402,2836039720798.84,1836296364844.55
8192.75390625,1290.68005371094,2948217677036.11,1743182808835.51
8194.31640625,1290.68005371094,2856647668633.4,1755833900351.27
8195.87890625,1290.42004394531,2780960982448.5,1860108244022.52
8197.44140625,1290.42004394531,2812922175991.65,1741455579464.39
8199.00390625,1290.16003417969,2955565304776.72,1748706827189.31
8200.56640625,1289.91003417969,2849146134056.29,1710464665176.04
8202.12890625,1289.65002441406,2775521475916.68,1686115491313.71
8203.69140625,1289.65002441406,2729525628714.52,1692831893323.03
8205.25390625,1289.65002441406,2692128084249.86,1761848689329.66
8206.81640625,1289.40002441406,2725870123440.04,1762297247327.24
8208.37890625,1289.14001464844,2715538596870.38,1746317236222.2
8209.94140625,1289.65002441406,2703790207757.72,1711576314113.97
8211.50390625,1289.40002441406,2611464559374.55,1787815137650.01
8213.06640625,1289.40002441406,2693541211536.53,1705915456021.18
8214.62890625,1289.14001464844,2834557126828.06,1806273332823.31
8216.19140625,1289.06001164363,2643290937631.77,1655960559476.2
8217.75390625,1288.88000488281,2559772963161.81,1729394252818.81
8219.31640625,1288.63000488281,2666508105856.86,1715272944518.53
8220.87890625,1288.63000488281,2709089176080.44,1738575284836.39
8222.44140625,1288.75500488281,2511191295533.47,1688910305661.72
8224.00390625,1288.63000488281,2464203665314.64,1759581388896.61
8225.56640625,1288.36999511719,2651457815016.56,1668604950931.38
8227.12890625,1288.36999511719,2590783141405.1,1730064729155.3
8228.69140625,1288.36999511719,2483870910357.89,1671029914507.53
8230.25390625,1287.85998535156,2625343361787.43,1684140723484.34
8231.81640625,1288.11999511719,2565522426759.22,1719875106944.32
8233.37890625,1288.11999511719,2524447610013.77,1754544560550.78
8234.94140625,1288.11999511719,2634060003156.06,1642315207694.43
8236.50390625,1288.11999511719,2649786102875.56,1761710414367.86
8238.06640625,1287.95998910757,2532902863463.65,1709735367382.92
8239.62890625,1287.59997558594,2644729344406.69,1608529372122.58
8241.19140625,1287.59997558594,2521117521916.28,1755196190742.06
8242.75390625,1287.59997558594,2556786347782.71,1683152156022.87
8244.31640625,1287.59997558594,2477690713522.45,1662680233539.68
8245.87890625,1287.34997558594,2478754312087.39,1659742882662.19
8247.44140625,1287.52305250902,2504637538457.29,1669811633669.3
8249.00390625,1287.28997333233,2402287126028.3,1645395789655.69
8250.56640625,1286.83996582031,2383414722772.87,1578998712867.46
8252.12890625,1286.83996582031,2328948704886.86,1633717859113.81
8253.69140625,1286.83996582031,2426853783759.18,1661737612964.34
8255.25390625,1286.83996582031,2416022267064.65,1728258507840.07
8256.81640625,1286.57995605469,2411425278207.01,1591586795538.2
8258.37890625,1286.44765061599,2467400227189.76,1603040364219.83
8259.94140625,1286.83996582031,2345311517658.24,1711874609357.82
8261.50390625,1286.57995605469,2543771516435.86,1607061030281.05
8263.06640625,1286.30533541166,2206466158317.68,1671464551483.55
8264.62890625,1286.57995605469,2272020393902.94,1590358094852.3
8266.19140625,1286.57995605469,2432294884317.6,1641449109050.74
8267.75390625,1286.32995605469,2346937204173.81,1612522190580.83
8269.31640625,1286.32995605469,2213516042653.76,1594920482786.26
8270.87890625,1286.06994628906,2380899627814.35,1596614573654.78
8272.44140625,1285.84993802584,2438916431862.67,1647429875170.17
8274.00390625,1285.53538161058,2356393811288.51,1605171133384.39
8275.56640625,1285.55993652344,2267421149184.06,1594660604281.65
8277.12890625,1285.90994027945,2248069785275.38,1603996241811.03
8278.69140625,1285.80993652344,2332765466390.46,1672519398065.85
8280.25390625,1285.44227013221,2227096431176.01,1652922760263.56
8281.81640625,1285.30004882813,2271957482842.47,1627574495938.13
8283.37890625,1285.30004882813,2341737028731.4,1582164320477.03
8284.94140625,1285.45997971755,2186714533682.08,1613980224477.26
8286.50390625,1285.30004882813,2252449028369.82,1529916502694.9
8288.06640625,1285.30004882813,2306587070417.43,1579982106769.08
8289.62890625,1285.05004882813,2362612273413.67,1584621887500.2
8291.19140625,1285.05004882813,2373093450314.6,1606254347621.77
8292.75390625,1285.05004882813,2176757588222.29,1588103917190.85
8294.31640625,1284.71157602164,2126398838320.43,1638008131855.15
8295.87890625,1284.5400390625,2267915102771.33,1524197070590.31
8297.44140625,1284.5400390625,2254542913155.56,1547516387200.1
8299.00390625,1284.28002929688,2200451874345.36,1552005711430.39
8300.56640625,1284.5400390625,2389688320482.79,1509158850331.99
8302.12890625,1284.28002929688,2412559217250.81,1471242164625.2
8303.69140625,1284.36003230169,2406605616594.88,1546276763375.79
8305.25390625,1284.28002929688,2115809213539.57,1596696599631.39
8306.81640625,1284.14541391226,2218128258034.1,1640863480600.08
8308.37890625,1284.03002929688,2209191169492.22,1514075311531.21
8309.94140625,1284.41003417969,2159061176465.35,1517628757344.35
8311.50390625,1284.28002929688,2202626293161.32,1556167762576.41
8313.06640625,1284.28002929688,2175851664193.07,1567771958735.04
8314.62890625,1283.77001953125,2077364339530.41,1546953159377.85
8316.19140625,1283.77001953125,2210810038678.3,1555776140371.31
8317.75390625,1283.51000976563,2233465906233.21,1490830435285.32
8319.31640625,1283.51000976563,2190038710687.74,1498361665846.04
8320.87890625,1283.26000976563,2210029921630.03,1444069010499.62
8322.44140625,1283.26000976563,2104883309707.16,1445360241309.5
8324.00390625,1283.26000976563,2184718717219.1,1511447957816.18
8325.56640625,1283.31770207332,2070783881968.05,1530331131390.56
8327.12890625,1283.26000976563,2173276917601.58,1481412909416.72
8328.69140625,1283,1954624579359.08,1500816496810.9
8330.25390625,1283,2184889526793.5,1434382106293.89
8331.81640625,1283.26000976563,2100820890753.52,1503803356365.28
8333.37890625,1283,2040940896715.52,1503769125021.46
8334.94140625,1282.58271928267,2080677354024.19,1433756695021.82
8336.50390625,1283,2110511469394.67,1481949395262.86
8338.06640625,1282.75,2121244682014.88,1475080813040.17
8339.62890625,1282.75,1935610424531.04,1504275695984.93
8341.19140625,1282.48999023438,2087346077835.33,1461743160886.96
8342.75390625,1282.23999023438,2000471924707.74,1487166160852.31
8344.31640625,1282.48999023438,1895699149871.47,1485133803087.41
8345.87890625,1282.75,1981996129111.5,1536777457105.06
8347.44140625,1282.48999023438,1898020219134.2,1425399736523.38
8349.00390625,1282.48999023438,1982541961018.87,1489162412698.32
8350.56640625,1282.374605619,1816269950946.87,1473452001129.38
8352.12890625,1282.25922100361,2009792981164.68,1510502516149.26
8353.69140625,1281.97998046875,1876387725304.85,1514996504393.8
8355.25390625,1282.23999023438,2064248418347.7,1413403858667.01
8356.81640625,1281.97998046875,1949587236869.51,1430699730298.58
8358.37890625,1282.23999023438,1975758586250.08,1471600795194.07
8359.94140625,1281.97998046875,1949867266464.27,1518197895225.04
8361.50390625,1281.72998046875,1817912012462.92,1518813475085.9
8363.06640625,1281.72998046875,2123958403068.88,1414635107387.5
8364.62890625,1281.97998046875,2092249463693.72,1464417542575.94
8366.19140625,1281.19689002404,1898426271995.74,1485531163260.76
8367.75390625,1281.72998046875,1961411384421.19,1486202448282.17
8369.31640625,1281.46997070313,1922179872345.87,1542238046526.94
8370.87890625,1281.72998046875,1811447700393.31,1370006950007.43
8372.44140625,1280.96496582032,1924187266589.53,1477612007092.07
8374.00390625,1281.21997070313,1734106870965.7,1516488415468.37
8375.56640625,1281.21997070313,1802714167101.07,1458544655882.97
8377.12890625,1281.21997070313,1832307681784.3,1437504809175.01
8378.69140625,1280.9599609375,1889693567078.24,1392457890185.35
8380.25390625,1280.9599609375,1916390445614.95,1457240413243.34
8381.81640625,1280.9599609375,1897057100479.08,1468861041031.2
8383.37890625,1281.21997070313,1971937146483.9,1398865133325.48
8384.94140625,1281.21997070313,1802783607830.87,1365966081959.61
8386.50390625,1280.9599609375,1832725902886.86,1387078525301.39
8388.06640625,1280.90226862981,1864295329247.78,1472564963019.33
8389.62890625,1280.7099609375,1833790479063.77,1392439647858.21
8391.19140625,1280.7099609375,1944772050211.29,1371870598345.87
8392.75390625,1280.7099609375,1845096671789.2,1363768747371.65
8394.31640625,1280.44995117188,1824330735804.47,1419816102776
8395.87890625,1280.44995117188,1873985799746.02,1424638259407.17
8397.44140625,1280.35379732573,1849403995518.18,1398340009428.33
8399.00390625,1280.25764347957,1912599681668.58,1396700231790.94
8400.56640625,1280.44995117188,1739975025740.12,1435678902409.49
8402.12890625,1280.44995117188,1756747040494.78,1465306691003.57
8403.69140625,1280.19995117188,1718438878598.31,1415271580109.93
8405.25390625,1280.19995117188,1813462645175.43,1348845731400.81
8406.81640625,1279.93994140625,1865907861258.94,1355865633212.14
8408.37890625,1280.37302809496,1831332652268.32,1422358128800.81
8409.94140625,1280.19995117188,1927484379748.8,1418206794178.69
8411.50390625,1279.93994140625,1792592067941.44,1450147954933.48
8413.06640625,1279.8285609654,1827211905351.02,1364448699379.76
8414.62890625,1279.68005371094,1781390462393.81,1402544318365.08
8416.19140625,1279.68005371094,1730497696279.68,1318456680000.98
8417.75390625,1279.89995868389,1685030263486.69,1325560550635.92
8419.31640625,1279.68005371094,1673380998171.65,1398731473126.07
8420.87890625,1279.43005371094,1824821252609.84,1411512198096.26
8422.44140625,1279.47172037761,1767551313825.69,1363124502719.59
8424.00390625,1279.43005371094,1780691221107.38,1392215289718.17
8425.56640625,1279.43005371094,1634786235916.8,1345691411959.54
8427.12890625,1279.68005371094,1726513341372.04,1400637628590.83
8428.69140625,1279.43005371094,1751007329225.62,1416475221650.88
8430.25390625,1279.43005371094,1677807953921.04,1440193448308.69
8431.81640625,1278.92004394531,1729720336875.79,1324504872342.26
8433.37890625,1279.35005070613,1923602425369.18,1397852499206.69
8434.94140625,1279.17004394531,1634616384488.64,1349120186511.11
8436.50390625,1278.92004394531,1693849359454.79,1388202017280.46
8438.06640625,1279.05465932993,1895571902426.86,1399836069912.49
8439.62890625,1278.92004394531,1673735916736.37,1360111664812.52
8441.19140625,1278.92004394531,1613650833982.17,1405919695765.85
8442.75390625,1278.92004394531,1612544120999.12,1363510702509.62
8444.31640625,1278.92004394531,1845966292241.22,1382761899212.63
8445.87890625,1278.87670898437,1771174964522.56,1456445033428.78
8447.44140625,1278.66003417969,1717227721186.12,1347879519312.06
8449.00390625,1278.66003417969,1808365930061.62,1390206491793.83
8450.56640625,1278.41003417969,1627103421368.08,1400160712749.72
8452.12890625,1278.66003417969,1650052674167.98,1382935830285.66
8453.69140625,1278.41003417969,1808770680882.45,1308464732915.11
8455.25390625,1278.15002441406,1575780092881.72,1397828375090.58
8456.81640625,1278.15002441406,1543455714329.29,1400066174043.75
8458.37890625,1278.66003417969,1609909195037.23,1373188863076.05
8459.94140625,1278.33003117488,1627454539790.69,1276131756995.08
8461.50390625,1278.15002441406,1643577947935.48,1280108039821.86
8463.06640625,1278.15002441406,1590797486646.7,1357947782123.88
8464.62890625,1278.13079364483,1859714304447.54,1376158720092.64
8466.19140625,1277.90002441406,1669706249946.55,1309988709989.57
8467.75390625,1277.90002441406,1577029612912.26,1354096306172.45
8469.31640625,1277.95771672175,1710717173693.82,1362958164771.23
8470.87890625,1277.90002441406,1648244386174.36,1343462654599.43
8472.44140625,1277.64001464844,1705587836187.7,1383442200869.01
8474.00390625,1277.39001464844,1570246097557.68,1384121866135.07
8475.56640625,1277.64001464844,1610013092263.22,1325634261839.42
8477.12890625,1277.90002441406,1544140140036.1,1299232043443.89
8478.69140625,1277.64001464844,1561006621954.4,1352403331028.5
8480.25390625,1277.39001464844,1705393317360.2,1444502324778.84
8481.81640625,1277.90002441406,1627121200063.62,1280788871495.19
8483.37890625,1277.90002441406,1455917005674.45,1318306941244.43
8484.94140625,1277.64001464844,1574141742830.58,1326990698194.26
8486.50390625,1277.64001464844,1573018940344.36,1264886860551.84
8488.06640625,1277.39001464844,1687286159339.11,1311934729496.84
8489.62890625,1277.64001464844,1739923822231.83,1350223830413.74
8491.19140625,1277.39001464844,1468557392171.51,1285362708291.97
8492.75390625,1277.39001464844,1459372876961.46,1349565946729.7
8494.31640625,1277.39001464844,1683967307290.68,1326999070405.73
8495.87890625,1277.13000488281,1622863027290.37,1280210768612.71
8497.44140625,1277.13000488281,1528415688414.66,1392373607167.85
8499.00390625,1277.13000488281,1645430959513.81,1309290354551.01
8500.56640625,1277.13000488281,1560780040914.9,1355137235923.54
8502.12890625,1277.05308180589,1549041270033.26,1232287419584.01
8503.69140625,1277.13000488281,1600488640608.17,1230722390617.48
8505.25390625,1276.91846642127,1653848449457.12,1279785293482.35
8506.81640625,1277.03385103666,1514990223272.31,1258841692973.21
8508.37890625,1276.88000488281,1506871940988.65,1350975760929.12
8509.94140625,1276.36999511719,1504726824577.45,1270116578386.42
8511.50390625,1276.88000488281,1622098740202.28,1214554807475.8
8513.06640625,1276.88000488281,1435002589464.81,1297997588815.34
8514.62890625,1276.88000488281,1512896518003.81,1305557288345.43
8516.19140625,1276.61999511719,1509826688813.01,1327091314970.95
8517.75390625,1276.61999511719,1641536056101.33,1317583823797.05
8519.31640625,1276.40845665565,1534919109288.74,1347488483581.11
8520.87890625,1276.61999511719,1367877911091.65,1323497527620.72
8522.44140625,1276.36999511719,1533408521442.49,1372904263924.36
8524.00390625,1276.36999511719,1572186670292.98,1268583595265.26
8525.56640625,1276.36999511719,1601705551223.54,1283809013720.38
8527.12890625,1276.36999511719,1519862492087.8,1280573252160.23
8528.69140625,1276.28999211238,1532984049679.34,1280018994041.13
8530.25390625,1276.36999511719,1430595374123.48,1285883301887.67
8531.81640625,1276.20998910757,1421583435543.09,1273726435831.34
8533.37890625,1276.36999511719,1626103601169.82,1218193983589.27
8534.94140625,1276.36999511719,1392958293097.88,1333902568439.06
8536.50390625,1276.10998535156,1504805297403.68,1260582971651.67
8538.06640625,1276.10998535156,1437121104881.31,1153063972153.5
8539.62890625,1276.10998535156,1569225481476.5,1284228752793.69
8541.19140625,1275.90165201823,1556009822244.38,1295903826472.77
8542.75390625,1276.02665201823,1492128894989.58,1362374691331.73
8544.31640625,1276.10998535156,1560029950828.94,1207923216109.37
8545.87890625,1275.85998535156,1425065680724.67,1189464547447.85
8547.44140625,1275.82531738281,1353263418903.62,1233284151221.79
8549.00390625,1275.59997558594,1501788170582,1215827429875.95
8550.56640625,1275.59997558594,1539745904007.67,1253114780975.15
8552.12890625,1275.74229079026,1448124166522.07,1287861443034.39
8553.69140625,1275.42689866286,1455009766627.36,1253182683812.65
8555.25390625,1275.59997558594,1441910423753.81,1340805940537.28
8556.81640625,1275.85998535156,1480212285243.93,1237606306650.88
8558.37890625,1275.85998535156,1450085483231.7,1267763655201.74
8559.94140625,1275.59997558594,1470901636461.33,1286387926314.6
8561.50390625,1275.59997558594,1276562520861.08,1193913810250.09
8563.06640625,1275.59997558594,1449082500934.55,1247699858207.72
8564.62890625,1275.08996582031,1513580435438.91,1260491997485.74
8566.19140625,1275.59997558594,1525109878402.01,1274023412977.55
8567.75390625,1275.22997107873,1432813099851.95,1256227727288.65
8569.31640625,1275.08996582031,1484433449348.17,1194284250991.46
8570.87890625,1275.59997558594,1475552089014.23,1254008059076.88
8572.44140625,1275.12996732271,1516077020655.78,1282900041377.21
8574.00390625,1275.08996582031,1503601117372.48,1250444871720.02
8575.56640625,1275.08996582031,1409969173927.4,1296868429327.08
8577.12890625,1275.34997558594,1458388244354.45,1185089805637.83
8578.69140625,1275.01304274339,1474385534066.68,1180125624731.17
8580.25390625,1274.83996582031,1441942299960,1170697100032.28
8581.81640625,1275.34997558594,1491257470713.71,1212685706838
8583.37890625,1275.08996582031,1506433010517.51,1197249846307.52
8584.94140625,1275.08996582031,1514000068887.97,1250230696489.36
8586.50390625,1274.57995605469,1386452776414.07,1172250415326.81
8588.06640625,1274.79996431791,1436054255540.29,1298146911348.27
8589.62890625,1274.6799598107,1430424681343.43,1218461917525.71
8591.19140625,1274.83996582031,1438674861217.12,1200792586675.63
8592.75390625,1274.5849609375,1343210872942.43,1197355251040.6
8594.31640625,1274.81996506911,1447191351675.14,1326666209214.13
8595.87890625,1274.83996582031,1525392494775.34,1219337516686.68
8597.44140625,1274.57995605469,1468183154956.12,1224373280746.95
8599.00390625,1274.57995605469,1579551040719.99,1235351184210.38
8600.56640625,1274.32995605469,1435906683715.88,1212040617198.35
8602.12890625,1274.32995605469,1353933619491.15,1185956317909.16
8603.69140625,1274.32995605469,1393878513620.72,1150173701833.65
8605.25390625,1274.32995605469,1449626719349.6,1182974053453.23
8606.81640625,1274.32995605469,1480268110780.5,1262619737635.99
8608.37890625,1274.57995605469,1427407690781.82,1229347796733.72
8609.94140625,1274.07995605469,1322121723733.37,1192814392378.97
8611.50390625,1274.32995605469,1408590336596.83,1231924622128.77
8613.06640625,1274.11841759315,1301828138706.82,1180615200832.33
8614.62890625,1274.17610990084,1360898140134.33,1224622783014.11
8616.19140625,1273.81994628906,1295139570670.43,1238126323124.05
8617.75390625,1274.07995605469,1408324549424.22,1228382255426.75
8619.31640625,1274.07995605469,1341631571086.79,1190034880638.95
8620.87890625,1273.81994628906,1280284858458.21,1208765129539.71
8622.44140625,1273.81994628906,1276860095562.68,1251822715459.35
8624.00390625,1274.07995605469,1384862318535.12,1190958783784.12
8625.56640625,1273.81994628906,1251521883539.68,1167742067403.45
8627.12890625,1274.07995605469,1422766021596.63,1222662973499.92
8628.69140625,1273.93137904576,1456792346886.78,1323474774502.77
8630.25390625,1274.07995605469,1240718280694.86,1239842868523.09
8631.81640625,1274.07995605469,1293056126001.89,1179344428284.24
8633.37890625,1273.81994628906,1345981135439.11,1158533771538.44
8634.94140625,1273.81994628906,1309936737873.7,1155820689025.47
8636.50390625,1273.81994628906,1295928698186.53,1126412896353.79
8638.06640625,1273.56994628906,1365443979555.12,1119749487403.21
8639.62890625,1273.56994628906,1339394018435.93,1152451923064.66
8641.19140625,1273.62763859675,1436051923979.01,1201169484151.57
8642.75390625,1273.56994628906,1220608318015.51,1146809412640.12
8644.31640625,1273.56994628906,1283846960695.36,1200719599634.79
8645.87890625,1273.56994628906,1236577823649.52,1230545584530.32
8647.44140625,1273.56994628906,1289716763567.84,1117270839872.9
8649.00390625,1273.56994628906,1466750704693.06,1169504406710.47
8650.56640625,1273.30993652344,1333646475456.73,1167482005923.96
8652.12890625,1273.56994628906,1246850678361.02,1139534337342.45
8653.69140625,1273.13685960036,1315477998238.9,1150320686482.76
8655.25390625,1273.56994628906,1322855752433.31,1214657124468.45
8656.81640625,1273.30993652344,1337930680392.94,1136862470901.18
8658.37890625,1273.30993652344,1442152075590.21,1210737913988.2
8659.94140625,1273.30993652344,1358437332920.1,1124728032475.42
8661.50390625,1273.05993652344,1290521009463.72,1243952126806.51
8663.06640625,1273.30993652344,1268821622751.7,1174534900679.73
8664.62890625,1273.05993652344,1335274292387.76,1171591848678.33
8666.19140625,1273.25224421575,1335591138157.15,1241690278867
8667.75390625,1273.56994628906,1355563999409.31,1218631191360.59
8669.31640625,1273.05993652344,1421628044496.31,1192949915870.2
