0,--,0,3234356661.10093
1.5625,--,0,0
3.125,--,143704071359.974,864513457.722388
4.6875,--,39970054660.6183,11943093323.35
6.25,--,0,0
7.8125,--,0,0
9.375,300.910003662109,29200880194.8186,0
10.9375,301.111926739032,0,0
12.5,300.910003662109,0,0
14.0625,300.669982910156,0,0
15.625,300.85240234375,0,0
17.1875,300.910003662109,0,0
18.75,300.910003662109,0,0
20.3125,300.910003662109,0,0
21.875,300.833201904297,0,0
23.4375,301.160003662109,24628359753.5591,0
25,300.910003662109,66862494522.55,0
26.5625,301.198402099609,0,0
28.125,301.313597412109,0,0
29.6875,301.160003662109,59202126117.6685,0
31.25,301.399993896484,14337912352.3248,0
32.8125,301.399993896484,16106200443.8436,0
34.375,301.639984130859,0,0
35.9375,301.639984130859,0,0
37.5,301.880004882813,53967533110.519,0
39.0625,301.880004882813,0,0
40.625,302.091196289063,0,0
42.1875,302.212299053486,0,0
43.75,301.880004882813,0,0
45.3125,302.249220628005,0,0
46.875,302.398388671876,0,0
48.4375,302.600006103516,0,0
50,302.600006103516,74171722876.2327,0
51.5625,302.839996337891,0,1442199256.80214
53.125,303.079986572266,50035197108.7679,19923715658.7851
54.6875,303.320007324219,20542806867.1338,0
56.25,303.320007324219,0,466432856.490689
57.8125,303.570007324219,0,6443683535.96396
59.375,303.570007324219,0,0
60.9375,304.289978027344,142912508465.379,0
62.5,304.270778808594,89434949282.7837,0
64.0625,304.769989013672,108145404194.423,0
65.625,304.779220581055,0,0
67.1875,305.010009765625,0,0
68.75,305.277691180889,0,0
70.3125,305.970001220703,0,0
71.875,305.970001220703,20281101008.2182,0
73.4375,306.459991455078,0,306147600.845611
75,306.838455200195,46619957278.5007,4229372411.68196
76.5625,307.179992675781,61859522014.8324,460721408.500363
78.125,307.55439453125,0,6364780939.65316
79.6875,307.919193115234,89792448137.4956,0
81.25,308.380004882813,0,2422141526.27535
82.8125,308.869995117188,129466731920.372,33473584745.4516
84.375,309.109985351563,0,178812658.012227
85.9375,309.829986572266,30554202285.5804,151808809.547732
87.5,309.829986572266,89915601291.2701,0
89.0625,310.463591308594,0,244402880.470061
90.625,311.279998779297,0,3376380533.90122
92.1875,311.712005615234,20327624091.0716,0
93.75,312.073843149039,114280070698.992,0
95.3125,312.720001220703,74320376129.8135,0
96.875,313.440002441406,4796246507.75717,0
98.4375,313.929992675781,3083608761.2791,0
100,314.410003662109,0,0
101.5625,314.649993896484,1017149019.26362,59198311.4624561
103.125,315.369995117188,0,817813710.20356
104.6875,316.269996337891,75450274954.2444,0
106.25,316.579986572266,30341723082.4406,0
107.8125,317.299987792969,0,0
109.375,317.770767211914,9686123152.97268,0
110.9375,318.75,114467028173.742,0
112.5,318.989990234375,34120820570.9344,0
114.0625,319.470001220703,0,0
115.625,320.014602661133,15799788303.0784,0
117.1875,320.679992675781,0,0
118.75,321.399993896484,0,0
120.3125,321.880004882813,0,0
121.875,322.600006103516,98744172741.7508,0
123.4375,323.570007324219,106327889447.128,0
125,324.049987792969,11990605455.1012,0
126.5625,324.529998779297,14307870250.0082,0
128.125,325.019989013672,90432654205.5872,935365351.928098
129.6875,325.567197265625,98686683967.1229,12921899121.0808
131.25,325.739990234375,0,996464823.374774
132.8125,326.949981689453,90075176979.4581,13765977004.3997
134.375,326.968443650466,80799758996.3163,2598643456.30939
135.9375,328.048459566556,40780780480.0892,35899778118.6445
137.5,328.639984130859,31767089984.4463,0
139.0625,329.273588867188,0,0
140.625,329.731926551232,43894150172.1011,0
142.1875,330.329986572266,55218703401.97,0
143.75,330.809997558594,68632556157.9054,0
145.3125,331.779998779297,0,892895966.542172
146.875,332.260009765625,49551884784.5256,12335192426.6752
148.4375,332.739990234375,57256937842.6729,0
150,333.22998046875,56829232606.3043,0
151.5625,333.709991455078,0,0
153.125,334.429992675781,116061076397.539,0
154.6875,335.160003662109,0,0
156.25,335.620784912109,61687163833.8654,0
157.8125,336.130004882813,15195182883.2329,0
159.375,336.609985351563,11479911344.2981,26871482.5851525
160.9375,337.19576556866,43238479666.892,371224555.713403
162.5,337.395382220929,57223175624.0144,0
164.0625,338.299987792969,111962805904.085,0
165.625,338.588386230469,94690543644.3963,0
167.1875,339.269989013672,47700629447.1557,0
168.75,340,0,0
170.3125,340.239990234375,0,0
171.875,341.209991455078,118782363130.012,0
173.4375,341.929992675781,95137390177.0575,0
175,342.139221191406,123493501162.163,0
176.5625,342.899993896484,96010125145.0829,0
178.125,343.389984130859,77869669919.879,0
179.6875,343.869995117188,70456451337.2976,0
181.25,344.349975585938,82425774266.3518,0
182.8125,344.734387207032,92077810771.9153,0
184.375,345.320007324219,105312903286.203,0
185.9375,345.809997558594,53024591760.8372,486038982.321004
187.5,346.289978027344,97982651949.4729,9025921104.52162
189.0625,346.779998779297,19702038945.346,31931322184.2226
190.625,347.5,1289777312.78723,881882572.506469
192.1875,347.989990234375,124910649202.483,12183044427.5894
193.75,347.989990234375,20104200824.741,0
195.3125,348.507692777193,15818951227.9541,4719126412.02715
196.875,349.310776930589,0,65193857469.8566
198.4375,350.169982910156,84755778296.8704,0
200,350.660003662109,78386744462.7795,0
201.5625,351.380004882813,139382334343.023,733385514.599062
203.125,351.630004882813,0,11826427633.1288
204.6875,352.349975585938,37733961939.142,24027302969.0834
206.25,352.839996337891,73526953177.048,8473549412.64884
207.8125,353.320007324219,90092479846.1638,0
209.375,353.809997558594,0,0
210.9375,354.299987792969,70807548131.3292,807303871.873455
212.5,354.971990966797,68664479946.9765,11152753489.2148
214.0625,355.510009765625,151319755111.589,0
215.625,355.75,116860879782.402,0
217.1875,356.239990234375,142955354689.057,0
218.75,356.720001220703,0,0
220.3125,357.209991455078,79304120826.9044,884699829.161485
221.875,357.940002441406,115652555714.63,12221964306.5642
223.4375,358.228069598858,32658966248.7644,0
225,359.149993896484,81295832184.7534,0
226.5625,359.483067439152,11810028412.4493,1865013602.35342
228.125,359.880004882813,52467374567.1808,25764817543.6232
229.6875,360.859985351563,95167475536.5408,276878580.575345
231.25,361.099975585938,77025203510.3331,3825026316.83718
232.8125,361.719221848708,234255855802.826,841781746.673955
234.375,362.559997558594,163523402112.997,14193305279.4305
235.9375,362.799987792969,220448081657.765,37811369587.0525
237.5,363.049987792969,140223145521.977,32972942138.9464
239.0625,363.779998779297,153783813101.906,1648369523.07085
240.625,364.260009765625,88247626569.4747,24183214406.1069
242.1875,364.75,167896182586.729,19496774908.888
243.75,365.24478515625,88471049835.8051,285575093.47321
245.3125,365.720001220703,169843187662.728,3945167032.05583
246.875,366.293075561523,221763099527.357,0
248.4375,366.304226215069,143876407912.358,0
250,367.429992675781,91958334477.316,2211348490.86339
251.5625,367.669982910156,124310585785.148,32277487237.2742
253.125,368.399993896484,185191284630.468,23873621099.1164
254.6875,369.130004882813,158959122162.007,0
256.25,369.130004882813,259866996756.656,3605942499.80328
257.8125,369.859985351563,205848701360.941,52228346807.7292
259.375,370.148383789063,202637765129.295,34621394849.6332
260.9375,370.599975585938,113539572889.761,17784730201.2965
262.5,371.329986572266,157167129143.102,0
264.0625,371.809997558594,140497633873.671,3767377667.45751
265.625,372.299987792969,196884259149.657,56285274611.9733
267.1875,373.004282270159,153507507949.208,58569976847.0336
268.75,373.404793701172,204314823856.111,0
270.3125,373.53883596567,248280694410.704,0
271.875,374.5,202495449050.645,5350402824.63795
273.4375,375.036142202524,224761578184.447,73914824207.0353
275,374.989990234375,207955325382.296,983208012.818435
276.5625,375.959991455078,56220971955.8673,14325656009.8494
278.125,376.440780639648,216418179116.379,17559380875.1914
279.6875,376.940002441406,154415800308.313,100813177114.38
281.25,377.669982910156,217522534583.837,2219328104.58223
282.8125,377.919982910156,155301296140.533,30659606778.1175
284.375,378.399993896484,278933068836.253,0
285.9375,379.139984130859,246569916722.397,0
287.5,379.630004882813,174145761754.804,0
289.0625,380.340754582332,168732473391.757,3441681000.20961
290.625,380.739975585938,165572537359.724,51506688877.0589
292.1875,381.339996337891,218167282654.438,60625530998.9602
293.75,381.579986572266,305554653948.499,86111503791.6773
295.3125,382.127604980469,299252171265.473,65777438906.9892
296.875,382.070007324219,388701460299.038,66353289249.1153
298.4375,383.289978027344,84277007975.1381,72754300568.6132
300,383.539978027344,304335364188.952,64258758088.2653
301.5625,384.269989013672,179661223545.745,5656069901.07316
303.125,384.760009765625,337885882273.284,82215389096.6357
304.6875,385.173076923077,247231967659.704,58845161232.7072
306.25,385.97998046875,288565964045.524,36016499485.9922
307.8125,385.97998046875,343639388252.921,23751656532.1476
309.375,386.470001220703,264054679813.809,79559244152.6941
310.9375,386.959991455078,354440486507.792,81335285343.1165
312.5,387.700012207031,288968147553.503,52649471321.1897
314.0625,388.190002441406,361175238058.28,28523551973.9448
315.625,388.569992675781,399936644222.375,44718802554.9682
317.1875,388.774221567007,345624719178.673,15939079116.5546
318.75,389.660003662109,319877685835.457,99415416965.3762
320.3125,389.899993896484,345616478688.405,32569956229.9027
321.875,390.639984130859,344233049609.576,88327944676.2223
323.4375,390.880004882813,343382202767.932,77867456974.1712
325,391.369995117188,447111655836.194,106332407802.557
326.5625,391.859985351563,366784589529.68,72770403524.9114
328.125,392.349975585938,353576835544.786,13856940342.0016
329.6875,392.839996337891,324039760649.887,75320558420.621
331.25,393.653839111329,280835410887.57,114699181404.633
332.8125,394.070007324219,461027962212.664,79042052365.6018
334.375,394.799987792969,487456187789.479,102729398938.75
335.9375,395.010788574219,395644970936.324,86489241578.6259
337.5,395.539978027344,550862997030.839,24786773043.2787
339.0625,396.029998779297,445771116238.211,74918654833.6248
340.625,396.327681321364,472454688870.427,85188967449.5968
342.1875,396.769989013672,410799729997.217,88838928353.4978
343.75,397.260009765625,415887486551.789,103034395401.784
345.3125,397.989990234375,493371973030.228,100526514767.798
346.875,398.239990234375,333659894994.962,153604214786.511
348.4375,398.72998046875,500095845403.275,122341936290.719
350,399.459991455078,468450308057.433,73833077729.0443
351.5625,399.825376070463,424856470765.583,53100041208.7876
353.125,400.450012207031,504153994874.556,137636990906.198
354.6875,400.940002441406,545866426583.802,129326817236.848
356.25,401.429992675781,484907280866.557,93663075535.8967
357.8125,401.660752516526,594016368222.124,109789945290.427
359.375,402.409973144531,620491095253.209,117775755589.109
360.9375,402.899993896484,520400326910.128,53997760481.2135
362.5,403.149993896484,604021361579.89,104987662186.522
364.0625,403.890014648438,669070537300.323,111229114580.762
365.625,404.370389498198,575382500124.241,146446995782.1
367.1875,404.869995117188,792019257704.272,144017177368.514
368.75,405.359985351563,627696376635.159,105653902496.124
370.3125,406.099975585938,592254482191.286,158545542392.191
371.875,406.339996337891,658218352331.505,102128557154.954
373.4375,406.839996337891,739098958972.496,88791666390.2111
375,407.570007324219,646949427818.089,79788219677.7965
376.5625,408.272306002104,837087688553.905,149786115351.676
378.125,408.234401855469,825250602783.645,126391746931.061
379.6875,408.799987792969,791125564638.951,130497975011.794
381.25,409.719978027344,753294338960.34,163719947488.298
382.8125,410.029998779297,914768216512.11,88635815465.6873
384.375,410.279998779297,830248968403.096,114909870070.889
385.9375,411.260009765625,811553156042.408,98534367930.6036
387.5,410.769989013672,754698726136.467,135472104546.057
389.0625,411.75,931437798295.875,117557488310.179
390.625,412.25,911027423244.785,176794625427.414
392.1875,412.400766225962,915350977062.741,157801862959.795
393.75,412.989990234375,816364585815.698,118943990603.785
395.3125,413.498443603516,916198147045.211,134202315227.106
396.875,414.330765944261,880079623998.829,88639007309.5394
398.4375,414.709991455078,983239055752.074,107974934188.856
400,415.450012207031,1085730142650.25,161205107585.438
401.5625,415.940002441406,956525397760.372,146300401058.751
403.125,416.074617826021,1019340340817.5,119407796295.678
404.6875,416.679992675781,1071366946483.95,220201928186.681
406.25,416.679992675781,1076601496233.93,223175816785.797
407.8125,417.385578613281,1098433561327.85,160238778174.649
409.375,418.159973144531,1195720054064.02,192807421458.853
410.9375,418.649993896484,1261663009364.11,165263044827.117
412.5,419.390014648438,1205880902993.64,169168689284.576
414.0625,419.880004882813,1203053095488.01,206650021139.415
415.625,420.619995117188,1230383232991.83,161698466596.469
417.1875,420.619995117188,1281005364967.82,250008535726.452
418.75,421.53306227464,1335904592564.67,252515316283.348
420.3125,421.849975585938,1369099450223.87,212296124586.171
421.875,422.099975585938,1237933100964.22,188179620271.311
423.4375,422.099975585938,1492601883990.97,234218841187.62
425,423.089996337891,1426543951141.63,179935938669.455
426.5625,423.579986572266,1430318549884.78,230688755778.391
428.125,424.320007324219,1618571749807.39,203341510654.604
429.6875,424.809997558594,1493770130293.74,327319821409.693
431.25,425.309997558594,1586128507049.27,269616208787.414
432.8125,425.799987792969,1697409493490.85,193786765857.474
434.375,426.289978027344,1742035814467.58,246017153803.053
435.9375,426.539978027344,1626492201927.44,208108836596.087
437.5,427.029998779297,1674905579711.35,233541889431.984
439.0625,427.912846156529,1755498958765.04,247158963815.324
440.625,428.510009765625,1784550731506.02,290421194704.332
442.1875,428.560009765625,1864058874759.96,303856483058.618
443.75,429.099233774039,1908707949006.41,242894040445.605
445.3125,429.5,1914815017438.58,236780750513.426
446.875,430.239990234375,1969343963687.94,244232708898.224
448.4375,430.72998046875,2044551371279.4,302664816635.455
450,431.076134314904,2109919871404.87,246004554847.712
451.5625,431.720001220703,2166355636822.3,267404937825.035
453.125,432.220001220703,2094980251862.87,274818906082.678
454.6875,432.889991455078,2100106355895.78,307429400395.115
456.25,432.709991455078,2345411887262.28,225367664747.194
457.8125,433.700012207031,2422964784949.95,288073241039.865
459.375,434.190002441406,2427893246987.92,360841115187.815
460.9375,434.679992675781,2451225297596.51,333100270667.749
462.5,434.929992675781,2503207088838.19,309105560434.769
464.0625,435.429992675781,2686617151484.29,279559312503.136
465.625,436.169982910156,2636880342311.84,303238953125.248
467.1875,436.659973144531,2704431988386.68,296841594844.015
468.75,437.149993896484,2808459591476.86,321331324200.372
470.3125,437.649993896484,2775934787330.81,293365511764.628
471.875,437.649993896484,2794798632155.78,329116774139.889
473.4375,438.640014648438,2988694924139.88,339895605225.259
475,439.060004882813,3050548000836.86,306214206709.768
476.5625,439.497602539063,3154154106094.1,403213832565.895
478.125,440.119995117188,3191266830232.78,339149764822.217
479.6875,440.369995117188,3265484557105.86,315463163204.25
481.25,441.359985351563,3355366374549.89,374462372448.409
482.8125,441.599975585938,3360856228098.11,325622031661.463
484.375,442.099975585938,3597050394286.41,302973373577.974
485.9375,442.416919414814,3509714196220.63,325963717277.939
487.5,443.089996337891,3672185670552.29,356710107570.501
489.0625,443.539986572266,3721631488763.92,366901154313.184
490.625,443.893599853516,3908946483996.61,348864809214.266
492.1875,444.820007324219,3957206904438.84,389525151768.203
493.75,445.059997558594,4017667857366.48,398726713462.233
495.3125,445.569227952224,4179301548520.86,443253366196.523
496.875,446.049987792969,4202146501803.11,445615051059.789
498.4375,446.549987792969,4403813857281.83,427481801172.516
500,447.088054950421,4385492889899.72,436640507189.875
501.5625,447.289978027344,4482077145790.67,432565084513.733
503.125,447.770767211914,4503173298335.03,435246907154.22
504.6875,448.279998779297,4680076293527.89,500785230017.92
506.25,449.269989013672,4789510999206.26,454884546232.042
507.8125,449.510009765625,4928284791727.27,473134293656.731
509.375,450.010009765625,5071477844547.69,464252232151.398
510.9375,450.5,5039283460269.95,494271666008.306
512.5,450.85,5263305730217.26,455977508707.966
514.0625,451.489990234375,5320439450020.41,436859054790.043
515.625,451.91638671875,5376679303729.57,524145821388.478
517.1875,452.72998046875,5510735339871.9,519176916350.474
518.75,452.97998046875,5553441929416.27,470572778111.422
520.3125,453.720001220703,5681885153513.87,446851691660.769
521.875,454.209991455078,5631875802562.25,467787577048.926
523.4375,454.209991455078,6026927112141.91,466697973040.566
525,454.959991455078,6119223176948.73,548726200505.469
526.5625,455.450012207031,6113489439494.31,512907699115.59
528.125,455.950012207031,6319031144742.73,538738163827.142
529.6875,456.440002441406,6432659762510.29,539479952082.915
531.25,456.190002441406,6610763014309.29,555602329863.314
532.8125,457.429992675781,6547467332729.37,474257269376.84
534.375,457.679992675781,6823976551111.82,587677156774.704
535.9375,458.343059833233,6830390053313.35,532184800141.231
537.5,458.743826059195,6958988159696.48,515839168368.266
539.0625,459.159973144531,7060564422403.39,521589825328.141
540.625,459.659973144531,7207632322450.92,569595433200.61
542.1875,459.899993896484,7329883931983.91,639878728352.388
543.75,460.649993896484,7518296621080.39,593453943806.784
545.3125,461.640014648438,7719599924243.61,608499980780.545
546.875,462.043466421275,7781027891134.27,621235723929.251
548.4375,462.380004882813,7960262728787.24,584053679958.306
550,462.823843149039,8255127044456.32,623857595856.806
551.5625,463.456533578727,8389770642694.82,620396877028.151
553.125,463.859985351563,8437120045576.46,617609679498.894
554.6875,464.609985351563,8704068651475.27,631139818198.203
556.25,464.609985351563,8718638378984.27,639433269951.229
557.8125,465.349975585938,8851417809621.13,676252460542.093
559.375,465.839996337891,9005901264138.24,666069041708.267
560.9375,466.339996337891,9261481324268.6,671352912313.884
562.5,466.490762563853,9358908229768.07,668656328053.004
564.0625,467.079986572266,9492459973860.29,686286229507.257
565.625,467.820007324219,9676933968151.51,693612926172.829
567.1875,468.320007324219,9828200603462.32,728023027147.911
568.75,468.570007324219,9963923230097.13,735587191699.679
570.3125,469.309997558594,10243049312411.4,750287510510.023
571.875,469.972401586073,10317914728842.5,785261782735.655
573.4375,470.299987792969,10509231920401.3,726075217930.474
575,470.789978027344,10589365821829.6,771536487766.473
576.5625,471.429978027344,10922227124640.4,793223695456.678
578.125,471.539978027344,10916277706952.4,814844808458.598
579.6875,472.279998779297,11184849754319.9,777270941157.768
581.25,472.769989013672,11371827670929.7,790384023635.072
582.8125,473.269989013672,11625986589499.8,813760363335.195
584.375,473.760009765625,11692075841849.6,738493650436.323
585.9375,474.260009765625,11898131111573.8,806302537087.799
587.5,474.75,12008299690689.9,813969827648.017
589.0625,475,12139723997370.4,861958382237.403
590.625,475.989990234375,12374176593329.1,816621036729.142
592.1875,476.489990234375,12532016407136.1,862910985730.122
593.75,476.489990234375,12810926315837.8,885315426010.459
595.3125,477.22998046875,12978187388186.3,890220689734.809
596.875,477.664611816406,12945469345939.8,909999871335.981
598.4375,478.162308913011,13147378280589.1,970747549343.401
600,478.709991455078,13483924547388.9,858524920031.806
601.5625,479.459991455078,13485256844362.5,953523667201.249
603.125,479.950012207031,13777200109803.5,926149461313.635
604.6875,480.200012207031,13862377099112.3,966322117526.364
606.25,480.740002441406,14112569022743.4,908227301781.234
607.8125,480.940002441406,14328961760624,932313345498.401
609.375,481.593596191406,14462974695448,875075620995.297
610.9375,482.179992675781,14520019253865,1038467522374.97
612.5,482.669982910156,14741779058830.1,915561678034.586
614.0625,483.169982910156,14894409296922.5,927975520291.03
615.625,483.419982910156,15186455283749,976167071992.781
617.1875,484.159973144531,15266218763946.9,1019264557919.56
618.75,484.159973144531,15459633115713.6,997642011696.352
620.3125,485.149993896484,15661726248417.6,990078608064.33
621.875,485.399993896484,15957008683300.2,1057696554737.2
623.4375,485.793860802284,16383011322546.5,1021938871943.72
625,486.390014648438,16364226454907.7,1041229863911.79
626.5625,487.130004882813,16558511682000.2,1084301223478.66
628.125,487.869995117188,16976744160859.7,1116879728246.94
629.6875,488.119995117188,17037087073282.8,1087900578802.12
631.25,488.859985351563,17129023821254.2,1078862057180.97
632.8125,489.109985351563,17441061632867.6,1080701024064.82
634.375,489.599975585938,17620807907338,1082499197070.02
635.9375,490.099975585938,17660341491740.9,1054346862960.15
637.5,490.339996337891,17913329283027.5,1135046667440.55
639.0625,491.329986572266,17994775207656,1097005545266.89
640.625,491.719986572266,18341209508875.9,1110461765408.22
642.1875,492.079986572266,18223702366558.8,1152507558643.56
643.75,492.570007324219,18634633974968.7,1128104483629.24
645.3125,492.906545785758,18806010298291.3,1131492923698.69
646.875,493.309997558594,18910235909788.4,1179646975903.7
648.4375,493.809997558594,19055973963143.6,1199959979024.72
650,494.549987792969,19222530404823.8,1231996729740.23
651.5625,495.039978027344,19387985967136,1206701957214.96
653.125,495.289978027344,19759587286071.5,1267834340556.3
654.6875,495.956146240235,19863878178612.2,1190516251599.37
656.25,496.529998779297,20086397672773.6,1217921292962.39
657.8125,496.779998779297,20321142300547.2,1286256735249.72
659.375,497.519989013672,20552665292979.5,1300203660587.68
660.9375,497.760009765625,20687203487913.6,1288524473678.15
662.5,498.260009765625,20923652948399.5,1241564892142.84
664.0625,498.75,21063797328223.4,1296803215271.25
665.625,499.434607872596,21281880084733.6,1189214013746.51
667.1875,499.809990234375,21360631689941.3,1315768532447.58
668.75,500.47998046875,21743825353523.2,1347697112340.62
670.3125,500.83998046875,21722561147408.3,1314561206181.58
671.875,501.470001220703,21979864394550.2,1365980605420.63
673.4375,501.720001220703,22161104435645.4,1395941901866.02
675,502.209991455078,22490533061506.8,1377861917930.71
676.5625,502.709991455078,22575031221258.1,1345274113257.39
678.125,503.450012207031,22832425953315.6,1337129850298.06
679.6875,503.478858360877,22960068922927.4,1325690131604.02
681.25,504.440002441406,23295962602836.2,1413030713122.69
682.8125,504.690002441406,23500289311088.4,1483408234087.97
684.375,505.179992675781,23814978394732.1,1398366368964.05
685.9375,505.919982910156,23858837482481.8,1426881988832.15
687.5,506.323829064002,23886132656193.3,1399860252569.85
689.0625,506.659973144531,24207094079549.6,1439476820464
690.625,506.909973144531,24301283146843.8,1496496573250.88
692.1875,507.899993896484,24589570715569.9,1456645418539.97
693.75,508.390014648438,24770835352981.2,1449721636263.24
695.3125,508.640014648438,25019905238505.6,1513192264868.14
696.875,509.130004882813,25286244603030.3,1537072689577.44
698.4375,509.630004882813,25437719263992.5,1525784269989.31
700,510.119995117188,25611559424032.9,1490946991516.01
701.5625,510.609985351563,25807600550614.3,1537025254187.52
703.125,511.109985351563,26223036386598.9,1576788420479.36
704.6875,512.023052509015,26290888295262.5,1510260313057.2
706.25,512.589965820313,26529120568054.6,1549457047989.34
707.8125,512.799965820313,26687990332258.3,1572844275973.04
709.375,513.329956054688,26791570403298.1,1593546886836.41
710.9375,513.579956054688,26996241378882.1,1544967690105.74
712.5,514.320007324219,27448788058386.7,1564808495455.18
714.0625,514.606928898738,27439198183791.4,1588026634241.47
715.625,515.059997558594,27593273160277.1,1570977244938.42
717.1875,515.549987792969,27939348957353.1,1602323014260.14
718.75,516.049987792969,28061357856614.3,1633056641684.59
720.3125,516.789978027344,28330831406489.8,1588437402969.8
721.875,517.030029296875,28732022309757,1572859849699.61
723.4375,517.530029296875,28629622233406.3,1660898394017.46
725,518.02001953125,29042837174822.5,1610420737589.26
726.5625,518.670009765625,29369535996082.9,1688982144995.22
728.125,518.891930213341,29669160244210.5,1702999991023.09
729.6875,519.010009765625,29477408116988.2,1728564633991.98
731.25,520.384221003606,29867790968932.8,1669529534838.38
732.8125,520.738909040179,30062781314921.5,1748150115412.73
734.375,521.11998046875,30569817988549.6,1662076992649.5
735.9375,521.969970703125,30543498212694.8,1716409150473.86
737.5,522.03716796875,30910498391714.5,1706598436995.82
739.0625,522.4599609375,30884309443847.9,1769732458678.95
740.625,522.950012207031,31156363570274.6,1734811510706.73
742.1875,523.450012207031,31471856696709.6,1777171939621.81
743.75,523.940002441406,31615127458355.4,1729032351639.8
745.3125,524.429992675781,31890204165492.7,1682898925117.53
746.875,524.929992675781,32225324850721.3,1778122713848.68
748.4375,525.419982910156,32283818000405.7,1854954161447.17
750,526.159973144531,32745440501761.3,1810857378004.19
751.5625,526.400024414063,32950172111888.3,1827693808254.88
753.125,526.986420898438,33055082143298.7,1835979129676.78
754.6875,527.390014648438,33418468480114.4,1807262902515.47
756.25,527.880004882813,33686004270758.8,1823360065170.8
757.8125,528.398850661058,33916667983813.6,1903574829266.74
759.375,529.109985351563,34263715899687.6,1917303177688.87
760.9375,529.609985351563,34386483380707.2,1954694941146.97
762.5,529.849975585938,34449920891837.6,1892220979816.33
764.0625,530.589965820313,34374605443365.1,1817765094696.21
765.625,531.089965820313,34772079270747.3,1863453567381.38
767.1875,531.579956054688,34902634865770.1,1918851591076.66
768.75,532.070007324219,35174050618695.6,1953076426459.73
770.3125,532.559997558594,35113648014678.2,1890439636892.19
771.875,532.559997558594,35284303918128.9,1924445437142.72
773.4375,533.499987792969,35484066551306,1921377585025.46
775,533.963115985577,35764011200838.9,1878311119930.03
776.5625,534.0400390625,35710726395013.8,1932743873440.12
778.125,534.780029296875,35940440186487.3,1919996858831.07
779.6875,535.52001953125,36240700388132.8,1955717795016.93
781.25,535.52001953125,36611923174958.2,1980656511036.71
782.8125,536.25,36756320604959,1914216745324.17
784.375,536.989990234375,37130484306985.9,2005837618263.87
785.9375,537.47998046875,37504525168378.6,2025906693128.88
787.5,537.72998046875,37587704264921.8,2022743057911.91
789.0625,537.97998046875,37741965094695.6,1955537932447.76
790.625,538.7099609375,37995354307011.5,2058097324868.15
792.1875,539.2099609375,38036395671726.2,2056418860914.04
793.75,539.699951171875,38457164027520.2,2088838611379.01
795.3125,540.190002441406,38632260521063.8,2098159918145.1
796.875,540.679992675781,39101861482371.1,2060678491376.72
798.4375,541.612290602464,39100011887176.6,2148973213368.53
800,542.160034179688,39535830768220.7,2100007223164.63
801.5625,542.169264573318,39489139720801.9,2091381227610.31
803.125,542.650024414063,39790637585031.3,2090473292401.21
804.6875,543.140014648438,39918327071453.5,2140270898438.97
806.25,543.880004882813,40460943527187,2162598724215.34
807.8125,543.880004882813,40381925221875.3,2245748181884.88
809.375,544.554602989784,40730785878412.9,2165608274756.13
810.9375,545.599975585938,40677741419710.1,2155893483137.01
812.5,545.839965820313,41016211720765.6,2097572840964.29
814.0625,546.329956054688,40963653928131,2191792119798.17
815.625,546.579956054688,41470550163854.2,2166809197414.07
817.1875,547.108468862681,41359919363947.9,2160500173979.37
818.75,547.559997558594,41808972689408.9,2143909762368.51
820.3125,548.168067345253,41996937244044.9,2224422056556.82
821.875,548.607346754808,42191532552819.6,2248897481889.64
823.4375,549.030029296875,42139896301911.2,2213428760759.18
825,549.77001953125,42687619111881.4,2228461820425.23
826.5625,550.02001953125,42691849374455.1,2187228545370.64
828.125,550.260009765625,42897619943700.8,2215902464577.46
829.6875,551.239990234375,43094409301260.7,2294267412509.62
831.25,551.90998046875,43659209485205.6,2240328635561.72
832.8125,552.219970703125,43530671177076.8,2262933505983.19
834.375,552.49876953125,44057475118204.4,2267551243170.75
835.9375,553.056114783654,44094544454003.2,2420228076857.3
837.5,553.449951171875,44393685508335.5,2333327689793.37
839.0625,553.940002441406,44149336716924.7,2308045285037.54
840.625,554.411531888521,44463401212446.8,2298417721971.34
842.1875,555.093059833233,44790256380041.4,2318672079527.51
843.75,555.660034179688,45285447634864.2,2307080295264.42
845.3125,555.900024414063,45393598314539.9,2336063337314.85
846.875,556.236420898438,45588932966149.8,2359848530745.86
848.4375,556.640014648438,45732372438168.4,2342375885033.55
850,557.369995117188,46096545159271.1,2391115749762.65
851.5625,557.859985351563,46177403746689.5,2441918780474.9
853.125,558.349975585938,46475396824026.2,2442203486104.58
854.6875,558.839965820313,46528519635399.9,2392616746623.95
856.25,559.509956054688,46865576032541.1,2326513529937.09
857.8125,560.010007324219,46994249788999.1,2454081987116.66
859.375,560.559997558594,47166341199060.8,2379570481311.36
860.9375,561.049987792969,47472505525255.5,2470726803579.83
862.5,561.5400390625,47673696330260.7,2402958775332.27
864.0625,562.030029296875,47877885379124.8,2428805502132.32
865.625,562.52001953125,48055966773002.4,2423534816853.6
867.1875,562.859243539664,48100844947452.1,2453380055897.47
868.75,563.5,48417613555980.4,2417863209387.84
870.3125,563.739990234375,48552246593745.1,2452665477891.34
871.875,564.469970703125,48641453620762.6,2461599962764.87
873.4375,564.719970703125,49060007284566.9,2452685858053.83
875,564.9599609375,49424318157560.9,2472658980932.64
876.5625,565.940002441406,49580925995458.8,2485684049316.73
878.125,566.593454214243,49709822929973.4,2533398107143.57
879.6875,566.919982910156,50107063060283.4,2546784547050.36
881.25,567.315793550932,50233245489378.9,2525017101710.77
882.8125,567.760024414063,50210338732985.9,2571986274183.41
884.375,568.630004882813,50755078829876.9,2542712384951.05
885.9375,568.630004882813,50762696047913.8,2542067259820.35
887.5,569.359985351563,51091745661238.8,2562113611670.81
889.0625,569.609985351563,51202207362730.6,2544111364551.3
890.625,570.339965820313,51606312125503.6,2615015627682.19
892.1875,571.029956054688,51572671747325.6,2570592364951.22
893.75,571.559997558594,51695851278551,2683313323419.28
895.3125,572.049987792969,51675340881058.6,2590651689192.26
896.875,572.5400390625,51751438251255.1,2526516428020.04
898.4375,572.7900390625,51954075001250.2,2534124212347.51
900,573.030029296875,51883172379934.3,2592615161227.67
901.5625,573.760009765625,51916881611721.2,2613216103769.47
903.125,574.321533203125,52253192958623.8,2541622296681.34
904.6875,574.832294170673,52322622809596.9,2665734113339.14
906.25,575.22998046875,52857802465907.1,2640404123795.95
907.8125,575.733811598558,52659292123192,2666614001340.63
909.375,575.507662259615,52906398274037.3,2654914623657.51
910.9375,576.449951171875,53116080456217.6,2612637423872.93
912.5,576.929992675781,53474449927515.8,2666291309269.38
914.0625,577.669982910156,53673281804291.3,2698836314488.41
915.625,578.400024414063,53982427474097.1,2700741443986.5
917.1875,578.861168494592,54223746922702.9,2767293563144.26
918.75,579.26846078726,54744457016028.2,2730319540193.08
920.3125,579.619995117188,54562187066177.2,2733050017158.35
921.875,580.349975585938,54943337481281.7,2727734966577.04
923.4375,580.589965820313,54965534149834.3,2731009791551.35
925,581.079956054688,55101238232373.1,2682106883438.74
926.5625,581.570007324219,55080889151618.4,2685728234692.24
928.125,582.049987792969,55386988241364.8,2730808452713.84
929.6875,582.5400390625,55473549956943.9,2766397116088.43
931.25,583.030029296875,55664971013099.2,2727001351569.41
932.8125,583.52001953125,55777065168993,2796148046152.78
934.375,584,56159217602813.7,2763894394820.65
935.9375,584.489990234375,56410066467438.6,2770842013259.31
937.5,585.219970703125,56577497184906.7,2804383183943.42
939.0625,585.4599609375,57114016346224.2,2737608682868.17
940.625,586.199951171875,57058743493414.9,2857054658167.99
942.1875,586.679992675781,57209700075062.7,2849883891615.72
943.75,587.262310321515,57712440418659.1,2817152045516.86
945.3125,587.717631835938,57615078552867.4,2790429709188.2
946.875,588.140014648438,57796591963829.5,2827626963458.11
948.4375,588.630004882813,57643298958893.1,2859779830186.52
950,588.850795898438,57774544015065.3,2826745586083.34
951.5625,589.359985351563,58039999487825.1,2804750480999.22
953.125,590.089965820313,58176322218127.9,2817872407159.08
954.6875,590.468447171725,58284312312992.5,2918368376671.12
956.25,590.847698505108,58754101760157.4,2851500360883.29
957.8125,591.299987792969,58839112819048.8,2901650765398.66
959.375,592.030029296875,59184797135745,2964916059529.49
960.9375,592.280029296875,59062881502899,2880371402560.83
962.5,592.760009765625,59317767502926.9,3045299727698.64
964.0625,593.471529447115,59694754332581.1,2988918662183.48
965.625,593.86998046875,60024573919197.3,2886452413046.17
967.1875,594.4599609375,60167876356132.4,2871706595293.68
968.75,595.122788085937,60422940775088.4,2957330846580.24
970.3125,595.679992675781,60421011399129.7,2866471120561.62
971.875,595.919982910156,60499034024109.7,2915296802406.25
973.4375,596.650024414063,60569698441551,2964928979256.16
975,596.650024414063,60475120068371.2,2998658870428.17
976.5625,597.50923039363,60396014772648.7,2968690318554.07
978.125,597.859985351563,60552862935833.4,2972192255379.83
979.6875,598.099975585938,60625057979176.2,2991272360160.11
981.25,598.589965820313,60986423337142.8,2958643466724.83
982.8125,599.320007324219,61360581625944,3011707407559.02
984.375,599.799987792969,61476219859033.3,2933593165782.73
985.9375,600.502338115986,61618146013733.9,3019069905088.61
987.5,600.77001953125,62060348960873.9,3015215013556.67
989.0625,601.260009765625,62050961358476.4,3087824216713.97
990.625,601.879990234375,62216646934216.1,3067678520091.89
992.1875,602.276132436899,62446704892094.3,3075776090912.23
993.75,602.469970703125,62808684623708.8,3061861774242.61
995.3125,603.523075984074,62953613120365.6,3107300844966.17
996.875,604.169982910156,62970919868895.7,3114827989893.41
998.4375,604.169982910156,62762076010170.6,3064329992676.72
1000,604.890014648438,62819178345712.7,3087230963472.84
1001.5625,605.140014648438,62906646502588,3113150333115.2
1003.125,605.859985351563,63481349455589,3130943063283.89
1004.6875,605.859985351563,63365548914287.1,3075077952608.61
1006.25,606.589965820313,63508878135728.7,3171693864157.33
1007.8125,607.070007324219,63890920194632.2,3128287149969.67
1009.375,607.799987792969,64125005526543.2,3079780508081.34
1010.9375,608.0400390625,64218635682666.1,3191440766901.89
1012.5,608.631563626803,64637810372104.6,3082846238595.17
1014.0625,609.010009765625,64557526940809.1,3116590810000.41
1015.625,609.874384765625,65125003085516.6,3125098292858.06
1017.1875,609.778388671875,65006852089604.9,3183154916741.36
1018.75,610.699951171875,65502243333866.7,3122350287604.16
1020.3125,611.429992675781,65281624117266.4,3104800769903.36
1021.875,611.910034179688,65823721624584.6,3152006034511.71
1023.4375,612.294428710938,65827760828582.9,3254717471486.96
1025,612.640014648438,65872393976665.7,3241357469793.02
1026.5625,613.119995117188,65828606844622.2,3221207515793.33
1028.125,613.609985351563,66151931926475.3,3231402573741.19
1029.6875,614.089965820313,66157468367992.1,3244319058467.51
1031.25,614.570007324219,66292822223403.6,3204824638027.57
1032.8125,615.059997558594,66383172658527.5,3226494126101.05
1034.375,615.780029296875,66714387110302.4,3283957260477.13
1035.9375,616.02001953125,66388327380697,3244657376614.61
1037.5,616.5,66607519675998.8,3302901129752.2
1039.0625,616.75,66646447287250,3239005895548.96
1040.625,617.22998046875,66945070118754.2,3272596732374.57
1042.1875,617.969951171875,67271757265248.6,3326517915640.76
1043.75,618.199951171875,67543813537290,3250676255979.69
1045.3125,618.919982910156,67741078352017.8,3268069163540.72
1046.875,619.584632286659,68330119669368.7,3318822231464.89
1048.4375,619.976158728967,68435558557006.4,3361486524476.88
1050,620.609985351563,68450501278490.5,3252105001799.62
1051.5625,621.089965820313,68416233461012.2,3284187494974.54
1053.125,621.570007324219,68447171214194.4,3251555383990.99
1054.6875,622.059997558594,68381063776547.5,3267276650437.29
1056.25,622.299987792969,68558175911333.7,3353956431722.06
1057.8125,622.715416541466,68605981037831.2,3231450278776.83
1059.375,623.34640625,68803488545727.4,3344160949729.49
1060.9375,623.739990234375,69185250008385.9,3310502769070.79
1062.5,624.22998046875,69329601496225.6,3325053840189.1
1064.0625,624.71919133113,69744342235523.4,3355508267602.51
1065.625,624.7099609375,69924581440316.2,3373490050070.08
1067.1875,625.910034179688,69997210891366.1,3421705317972.2
1068.75,626.390014648438,70511513653382.2,3416458287653.65
1070.3125,627.119995117188,70311333140112.4,3399218715639.39
1071.875,627.119995117188,70491770013857.6,3407585362118.37
1073.4375,628.079956054688,70618771306612,3394690233291.27
1075,628.559997558594,71136425743597.5,3379927152099.2
1076.5625,628.799987792969,70864817444497.5,3382943673369.96
1078.125,629.280029296875,70960526845686,3427568381946.35
1079.6875,629.72001953125,70864817444497.5,3410929962951.62
1081.25,630.489990234375,70960097302020,3377082786536.7
1082.8125,630.74844125601,71193016070863,3299065397403.05
1084.375,631.2099609375,71192697155457.7,3406886892577.17
1085.9375,631.910793457031,71005224791635.6,3413516205291.04
1087.5,632.410034179688,71275090211237.5,3362539614071.75
1089.0625,632.707622070313,71447922601642.2,3396906241083.03
1090.625,633.130004882813,71824799629608.8,3364245698064.38
1092.1875,633.859985351563,71726676010645.5,3432157165485.8
1093.75,634.320766601563,72137462938597.4,3482990849737.24
1095.3125,634.339965820313,72144864452231.5,3421847074331.39
1096.875,635.299987792969,72473121047072.3,3474193368744.92
1098.4375,635.678494966947,72502493932605,3402033475136.29
1100,636.287700946515,72581528310356.1,3309375657098.77
1101.5625,636.97998046875,72808948395183.7,3439033918547.71
1103.125,637.219970703125,72896668438040.1,3520160612936.27
1104.6875,637.651953125,72617028755912.7,3511414583805.09
1106.25,638.179992675781,73007772996328.1,3477312579001.6
1107.8125,638.660034179688,72785205979146.8,3461625277405.9
1109.375,639.010789137621,72952920143184.4,3539788391842.42
1110.9375,639.399204101563,73209803200042.9,3450594284660.29
1112.5,639.859985351563,73650110307632.5,3525661391628.55
1114.0625,640.820007324219,73847154609398.6,3541205619348.33
1115.625,641.059997558594,74009535537175.1,3466942525217.58
1117.1875,641.780029296875,74007367401445.5,3513434275908.74
1118.75,642.5,74272944124802.3,3525589319013.48
1120.3125,642.63439453125,73971315198425.5,3560479661030.91
1121.875,642.97998046875,74153866952615.4,3515695639623.45
1123.4375,643.219970703125,73940979100125.7,3536819373528.04
1125,643.4599609375,74593591219932.9,3568148356915.35
1126.5625,644.419982910156,74549067983627.2,3498843334299.02
1128.125,645.140014648438,75067983344879.3,3508170391587.9
1129.6875,645.619995117188,74778427652857.9,3532917589920.3
1131.25,646.099975585938,75201288026640.3,3556566931559.04
1132.8125,646.349196213943,75038783580484,3577853791976.5
1134.375,646.579956054688,75425708831752.6,3575914154281.01
1135.9375,647.336191030649,75473875475244.3,3525515103365.22
1137.5,647.77001953125,75901379406441.7,3518912688247.7
1139.0625,648.72998046875,75979761898170.8,3445647720185.85
1140.625,649.181162109375,75912300322102.6,3576651872508.24
1142.1875,649.690002441406,75829057489090.4,3596189426864.91
1143.75,649.949191894531,76072828540594.2,3573216197323.2
1145.3125,650.410034179688,75965128619842.4,3555105216126.59
1146.875,651.130004882813,76369055652397.9,3558079683691.21
1148.4375,651.369995117188,76333391226970.3,3557085002277.81
1150,652.031958007813,76762304544250,3612675104759.04
1151.5625,652.559997558594,76625151035047.3,3603413853897.62
1153.125,653.0400390625,76764200319478.6,3608841650027.52
1154.6875,653.06773024339,76663413874535.1,3668366424267.23
1156.25,654,76942832881591.4,3598269765554.23
1157.8125,654.239990234375,77048185175793.6,3643418547058.81
1159.375,654.949951171875,77026487229545.2,3597519696775.51
1160.9375,655.190002441406,77264641933900.8,3595951175253.41
1162.5,655.669982910156,77423096474654.2,3616878621021.16
1164.0625,656.390014648438,77271362207455.2,3661544810556.23
1165.625,656.869995117188,77579531326281.5,3671731377030.66
1167.1875,657.339965820313,77290336769506.9,3700362306099.9
1168.75,657.579956054688,77831349339434.5,3678849301410.75
1170.3125,658.299987792969,77966569352719.7,3575100645933.28
1171.875,658.818427734375,78266488333690.5,3679825583221.86
1173.4375,659.260009765625,78190164942358.5,3635469509414.96
1175,659.969970703125,78519071277247.2,3739091888415.55
1176.5625,660.2099609375,78469180691457.5,3717378259876.63
1178.125,660.929992675781,78774635453267.4,3695277880057.37
1179.6875,661.169982910156,78646594467258.2,3659573648276.18
1181.25,661.880004882813,78878085851236.8,3673774739226.1
1182.8125,662.359985351563,78883693791444.5,3674270869330.27
1184.375,662.839965820313,78910481861512.8,3671191860963.59
1185.9375,663.079956054688,78968225119717.9,3669540741367.44
1187.5,663.569191894532,79317613901440.5,3609316143037.76
1189.0625,664.27001953125,79091189543178.2,3720269951710.36
1190.625,664.74076960637,79405828511772.3,3658409654618.8
1192.1875,665.091404506138,79587369948048.4,3755353702753.92
1193.75,665.672259990986,79961264257559.8,3735377673748.73
1195.3125,666.179992675781,79782981125807.7,3662550980725.93
1196.875,666.650024414063,79998819498679.6,3807988445459.3
1198.4375,667.130004882813,80226617708340.4,3757417260781.27
1200,667.609985351563,80695166123980.5,3713025819258.07
1201.5625,668.0622652494,80259119687312,3696143666393.47
1203.125,668.559997558594,80695780786691.6,3727189065917.42
1204.6875,669.0400390625,80778981186036.8,3757937353050.2
1206.25,669.510009765625,80795230820775,3805719922068.66
1207.8125,669.989990234375,80684203307606,3744285109513.76
1209.375,670.469970703125,81168097294018.8,3831536614738.35
1210.9375,671.179992675781,81212866015300,3878420025534.69
1212.5,671.660034179688,81687894752676.5,3815852497561.14
1214.0625,672.207144601005,81381634321017.4,3784948629137.65
1215.625,672.369995117188,81493524251101.6,3786156494157.83
1217.1875,672.849975585938,81322162183648.7,3744281020513.19
1218.75,673.559997558594,81861483610550,3842579158177.56
1220.3125,674.0400390625,81930929850824.9,3735428864918.33
1221.875,674.510009765625,82187944291534.5,3723286031920.93
1223.4375,674.989990234375,82294359497824.1,3794284134713.55
1225,675.699951171875,82514555207270.3,3798014359994.81
1226.5625,675.940002441406,82611873760168.3,3836984676703.62
1228.125,676.419982910156,82716222362622.2,3796385445110.59
1229.6875,677.130004882813,82923158084934,3892030740911.84
1231.25,677.369995117188,82837728795851.7,3869272525543.31
1232.8125,678.09842153696,83042128373448.1,3875260507478.01
1234.375,678.430772047777,83154318566931.3,3838342375648.51
1235.9375,679.030029296875,82757879599357.2,3821322758129.48
1237.5,679.27001953125,83175656835171.9,3848993919267.38
1239.0625,679.75,83209660375537.7,3859303989402.87
1240.625,679.97998046875,83620596040777.8,3896489692914.16
1242.1875,680.929992675781,83626129024290.3,3930441017557.66
1243.75,681.650024414063,84240449522057.8,3848801161652.78
1245.3125,682.119995117188,84142908163195.5,3991350213814.85
1246.875,682.359985351563,84345889535721.1,3883309696884.69
1248.4375,682.839965820313,84246603206257.9,3836123279679.57
1250,683.337688739483,84400722820382.1,3859304295545.44
1251.5625,684.02001953125,84511951684652.8,3940599357263.86
1253.125,684.260009765625,84719475517666.5,3905056266252.22
1254.6875,684.5,84984491116573.7,3934778487658.34
1256.25,685.449951171875,85445134028226.1,3894293534081.63
1257.8125,685.919982910156,85077271147005.2,3806128710792.13
1259.375,686.294428710938,85481772631449.5,3908679751640.67
1260.9375,686.630004882813,85519089203369.6,3916469449326.49
1262.5,687.349975585938,85722227532451.5,3947904365749.49
1264.0625,687.736912653997,85642854013272.8,3996589002373.39
1265.625,688.2900390625,86225841035962.3,3964368038877.07
1267.1875,688.77001953125,86344041219195.9,3939005125837.47
1268.75,689.47998046875,86426653774666.5,3872938568590.56
1270.3125,689.719970703125,86074480036151.3,3935223197959.53
1271.875,690.190002441406,86487854282549.5,3988605760008.2
1273.4375,690.522296612079,86578438141620.8,3931490261931.89
1275,691.213857797477,86598427866636,4022234812363.57
1276.5625,691.609985351563,86816150982246.8,4010213895668.42
1278.125,692.329956054688,87396782161628.4,3992511351482.09
1279.6875,692.559997558594,87550768147600.7,4014390898023.26
1281.25,693.27001953125,87702256674511.5,4004804030369.56
1282.8125,693.97998046875,87648245701539.6,4050745640307.98
1284.375,694.4599609375,87715466750750,4050294926765.11
1285.9375,694.865581054687,87807511941398.8,4066793152896.88
1287.5,695.169982910156,87825335396699.4,4038094891192.76
1289.0625,695.880004882813,87473768004305,4063340478366.13
1290.625,696.119995117188,87501073690602.8,3998668804383.63
1292.1875,696.349975585938,87251351937804.6,4074736704922.04
1293.75,696.829956054688,87688274167589.4,4019419095666.03
1295.3125,697.5400390625,87921853827613.1,4052926441550.25
1296.875,698.010009765625,88363209913560.7,4037414957908.06
1298.4375,698.67197265625,88594507928119.1,4110074374124.08
1300,699.030742938702,88867951746950.2,4060378801505.76
1301.5625,699.429992675781,88923433191757.1,4051649498836.39
1303.125,700.140014648438,89237784218166.2,4027007601932.89
1304.6875,700.380004882813,89096977718338.7,4151798913944.38
1306.25,700.849975585938,89314120086203.6,4041631135057.76
1307.8125,701.596919133113,89323921323075.7,4152619654255.27
1309.375,702.030029296875,89878123712007.2,4076427947523.69
1310.9375,702.463857797476,89613660866110.4,4046765134863.68
1312.5,702.97998046875,89813738392999.3,4020221573229.92
1314.0625,703.219970703125,89707095660337.7,4127248609843.47
1315.625,704.132429199219,90096821590150.2,4171358851046.67
1317.1875,704.400024414063,89985762288898.5,4139819907917.42
1318.75,704.851596679688,90052386859796.4,4073426864094.89
1320.3125,705.3630464994,90419414588374.6,4113924718184.03
1321.875,706.049987792969,90799012464557.8,4085397783959.24
1323.4375,706.530029296875,91142985590067.8,4175800939198.37
1325,707.239990234375,91235089146682.6,4133374007455.18
1326.5625,707.301908052885,91242328389829.7,4202757372089.48
1328.125,707.7099609375,91353747113894.1,4097591456639.76
1329.6875,708.179992675781,91284343480557.8,4139238650204.57
1331.25,708.890014648438,91896739866676.8,4196084871350.65
1332.8125,709.359985351563,91869490662406,4229548699169.49
1334.375,710.070007324219,92361661719009.1,4219194051789.25
1335.9375,710.309997558594,92159779799380.9,4193295223790.35
1337.5,711.010009765625,91899844818452,4143443221565.46
1339.0625,711.25,91784074858888.4,4157244977708.63
1340.625,711.517587890625,91847450218861.4,4166793747560.38
1342.1875,712.199951171875,92361661719009.1,4174390766804.79
1343.75,712.900024414063,92687456800564.6,4181967768890.04
1345.3125,713.277151925224,92721121592165.3,4137000443513.47
1346.875,713.609985351563,92955531286319,4157632825446.1
1348.4375,714.320007324219,92895889697759.6,4124905751289.12
1350,715.030029296875,93453888379946.5,4198442240354.89
1351.5625,714.7900390625,93073996297021.4,4265814838550.97
1353.125,715.610764723558,93638193208004.6,4207122299311.49
1354.6875,716.2099609375,93601697971239.3,4245725034108.08
1356.25,716.679992675781,93873325597641,4234746259439.06
1357.8125,717.150024414063,93758198698467.1,4290809287762.65
1359.375,717.619995117188,94167794409054.4,4214388090087.39
1360.9375,718.329956054688,94117370512225.9,4237356664900.94
1362.5,718.367558593751,94429205008327.6,4276085936257.82
1364.0625,719.0400390625,93886713964621.6,4299100951408.07
1365.625,719.75,94337347100071.3,4234186941387.4
1367.1875,720.081514798678,94255191840659.6,4239397076828.67
1368.75,720.635768010066,94789681171091.4,4179519144484.94
1370.3125,721.160034179688,95008877086910.5,4288936272333.7
1371.875,721.461942232573,95216861271356,4259695593957.63
1373.4375,722.099975585938,95303922252549,4315133792522.33
1375,722.570007324219,95589963203660,4264279390780.23
1376.5625,723.049987792969,95902149577734.4,4299858730868.45
1378.125,723.280029296875,95847220464357.5,4279532071499.67
1379.6875,723.989990234375,95924310797742.6,4316664478678.72
1381.25,724.4599609375,96487852580613.3,4297622360049.02
1382.8125,725.169982910156,96345158426909,4321854800570.34
1384.375,725.169982910156,96605582688894.4,4336531484184.24
1385.9375,726.339965820313,96984612127347.3,4334406181351.8
1387.5,726.791594238282,97274012123693.1,4303483408810.63
1389.0625,726.708779296875,97105080352091,4322870514642.81
1390.625,727.2900390625,97291064824965.1,4363670981321.62
1392.1875,727.892690805289,97067883738540.4,4340503863965.32
1393.75,728.4599609375,97330267362032.1,4323284132243.27
1395.3125,729.169982910156,97191155885338,4334462178465.5
1396.875,729.400024414063,97934359465208.3,4360902290669.61
1398.4375,729.869995117188,97729547305709.8,4291282289720.42
1400,730.349975585938,98056773540172.1,4324467224128.92
1401.5625,730.820007324219,97870021453221.2,4346252154063.35
1403.125,731.418828125,98451016434222.2,4353903148622.43
1404.6875,731.760009765625,98095189398494.9,4367789261601.73
1406.25,731.52001953125,98775841868300.8,4348517380962.62
1407.8125,733.169982910156,98856728443779.6,4463917713564.37
1409.375,733.400024414063,99271440530241.7,4426188175759.3
1410.9375,733.880004882813,99539287125658.1,4428002597956.59
1412.5,734.800803222657,99515269754904,4440423850893.77
1414.0625,735.2900390625,99311677860390.8,4427730100272.72
1415.625,735.52001953125,99406588160075.8,4405721873227.97
1417.1875,735.989990234375,98992772401703.9,4398433975777.41
1418.75,736.135986328125,99149775674356.7,4378194536589.68
1420.3125,736.699951171875,98789034467743.9,4348964292923.18
1421.875,737.400024414063,99323243640466.8,4386032530057.36
1423.4375,737.640014648438,99342565203749.9,4406061009855.55
1425,738.109985351563,99789693112221.8,4395234581462.36
1426.5625,738.809997558594,99834047415037.9,4375969072723.46
1428.125,739.049987792969,100332006100009,4389857219716.25
1429.6875,739.564246544471,100399235854529,4436324511472.98
1431.25,740.219970703125,100468257899737,4482290372017.21
1432.8125,740.929992675781,100453109173530,4445508990739.23
1434.375,741.390794020433,100906883652455,4394282285536.91
1435.9375,741.630004882813,100494999615013,4387209753663.42
1437.5,742.339965820313,101044172052218,4454658001224.49
1439.0625,742.809997558594,101224316661562,4412667366506.8
1440.625,743.280029296875,101096194516937,4446437991956.13
1442.1875,743.75,100732744813607,4364326340040.57
1443.75,743.75,101187524667684,4402045419388.82
1445.3125,744.690002441406,100999397302951,4418274847473.38
1446.875,744.919982910156,101519227965227,4513022085532.06
1448.4375,745.390014648438,101727435578387,4547909210384.47
1450,746.099975585938,101857892617070,4465035682011.84
1451.5625,746.799987792969,101815065535872,4478805694869.32
1453.125,747.093111478365,102236273880896,4493190307945.76
1454.6875,747.510009765625,102196039411831,4502046695402.59
1456.25,748.2099609375,102679162479491,4452960414918.78
1457.8125,748.679992675781,102521982132907,4495382147384.42
1459.375,748.937678410457,102977712729103,4461607728428.51
1460.9375,749.380004882813,102722038940269,4489873525910.82
1462.5,750.089965820313,103063184275371,4488756071759.09
1464.0625,750.7900390625,102907852834395,4434125539204.82
1465.625,751.112822265625,103039800951811,4500914085143.86
1467.1875,751.5,103318870002549,4554311645289.51
1468.75,752.199951171875,103002516213842,4526857604285.86
1470.3125,752.421536959135,102759956292503,4483943459769.39
1471.875,752.669982910156,102932856500537,4492016183745.89
1473.4375,753.369995117188,103167895728149,4551688039660.83
1475,753.98765211839,103580337057017,4529343865629.87
1476.5625,754.780029296875,103279618549488,4557679085260.92
1478.125,754.780029296875,103862977502952,4575117601465.21
1479.6875,755.489990234375,103493965712984,4555684479908.5
1481.25,755.489990234375,103690864435331,4551293692149.09
1482.8125,755.9599609375,103751734140834,4501017478521.3
1484.375,756.890014648438,104331555884091,4611784240923.46
1485.9375,757.359985351563,104226803808627,4523750610093.64
1487.5,757.877966308594,104763017201946,4547774851916.56
1489.0625,758.77001953125,104861662069196,4601026173272
1490.625,759,104892272595187,4572918452828.45
1492.1875,759.469970703125,104523512966457,4505357171768.21
1493.75,759.7099609375,104460475421023,4547407592620.99
1495.3125,760.179992675781,104312330080679,4608129237275.55
1496.875,760.778813476563,104530954209959,4594462277612.01
1498.4375,761.349975585938,104558489416423,4599532338091.35
1500,761.75279296875,105004994802288,4563897098803.96
1501.5625,762.2900390625,104904761551931,4544019864149.02
1503.125,762.989990234375,104954523265619,4575968052392.63
1504.6875,763.22998046875,104950643172364,4587734111667.81
1506.25,763.690002441406,105550597925254,4585911039119.36
1507.8125,764.160034179688,105384975284625,4651013150340.24
1509.375,764.869995117188,105435171809357,4588320451810.26
1510.9375,765.259192833534,105434691442509,4569237081676.79
1512.5,765.847998046875,105702125499532,4620402118479.79
1514.0625,766.0400390625,105078080364105,4596936251402.42
1515.625,766.97998046875,105658847516345,4487777112863.78
1517.1875,767.440002441406,105363775664947,4528672938360.72
1518.75,767.679992675781,105376376784986,4578480504466.73
1520.3125,768.150024414063,104827960943688,4616783807036.24
1521.875,768.463078425481,104890329083216,4554196309804.61
1523.4375,769.147170410157,104433904804655,4615263114680.08
1525,769.549987792969,105277204534819,4495724764205
1526.5625,770.125615234375,104964365935645,4591467372404.66
1528.125,770.719970703125,105377809955856,4571802767175.99
1529.6875,771.190002441406,104732686403262,4639661628646.8
1531.25,771.660034179688,105592961119220,4596936810940.32
1532.8125,772.130004882813,105047670436883,4582312318809.26
1534.375,772.359985351563,105222390831144,4567569305348.92
1535.9375,773.070007324219,105261296625480,4526568818247.22
1537.5,773.285395695613,105811887932037,4553860983858.42
1539.0625,773.77001953125,105392140681298,4595981711343.35
1540.625,774.7099609375,105819273377716,4585879206674.7
1542.1875,775.169982910156,105657183931924,4666130756894.48
1543.75,775.640014648438,105747163238480,4533754846678.62
1545.3125,775.880004882813,105445033425723,4634481311121.27
1546.875,776.349975585938,105611573673405,4533659051392.55
1548.4375,776.941606445313,105545602546454,4603910166187.83
1550,777.280029296875,105808185933560,4560833733399.12
1551.5625,777.97998046875,105897385236155,4594781781341.04
1553.125,778.417539399246,106025990281500,4587294837649.41
1554.6875,779.160034179688,105850683514088,4596924074134.22
1556.25,779.619995117188,106191537749508,4594613741693.23
1557.8125,780.028048001804,106210101033908,4590529132701.76
1559.375,780.089965820313,106261338093746,4599775248682.68
1560.9375,780.7900390625,105944189037524,4665241889625.53
1562.5,781.597299429087,106518425753129,4625909673027.91
1564.0625,781.72998046875,106115635776671,4591911052335.73
1565.625,782.429992675781,106136072605901,4592318089149.63
1567.1875,783.140014648438,105951698999628,4601647163326.29
1568.75,783.772768554688,106396776084305,4642557793838.45
1570.3125,783.839965820313,105535587297677,4656802123207.45
1571.875,784.309997558594,105563837150268,4466240427356.21
1573.4375,784.628493088942,105076678767487,4501270554823.07
1575,785.239990234375,105523352571797,4613146429066.52
1576.5625,785.7099609375,105156209620283,4560330075482.64
1578.125,786.180053710938,105207712015622,4565232266151.28
1579.6875,786.880004882813,105037832540939,4616469769292.88
1581.25,787.579956054688,104915570359977,4587521838493.85
1582.8125,787.856762695313,105112529125215,4505460965589.83
1584.375,788.132841796875,105075345291909,4472616843420.55
1585.9375,788.75,104589115343328,4563080190899.29
1587.5,789.339560546875,105033301980907,4543216970253.59
1589.0625,789.754781788793,104949181339670,4607871373929.41
1590.625,790.160034179688,105172712033904,4568789809838.29
1592.1875,790.619995117188,105055179316928,4511818064689.4
1593.75,791.329956054688,105191900522586,4566880478460.53
1595.3125,791.873112605168,104396006685941,4630253681288.26
1596.875,792.030029296875,104635174255668,4558784767904.71
1598.4375,792.9599609375,104386998551255,4601151305958.34
1600,793.199951171875,104413593419693,4542150443136.33
1601.5625,793.670043945313,104151482895828,4564801604596.23
1603.125,794.130004882813,104010913784487,4599217484700.35
1604.6875,794.223999023438,103913525096694,4534319790246.39
1606.25,795.300048828125,104113656829802,4533454181074.52
1607.8125,795.123798076924,104122101796993,4537982746539.95
1609.375,796.116154597356,104047621930027,4518738477957.91
1610.9375,796.489169921875,104023413530956,4545055654318.83
1612.5,797.180053710938,103713144915096,4343228352142.77
1614.0625,797.640014648438,103658717118247,4541663802534.35
1615.625,798.109985351563,103978088130305,4540909382192.42
1617.1875,798.579956054688,103652409811524,4608862153619.89
1618.75,799.280029296875,103974479661337,4533713522354.67
1620.3125,799.52001953125,103481521542050,4540944594191.01
1621.875,799.97998046875,103141693990760,4452587949441.54
1623.4375,800.680053710938,102564098658604,4519486279110.67
1625,801.150024414063,102607715028091,4460493556569.19
1626.5625,801.390014648438,102429117182918,4496962790251.38
1628.125,801.849975585938,102811839365648,4533074442203.9
1629.6875,802.319946289063,102643440163407,4596739044396.12
1631.25,803.144814453125,102571988237497,4497281281460.64
1632.8125,803.489990234375,102493405171446,4501657615610.74
1634.375,803.9599609375,102337926299829,4509132350221.55
1635.9375,804.474280724159,102421967529217,4527575429688.13
1637.5,804.900024414063,102340683318826,4538104010453.64
1639.0625,805.359985351563,102433868983767,4514390979638.45
1640.625,805.829956054688,102621229884326,4515877407312.51
1642.1875,806.300048828125,102024952083941,4533243684450.62
1643.75,807,102151502416331,4509144873971.38
1645.3125,807.38357421875,101967378855597,4526406936775.16
1646.875,807.93994140625,101629522191737,4453951617254.8
1648.4375,808.400024414063,101598551427478,4449606487620.98
1650,809.008451021635,101455580992472,4459094570296.83
1651.5625,809.339965820313,100902066308889,4437956066394.6
1653.125,809.809936523438,101165864974715,4471814010446.28
1654.6875,810.280029296875,100523047563119,4471126136340.33
1656.25,810.6416015625,100586176877940,4469927243250.95
1657.8125,811.529602050782,100673410154221,4485294589158.71
1659.375,811.910034179688,100745258523692,4463545206889.3
1660.9375,812.238478440505,100445990734906,4454202550046.64
1662.5,812.609985351563,100540984336097,4427836434801.07
1664.0625,813.079956054688,100282149475693,4473596928749.71
1665.625,813.550048828125,100319974564805,4477447579023.6
1667.1875,814.25,99851721788310.5,4417004986634.25
1668.75,814.489990234375,99990181376140.5,4328991426621.69
1670.3125,815.18994140625,99553178112929.3,4426939295905.71
1671.875,815.742827148438,99258020297053.7,4468882067603.56
1673.4375,816.119995117188,99335457366388,4421228557631.66
1675,816.479575195313,99314109582552.6,4457339892488.58
1676.5625,817.059936523438,98809246569676.2,4429174927081.34
1678.125,817.530029296875,98738160568418.9,4443241203780.1
1679.6875,817.989990234375,98475219995943.3,4391563559942.94
1681.25,818.653799203726,98610235235183.9,4317161406839.43
1682.8125,819.160034179688,98347339956704,4392242477786.89
1684.375,819.630004882813,98260221017605.5,4372037593363.52
1685.9375,820.099975585938,97836027828131,4414850658595.44
1687.5,820.357647235578,97401364359331.4,4452665328739.53
1689.0625,821.0400390625,97218648891244.4,4405399227498.83
1690.625,821.5,97530825428029.7,4386483834515.39
1692.1875,822.01796875,97383946541815.5,4424029632028.79
1693.75,822.43994140625,97722442581298.4,4390905747571.63
1695.3125,823.3523043119,97317967421849.5,4411558804653.03
1696.875,823.716130183294,97413898539454,4380232218206.91
1698.4375,824.079956054688,96742695984343.4,4433904958885.04
1700,824.780029296875,96299674898657.5,4387442780862.44
1701.5625,825.010009765625,96091689527670.2,4347844332957.25
1703.125,825.7099609375,95913218200514.4,4357724896140.73
1704.6875,825.949951171875,95596090700428,4311930077878.63
1706.25,826.650024414063,95671077618754.6,4328428638640.26
1707.8125,826.985600585938,95405018283307.9,4396744226545.32
1709.375,827.368436373198,95414145184471,4384522262355
1710.9375,828.2900390625,95077377221000,4341378084760.39
1712.5,828.52001953125,94881595664661.5,4264368814679.04
1714.0625,828.760009765625,94740190210557.9,4370530929609.05
1715.625,829.219970703125,94271271449089.3,4373298108663.28
1717.1875,829.4599609375,94090096361554.8,4297199681693.22
1718.75,830.390014648438,94238435581650.2,4324588934190.21
1720.3125,830.859985351563,93583384671809.7,4264019879436.83
1721.875,831.48032789964,93800562592651.1,4353928510856.86
1723.4375,832.030029296875,93544845863288.2,4306444139061.62
1725,832.27001953125,93381128452296.3,4385493902589.48
1726.5625,832.969970703125,93193623597758.9,4337613538274.81
1728.125,833.43994140625,93017281994930.9,4331332037752.38
1729.6875,833.43994140625,92280764671098.1,4313391918486.31
1731.25,834.369995117188,92389850174716,4190607394243.41
1732.8125,834.757172851563,92079620947854.7,4211184269584.67
1734.375,835.309936523438,92290183612336,4315949945750.45
1735.9375,835.725787823017,91698072931032.3,4352333272133.82
1737.5,836.239990234375,92072811125108.8,4267682337999.54
1739.0625,836.931490384616,91497899095374.3,4340811266642.08
1740.625,836.949951171875,91601033645871.9,4297917057898.11
1742.1875,837.650024414063,91153590043091.8,4279495937785.52
1743.75,838.184389648438,91375818553937.8,4334872764681.06
1745.3125,838.819946289063,90793945563683.7,4258215628518.96
1746.875,839.52001953125,90890426531597.6,4245036859132.54
1748.4375,839.842303936298,90416565434408.8,4244057558784.37
1750,840.219970703125,90194565119516.3,4195390720451.09
1751.5625,840.4599609375,89481872046521,4250351440494.79
1753.125,841.160034179688,89731025800368.7,4198853307617.47
1754.6875,841.630004882813,89448739010145.3,4232799032675.74
1756.25,842.329956054688,89618695955994.2,4173157334091.31
1757.8125,842.559936523438,89160411261175.6,4228793613326.01
1759.375,843.030029296875,88851614492489.3,4215583989760.21
1760.9375,843.5,88627014455891.8,4273313935523.4
1762.5,843.969970703125,88445870994218.1,4228522753700.29
1764.0625,844.236872746395,88190607271663.4,4193768645429.13
1765.625,844.900024414063,88266266950310.6,4210367587945.71
1767.1875,845.609985351563,87939522089914.9,4199522078090.88
1768.75,845.886117788462,87900848232343.2,4201052439111.26
1770.3125,846.411181640626,87224100721296.4,4219839655113.24
1771.875,847.010009765625,87627770449252.9,4143123279026.88
1773.4375,847.7099609375,86816150982246.8,4148841837494.85
1775,847.949951171875,87259795077823.9,4192729660491.69
1776.5625,848.420043945313,86324999841710.9,4172177282092.63
1778.125,849.119995117188,86440110452017.5,4183050984984.07
1779.6875,849.349975585938,86194063949608.5,4123053208480.24
1781.25,849.819946289063,85629426603696.7,4114749767418.17
1782.8125,850.077636718751,85481772631449.5,4229327875465.06
1784.375,850.888798828125,85417109894367.3,4149964633119.29
1785.9375,851.4599609375,85379690769869.3,4175558858381.51
1787.5,851.930053710938,85209255926505.2,4180567588957.11
1789.0625,851.985249023438,85034410113404.2,4211592378971.7
1790.625,852.869995117188,84802252723461.8,4144806919393.08
1792.1875,853.099975585938,84472596640072.9,4179186909703.38
1793.75,853.800048828125,84448555829377.8,4184414822299.25
1795.3125,854.0400390625,83662307919785.9,4212833565202.08
1796.875,854.527700570914,83906080955486.4,4140620075346.99
1798.4375,855.43994140625,83734321123615,4195417044785.79
1800,855.910034179688,84067545639459.4,4184567211080.5
1801.5625,856.380004882813,83089037123862.7,4144960926338.28
1803.125,856.619995117188,82643944118646.2,4142714244499.6
1804.6875,857.292255108174,82473794397896.3,4128079442751.27
1806.25,857.7900390625,82203450090650.9,4097061726093.77
1807.8125,858.489990234375,81677613234091,4104379170534.39
1809.375,858.388798828125,81688886700607,4152504884733.42
1810.9375,859.18994140625,81714253892493.3,4123413624254.28
1812.5,859.660034179688,81772144912777.9,4140864266139.17
1814.0625,860.130004882813,80858649777099.4,4125683562512.52
1815.625,860.599975585938,80603753410849.5,4092520404777.75
1817.1875,860.829956054688,80443910004186.6,4044959345242.85
1818.75,861.77001953125,80516204727527.6,4102851130328.85
1820.3125,862.239990234375,80221459892361.9,4065931555104.72
1821.875,862.469970703125,79842451998191.8,4108447582072.51
1823.4375,863.180053710938,79733315606527.3,4065688538330.27
1825,863.410034179688,79693947411146.5,4047608113749.94
1826.5625,864.33228478065,79033823438294.8,4098201696031.16
1828.125,864.579956054688,78663580112816.6,4080612360271.87
1829.6875,865.050048828125,78287217398141.6,4074540537748.25
1831.25,865.52001953125,78093781919505.4,4062552216721.55
1832.8125,865.989990234375,77748496611576.3,4061461696787.69
1834.375,866.4599609375,78055405040144,4086874345003.69
1835.9375,867.01850773738,78079972275197.8,4026437983716.86
1837.5,867.160034179688,77796829672712.8,4054964726420.75
1839.0625,868.099975585938,77541410631806,4070461772842.11
1840.625,868.569946289063,77258085942592,4108305329331.53
1842.1875,868.809936523438,76720582038101.5,4152275288467.79
1843.75,869.510009765625,76555122298918.7,4001998904490.66
1845.3125,870.148043118991,76520485361285.6,4057537503863.09
1846.875,870.296357421875,76279082011531.9,4105494039993.19
1848.4375,870.920043945313,75833246584398.4,3952486089861.83
1850,871.509604492188,75676339327923.6,3989631606453.48
1851.5625,872.089965820313,75500577504926.3,4038039575381.27
1853.125,872.102276141828,75381634559631.3,4022656757521.15
1854.6875,873.030029296875,75009835913332.6,3939899455347.1
1856.25,873.306161733774,74838957500251.3,3987570352006.39
1857.8125,873.875688825335,74419164696195.7,4001022772018.62
1859.375,874.199951171875,74250033390789.5,4031089026872
1860.9375,874.670043945313,74089690205722.7,3972126090229.21
1862.5,875.369995117188,73735103450467.8,4016310660809.34
1864.0625,875.609985351563,73474218805257.3,3893017087090.86
1865.625,876.309936523438,73579766188877.6,3996876836787.28
1867.1875,876.357958984376,72961396319843.1,3959337150368.21
1868.75,877.489990234375,72976824771637.6,4025175416738.12
1870.3125,877.489990234375,72610088681682.6,4056636058097.25
1871.875,878.176926832933,72500911845561.2,4032762750245.63
1873.4375,878.660034179688,72169561701721,4073242969014.03
1875,879.369995117188,72359628828219.9,3958952586866.74
1876.5625,879.657573242188,71897807970868.2,3948934844926.58
1878.125,880.300048828125,71648806643525.8,4093165165825.59
1879.6875,880.77001953125,71175341345266.6,4021239447667.86
1881.25,881.239990234375,70958146872969,3975062031962.49
1882.8125,881.60381610577,70882203558548.7,4072477822600.92
1884.375,882.383882962741,70762286026651.9,4002922911504.43
1885.9375,882.650024414063,70586483938000.6,3995122666504.59
1887.5,883.119995117188,70321709603913.9,3996816057572.93
1889.0625,883.829956054688,69679568676369.2,3953044901784.56
1890.625,884.059936523438,69418187320477.6,3936539676848.44
1892.1875,884.530029296875,69018113048087.7,3995877710777.81
1893.75,885,68936834947047.2,3964970177949.62
1895.3125,885.469970703125,68612684839078.8,4005805686565.33
1896.875,886.023057204027,68707142071696.9,3975807168162.57
1898.4375,886.221121651786,68188461496434.7,3944410406166.73
1900,886.880004882813,68426007627526.5,4024318387626.84
1901.5625,887.589965820313,68054550016914.1,3954507224145.53
1903.125,888.059936523438,67934079726064.4,3921711583565.54
1904.6875,888.760009765625,67550616780864.9,3876432474230.44
1906.25,889,67135772884574.2,3989645079408.53
1907.8125,889.469970703125,66708747483602.2,3922770669899.8
1909.375,889.93994140625,66626064898757.5,3867438464320.9
1910.9375,890.170043945313,66461297631661.2,3957313943216.41
1912.5,890.880004882813,66306838405390.6,3956041651903.23
1914.0625,891.349975585938,66166338310080.8,3964846498981.37
1915.625,891.819946289063,65720892771086.7,3913702379613.99
1917.1875,892.264325823103,65829037872480.9,3993440670293.06
1918.75,892.870400390625,65617752874453,3884064999263.83
1920.3125,893.441885141226,65135629770907.5,3942732831032.46
1921.875,893.930053710938,64806186790048.3,3930012207616.64
1923.4375,894.170043945313,64557191305049.2,3971156747367.89
1925,894.869995117188,64767178122929.8,3945337020868.05
1926.5625,895.349975585938,64493065619275,3940010813749.61
1928.125,895.819946289063,64351751254948.9,4003922721908.17
1929.6875,896.050048828125,63708165498527.6,4023887316025.1
1931.25,896.52001953125,63646937842405.1,3887696752384.99
1932.8125,897.22998046875,63661804517936.7,4062357808325.13
1934.375,897.930053710938,63160926547112.4,3935702341018.03
1935.9375,898.400024414063,62948467288604.1,3968521761518.78
1937.5,898.640014648438,62809471032163.2,3934457837280.79
1939.0625,899.303168945313,62667595911162.4,3918493383600.35
1940.625,899.598416841948,62566765592646,3919438541699.17
1942.1875,900.050048828125,62374832652896.9,3925697650558.73
1943.75,900.667705829327,62131225675504.4,3922199835623.27
1945.3125,901.193058894231,61752051304617.4,3998053018521.35
1946.875,901.699951171875,61622988822262.9,3914077676172.45
1948.4375,901.930053710938,61247021960268.2,3862671591113.43
1950,902.640014648438,61031590444364,3969331823485.83
1951.5625,903.109985351563,61075510709326.1,3929101744876.26
1953.125,903.579956054688,60799989875064.6,3917681967542.42
1954.6875,904.321185772236,60506411292041.9,3891133304516.38
1956.25,904.52001953125,60254823143290.7,3848832942540.4
1957.8125,904.928072415866,59895425676430.8,3923796961108.9
1959.375,905.469970703125,59625992276549.2,3887485882741.44
1960.9375,905.93994140625,59508767390825.6,3965290649217.76
1962.5,906.410034179688,59449205375776.9,3825352643117.91
1964.0625,907.109985351563,59061063759724.3,3914874660024.12
1965.625,907.423818734977,58975782485627.5,3926487553956.71
1967.1875,907.819946289063,58538308435879.4,3940348258969.76
1968.75,908.530029296875,58292246283387.4,3903936027472.15
1970.3125,908.631220703125,58007525643977.4,3905600320029.86
1971.875,909.239990234375,57856423731959.7,3872714683608.59
1973.4375,909.93994140625,57569936321808.5,3902342453645.71
1975,910.180053710938,57486715467706,3897155419421.13
1976.5625,910.880004882813,57348533727662.6,3982808341953.43
1978.125,911.589965820313,57326683766018.2,3862334427862.07
1979.6875,911.875952148438,56922356384304.7,3959330203968.27
1981.25,912.397348257212,56612093384861.3,3930951479184.38
1982.8125,912.77001953125,56450057266775.3,3848445711084.3
1984.375,913.350754957933,55715123048653.6,3893747625047.01
1985.9375,913.949951171875,55691160357870.3,3904805121181.37
1987.5,914.18994140625,55423935033309.5,3908467962951.5
1989.0625,914.890014648438,55277935278772.4,3792380777078.1
1990.625,915.130004882813,55134334416687.2,3830274825060.02
1992.1875,915.839965820313,54754935982936.2,3931281554241.42
1993.75,916.069946289063,54618428443088.8,3859555187499.69
1995.3125,916.5400390625,54511458812337.4,3879285700793.13
1996.875,917.02001953125,54325707138090.2,3936096545202.17
1998.4375,917.719970703125,54150780550918.1,4006628454010.29
2000,918.199951171875,54157830034666.4,3974807163672.81
2001.5625,918.670043945313,53565271015248,3873577572991.05
2003.125,919.140014648438,54012613056574.9,3913129104437.41
2004.6875,919.849975585938,53585656878357.6,3952517346208.68
2006.25,919.960366210938,53113589859780.1,3867737574802.32
2007.8125,920.328796386719,52686222456854.8,3924122307255.57
2009.375,921.030029296875,52728255724177.5,3946456599038.9
2010.9375,921.5,52498004503595.6,3935123465286.62
2012.5,921.969970703125,52447305562000.7,3904304783360.66
2014.0625,922.43994140625,52165839486139,3949471817512.88
2015.625,923.122426757813,52042737460276.4,3885645941065.71
2017.1875,923.390014648438,51765028785818.7,3886780937403.83
2018.75,924.099975585938,51599109296935.3,3922005362020.14
2020.3125,924.329956054688,51394102420505.2,3871696828689.74
2021.875,925.0400390625,51489647737090.9,3969034148147.24
2023.4375,925.510009765625,50992857272737.4,3909887509832.57
2025,925.75,50823120628795.7,3883889684679.74
2026.5625,926.4215625,50325901456340.6,3839196499749.69
2028.125,926.843613281251,50423329031828.8,3916842793493.28
2029.6875,927.640014648438,50135173997739,3915020963191.79
2031.25,927.884399414063,49904478695378.2,3918740888747.42
2032.8125,928.385357196515,49637194565665.5,3880507060307.62
2034.375,928.819946289063,49635996868096.1,3902892071048.87
2035.9375,929.530029296875,48804700440173.2,3851239455198.39
2037.5,929.77001953125,49110964252828,3917885098264.86
2039.0625,930.47998046875,48906691489756.6,3937798957179.14
2040.625,930.7099609375,48683745911672.1,3811765525560.78
2042.1875,931.318509615385,48457539992927.1,3920567642564.01
2043.75,931.890014648438,48482106513380.7,3926810521320.42
2045.3125,932.130004882813,47854215862584.7,3947238428505.36
2046.875,932.670776367188,47751101029274.1,3872183267119.23
2048.4375,933.079956054688,47488932159515.7,3854176391052.63
2050,933.7900390625,47511500636908.9,3882293752256.92
2051.5625,934.260009765625,47184167737136.7,3838518644393.18
2053.125,934.864375,47125360765368,3875168172283.74
2054.6875,935.060349684495,46609161802761.9,3906575342640.76
2056.25,935.910034179688,46518065119842.1,3906182349888.73
2057.8125,935.98717389788,46115440744534.8,3906087714987.22
2059.375,936.619995117188,45741893107819.3,3914632720884.4
2060.9375,937.099975585938,45533867584366.8,3829291257906.64
2062.5,937.809936523438,45586893236298.4,3823325254430.52
2064.0625,938.0400390625,45431589044535.6,3924000110933.42
2065.625,938.52001953125,45119461993052.8,3887465931371.16
2067.1875,939.156137319712,44858368146286,3857349186105.05
2068.75,939.699951171875,44912811171708.3,3862450983571.65
2070.3125,939.699951171875,44564113120862.1,3871666660544.08
2071.875,940.539259690505,44377770719787.1,3852533113060.4
2073.4375,940.880004882813,44108748377604,3930133552029.49
2075,941.359985351563,43927261418005.6,3853374982037.6
2076.5625,941.829956054688,43629818957656.2,3847886713864.35
2078.125,942.300048828125,43682891811966.6,3884769716999.67
2079.6875,943.02001953125,43533643814846.3,3897760982293.79
2081.25,943.489990234375,43263448679910.2,3884971020522.32
2082.8125,943.9599609375,42828322548794.7,3936382449903.85
2084.375,944.43994140625,42638290680275.9,3854463362773.45
2085.9375,944.910034179688,42391947729266.8,3920732458101.57
2087.5,945.380004882813,42347475503677.8,3887757396609.1
2089.0625,945.921903170073,42017450282810.7,3845672601682.08
2090.625,946.329956054688,42252759249426.5,3843513124229.77
2092.1875,947.013488769531,41805273094605.4,3871774026712.78
2093.75,947.391453334264,41673049013970.2,3889778109091.72
2095.3125,947.989990234375,41501588429285.6,3868192343348.66
2096.875,948.22998046875,41271782694883.7,3872104194364.11
2098.4375,948.746103140024,41061852707329.1,3818297538064.64
2100,949.180053710938,40791544352857,3900183044083.6
2101.5625,949.890014648438,40812719617118.8,3856949688434.25
2103.125,950.331186523438,40615601272892.8,3855547407818.69
2104.6875,950.719970703126,40124393265706.5,3816399801787.4
2106.25,951.550048828125,40075755063784.6,3835065245216.47
2107.8125,951.550048828125,39861440899365.2,3916892708269.25
2109.375,952.260009765625,39733288150313.5,3901100365020.69
2110.9375,952.72998046875,39531326624339,3863775119761.6
2112.5,952.969970703125,39325960920388.6,3828597484587.71
2114.0625,953.881645507813,39136990766619.6,3865680020430.47
2115.625,954.160034179688,39174983294954.5,3838506461216.23
2117.1875,954.869995117188,38702052487860.4,3871465075173.41
2118.75,955.109985351563,38847541514355,3786968863785.07
2120.3125,955.819946289063,38736139814263.8,3857075957761.34
2121.875,955.579956054688,38435630576577.8,3840075377698.75
2123.4375,956.2900390625,38147280464543,3815403865083.55
2125,957.010009765625,38120782998636.1,3824420525345.08
2126.5625,957.47998046875,37888065443565.8,3884540440527.53
2128.125,958.18994140625,37806465033178.9,3803571158935.33
2129.6875,958.328467735878,37713352839647.3,3943094090759
2131.25,959.140014648438,37763535180869.5,3804435180983.98
2132.8125,959.380004882813,37260978338780.8,3879645597246.31
2134.375,959.849975585938,37067130769286.2,3804756779190.2
2135.9375,960.329956054688,36721964231939.8,3849319404546.04
2137.5,960.809936523438,36737239210744.4,3876260403665.59
2139.0625,961.280029296875,36568267635434.1,3814286150510.24
2140.625,961.760009765625,36314906517758.7,3851722595709.46
2142.1875,962.322284405048,36080821092992.7,3882977315595.84
2143.75,962.93994140625,36253004926136.1,3811210181427.4
2145.3125,963.122426757813,36070188404497.3,3766838489355.06
2146.875,963.890014648438,35878695738710.4,3775929329163.76
2148.4375,964.369995117188,35698035564072.7,3809877646821
2150,964.839965820313,35633121677133.5,3839028698318.62
2151.5625,965.319946289063,35152382524810.2,3851934261091.45
2153.125,965.559936523438,35110159668998,3766975742827.97
2154.6875,966.27001953125,34930725063960.6,3748436316802.61
2156.25,966.97998046875,34953979302678.5,3851049348756.88
2157.8125,967.4599609375,34595346802093.2,3869740777227.49
2159.375,967.4599609375,34328507603691.1,3793411155353.79
2160.9375,968.170043945313,33927689222755.8,3786586244396.55
2162.5,968.650024414063,34036319069345,3839625445753.29
2164.0625,969.130004882813,33853349799783.4,3759248579563.4
2165.625,969.599975585938,33827553861173.3,3818746411420.73
2167.1875,970.319946289063,33484737564684.3,3819272590345.45
2168.75,971.030029296875,33582446493174.7,3802659766493.05
2170.3125,971.27001953125,33225577444227,3762787932765.6
2171.875,971.739990234375,33038409522890,3750300204046.9
2173.4375,972.219970703125,32767160577517.3,3812058238039.62
2175,972.930053710938,32819698057794.9,3797718802499.09
2176.5625,973.154404296876,32498664769535,3815695530381.85
2178.125,973.410034179688,32229397166590,3822486490999.12
2179.6875,974.049231896034,32050358106736.3,3731729327812.62
2181.25,974.839965820313,31766432247457.2,3742921617130.8
2182.8125,975.309936523438,31713709458653.3,3773849510700.28
2184.375,975.7900390625,31369644900879.7,3755588590310.39
2185.9375,976.27001953125,31252877692664.6,3716462241445.41
2187.5,976.64142717634,31223955416148.2,3741991772307.88
2189.0625,977.183049128606,30827492723975.2,3723960495733.15
2190.625,977.699951171875,30675059352733.1,3788970887990.17
2192.1875,977.7671484375,30612601945680.7,3765119260932.64
2193.75,978.650024414063,30620860400730.9,3687793660391.39
2195.3125,979.130004882813,30348865232314.1,3781147159134.97
2196.875,979.359985351563,30152129193108.3,3740226363212.71
2198.4375,979.839965820313,29810097945323,3717781818562.38
2200,980.319946289063,29850352587216.4,3672746062323.57
2201.5625,980.800048828125,29477213622444.5,3728543881967.52
2203.125,980.96923828125,29453075777247.4,3728580589546.34
2204.6875,981.989990234375,29346293185009.4,3746853614386.49
2206.25,982.4599609375,29057895989761.2,3706875978813.38
2207.8125,982.93994140625,28800593270527.3,3773264176650.03
2209.375,983.420043945313,28758597194174.7,3670343571998.93
2210.9375,983.900024414063,28649971978955.9,3668834615368.24
2212.5,984.130004882813,28569689032422.4,3681249134051.68
2214.0625,984.849975585938,28319652484876.3,3805340432624.68
2215.625,985.329956054688,28122817088495.9,3726760703792.1
2217.1875,985.569946289063,27915195353394.5,3693475907842.39
2218.75,986.280029296875,27837314526156,3651848553639.52
2220.3125,987,27637228562074.6,3673013490643.11
2221.875,987.239990234375,27619420166861.5,3730644515882.63
2223.4375,987.901953125,27280770067866.4,3759530035330.25
2225,988.18994140625,27271117920257.2,3709262439726.29
2226.5625,988.226872370794,26955871067359.5,3694763521617.48
2228.125,988.881235351563,26970469191958,3675906601241.97
2229.6875,989.840786132813,26867315035511.6,3714913155373.73
2231.25,990.099975585938,26806933057112.7,3682394840834.48
2232.8125,990.637553710938,26620214788620.7,3649844682032.03
2234.375,991.059936523438,26512567223935.6,3668998446790.17
2235.9375,991.77001953125,26170889697963.8,3689365815829.6
2237.5,992.25,25732268113047.9,3730614791064.8
2239.0625,992.72998046875,26044183700616.7,3700198695816.52
2240.625,993.2099609375,25821409380937.7,3722657888130.1
2242.1875,993.680053710938,25583980266962.6,3675316228556.8
2243.75,994.06773024339,25493260625991,3692774418751.17
2245.3125,994.640014648438,25346621978701.8,3608154784916.97
2246.875,995.119995117188,25287829904541.9,3633906995282.61
2248.4375,995.599975585938,24950346649474.1,3608905449687.16
2250,996.069946289063,25043162169285.7,3592228178110.33
2251.5625,996.550048828125,24678229540728.4,3639424080116.92
2253.125,996.863882211539,24717366835003.3,3618373298777.52
2254.6875,997.510009765625,24386740138102.2,3567511564044
2256.25,997.989990234375,24582862692509.1,3549583909004.34
2257.8125,998.7099609375,24404563938808.4,3584543226731.45
2259.375,999.180053710938,24248915093647.4,3604853847001.43
2260.9375,999.180053710938,24192091221481.7,3663597892751.03
2262.5,999.420043945313,24281100812257.4,3664680756725.4
2264.0625,1000.55538236178,23888645873112.8,3672216191269.64
2265.625,1000.61999511719,24094252538370.4,3579431263694.29
2267.1875,1001.5522648738,23731883661498.3,3554167784910.2
2268.75,1001.6445688101,23609914731797.3,3633488920665.54
2270.3125,1002.53002929688,23690677747619.2,3590799217441.1
2271.875,1003.01000976563,23489539002200.6,3570795961641.81
2273.4375,1003.29615196815,23298776795404.4,3606036210802.09
2275,1003.48999023438,23309798996307.4,3600971507323.27
2276.5625,1004.2099609375,23153668301477,3568873037597.57
2278.125,1005.17004394531,23128309443841.3,3563499352136.02
2279.6875,1005.07774000901,22991345238967.2,3616455726615.17
2281.25,1005.89001464844,22936606654372.4,3533062683585.45
2282.8125,1006.60998535156,22828122652160.7,3549082209637.24
2284.375,1006.83996582031,22587594959038.6,3567249886533.42
2285.9375,1006.83996582031,22481522719861.8,3587293442800.38
2287.5,1007.55993652344,22282205552122,3582126698385.28
2289.0625,1008.28002929688,22231139163716.3,3600883136199.1
2290.625,1008.67361328125,22361308340877.6,3553448921916.48
2292.1875,1009.23999023438,22190822660734.8,3531731412424.53
2293.75,1009.844765625,22113883291148.3,3523818445940.3
2295.3125,1009.71997070313,21939112638772.3,3607580421631.7
2296.875,1011.16003417969,21951954195717.2,3584283093279.38
2298.4375,1011.16003417969,21603177697699.7,3511970619796.38
2300,1011.40002441406,21556757488444.1,3584693492165.33
2301.5625,1011.80616173378,21348839374495.2,3578553691329.86
2303.125,1012.59997558594,21335222105124.1,3580591635168.77
2304.6875,1012.59997558594,21213165801221.9,3569297226202.21
2306.25,1013.55993652344,21250132303712.9,3500102257622.92
2307.8125,1014.28002929688,21054918857559.7,3586419053870.37
2309.375,1014.28002929688,21179998800051.7,3491812939497.58
2310.9375,1014.92615685096,20990712157034.2,3550283078523.66
2312.5,1015.47998046875,20992070243969.2,3542791568823.61
2314.0625,1015.73843149039,20868959463299.9,3565233051191.38
2315.625,1016.19995117188,20938494701596.1,3574457815676.64
2317.1875,1016.68005371094,20798438319203.9,3521180408868.69
2318.75,1017.40002441406,20801824378163.5,3561759079388.64
2320.3125,1018.08307354267,20635387830716.5,3505292945107.17
2321.875,1018.11999511719,20489244371000.8,3532202383301.78
2323.4375,1018.83996582031,20500725490715.7,3601016021292.91
2325,1019.30074707031,20392263882947.1,3557049080312.75
2326.5625,1020.0400390625,20362274154958.5,3537025524276.89
2328.125,1020.0400390625,20256305797059.1,3554700644631.44
2329.6875,1020.52001953125,20101482136707,3564354909564.13
2331.25,1021.23999023438,20210152179634.5,3485732891857.29
2332.8125,1021.71997070313,20126237596965.2,3481567897617.39
2334.375,1022.19995117188,20110093709355.9,3491370428454.14
2335.9375,1022.89235276442,20019012958602.6,3576594026057.23
2337.5,1023.16003417969,20026801938487.3,3502064786414.75
2339.0625,1023.64001464844,19786248723366.5,3512478009358.88
2340.625,1024.11999511719,19821105375765.8,3494435423099.58
2342.1875,1024.59997558594,19646146820957.3,3493555490996.4
2343.75,1025.07995605469,19633359851453.9,3557879218157.01
2345.3125,1025.56994628906,19548573649260.9,3578865571593.48
2346.875,1026.05004882813,19481263726340.5,3515278768412.33
2348.4375,1026.2900390625,19402239588051.3,3494529126422.54
2350,1027.01000976563,19464673530302.5,3530501098329.05
2351.5625,1027.50845102163,19277656896338.9,3421630047916.99
2353.125,1027.96997070313,19319945639419.9,3467115340939.6
2354.6875,1028.37610802284,19261632288587,3512226660739.09
2356.25,1028.93005371094,19019464827415.5,3552235479615.01
2357.8125,1029.44431849889,19105116455155.4,3407530667961.9
2359.375,1030.14001464844,19115673023321,3481339217549.6
2360.9375,1030.38000488281,18770571397169.9,3491392779730.92
2362.5,1030.56461275541,18763837189509.6,3509142758724.59
2364.0625,1031.33996582031,18959275936066.7,3496825466408.63
2365.625,1031.81994628906,18785943455439.4,3422797028484.94
2367.1875,1032.30004882813,18705378604665.2,3447398491198.44
2368.75,1032.78002929688,18664294333890,3475695155721.93
2370.3125,1033.27001953125,18668865306897.7,3414658481272.04
2371.875,1033.75,18592029783465.9,3447696806314.35
2373.4375,1034.22998046875,18308869885655.8,3395949847039.82
2375,1034.7099609375,18508374115918.4,3435522249222.88
2376.5625,1035.18994140625,18428100356142.6,3517345387144.45
2378.125,1035.73735163762,18351243100146.8,3480209224767.49
2379.6875,1036.40002441406,18383657039228.3,3341198729286.45
2381.25,1036.74154897837,18157323682023.7,3446327345491.92
2382.8125,1037.11999511719,18198799848049.6,3461475161385.42
2384.375,1037.97436035156,18105194717962.1,3409569058032.72
2385.9375,1038.32995605469,18145744907113.3,3440118077167.71
2387.5,1038.74273925781,18105273009837,3420300409056.71
2389.0625,1039.05004882813,18041646165147.2,3388513194170.46
2390.625,1039.53002929688,18017767009380.6,3339119000712.72
2392.1875,1040.01000976563,17821814860978.6,3425843169459.06
2393.75,1040.5,17847903546292.1,3364248546426.79
2395.3125,1040.97998046875,17801811527850.7,3400328789231.1
2396.875,1041.69995117188,17832201407656,3473562385086.72
2398.4375,1042.1061730018,17717169682696,3416332912722.89
2400,1042.67004394531,17739243878667.7,3410016820655.85
2401.5625,1042.91003417969,17565723992909.2,3396453009731.48
2403.125,1043.35573032924,17785618470984.2,3352650522185.8
2404.6875,1044.10998535156,17497628512375.8,3437927566341.79
2406.25,1044.59997558594,17402922707911.1,3356001574218.17
2407.8125,1044.60920597957,17590606530737,3405215909254.79
2409.375,1045.55993652344,17672124430469.4,3381160788972.15
2410.9375,1045.55993652344,17317278599526.6,3342114482210.94
2412.5,1046.2900390625,17417368976569.3,3396717079171.59
2414.0625,1046.77001953125,17239106470815.6,3338058590922.05
2415.625,1047.25,17355685797567.1,3313965376669.17
2417.1875,1047.48999023438,17378763044588.5,3419989896850.24
2418.75,1048.21997070313,17394096725396.6,3355719937276.64
2420.3125,1048.69995117188,17192585671061.3,3397596192727.73
2421.875,1049.43005371094,17279406362349.4,3438363866538.3
2423.4375,1049.67004394531,17124021591855.6,3408766063707.05
2425,1050.04849008413,16957074388151.7,3366043638161.42
2426.5625,1050.63000488281,17091353573023.6,3354063231728.27
2428.125,1051.14879394531,17116607761098.1,3288526372366.97
2429.6875,1051.82076660156,16939324878289,3374224921440.5
2431.25,1051.83996582031,16970854234545.4,3349337132224.59
2432.8125,1052.56994628906,16906021952997,3385856936653.86
2434.375,1053.2900390625,17204715962601.2,3402354808774.03
2435.9375,1054.02001953125,16841553368486.7,3374082461031.92
2437.5,1054.03921875,16805526626136.5,3288920138872.67
2439.0625,1054.62922551082,16722895576882.9,3377069588903.35
2440.625,1055.46997070313,16790840420117.6,3348673527384.78
2442.1875,1055.7099609375,16675120619859.7,3330987453224.63
2443.75,1055.94995117188,16481001606811.6,3402462422169.97
2445.3125,1056.68005371094,16578387368742,3314089057170.98
2446.875,1056.92004394531,16638067706662.8,3348560457546.29
2448.4375,1057.41003417969,16571579408527.1,3345584582950.89
2450,1057.89001464844,16540432544938.5,3318161963455.9
2451.5625,1058.61999511719,16554380579591.4,3347950750184.61
2453.125,1058.85998535156,16431186787557.7,3348174451581.42
2454.6875,1059.51275878906,16434461721235.4,3345698103021.86
2456.25,1060.06994628906,16488590752267.4,3341877434630.23
2457.8125,1060.55004882813,16319647905249.6,3336817061880.9
2459.375,1061.50155874399,16491390195470.7,3260750797913.32
2460.9375,1061.52001953125,16463401893253.4,3285338589301.48
2462.5,1062.01000976563,16304655170379.2,3318264168874.17
2464.0625,1062.16360351563,16344055784755,3344061531496.67
2465.625,1063.03727839544,16362071166357.4,3237177369775.69
2467.1875,1063.4599609375,16230570283053.9,3312702326338.93
2468.75,1063.69995117188,16420860522895.6,3277162855330.09
2470.3125,1064.17071063702,16435242233456,3294450663659.27
2471.875,1065.16003417969,16287301505190,3290996525721.29
2473.4375,1065.40002441406,16263885812989.3,3263787351159.17
2475,1065.64001464844,16151577366341,3231358951846.83
2476.5625,1066.36999511719,16096206329431.1,3303119411311.13
2478.125,1066.84997558594,16105295737979.2,3352248240645.3
2479.6875,1067.33996582031,16091606433368.7,3374196389699.54
2481.25,1067.81994628906,16032638277257.1,3280437919198.46
2482.8125,1068.06994628906,16105898218931.8,3313025486974.11
2484.375,1068.7900390625,16050973448089.7,3308271561670.17
2485.9375,1069.14157339243,16084056847500.3,3309772372651.23
2487.5,1070.01000976563,15987295372698.4,3297343799655.55
2489.0625,1070.25,15773134710195.2,3268558532702.46
2490.625,1070.72998046875,15959715586947.3,3267147563565.06
2492.1875,1071.21997070313,15796439932952.7,3274688385938.47
2493.75,1071.4599609375,15848213088984.2,3239466468895.66
2495.3125,1071.4599609375,15840152755102.7,3316142433936.09
2496.875,1072.68005371094,15770207851618.1,3245481586960.67
2498.4375,1073.16003417969,15768215934998.3,3280787443983.23
2500,1073.40002441406,15862953864095.6,3310913253929.36
2501.5625,1073.94761230469,15718457936027.6,3291600143231.11
2503.125,1074.13000488281,15755522376949.1,3333611760084.09
2504.6875,1075.09997558594,15767035881909.9,3353146854120.47
2506.25,1075.58996582031,15900185634612.6,3278213996155.5
2507.8125,1075.82995605469,15733704477458.7,3286004298470.27
2509.375,1076.55993652344,15571833726712.5,3249580183127.31
2510.9375,1077.21619591346,15427069824476.8,3250358832977.92
2512.5,1077.2900390625,15629815180983.8,3325398663504.84
2514.0625,1078.26000976563,15654139313198,3306288651630.06
2515.625,1078.63461538462,15627431959023.9,3252404147645.48
2517.1875,1078.98999023438,15571801802923.4,3216680176694.33
2518.75,1079.47998046875,15528478279703.8,3296316024300.63
2520.3125,1079.9599609375,15471270231621.6,3311983505639.56
2521.875,1080.44995117188,15534608441005.7,3222180043152.23
2523.4375,1080.93994140625,15484380638657.4,3241554314564.15
2525,1081.42004394531,15452573342307.6,3254224991527.31
2526.5625,1081.91003417969,15454985186809.1,3278400808271.08
2528.125,1082.39001464844,15473103768237.8,3263918077824.53
2529.6875,1082.88000488281,15469341264751.8,3197032709302.32
2531.25,1083.11999511719,15251209952936.5,3209718849418.47
2532.8125,1083.60998535156,15373156598379.8,3253181595063.26
2534.375,1084.09997558594,15468848327292.6,3229004145345.24
2535.9375,1084.99610314002,15190262545394.4,3267267229134.45
2537.5,1085.30993652344,15226870895382.2,3253612230080.17
2539.0625,1084.82995605469,15270095253849.5,3157281127595.8
2540.625,1086.2900390625,15220604728043.7,3282840291902.51
2542.1875,1086.53002929688,15380852781908,3250349454594.54
2543.75,1087.26000976563,15201929872909.3,3243271091704.33
2545.3125,1087.51000976563,15109937447738.9,3259489175412.5
2546.875,1088.15345177284,15187870041804.9,3235431973537.32
2548.4375,1088.71997070313,15047672877401.1,3212422473495.82
2550,1089.2099609375,14976660884496.7,3251213177566.71
2551.5625,1089.44995117188,15039851438743,3356025447707.75
2553.125,1090.18994140625,15050513847353.2,3260232266433.11
2554.6875,1090.43005371094,15045509737481.9,3205568580807.37
2556.25,1091.16003417969,15084898578109.5,3279852277179.9
2557.8125,1091.53463979868,14955724227444.1,3293168604225.75
2559.375,1092.17000488281,15097917764646.6,3248380062093.7
2560.9375,1092.61999511719,14977846447881.3,3191957050204.42
2562.5,1093.10998535156,14866465099091.8,3294591035677.37
2564.0625,1093.34997558594,14782550060503.3,3323038641073.44
2565.625,1094.07995605469,15069334198072.9,3235948051016.39
2567.1875,1094.56994628906,14808864804983.3,3221890484589.78
2568.75,1095.05993652344,14762448962366.2,3185099165960.93
2570.3125,1095.55004882813,14672628229189,3254427801219.08
2571.875,1096.0400390625,14851602545082.5,3212584666424.21
2573.4375,1096.45282226563,14894302349790.6,3179956468239.52
2575,1096.77001953125,14867268700135.6,3210353143197.28
2576.5625,1097.5,14826767794223.5,3196188495294.32
2578.125,1097.98999023438,14673365380626,3217619179833.73
2579.6875,1098.47998046875,14747727330737,3200552111960.93
2581.25,1098.71997070313,14611234417989.9,3226880924229.65
2582.8125,1099.14265324519,14438814756363.4,3199321600558.59
2584.375,1099.76456392729,14753958038317.1,3219828131405.1
2585.9375,1100.43005371094,14771297994879.8,3225934115067.2
2587.5,1100.92004394531,14591114725095.7,3185445576786.11
2589.0625,1101.16003417969,14516704339038.2,3290512653860.62
2590.625,1101.89001464844,14590268091802.6,3206862934473.39
2592.1875,1102.14001464844,14479209802454.4,3152743188357.36
2593.75,1102.63000488281,14468034803357.9,3213103236077.16
2595.3125,1103.11999511719,14417446823290.5,3241334027240.13
2596.875,1103.59997558594,14585150910637.8,3257251934629.38
2598.4375,1104.18611966646,14388227199410.1,3203543978942.38
2600,1104.59995605469,14431098200824.4,3188543662856.82
2601.5625,1105.06994628906,14469810672190.2,3236746285022.53
2603.125,1105.80004882813,14315322635030.1,3266891313193.51
2604.6875,1106.18850473257,14628998195634.7,3306718943812.34
2606.25,1106.73203125,14430343965207.8,3257308239550.27
2607.8125,1106.5400390625,14565456760236.3,3279543585730.37
2609.375,1107.60641601563,14360774417476.8,3198967764222.68
2610.9375,1108.25,14188186166652.8,3274056162736.86
2612.5,1108.73999023438,14375130616929.9,3334094751370.69
2614.0625,1108.97998046875,14180158507420.3,3243209324509.65
2615.625,1109.22998046875,14158629063860.2,3237382024562.46
2617.1875,1109.9599609375,14116380991983.9,3234120714059.39
2618.75,1110.2099609375,14210675548916.3,3218629290132.24
2620.3125,1111.18005371094,14032717397431.3,3255673444167.62
2621.875,1111.67004394531,14069947064843,3239944138381.8
2623.4375,1112.0400390625,14273403657539.9,3211332861185.59
2625,1112.38118802584,14297630497161.7,3279996643063.38
2626.5625,1112.74002441406,14188530639220.6,3274239774772.38
2628.125,1113.39001464844,14176566631953.7,3262856478400.59
2629.6875,1113.63000488281,14276235863193,3292753028149.85
2631.25,1114.53614220252,14073802960019.1,3191172714900.37
2632.8125,1114.60998535156,14220892393350.8,3264610943125.21
2634.375,1115.09997558594,14136709864281.1,3159792695112.97
2635.9375,1115.83996582031,14205055636572,3277453885110.37
2637.5,1116.32995605469,14312237639005.5,3157383129381.33
2639.0625,1116.56994628906,14131789836091.6,3284934423973.26
2640.625,1117.25224421575,14217481725664.7,3206426131927.8
2642.1875,1117.55004882813,14019158644181.1,3165012216166.46
2643.75,1118.0400390625,14002840951950.5,3279474243940.76
2645.3125,1118.53002929688,14026960683371.7,3273574555133.51
2646.875,1119.02001953125,14087790091772.3,3269134571548.54
2648.4375,1119.76000976563,14002871638374.1,3165965935587.13
2650,1120,13995352207681.4,3258554668831.82
2651.5625,1120.73999023438,14056199273325.5,3325394706727.21
2653.125,1120.97998046875,14074167469642.8,3299600726928.89
2654.6875,1121.47998046875,13840560536533.2,3272401635154.4
2656.25,1122.13611778846,13769642900087.7,3237688389492.72
2657.8125,1122.4599609375,13857894758999.4,3244241424981.08
2659.375,1123.18994140625,13744968287195.8,3250355971363.69
2660.9375,1123.43994140625,13548575965328.7,3280761667771.61
2662.5,1123.93005371094,13840927012231.1,3189027394271.95
2664.0625,1124.42004394531,13851282093940.6,3265708240804.35
2665.625,1125.16003417969,13620003660126.2,3254759306465.93
2667.1875,1125.40002441406,13825120118197.9,3317732222662.32
2668.75,1125.89001464844,13751239260262.2,3285833175239.03
2670.3125,1126.49000488281,13514469453174.8,3244288003616.08
2671.875,1126.64846567007,13664757804482.1,3215102840289.08
2673.4375,1127.11999511719,13677016439047.3,3188285930463.76
2675,1127.60998535156,13610330538252.6,3208289763470.27
2676.5625,1128.09997558594,13505391771603.5,3218590170115.61
2678.125,1128.83996582031,13470287244971.5,3211981961439.47
2679.6875,1129.32995605469,13506936614800.1,3284492113854.41
2681.25,1130.06994628906,13606395625894.2,3159519354029.25
2682.8125,1130.06994628906,13502850599277.8,3218701266511.51
2684.375,1130.55993652344,13469745159356.5,3251848336560.2
2685.9375,1131.30004882813,13378700227071.8,3285019291938.86
2687.5,1131.7900390625,13373136565411,3149657545496.54
2689.0625,1132.28002929688,13314547515521.7,3225296108099.57
2690.625,1132.76078913762,13225069814535.3,3213606491318.4
2692.1875,1133.26000976563,13286759686394.9,3157381176862.45
2693.75,1133.76000976563,13295290294019.3,3175474394970.49
2695.3125,1134,13206084586466.7,3214744584079.61
2696.875,1134.48999023438,13323837941439,3212805567033.57
2698.4375,1134.73999023438,13302787579598.3,3188523953250.5
2700,1135.71997070313,13033884410843.8,3230983370288.4
2701.5625,1135.96997070313,13006692427561,3197569773369.41
2703.125,1136.4599609375,13019502875808.6,3200714220996.64
2704.6875,1136.4599609375,13094292412680.5,3173512707475.56
2706.25,1137.68994140625,13086190020476.5,3234992625269.91
2707.8125,1137.93994140625,13155123103334.2,3238767158123.75
2709.375,1138.43005371094,13096312994281.5,3229732935987.63
2710.9375,1138.92004394531,12977383197256.6,3244469781077.67
2712.5,1139.37196702223,13063238949139.9,3164457633822.23
2714.0625,1139.91003417969,12863635723461,3099926419238.73
2715.625,1140.40002441406,13164400339346.9,3251372827076.84
2717.1875,1141.01501464844,12972667222499.9,3190251532257.38
2718.75,1141.39001464844,12863241389351.4,3242807587269.53
2720.3125,1141.88000488281,12970584524854.8,3188451265116.2
2721.875,1142.36999511719,13035290431846.1,3149098444897.81
2723.4375,1143.10998535156,13007887885200.1,3156527218196.74
2725,1143.10998535156,12774284686028.7,3137866532083.05
2726.5625,1143.80997558594,12778418184992,3186540618850.37
2728.125,1144.33996582031,12914150690008.1,3117057741345.64
2729.6875,1144.83996582031,12694665969235.5,3179514298100.06
2731.25,1145.48380220854,12838067985720.5,3191469574346.01
2732.8125,1145.57995605469,12836476483374.6,3173883621948.64
2734.375,1145.81994628906,12689988559109.9,3207047122384.42
2735.9375,1146.80993652344,12643081602863.7,3161950227979.91
2737.5,1147.26083984376,12646521554620.9,3145201040664.34
2739.0625,1147.41004882813,12795916721762.5,3156548428586.21
2740.625,1148.0400390625,12707894414988.6,3184467412131.41
2742.1875,1148.5400390625,12724046559234,3122970005866.65
2743.75,1148.63803710938,12560189359168.1,3141815735109.62
2745.3125,1149.28002929688,12570539615134.6,3211864176891.1
2746.875,1150.02001953125,12646049765769.9,3183655170015.24
2748.4375,1150.70231745794,12704214767225.6,3209747699069.58
2750,1151.01000976563,12499219693858.4,3129547143895.96
2751.5625,1151.48076923077,12645867030735.7,3210602443716.98
2753.125,1151.98999023438,12584722395210,3171179657592.68
2754.6875,1152.48999023438,12414630925571.8,3210967702876.06
2756.25,1152.97998046875,12581989951547.7,3156241103885.82
2757.8125,1153.14344200721,12483326834275.7,3206435606164.49
2759.375,1153.71997070313,12549710269972.7,3166271596090.75
2760.9375,1154.21997070313,12393438817548.7,3255060218346.66
2762.5,1154.7099609375,12403201185084.9,3218647270497.33
2764.0625,1155.19995117188,12476780203494.9,3152915099499.89
2765.625,1155.69995117188,12586979201127.6,3155965469889.46
2767.1875,1156.43994140625,12311525761084.9,3266322821104.06
2768.75,1156.93005371094,12321201045831.5,3223724634822.74
2770.3125,1157.18005371094,12332896200352.1,3265036760021.92
2771.875,1157.43005371094,12440607066193.3,3173744575629.31
2773.4375,1158.42004394531,12238751016484,3196799507116.51
2775,1158.76234788161,12228157130661.5,3116047225605.96
2776.5625,1159.16003417969,12496088069472.8,3174583152541.29
2778.125,1159.602341872,12298356488132.2,3177654509900.13
2779.6875,1160.15002441406,12296792724591,3162118270560.97
2781.25,1160.65002441406,12139889925584.5,3267861124055.47
2782.8125,1161.14001464844,12468686587737.4,3223620960359.43
2784.375,1161.62078387921,12367268728642.5,3169551540344.89
2785.9375,1162.38000488281,12304584672060.1,3182231252945.97
2787.5,1162.63000488281,12232932731332.8,3252059674730.76
2789.0625,1163.07999511719,12278805067200.3,3196792643907
2790.625,1163.61999511719,12380541716857.7,3147497895598.9
2792.1875,1164.10998535156,12327098735024.8,3161693357895.37
2793.75,1164.60998535156,12291051976518.8,3182947044055.48
2795.3125,1165.34997558594,12261393809567.6,3206636978284.32
2796.875,1165.09997558594,12265045757469.9,3317201045458.71
2798.4375,1165.83996582031,12333355161278,3231593972871.95
2800,1166.58996582031,12005079954061.2,3197463481670.72
2801.5625,1166.92303936298,12091878281532.1,3164953780714.45
2803.125,1167.57995605469,12169530651438.3,3210944322395.92
2804.6875,1167.82995605469,12137080572809.2,3302416290217.86
2806.25,1168.31994628906,12054787644050.7,3198826789233.52
2807.8125,1168.56994628906,11989586545974.4,3255891952252.1
2809.375,1169.06994628906,12078198179277.3,3167920854539.82
2810.9375,1169.80993652344,12214894118999.2,3204054552565.55
2812.5,1170.05993652344,12108531911807.5,3142999390754.05
2814.0625,1170.80004882813,12050989008148.1,3118997323545.68
2815.625,1171.30004882813,11964353164903.9,3207649895382.79
2817.1875,1171.7900390625,12129735096188.4,3205462914450.17
2818.75,1172.2900390625,12069935376667.3,3226407766225.6
2820.3125,1172.5400390625,12087812895912,3270660335415.9
2821.875,1173.28002929688,12191474084129.1,3145761211611.1
2823.4375,1173.78002929688,12051715801196.3,3128886581587.87
2825,1174.03002929688,12112775937858.9,3240754550243.94
2826.5625,1174.77001953125,12016147404370.5,3175941800713.51
2828.125,1175.02001953125,12144280118228,3159802275103.28
2829.6875,1175.52001953125,12153432668682.7,3276312384401.44
2831.25,1176.01000976563,11830238987207.8,3224059678296.31
2832.8125,1176.76000976563,12168767960610.2,3146975200893.38
2834.375,1177.01000976563,12146227946620.7,3224702178629.06
2835.9375,1177.36715262277,12189786447638.6,3186713002222.08
2837.5,1178,12249469500511.1,3175778515757.96
2839.0625,1178.29,11943774021757.2,3278945373659.22
2840.625,1179.23999023438,11941010524700.9,3251125420772.26
2842.1875,1179.48999023438,12049906583727.3,3181361852345.16
2843.75,1179.73999023438,12041780107125.9,3203865088374.33
2845.3125,1180.23999023438,11995025936824.2,3217217934145.25
2846.875,1180.73999023438,11875278028170.5,3183754593221.03
2848.4375,1181.47998046875,11991240571331.7,3198350948394.51
2850,1181.72998046875,12024499372253.7,3248400257971.98
2851.5625,1182.33998046875,11897338895037.2,3209130293920
2853.125,1182.72998046875,11848595741865.1,3258434023238.52
2854.6875,1183.21997070313,12034390719294.9,3167126594807.53
2856.25,1183.71997070313,12033161505690.8,3314529567373.52
2857.8125,1183.71997070313,11816032523342.7,3222106022615.76
2859.375,1184.46997070313,12083945820620.1,3211541244911.52
2860.9375,1185.2099609375,12049894189512.9,3196908519273.94
2862.5,1185.7099609375,11949954435920.9,3275799085600.78
2864.0625,1186.2099609375,11897717301139.8,3221692757528.44
2865.625,1186.7099609375,11908244840913.1,3261424170559.8
2867.1875,1186.5199609375,11950438516281.4,3198302200726.14
2868.75,1187.69995117188,11857337360423.8,3277488988839.46
2870.3125,1187.94995117188,11784424639471.3,3241894626714.63
2871.875,1188.50764347957,12066941154579.6,3297910359121.56
2873.4375,1188.94995117188,11721605243496.4,3163586045123.18
2875,1189.69995117188,11813363800209.1,3213232160602.01
2876.5625,1189.94995117188,11753723800479.8,3205193086135.95
2878.125,1190.43994140625,11968451166519.8,3253931436955.01
2879.6875,1190.93994140625,11948688832739.8,3186464041231.86
2881.25,1191.43994140625,11825716609768.9,3263533184042.49
2882.8125,1191.93994140625,11911674558200.8,3226482158225.8
2884.375,1192.43994140625,11785968938304.3,3221201505792.78
2885.9375,1192.68994140625,11766283742168.2,3275326581360.99
2887.5,1193.33417217548,11726781634915.7,3298329339617.24
2889.0625,1193.68005371094,11893987021654,3251074126941.69
2890.625,1193.93005371094,11731527636062.5,3308048211478.58
2892.1875,1194.72813063402,11904949744168.8,3215753668891.8
2893.75,1194.93005371094,11776681286702.9,3274515405313.34
2895.3125,1195.93005371094,11635729210376.4,3208670717493.32
2896.875,1196.15005371094,11731534840700.9,3317657502347.67
2898.4375,1196.80505371094,11735236608789.6,3276863237975.93
2900,1197.18005371094,11744222517082.3,3176715480418.32
2901.5625,1197.68005371094,11710377929359.5,3264612822126.46
2903.125,1197.68005371094,11841306024531.9,3257404397160.25
2904.6875,1198.68005371094,11643082713893,3303981401627.83
2906.25,1199.18005371094,11720746344761.7,3237882631875.68
2907.8125,1199.43005371094,11823424587968.1,3266877253881.99
2909.375,1200.17004394531,11765788076778.5,3305653841905.95
2910.9375,1200.42004394531,11782486786816.2,3183431164667.79
2912.5,1200.92004394531,11653160401529,3297299634798.37
2914.0625,1201.20850548377,11610618774564.1,3316666525342.93
2915.625,1201.67004394531,11717885902363.3,3280341401085.92
2917.1875,1202.42004394531,11938349561352.7,3233830835459.2
2918.75,1202.67004394531,11635001685841.7,3302567103133.58
2920.3125,1203.17004394531,11862647850548,3356169373778.79
2921.875,1203.91042856069,11689753282587.1,3287773868084.25
2923.4375,1204.17004394531,11630262693696.7,3285003490367.05
2925,1204.92004394531,11619952732658.3,3289571474638
2926.5625,1205.42004394531,11850631811435.2,3309639012478.13
2928.125,1205.67004394531,11676210744768.5,3242197192520.57
2929.6875,1206.12004394531,11488626597824.4,3338542152622.56
2931.25,1206.67004394531,11621236415071.3,3338311603143.25
2932.8125,1206.93005371094,11563034305287.8,3278832129569.04
2934.375,1207.54543832632,11652772014324,3312258579474.18
2935.9375,1207.93005371094,11495227850618.9,3332933095186.03
2937.5,1208.68005371094,11811953177306.6,3321991804103.37
2939.0625,1209.18005371094,11576726558766.1,3334751069489.17
2940.625,1209.43005371094,11605327491644.9,3312477251577.84
2942.1875,1209.43005371094,11728867542913.5,3332823812744.91
2943.75,1210.43005371094,11664818054592.6,3319696184920.36
2945.3125,1210.68005371094,11790062589341.6,3388191029465.26
2946.875,1211.18005371094,11855323583787.2,3309885337257.98
2948.4375,1211.60313063402,11774685948501,3256338440676.76
2950,1212.13005371094,11350104425934.1,3407077802149.22
2951.5625,1212.43005371094,11568221601319.1,3280492135962.17
2953.125,1213.43994140625,11643243450826.4,3361026388765.15
2954.6875,1213.9110952524,11672650594252.1,3316310540257.88
2956.25,1213.93994140625,11589184675178.7,3386820262546.01
2957.8125,1214.43994140625,11759680076390.4,3388831277657
2959.375,1214.93994140625,11522390326790.6,3378052955674.94
2960.9375,1215.48801832933,11679666103024.5,3437030666487.56
2962.5,1215.93994140625,11545935176973.5,3407601675811.57
2964.0625,1216.44995117188,11558931566675.8,3441431928118.88
2965.625,1216.69995117188,11589301948302.8,3432402245974.1
2967.1875,1217.19995117188,11689433856088.5,3434333384227.86
2968.75,1217.94995117188,11593867232468.2,3411006454535.11
2970.3125,1218.44995117188,11352902892539.6,3351900255916.77
2971.875,1218.94995117188,11772643169624.5,3389934128930.37
2973.4375,1219.38303786058,11581980500181.5,3376265451635.3
2975,1219.6599609375,11560311652679.1,3343329939894.61
2976.5625,1220.4599609375,11676444825871.7,3451427680976.38
2978.125,1220.7099609375,11673499651098.4,3417724413701.85
2979.6875,1221.2099609375,11716942035436.7,3437437851094.2
2981.25,1221.2099609375,11760068354646.1,3458947181744.29
2982.8125,1222.21035531851,11722803927050.5,3415578457284.82
2984.375,1223.21997070313,11585330967897.3,3432585174891.88
2985.9375,1223.17189378005,11709034435498.1,3308135543106.9
2987.5,1223.72998046875,11682063592021.4,3392839860962.83
2989.0625,1224.22998046875,11411613750739.3,3506365584699.77
2990.625,1224.72998046875,11565816002452.3,3411752240914.17
2992.1875,1225.22998046875,11574723476381.9,3469312327560.14
2993.75,1225.48999023438,11560690529585.4,3483732408908.04
2995.3125,1225.98999023438,11511786498992.6,3418385865216.61
2996.875,1226.48999023438,11511971557808.4,3489222196358.27
2998.4375,1226.98999023438,11592550650536.7,3485471767698.5
3000,1227.65,11422592485697.1,3481363832823.99
3001.5625,1228,11469599549201.4,3408667953777.31
3003.125,1228.25,11477224104007.7,3441818856763.72
3004.6875,1229.01000976563,11374255651215.8,3463415532467.08
3006.25,1229.38000976563,11463758729267.1,3502210037051.25
3007.8125,1229.76962515025,11524661552941.3,3434905838010.81
3009.375,1230.52001953125,11348453917453.4,3473715461204.81
3010.9375,1230.77001953125,11525806013342.9,3479968984287.66
3012.5,1231.27001953125,11345397910472.6,3447968882747.83
3014.0625,1231.78002929688,11267757878118.6,3528833037104.57
3015.625,1232.50002929688,11424648165500.7,3481958067410.44
3017.1875,1232.88003305289,11320187129445.1,3486095538303.22
3018.75,1233.2900390625,11399409788973.6,3501772172356.06
3020.3125,1233.7900390625,11505933757446.4,3418340295310.53
3021.875,1234.30004882813,11446322486099.8,3507638476446.93
3023.4375,1234.80004882813,11347636655369.4,3498673033528.45
3025,1235.55993652344,11362644895984.6,3538235897976.17
3026.5625,1235.80993652344,11281985363514.9,3390511600124.68
3028.125,1236.42532113882,11407548104833.9,3447130086881.14
3029.6875,1236.81994628906,11331650475863.8,3479398043272.9
3031.25,1236.81994628906,11425271986619.3,3548237369617.32
3032.8125,1237.39840932993,11280962217775.9,3477601429227.73
3034.375,1238.57995605469,11421063835891.6,3508004368162.52
3035.9375,1238.82995605469,11344117295989.7,3477275582764.05
3037.5,1239.08996582031,11327426028868.2,3559519438716.74
3039.0625,1239.83996582031,11291750252625.2,3570496685257.71
3040.625,1240.34997558594,11170117512449.5,3521928279616.01
3042.1875,1240.72497558594,11202913895371.9,3538390952336.48
3043.75,1240.84997558594,11265649693301.9,3451327921323.17
3045.3125,1241.60998535156,11328274493842.1,3521090353194.6
3046.875,1242.15999511719,11150303687448.6,3484977090946.4
3048.4375,1242.61999511719,11279542141662.9,3612295664326.36
3050,1243.13000488281,11071832418855.3,3590645466761.11
3051.5625,1243.86077411358,11041629886198.8,3558374018063.02
3053.125,1243.88000488281,11161173574977.7,3501303603934.91
3054.6875,1244.64001464844,11104413573753.3,3516563839209.8
3056.3515625,1245.15002441406,11092834527610.4,3509078293867.04
3057.9140625,1245.40002441406,10907456183359.7,3594091478537.83
3059.4765625,1246.13118802584,10777004842801.8,3529426503375.18
3061.0390625,1246.61403808594,10971221767061.5,3543270652162.13
3062.6015625,1246.92965932993,10945812369876.1,3514478416133.08
3064.1640625,1247.68005371094,10944918146853.6,3498868371707.19
3065.7265625,1247.7185152494,10981375584602.1,3534029094158.69
3067.2890625,1248.43994140625,10943824994967.3,3527607155391.84
3068.8515625,1248.93994140625,11008001288111.1,3579451030796.97
3070.4140625,1249.44995117188,10970656500479.4,3557108820203.05
3071.9765625,1249.94995117188,11102071807477.4,3578191932979.82
3073.5390625,1250.4599609375,10991956232767.8,3551524944894.73
3075.1015625,1250.96997070313,10940222838165.1,3550054457046.68
3076.6640625,1251.48037109376,11087419267031.4,3591497524596.95
3078.2265625,1252.22998046875,10930187488720.1,3530635075201.07
3079.7890625,1252.47998046875,10796405384915.3,3511295208262.42
3081.3515625,1252.73999023438,10937037016386.6,3515197951216.51
3082.9140625,1253.40999661959,10764317962491.2,3503377002614.57
3084.4765625,1254.26000976563,10805518722019.7,3581402537941.46
3086.0390625,1254.51000976563,10843977066444.1,3543582358342.52
3087.6015625,1254.76000976563,10679934524042.2,3619326455562.38
3089.1640625,1255.52001953125,10930447248882.1,3495044840319.66
3090.7265625,1256.03002929688,10593266263024.6,3569191049463.49
3092.2890625,1256.03002929688,10698480487629.4,3552492303461.57
3093.8515625,1257.05004882813,10590657416700.4,3551382252093.1
3095.4140625,1257.49004882813,10662025327470.3,3615014494747.5
3096.9765625,1257.90609036959,10631766619432.9,3578055340365.22
3098.5390625,1258.30993652344,10910716481729.1,3646451784618.95
3100.1015625,1258.70456167368,10629100102437.6,3599534815768.14
3101.6640625,1259.32995605469,10636477523119.3,3536110006061
3103.2265625,1259.83996582031,10662924303425.2,3514842543811.25
3104.7890625,1260.08996582031,10528957573433.9,3619074014980.34
3106.3515625,1260.59997558594,10494729483740.8,3527859010815.58
3107.9140625,1261.10998535156,10540326915675,3463951092491.12
3109.4765625,1261.86999511719,10536470109065.5,3551153070561.7
3111.0390625,1262.11999511719,10425361809559.4,3444308289806.29
3112.6015625,1262.87038949819,10423113574767.5,3581319360070.98
3114.1640625,1262.88000488281,10502478743893.1,3589269119923.62
3115.7265625,1263.64001464844,10455371870535.8,3536752180221.09
3117.2890625,1264.36003230168,10334131743333.3,3637306104512.68
3118.8515625,1264.66003417969,10393773575523.1,3550383666374.08
3120.4140625,1264.93004394531,10414439014295.2,3616506102454.59
3121.9765625,1265.80005371094,10282524095006.4,3527551404929.08
3123.5390625,1265.42004394531,10220042359309.4,3531210554699.44
3125.1015625,1266.94995117188,10220587982717.2,3504865185792.72
3126.6640625,1266.76840444712,10230832243576.4,3534917202348.21
3128.2265625,1267.4599609375,10034815585634.1,3569191566161.3
3129.7890625,1267.96997070313,10156399384538.1,3564576937028.37
3131.3515625,1268.25997070313,10079154644850.5,3578387192421.8
3132.9140625,1268.97998046875,10084965441054.3,3495728860765.13
3134.4765625,1269.75,10109437655845.5,3568175324716.01
3136.0390625,1270.26000976563,10129253360782.9,3538660886148.3
3137.6015625,1270.51000976563,10094157049574.5,3530619886009.78
3139.1640625,1270.76000976563,10087163599403.4,3544794719536.12
3140.7265625,1271.53002929688,10071114887734.2,3586680938074.55
3142.2890625,1272.24923828125,9933364971586.97,3550995023868.94
3143.8515625,1272.55004882813,10007499817296,3476100098445.33
3145.4140625,1273.05993652344,9875741180959.88,3486559897642.01
3146.9765625,1273.41208321708,9930136170145.46,3599528188081.4
3148.5390625,1274.02795410156,9816996274876.04,3523011849950.84
3150.1015625,1274.57995605469,9663192874929.03,3514710591099.58
3151.6640625,1274.57995605469,9581723248425.36,3523455101766.28
3153.2265625,1275.34997558594,9725854258504.68,3505103481502.07
3154.7890625,1275.85998535156,9783633861879.07,3523630615717.01
3156.3515625,1276.36999511719,9838763095617.93,3497989973611.32
3157.9140625,1276.88000488281,9561462791467.38,3496707009326.87
3159.4765625,1277.39001464844,9672290320383.53,3512587962539.13
3161.0390625,1277.90002441406,9543606916058.32,3555405278579.11
3162.6015625,1278.41003417969,9587896987398.4,3513844932259.37
3164.1640625,1279.17004394531,9564495800157.85,3532624050570.19
3165.7265625,1279.43005371094,9533951139105.55,3494500636842.04
3167.2890625,1279.71004075271,9488145534759.96,3478088413519.8
3168.8515625,1280.38264347957,9309320470950.05,3487266114347.26
3170.4140625,1280.7099609375,9571860597100.54,3540805531901.96
3171.9765625,1281.46997070313,9457879546325.06,3424117448039.24
3173.5390625,1281.57397460938,9490943907061.33,3475029045547.5
3175.1015625,1282.48999023438,9356268557197.3,3508735315441.78
3176.6640625,1283,9302185746765.33,3562383571672.96
3178.2265625,1283.51000976563,9399950310787.46,3481020140327.64
3179.7890625,1283.51000976563,9304924301758.79,3439838245101.2
3181.3515625,1284.28002929688,9457537574630.38,3483652976894.71
3182.9140625,1284.57850060096,9118674577845.65,3573089346974.67
3184.4765625,1285.45997971755,9232875630245.57,3492419675371.56
3186.0390625,1285.30004882813,9081184322890.93,3497237628462.1
3187.6015625,1286.32995605469,9104665447645.33,3552720832313.97
3189.1640625,1286.83996582031,8890347163898.04,3572200974972.97
3190.7265625,1287.08996582031,9208272788759.83,3510932487006.5
3192.2890625,1287.85998535156,8964051422578.2,3440685541400.49
3193.8515625,1288.11999511719,9082090098980.65,3472156745270.95
3195.4140625,1288.8126971905,8819845824166.17,3444080338782.12
3196.9765625,1288.88000488281,8801236200845.15,3517300017900.81
3198.5390625,1289.40002441406,8691384231777.89,3520533944054.36
3200.1015625,1290.17003455529,8915266758582.85,3566078611280.07
3201.6640625,1290.42004394531,9040971298348.05,3488244942725.08
3203.2265625,1290.93005371094,8817208187710.22,3517178423999.87
3204.7890625,1291.43994140625,8745217463930.17,3464457776287.21
3206.3515625,1291.69995117188,8784287240487.01,3493538098283.6
3207.9140625,1292.46997070313,8901225637544.82,3536299494435.6
3209.4765625,1293.23999023438,8620577401715.56,3532788092091.53
3211.0390625,1293.48999023438,8691641161613.05,3491088570983.6
3212.6015625,1294,8599564423186.29,3507365694222.1
3214.1640625,1294.52001953125,8620160622374.35,3537586146783.72
3215.7265625,1295.03002929688,8618690059086.75,3438971271650
3217.2890625,1295.2900390625,8563398842831.05,3457392422395.55
3218.8515625,1295.80004882813,8670795194678.95,3489190269368.62
3220.4140625,1296.30993652344,8367981363264.55,3488464699856.73
3221.9765625,1296.81994628906,8390655878984.05,3442617337281.68
3223.5390625,1297.07995605469,8473125442912.88,3474171945247.43
3225.1015625,1297.58996582031,8461867648901.05,3471741128405.26
3226.6640625,1298.35998535156,8469024404393.32,3444306656737.99
3228.2265625,1298.61999511719,8389304934739.75,3429875454249.86
3229.7890625,1298.98931253367,8387535286642.91,3371973691034.57
3231.3515625,1299.29641113281,8194194165788.5,3500076482610.28
3232.9140625,1300.42004394531,8238890456962.74,3513733638704.72
3234.4765625,1300.80524902344,8246039074484.2,3459758361237.49
3236.0390625,1300.67004394531,7889862735406.25,3473572767102.38
3237.6015625,1301.70007324219,8083494349764.08,3492811500910.46
3239.1640625,1301.44006347656,8103954545824.45,3382182244034.12
3240.7265625,1302.21008300781,8063913001774.58,3436851602927.47
3242.2890625,1303.23999023438,7838994446792.53,3479987722795.5
3243.8515625,1303.5,8026653202403.74,3496958609645.17
3245.4140625,1304.27001953125,8072138544528.93,3507165445189.08
3246.9765625,1304.53002929688,7823290623648.77,3423465065195.6
3248.5390625,1305.0400390625,7920083189617.11,3465268750161.34
3250.1015625,1305.30004882813,7893266196742.61,3480997217696.03
3251.6640625,1305.8724609375,7963474239041.45,3512769312798.79
3253.2265625,1306.330078125,7893954535925.26,3521050540085.69
3254.7890625,1306.81917480469,7945288683894.19,3458744434962.85
3256.3515625,1307.20997971755,7863669648001.71,3456394206633.65
3257.9140625,1308.13000488281,7754311100458.54,3510360946312.12
3259.4765625,1308.39001464844,7772871186969.91,3506891722011.98
3261.0390625,1308.64001464844,7807283065117.7,3416114173082.79
3262.6015625,1309.42004394531,7727827058861.76,3483115912304.08
3264.1640625,1309.67004394531,7568795144837.21,3447297658445
3265.7265625,1310.19006347656,7621207607026.65,3387435741061.4
3267.2890625,1310.70007324219,7447471013081.97,3389185677614.63
3268.8515625,1311.23997145433,7699189343720.99,3472108384659.38
3270.4140625,1311.49459134616,7606323618796.5,3423569481289.5
3271.9765625,1311.98999023438,7673556491130.05,3503864812772.22
3273.5390625,1312.51000976563,7519955422254.82,3386375715651.7
3275.1015625,1312.51000976563,7252237783524.13,3424597430754.91
3276.6640625,1313.3893171038,7605310281166.21,3477271917555.65
3278.2265625,1314.05004882813,7386314716771.18,3453479319454.87
3279.7890625,1314.57006835938,7394389294608.94,3407327140859.66
3281.3515625,1315.080078125,7308628804593.4,3521634885000.86
3282.9140625,1315.35036621094,7153138903745.21,3471155127345.3
3284.4765625,1316.36999511719,7336724460284.31,3415202752976.34
3286.0390625,1316.63000488281,7302217050414,3461160749012.74
3287.6015625,1316.89001464844,7378684465736.09,3454557922504.42
3289.1640625,1317.41003417969,7412155572746.26,3492794895074.91
3290.7265625,1317.91004356971,7164766270984.74,3384988696801.74
3292.2890625,1318.18005371094,7350406148439.67,3480057716973.97
3293.8515625,1318.18005371094,7243956323095.42,3502194188508.63
3295.4140625,1318.09005033053,7212734832727.39,3425283427607.92
3296.9765625,1318.13005183293,7213562072835.42,3474175051240.88
3298.5390625,1317.92004394531,7031887344971.2,3444404216561.51
3300.1015625,1317.92004394531,7151471766049.63,3345590719510.75
3301.6640625,1317.96004544771,6948061531306.58,3438680672428.25
3303.2265625,1317.78483886719,7086755033767.78,3451397296902.88
3304.7890625,1317.66003417969,7025341020341.41,3410756405827.4
3306.3515625,1318.18005371094,7010210447227.62,3339985133318.09
3307.9140625,1317.88004244291,7032792903909.93,3318557310513.66
3309.4765625,1317.15002441406,6736881939131.52,3276322887294.78
3311.0390625,1317.41003417969,6759895734652.22,3288063766745.97
3312.6015625,1317.42926494892,6885361410505.46,3318381199424.89
3314.1640625,1317.41003417969,6564893908010.31,3291019086672.83
3315.7265625,1316.89001464844,6622893062702.03,3314787289730.97
3317.2890625,1316.89001464844,6417762069544.58,3275443511025.91
3318.8515625,1317.09002216046,6440302611762.59,3306158018506.66
3320.4140625,1316.89001464844,6317268572653.26,3183487754727.63
3321.9765625,1316.63000488281,6525364300417.14,3266592666126.5
3323.5390625,1316.36999511719,6360907599842.05,3243221120453.4
3325.1015625,1316.11999511719,6403886492386.08,3147428172390.96
3326.6640625,1316.36999511719,6342810389671.59,3210982450630.89
3328.2265625,1316.36999511719,6337474170872.31,3181156001834.34
3329.7890625,1316.08999399039,5977805644818.14,3203015782923.8
3331.3515625,1316.11999511719,6157529395733.28,3118639504150.12
3332.9140625,1316.11999511719,6013722486515.32,3185523621301.55
3334.4765625,1315.85998535156,6115603641306.13,3163501250054.55
3336.0390625,1315.85998535156,6124221149793.1,3145156720616.16
3337.6015625,1316.09999436599,5967747305857.16,3072988298855.56
3339.1640625,1315.59997558594,5794426728197.25,3106357597961.01
3340.7265625,1315.33996582031,5775181051496.09,3140980475603.67
3342.2890625,1315.24714878627,5928804996491.38,3093981047197.96
3343.8515625,1315.33996582031,5742914463220.73,3003977747844.99
3345.4140625,1315.33996582031,5834848456025.21,3016584691062.45
3346.9765625,1315.080078125,5814118397534.55,2980272197060.88
3348.5390625,1315.080078125,5666106814709.47,3023946155125.7
3350.1015625,1314.31005859375,5597992809894.18,2905504110215.82
3351.6640625,1314.830078125,5538823482225.48,2963159721908.1
3353.2265625,1314.57006835938,5545424805314.83,2942817322200.68
3354.7890625,1314.57006835938,5260803251211.41,2859029660539.5
3356.3515625,1314.830078125,5525762524031.42,2977498645750.27
3357.9140625,1314.31005859375,5360031287373.74,2987473606898.74
3359.4765625,1314.05004882813,5580642011652.77,2916434432031.33
3361.0390625,1314.05004882813,5367025649405.99,2878481652514.19
3362.6015625,1314.05004882813,5461901736880.87,2876207953903.04
3364.1640625,1314.05004882813,5254002927852.12,2878837676604.46
3365.7265625,1313.5400390625,5254640021999.62,2882558203306.43
3367.2890625,1313.5400390625,5197535949793.46,2741056278215.92
3368.8515625,1313.99004657452,5301376394695.62,2812129673878.26
3370.4140625,1313.7900390625,5287903984713.06,2844873812687.04
3371.9765625,1313.5400390625,5134896950071.3,2836132819039.34
3373.5390625,1313.5400390625,5214171626609.88,2760081945904.82
3375.1015625,1313.28002929688,5107442312385.5,2727307177653.73
3376.6640625,1313.02001953125,4975427710849.06,2727961969565.95
3378.2265625,1312.93681640625,5039671738329.1,2819117120961.89
3379.7890625,1313.7900390625,4970603155986.24,2803645117463.25
3381.3515625,1313.28002929688,4882054969105.51,2684173082158.33
3382.9140625,1313.28002929688,4772884457438.28,2675194264772.28
3384.4765625,1312.77001014123,4752084000504.2,2702431509827.68
3386.0390625,1312.76000976563,4636591251471.02,2618487232355.98
3387.6015625,1313.02001953125,4718210863549,2793417060373.44
3389.1640625,1312.51000976563,4783024750562.25,2676614242440.43
3390.7265625,1312.51000976563,4574602732259.18,2677428053116.86
3392.2890625,1312.51000976563,4653179040008.44,2640355935109.38
3393.8515625,1311.72998046875,4572163397469.96,2685030517191.11
3395.4140625,1311.98999023438,4642459180443.04,2476318317836.77
3396.9765625,1311.72998046875,4553471250721.58,2603209265761.39
3398.5390625,1311.47998046875,4488744840081.24,2624191354642.12
3400.1015625,1311.79998309796,4326570759636.23,2613374167466.85
3401.6640625,1311.47998046875,4570944811071.94,2543274360893.9
3403.2265625,1311.18998366136,4510877555461.32,2581075994625
3404.7890625,1311.47998046875,4386660922512.08,2580342364265
3406.3515625,1311.46998009315,4416940116494.83,2576029476959.91
3407.9140625,1311.21997070313,4499605424726.7,2492601262778.85
3409.4765625,1311.01006141076,4322586119663.85,2479721462755.93
3411.0390625,1311.01006141076,4336217523958.3,2486345766803.76
3412.6015625,1310.78327636719,4134711803208.91,2498859376738.15
3414.1640625,1310.70007324219,4175021145457.03,2457552983823.29
3415.7265625,1310.70007324219,4204306555346.56,2485700062851.26
3417.2890625,1310.45007324219,4040736161243.02,2507305749805.76
3418.8515625,1310.45007324219,4033146821971.11,2463647043592.13
3420.4140625,1309.67004394531,4191278303896.3,2433299959027.67
3421.9765625,1310.19006347656,4274936942021.13,2389735102641.56
3423.5390625,1310.19006347656,3975506531330.29,2435425167958.85
3425.1015625,1310.19006347656,4089711453083.75,2380840620165.27
3426.6640625,1309.76004732572,4267660569215.89,2420899010064.34
3428.2265625,1309.93005371094,4024477710279.62,2339294476653.79
3429.7890625,1309.93005371094,3953799060718.95,2342461767966.32
3431.3515625,1309.66042856069,3905164973623.35,2344337116337.7
3432.9140625,1309.42004394531,3908395770085.4,2358395058575.52
3434.4765625,1308.64001464844,3753125408875.11,2356759554267.35
3436.0390625,1309.2400371845,3722596291420.53,2300830117794.1
3437.6015625,1309.10003192608,3857504482501.23,2330077980908.19
3439.1640625,1308.90002441406,3968380283387.45,2345663263452.88
3440.7265625,1308.64001464844,3791772024360.9,2315668961136.87
3442.2890625,1308.90002441406,3801799606611.16,2266054424843.69
3443.8515625,1308.90002441406,3777144561511.42,2282883228016.69
3445.4140625,1308.64001464844,3707584514598.66,2313804962436.27
3446.9765625,1308.31040527344,3631424473456.73,2242148607520.61
3448.5390625,1308.39001464844,3752924576231.55,2270034060318.19
3450.1015625,1308.13000488281,3638906392206.43,2286662017864.85
3451.6640625,1307.86999511719,3859875290152.02,2251701050189.39
3453.2265625,1307.86999511719,3598497646719.37,2339786006624.07
3454.7890625,1307.86999511719,3524364565470.21,2297433666681.69
3456.3515625,1307.86999511719,3612216820670.32,2217115184204.99
3457.9140625,1307.60998535156,3554807834751.63,2187532314266.84
3459.4765625,1307.60998535156,3604040859713.08,2187983079496.44
3461.0390625,1307.09997558594,3620038245888.78,2155135660305.19
3462.6015625,1307.35998535156,3533324951024.39,2219780033396.22
3464.1640625,1307.35998535156,3347186921009,2180870192085.49
3465.7265625,1307.09997558594,3526409771235.91,2192667819948.81
3467.2890625,1307.09997558594,3277174113443.73,2197440447666.79
3468.8515625,1306.83996582031,3447269162499.36,2096485826179.52
3470.4140625,1307.09997558594,3503381425734.58,2213145684677.39
3471.9765625,1306.580078125,3415697485035.48,2162377029417.24
3473.5390625,1306.1220703125,3295267632047.57,2145181323855.28
3475.1015625,1306.330078125,3523496606093.39,2042434677907.18
3476.6640625,1306.18447265625,3301682001122.72,2187632851978.93
3478.2265625,1306.09006911058,3385335367064.06,2035857012786.62
3479.7890625,1306.07006835938,3268007900773.51,2162964165536.63
3481.3515625,1305.81005859375,3199888766523.35,1999117251271.62
3482.9140625,1305.81005859375,3366888288603.11,2048630482271.51
3484.4765625,1305.56005859375,3278203248158.76,2031836782941.04
3486.0390625,1305.56005859375,3183824423444.35,2051857231078.38
3487.6015625,1305.30004882813,3209727336583.43,2055869328541.11
3489.1640625,1305.30004882813,3099846021421.67,1982936361893.91
3490.7265625,1304.53002929688,3076311233123.89,2034199447604
3492.2890625,1305.0400390625,3190500115119.92,2071711946050.22
3493.8515625,1304.78002929688,3215367629906.21,2003737564065.95
3495.4140625,1304.53002929688,3195574405718.48,2063216555135.31
3496.9765625,1304.77041391226,3274684797593.74,1976281302352.2
3498.5390625,1304.53002929688,3160209624960.64,1990432123833.62
3500.1015625,1304.0412109375,3181383105746.6,1929419982859.34
3501.6640625,1304.27001953125,3021638545039.67,1957343956076.44
3503.2265625,1304.20501708985,3056046659813.94,1927203223273.33
3504.7890625,1304.27001953125,3010885963157.89,1943348837978.49
3506.3515625,1304.01000976563,2874071320595.04,1948139851486.63
3507.9140625,1304.01000976563,2862383600091.33,2038475702752.76
3509.4765625,1303.76000976563,2828363351567.97,1920030200472.91
3511.0390625,1303.5,2716312447252.91,1940616331239.11
3512.6015625,1303.31639648438,2985822900023.53,1930220208638.92
3514.1640625,1303.27999173678,2970592013539.99,1818206990066.64
3515.7265625,1303.23999023438,3022156249406.92,1952227564353.65
3517.2890625,1302.98999023438,2837387152128.63,1939733027329.91
3518.8515625,1302.74998121995,2785661290183.81,1880734079646.26
3520.4140625,1302.84438476563,2922468866255.91,1908939328562.82
3521.9765625,1302.46997070313,2856160456242.99,1904393157540.85
3523.5390625,1302.72998046875,2751112960764.04,1864940408812.51
3525.1015625,1302.21008300781,2774969635156.28,1838702841251.87
3526.6640625,1302.46997070313,2729270468097.5,1806058415112.08
3528.2265625,1302.21008300781,2739208704400.09,1810502838202.09
3529.7890625,1302.21008300781,2777510551615.36,1848045240423.52
3531.3515625,1301.96008300781,2862345832259.02,1871006696033.01
3532.9140625,1301.70007324219,2720095686182.55,1755874324541.32
3534.4765625,1301.35326660156,2535686825072.48,1807802766739.06
3536.0390625,1301.44006347656,2530083161918.51,1812630197088.44
3537.6015625,1300.97165527344,2788187934373.29,1786805393659.21
3539.1640625,1301.44006347656,2561713692488.06,1852727473791.17
3540.7265625,1301.44006347656,2605751317165.73,1808113327832.62
3542.2890625,1301.19006347656,2589438782631.86,1841354836063.92
3543.8515625,1300.89885253906,2649664078301.27,1774366323826.49
3545.4140625,1300.93005371094,2579024521972.49,1825965039313.75
3546.9765625,1300.67004394531,2486084132150.16,1835754741391.71
3548.5390625,1300.42004394531,2451925998812.32,1767848604189.12
3550.1015625,1300.16003417969,2446986388537.34,1635716199008.3
3551.6640625,1300.16003417969,2459806600700.05,1688772232369.83
3553.2265625,1300.16003417969,2405896392852.07,1716374477104.01
3554.7890625,1299.90002441406,2508014215388.54,1758492462770.24
3556.3515625,1300.16003417969,2383965029201.56,1640814152071.11
3557.9140625,1299.39001464844,2494882004854.54,1755250385286.34
3559.4765625,1299.67887056791,2511783222710.31,1739522405037.82
3561.0390625,1299.28601074219,2431292648639.15,1702730032289.09
3562.6015625,1299.39001464844,2372375785368.27,1626733203627.89
3564.1640625,1299.02000488281,2403733371866.98,1673677944776.64
3565.7265625,1298.88000488281,2360759461683.44,1713691969628.4
3567.2890625,1298.88000488281,2205919582819.63,1638976362201.71
3568.8515625,1298.61999511719,2356161153049.64,1640435967589.86
3570.4140625,1298.61999511719,2190199380782.24,1639917813044.09
3571.9765625,1298.35998535156,2030836654546.9,1732400837349.64
3573.5390625,1298.10998535156,2154851201259.88,1687173294404.12
3575.1015625,1297.84997558594,2243311540621.19,1680884879655.66
3576.6640625,1297.81283133371,2052681986613.86,1630401130321.13
3578.2265625,1297.84997558594,2263712505508.22,1617424081620.35
3579.7890625,1297.84997558594,2113021136876.48,1723290815656.71
3581.3515625,1297.522658128,2089124935815.54,1681762053928.39
3582.9140625,1297.33996582031,2192015493132.19,1643049530493.63
3584.4765625,1297.13995830829,2229191365813.2,1567474333124.2
3586.0390625,1297.33996582031,2207406491692.78,1612903949473.94
3587.6015625,1297.07995605469,2127161374358.41,1626309547922.59
3589.1640625,1297.07995605469,2016663184314.03,1556944461103.01
3590.7265625,1296.81994628906,2249180905731.14,1579844642127.45
3592.2890625,1296.81994628906,2185104632139.24,1550569794935.12
3593.8515625,1296.56994628906,2219557853756.72,1579864903674.14
3595.4140625,1296.30993652344,2078929153263.2,1565881746506.96
3596.9765625,1296.30993652344,2201156054302.52,1548778853384.38
3598.5390625,1296.30993652344,2072207777693.82,1558253524734.25
3600.1015625,1295.89360839844,2059523750338.92,1550557271495.87
3601.6640625,1296.0983980619,2113458947852.14,1577805948486.14
3603.2265625,1296.05993652344,2105870875150.08,1548763516318.49
3604.7890625,1295.5400390625,2081597315004.02,1468475857812.53
3606.3515625,1295.80004882813,2059136076149.82,1564495506881.75
3607.9140625,1295.40542367788,2157498946483.14,1524596489571.72
3609.4765625,1295.2900390625,2131339096155.2,1521092754712.48
3611.0390625,1295.18603515625,2020948803327.02,1566680580997.94
3612.6015625,1295.03002929688,2069489984410.13,1500081174765.36
3614.1640625,1294.77001953125,1770908312206.63,1481368565816.27
3615.7265625,1294.77001953125,2029848255105.81,1484364499408.71
3617.2890625,1294.77001953125,1987819621293.82,1456801170276.54
3618.8515625,1294.26000976563,1791216961974.07,1461341351783.49
3620.4140625,1294.27041015626,2023311222548.02,1519699831141.12
3621.9765625,1294.26000976563,1923569852722.6,1438467572512.08
3623.5390625,1294,2005370329070.82,1484762666790.13
3625.1015625,1293.75,1929017882646.56,1463974049951.75
3626.6640625,1293.75,1940451052891.89,1474830394839.86
3628.2265625,1293.75,1768881994250.23,1452087284306.17
3629.7890625,1293.48999023438,1958529438408.51,1456616480351.55
3631.3515625,1293.50999098558,1876134252149.92,1509021938051.03
3632.9140625,1293.34999023438,1742626727263.85,1430394577315.67
3634.4765625,1293.23999023438,1834465231602.95,1440403312053.47
3636.0390625,1292.71997070313,2003391035980.4,1478113867714.5
3637.6015625,1292.91997821515,1878142470442.6,1433391400556.05
3639.1640625,1292.71997070313,1807259619370.23,1493386750555.44
3640.7265625,1292.71997070313,1688268812930.74,1405857147692.89
3642.2890625,1292.71997070313,2008592796797.98,1404154108140.91
3643.8515625,1292.2099609375,1937130859438.72,1420330938546.33
3645.4140625,1292.2099609375,1737392094460.11,1355690722127.97
3646.9765625,1292.1299609375,1758395174019.32,1389326981500.44
3648.5390625,1291.9599609375,1591247240060.97,1408991063836.89
3650.1015625,1291.69995117188,1659900391821.11,1456983548209.42
3651.6640625,1291.9599609375,1876985565303.81,1331958236597.17
