0,--,0,10447936868.7238
1.5625,--,103082866568.073,50189782165.9079
3.125,--,0,0
4.6875,--,0,0
6.25,--,593682985.237883,0
7.8125,--,0,0
9.375,299.479231614333,0,25294125154.9432
10.9375,299.470001220703,20007218256.8585,699886202189.928
12.5,299.709991455078,430320564670.993,4690794700517.03
14.0625,299.709991455078,0,0
15.625,299.949981689453,0,0
17.1875,299.673069880559,0,0
18.75,299.949981689453,0,0
20.3125,300.190002441406,0,0
21.875,300.53284563337,0,0
23.4375,301.160003662109,0,0
25,301.160003662109,0,0
26.5625,301.399993896484,0,0
28.125,301.880004882813,0,0
29.6875,302.359985351563,0,0
31.25,302.839996337891,0,0
32.8125,303.079986572266,0,0
34.375,303.570007324219,0,0
35.9375,304.289978027344,0,0
37.5,304.529998779297,0,0
39.0625,304.576150747446,6964555248.91597,0
40.625,305.25,12353251912.6583,0
42.1875,305.49958984375,0,0
43.75,306.220001220703,0,0
45.3125,306.459991455078,0,0
46.875,306.699981689453,50673261947.1045,0
48.4375,307.623077392578,0,0
50,307.899993896484,0,0
51.5625,308.380004882813,0,0
53.125,308.619995117188,29563526652.3756,0
54.6875,309.109985351563,0,0
56.25,309.109985351563,5458016273.47991,0
57.8125,309.829986572266,0,1434828518.2178
59.375,309.887587890625,0,19921248116.1599
60.9375,310.789978027344,0,0
62.5,310.857183837891,0,0
64.0625,311.23192185622,0,0
65.625,311.614282880511,0,2858819038.70347
67.1875,312.239990234375,0,43172026081.2922
68.75,312.47998046875,0,31296287164.2695
70.3125,312.747692401592,0,974759923.315905
71.875,313.199981689453,0,15328048465.3182
73.4375,313.929992675781,0,25683321041.8472
75,314.410003662109,116597962722.817,1210171962.68601
76.5625,314.889984130859,22101059785.4349,17321035996.9098
78.125,315.130004882813,0,0
79.6875,315.499220628005,0,172408344.091975
81.25,315.609985351563,0,2393728139.87459
82.8125,316.243842491737,0,0
84.375,316.635375976563,0,0
85.9375,317.059997558594,0,0
87.5,317.539978027344,0,0
89.0625,318.240808105469,0,0
90.625,318.639235276442,0,1208602902.79931
92.1875,318.980390625,28011372994.5881,17298578244.1137
93.75,319.22998046875,0,0
95.3125,319.709991455078,0,1261553176.84568
96.875,319.949981689453,92581800021.8701,19547937050.3737
98.4375,320.429992675781,0,29090260686.3456
100,320.919982910156,0,0
101.5625,321.399993896484,0,0
103.125,321.880004882813,25426021908.6679,4272354972.06632
104.6875,322.600006103516,0,62385000623.8151
106.25,322.896158071665,0,19554119995.2039
107.8125,323.329986572266,0,36180682599.1871
109.375,323.809997558594,0,24870122551.4011
110.9375,324.049987792969,67852521298.2526,2956303922.53726
112.5,324.529998779297,0,41045506971.6575
114.0625,325.019989013672,42138363401.7771,0
115.625,325.397147042411,0,0
117.1875,326.016906738281,0,803797119.26413
118.75,326.470001220703,0,11159969044.8059
120.3125,326.949981689453,24117362842.5888,0
121.875,327.429992675781,0,0
123.4375,327.910003662109,0,1030938057.66413
125,328.149993896484,0,14313607917.8499
126.5625,328.519989013672,80420999244.1398,0
128.125,329.359985351563,71892459502.3271,901217847.579591
129.6875,329.763467641978,0,12899015396.4044
131.25,330.329986572266,205211999.123386,0
132.8125,330.809997558594,0,0
134.375,331.049987792969,4941850131.08121,0
135.9375,331.049987792969,0,371935109.53605
137.5,332.019989013672,140905895013.58,5163970123.33014
139.0625,332.5,0,0
140.625,332.989990234375,0,0
142.1875,333.534613976112,0,104304346.53156
143.75,333.949981689453,0,1448168014.83013
145.3125,334.679992675781,0,564381981.807647
146.875,334.919982910156,0,7835914430.977
148.4375,335.399993896484,0,2221781625.38849
150,336.369995117188,5369555367.44966,32836426902.1356
151.5625,336.524274553572,0,28563836399.255
153.125,336.66537475586,0,1311892595.86748
154.6875,337.339996337891,0,0
156.25,338.152301494892,0,0
157.8125,338.549987792969,54950314310.7896,0
159.375,339.029998779297,0,0
160.9375,339.75,0,2004844348.68664
162.5,340.239990234375,45266332387.5716,27835383251.2863
164.0625,340.47998046875,0,2478713493.72841
165.625,341.169991455078,8240896993.84936,34414611844.1882
167.1875,341.427198486328,42929926296.372,2654830665.6405
168.75,341.929992675781,23754866054.8289,36859833579.4901
170.3125,342.660003662109,26558083537.3658,494262070.801317
171.875,343.139984130859,38623720386.6466,6862365238.64898
173.4375,343.069605900691,16472653532.0759,570073482.434721
175,344.109985351563,49594428208.0369,11558081625.4653
176.5625,344.156137319712,58825161537.9129,52966543514.2184
178.125,345.079986572266,49805090610.1724,14982167012.8153
179.6875,345.320007324219,0,50957848189.1787
181.25,346.049987792969,0,0
182.8125,346.529998779297,28458241155.8326,4347962219.65609
184.375,346.779998779297,0,62262866704.3709
185.9375,347.75,52214918928.9483,27129900008.3916
187.5,348.22998046875,79035731735.7241,3333753565.84215
189.0625,348.720001220703,60606188865.0431,47715586957.2569
190.625,349.200012207031,36700068232.8388,2570884873.95003
192.1875,349.690002441406,22891416994.6493,36796745271.4433
193.75,349.929992675781,10055797548.3423,1509913520.98615
195.3125,350.410003662109,300031708.667707,23368065432.111
196.875,350.688802490234,63274865366.1552,25086338431.687
198.4375,351.630004882813,0,9931535212.09555
200,352.042788085938,98321838855.9221,0
201.5625,352.349975585938,13426889384.5685,1367782374.41958
203.125,352.839996337891,77042015300.0526,21465533794.2153
204.6875,353.320007324219,65183272937.3957,37685996286.3755
206.25,353.570007324219,57368164833.3561,32480040314.7686
207.8125,354.299987792969,47257140697.9934,20058679241.4987
209.375,355.019989013672,0,57756512836.8775
210.9375,355.510009765625,51407774478.4565,0
212.5,355.694617638221,107838290692.77,5833665484.79768
214.0625,356.147686298077,24508070819.011,83496505432.037
215.625,356.720001220703,47960215704.9001,0
217.1875,357.450012207031,63976744042.0442,559640608.030327
218.75,357.940002441406,102289465622.391,9408074478.93206
220.3125,358.179992675781,102421766909.935,24609245624.1919
221.875,358.669982910156,96597103269.4729,18062895816.6839
223.4375,359.209993896484,30783354855.5056,28198413646.4148
225,359.880004882813,95319851177.4647,16085445818.0042
226.5625,360.609985351563,120860555134.868,4200676136.63637
228.125,361.099975585938,28981503312.01,61397213633.9557
229.6875,361.339996337891,70347130635.8826,51701373960.9402
231.25,361.829986572266,0,110163995445.697
232.8125,362.559997558594,1357224698.27565,48074111819.0926
234.375,362.713591308594,24493975038.6497,3852488559.024
235.9375,363.289978027344,233487695035.45,58291581287.2352
237.5,364.019989013672,21914548292.0749,47101450677.6937
239.0625,364.410009765625,165528920725.906,52660159091.9724
240.625,364.75,74268775737.0112,67226585242.9114
242.1875,365.47998046875,138368440533.701,20195813424.0063
243.75,365.739231989934,213778437442.258,35520396476.4946
245.3125,366.450012207031,183593235118.745,3678465337.04993
246.875,366.700012207031,182520803440.359,55305078637.3134
248.4375,367.179992675781,200931183386.164,65204258784.4689
250,367.762298583984,138084316539.967,68898294992.6777
251.5625,368.399993896484,23038255772.2987,70993388541.5969
253.125,368.889984130859,82770891027.4356,38193281682.7702
254.6875,369.380004882813,152155248362.604,68653403798.2602
256.25,369.619995117188,193136761021.484,42527278035.4903
257.8125,370.109985351563,200177903084.154,3074041878.39276
259.375,370.779991149903,129868612628.184,46180038897.5403
260.9375,371.169986572266,298536914013.048,54822255260.1972
262.5,372.059997558594,244767563612.053,67298660036.4287
264.0625,372.549987792969,229549000230.185,26641431249.3799
265.625,373.279998779297,211985643787.268,48759176915.1768
267.1875,373.519989013672,218852947084.295,66464884467.3956
268.75,374.010009765625,258428651028.406,129188238822.113
270.3125,374.5,153391672772.549,73173624675.2689
271.875,374.739990234375,250521539580.807,14328903426.862
273.4375,375.470001220703,88975311497.768,6638714980.93078
275,375.959991455078,171599069706.962,95514732520.5801
276.5625,376.450012207031,187332783282.597,50595362858.7104
278.125,376.450012207031,350967856691.452,42116836226.0198
279.6875,377.669982910156,278390148136.212,58589420645.4743
281.25,378.058456420898,312159590741.531,47889549528.8012
282.8125,378.399993896484,343758561747.353,0
284.375,378.714606651893,153880119181.771,619979743.615143
285.9375,379.315383911133,279857991521.263,11165226575.1328
287.5,379.630004882813,227796836950.506,35895742831.4968
289.0625,379.869995117188,265122155086.028,63923661368.3686
290.625,381.080764770508,214630468556.984,77159489523.888
292.1875,381.339996337891,346439684200.487,7076281226.952
293.75,381.579986572266,285935625506.171,24585087535.5011
295.3125,382.309997558594,246154895676.896,98353646267.4727
296.875,382.559997558594,171208549304.43,86308218730.3598
298.4375,383.289978027344,264148459080.35,60051880332.1299
300,383.779998779297,120205744095.491,114953281692.634
301.5625,384.269989013672,284549491935.204,16426873792.0555
303.125,384.760009765625,306236319037.002,80030941099.0264
304.6875,385.489990234375,304754569392.051,114078703244.55
306.25,385.878446138822,316978117718.172,72584886692.5721
307.8125,386.008826622596,239745641437.292,53924526485.2983
309.375,386.720001220703,362143419964.768,77513233498.5213
310.9375,387.385391235352,307035485243.799,73715368864.7587
312.5,387.700012207031,373926512085.403,119308993767.957
314.0625,388.190002441406,350525491114.624,5214868323.44836
315.625,388.679992675781,375925868228.262,76943037788.3983
317.1875,389.410003662109,355020591068.383,70451741134.7105
318.75,389.660003662109,280453865590.14,79363139652.7817
320.3125,390.316140981821,357757008941.504,54552882727.3786
321.875,390.880004882813,368590857413.616,108058078418.934
323.4375,391.130004882813,371031029066.804,91228456466.541
325,391.859985351563,389425559478.564,141699276013.941
326.5625,392.349975585938,474401230662.171,138056644171.642
328.125,392.599975585938,387128820371.501,102841541918.807
329.6875,393.579986572266,334973423195.875,123991600988.179
331.25,393.579986572266,383448765465.313,56514786383.6533
332.8125,394.309997558594,412765595197.925,97824307776.5701
334.375,395.049987792969,485219792267.836,68472340183.3902
335.9375,395.289978027344,474882297236.529,122843500992.499
337.5,395.539978027344,509710707835.223,102024768300.788
339.0625,396.029998779297,499902139810.51,82482825408.1976
340.625,396.769989013672,528117838032.303,130039528505.591
342.1875,397.12539438101,431086528893.513,120490826878.232
343.75,397.989990234375,477659042630.722,105854651910.326
345.3125,397.989990234375,570979294451.907,63844467354.1399
346.875,398.970001220703,459433576258.537,98215529246.9994
348.4375,399.459991455078,521030350241.164,129182921608.304
350,399.709991455078,476587076886.093,100232057428.426
351.5625,400.200012207031,532259936092.335,162963950623.248
353.125,400.690002441406,517502229428.371,153102999235.136
354.6875,401.429992675781,651665764226.183,106231736346.46
356.25,401.919982910156,663943434405.358,168681978731.295
357.8125,402.382281963642,601889101198.653,86187751540.6813
359.375,402.899993896484,633447741385.044,112949982751.544
360.9375,402.899993896484,642512453708.885,87704218927.8008
362.5,403.69770695613,564274187740.731,116805947303.309
364.0625,404.130004882813,671591372052.298,141635775966.139
365.625,404.850764347957,591360373208.306,148046859931.293
367.1875,405.109985351563,762168227267.58,170704589636.61
368.75,405.849975585938,686022212694.551,133933830880.892
370.3125,406.339996337891,707404653713.137,111095171214.483
371.875,407.329986572266,775356232841.843,103991591739.912
373.4375,407.329986572266,791854436381.686,184688796499.639
375,407.887204589844,806418958701.744,128408225547.116
376.5625,408.309997558594,784610483795.578,92695873180.6733
378.125,408.661531888522,813860048958.298,130451960550.288
379.6875,409.059587402344,801513141087.647,171845260311.277
381.25,409.789978027344,839192149716.919,156021311952.997
382.8125,409.789978027344,931847369208.72,184121309392.491
384.375,410.769989013672,862622772269.84,176163848638.554
385.9375,411.019989013672,871987180464.523,100617932400.07
387.5,411.288855919471,919179063292.596,94403862144.4673
389.0625,412.25,1004208983883.83,159331229698.628
390.625,412.739990234375,1052006808399.69,141123609626.286
392.1875,413.124384765625,935116305028.062,158330762141.532
393.75,413.970001220703,1045702642472.17,161788702897.759
395.3125,413.970001220703,1076210180386.17,142966940160.033
396.875,414.709991455078,1065416551887,204152612678.906
398.4375,415.390012207031,1029886020642.64,155814404766.301
400,415.78615628756,1121047845768.34,147024533730.374
401.5625,416.429992675781,960648045938.295,173232851627.102
403.125,416.929992675781,1145473220780.22,188433915780.25
404.6875,417.169982910156,1177133552239.31,184973336020.298
406.25,417.659973144531,1111599107727.06,103215723900.598
407.8125,417.909973144531,1155736057726.7,178441183971.42
409.375,418.439993896484,1177652227621.81,185842807500.163
410.9375,418.899993896484,1385656378287.45,256423114388.001
412.5,419.640014648438,1245491723159.8,270907195446.888
414.0625,420.033851036659,1277180799979.48,250390977877.145
415.625,420.619995117188,1339158223619.9,187564355816.911
417.1875,421.109985351563,1445317885945.49,231974184818.581
418.75,421.702289287861,1523581087940,249888681512.735
420.3125,422.349975585938,1325178026408.12,228868646743.532
421.875,422.589996337891,1427209562846.69,229675294031.066
423.4375,423.329986572266,1464378231046.57,177141092979.783
425,423.829986572266,1475768944869.36,188107867346.017
426.5625,424.120007324219,1480256971681.57,172028890693.622
428.125,424.570007324219,1571425902553.91,183009407484.084
429.6875,425.059997558594,1604995618655.49,223072866013.211
431.25,425.309997558594,1726609202281.59,232697082842.295
432.8125,425.799987792969,1621964972713.07,248881410057.6
434.375,426.289978027344,1854894694203.3,228290815784.694
435.9375,427.169998779297,1790091453860.21,273664991897.921
437.5,427.529998779297,1794294341324.84,283449481178.454
439.0625,428.193065936749,1985295631634.45,272627379016.618
440.625,428.325378417969,2007306180124.16,289154823759.471
442.1875,429.010009765625,1915011774770.4,287193470994.874
443.75,429.5,2000065366386.21,250865276882.597
445.3125,429.989990234375,2135899087590.69,209583118854.958
446.875,430.239990234375,2209183303176.44,221798424689.638
448.4375,430.97998046875,2259486197261.72,215090410331.557
450,431.640001220703,2304459057511.46,263245496681.836
451.5625,431.970001220703,2378888671180.79,246806177481.642
453.125,432.459991455078,2358571427349.82,326094204325.785
454.6875,432.959991455078,2285297680755.41,349754790809.143
456.25,433.700012207031,2445567522754.92,319863873207.422
457.8125,433.450012207031,2587352937298.71,340413330869.651
459.375,434.440002441406,2697260364865.47,277892781987.58
460.9375,434.812395019531,2743849945068.97,237711881231.302
462.5,435.289992675781,2855983637491.14,288377541224.662
464.0625,436.169982910156,2830761032895.81,338665676002.13
465.625,436.5157423753,2969537363152.58,298505530232.649
467.1875,437.159993896484,3016888187572.84,346511588093.684
468.75,437.399993896484,2923520908885.03,374302561657.828
470.3125,437.899993896484,3155309272402.92,335283646702.842
471.875,438.140014648438,3235543330501.89,345369509817.864
473.4375,438.390014648438,3220026526798.78,335949122082.867
475,439.380004882813,3394716120952.49,315787505828.983
476.5625,439.869995117188,3484078903330.67,356980829462.492
478.125,440.119995117188,3553413038608.58,339808963195.479
479.6875,440.609985351563,3590613155958.27,360939337529.964
481.25,441.359985351563,3759679094036.25,325140670962.125
482.8125,441.849975585938,3803413862474.48,414501870217.323
484.375,442.099975585938,3840219380757.45,326026439209.433
485.9375,442.829996337891,3867297619991.63,340339226943.781
487.5,443.205191650391,4222495886033.42,335850950807.14
489.0625,443.857681274415,4230872376185.2,426123667598.34
490.625,444.320007324219,4245569017950.5,407568560563.011
492.1875,444.884620079628,4425390817668.62,460408774663.6
493.75,445.309997558594,4517916694933.44,394248973726.855
495.3125,446.049987792969,4519280198679.83,361000192445.745
496.875,446.530757023738,4702352803841,396441703776.297
498.4375,446.789978027344,4836795362937.02,442538844913.001
500,447.039978027344,5050521865608.57,369368894528.195
501.5625,447.933844933143,4987682860860.58,475863181915.503
503.125,448.335381141076,5204534196319.27,401419456361.226
504.6875,448.769989013672,5332424217326.07,443716462735.024
506.25,449.269989013672,5401914706985.03,458767987506.98
507.8125,449.760009765625,5465854779763.95,506687816482.827
509.375,450.260009765625,5668179186192.22,438463141936.089
510.9375,450.5,5875494304424.99,479479335725.727
512.5,451,5878366580298.05,471098260788.302
514.0625,451.539990234375,5909391312415.09,463623686426.559
515.625,451.989990234375,6057451482717.22,432550092412.525
517.1875,452.97998046875,6404693534262.97,456381841068.523
518.75,453.220001220703,6394610758625.61,494211147759.106
520.3125,453.720001220703,6504434391004.32,430777815579.391
521.875,453.970001220703,6843208858969.26,493681571329.859
523.4375,454.459991455078,6987146965443.69,533428139850.475
525,454.959991455078,7155437563848.97,512947824865.574
526.5625,455.450012207031,7267764088501.74,538785168457.776
528.125,456.113205566406,7324408789062.64,532647231390.503
529.6875,456.940002441406,7495620605310.47,548048898970.419
531.25,457.179992675781,7586434985736.61,555126054290.269
532.8125,457.892291729267,7801806270908.13,545025237322.88
534.375,457.679992675781,8146767867615.41,570494733354.113
535.9375,458.419982910156,8192518467878.05,561938059410.468
537.5,458.909973144531,8556678673379.59,587131788539.956
539.0625,459.409973144531,8546578536207.93,567689909419.452
540.625,459.899993896484,8858635144612.6,527788250181.424
542.1875,460.649993896484,8807296434094.01,579693096029.056
543.75,461.140014648438,9086504862859.81,656724716447.127
545.3125,461.390014648438,9285897449384.22,628575760602.581
546.875,462.130004882813,9489138233855.31,620481146379.406
548.4375,462.510004882813,9505046387957.8,605945096034.994
550,463.009995117188,9790679374213.3,659389611212.069
551.5625,463.619995117188,10050374354034,638020804673.598
553.125,463.859985351563,10207479223731.8,649562916071.908
554.6875,464.609985351563,10419345914041.3,671170770289.618
556.25,465.349975585938,10619936013099.5,637713978319.703
557.8125,465.599975585938,10819211686911.3,679450929984.342
559.375,466.339996337891,10974228561340.6,723854720118.96
560.9375,466.589996337891,11250827784106.4,687817606014.671
562.5,466.858832726112,11490726501309.9,670722528836.827
564.0625,467.579986572266,11668070533580.7,731185801739.073
565.625,468.070007324219,11929877943950,748253459082.536
567.1875,468.320007324219,11980676548527.6,715200862974.964
568.75,469.059997558594,12271750442738.9,697321000064.997
570.3125,469.483074481671,12435771121128.9,723009333549.914
571.875,470.049987792969,12651394014006,733781623725.972
573.4375,470.473064716046,12909692397253.4,783981780334.444
575,470.886131873498,13240355742752.5,753690625874.674
576.5625,471.539978027344,13445668779659.7,767446024552.418
578.125,472.029998779297,13628414120283.7,704668716251.678
579.6875,472.289998779297,13722339443859.7,821624581219.898
581.25,473.019989013672,14233488221179.2,799697948055.934
582.8125,473.519989013672,14443226837459.2,803499845782.009
584.375,474.077317457933,14613614554229.8,825432574624.469
585.9375,474.510009765625,14850649648751.6,767066314945.646
587.5,474.75,14949191515121.1,781006897554.249
589.0625,475.5,15181927891307.4,831489015079.248
590.625,475.989990234375,15407134151217.1,825471765065.427
592.1875,476.489990234375,15701622884449,798784039991.452
593.75,476.72998046875,15990169738990.1,826603556534.637
595.3125,477.22998046875,16270236159087,857724467160.188
596.875,477.970001220703,16610776637005.3,873815996874.755
598.4375,478.220001220703,16739591882540.2,899205123561.111
600,478.779991455078,16924891738254.1,949733917769.599
601.5625,479.209991455078,17402347287219.1,880847428582.69
603.125,479.700012207031,17588995794595.2,935279231641.531
604.6875,480.450012207031,17945788591818.8,947076187071.49
606.25,480.690002441406,18211276378902.6,923881569111.686
607.8125,481.440002441406,18385445888274,908866323393.651
609.375,481.929992675781,18716188945716.4,912762819600.36
610.9375,482.429992675781,18947306350307.5,927069075193.344
612.5,482.669982910156,19241701843528.8,960389183988.632
614.0625,483.044982910156,19329067263311.1,912750913559.962
615.625,483.909973144531,19866729984194.5,987418421245.24
617.1875,484.159973144531,19853318270400.3,951107324595.451
618.75,484.899993896484,20402916920058.5,977501203552.312
620.3125,485.149993896484,20535341358120.5,993117897312.533
621.875,485.720014648438,20907528019074.8,1015912266962.19
623.4375,486.390014648438,21078218804414.5,1048501609831.17
625,487.130004882813,21237979861857.7,1066020061298
626.5625,487.130004882813,21547401802624.6,1036539967269.87
628.125,487.869995117188,21739668203078.4,1078356101506.54
629.6875,488.119995117188,22006964043811.7,1053111612353.75
631.25,488.609985351563,22553590456576.2,1071312421238.52
632.8125,489.109985351563,22893843163085.8,1109541638598.21
634.375,489.599975585938,23195789303852.4,1108422232050.04
635.9375,490.076139009916,23436683817389.7,1080241499364.21
637.5,490.839996337891,23666284725094.8,1152823045438.2
639.0625,491.329986572266,23884163147522.9,1147780826516.54
640.625,491.639986572266,24160879526823.3,1132991127641.96
642.1875,492.320007324219,24594471698928.5,1186076459453.37
643.75,492.320007324219,24885605736770.1,1092517047290.99
645.3125,493.309997558594,24962342047296.6,1165789022464.78
646.875,493.665766789363,25262163184289.7,1184271129798
648.4375,494.049987792969,25524200587241.2,1178918339721.36
650,494.799987792969,25911099773735.3,1158038214973.65
651.5625,495.539978027344,26138704435586.1,1250464198214.46
653.125,495.539978027344,26503951895230.4,1187753684423.71
654.6875,495.789978027344,26775879441058.2,1251596993778.52
656.25,496.337691086989,27169742985850.1,1198417452330.27
657.8125,497.269989013672,27530980807252,1230961140364.86
659.375,497.519989013672,27803874026258.1,1219740582462.21
660.9375,498.12539438101,28107469536840.4,1234004186510.84
662.5,498.75,28750807722065.5,1259222177670.3
664.0625,499.25,29171586530672.6,1269384938353.42
665.625,499.489990234375,29317591116254.1,1256151082553.39
667.1875,500.239990234375,29782990593175.7,1277192027293.25
668.75,500.47998046875,30051124326853.8,1282518342753.39
670.3125,501.22998046875,30183352679125.4,1328248691630.26
671.875,501.470001220703,30582995212582.8,1255670504351.05
673.4375,501.970001220703,30928614301694.7,1314150846653.51
675,502.709991455078,31300232335417.7,1340703616659.78
676.5625,502.959991455078,31566294016617.3,1345537357657.61
678.125,503.700012207031,32189087805299.5,1381616758754.97
679.6875,503.940002441406,32190322832996.6,1335359282639.06
681.25,504.440002441406,32418304923136.7,1321682753369.81
682.8125,504.934997558594,32753637930450.8,1321689475186.56
684.375,505.420377291166,33277019260397.4,1369739232528.88
685.9375,506.169982910156,33592224021591.5,1438204025664.57
687.5,506.218059833233,34113127895429.6,1439648543482.19
689.0625,507.159973144531,34450172775654.1,1401334094989.68
690.625,507.649993896484,34484854073971.2,1381624818353.98
692.1875,507.899993896484,34658729087237.9,1422591803165.05
693.75,508.390014648438,34935762681286.9,1428183695476.79
695.3125,508.890014648438,35594587969225.9,1429757050080.16
696.875,509.470004882813,36030832550612.6,1479314877779.96
698.4375,509.869995117188,36419019831408.7,1471353065240.86
700,510.369995117188,36575353025774.1,1435253137928.26
701.5625,511.109985351563,37104718695878.4,1489300371572.95
703.125,511.359985351563,37081920037014.5,1463243507816.61
704.6875,511.849975585938,37597086143083.1,1486942993489.66
706.25,512.589965820313,37928657875805.8,1451433960502.81
707.8125,512.436119666467,38566258917264.8,1491730538471.5
709.375,513.109956054688,39104775714586.6,1477225757131.53
710.9375,513.820007324219,39243880754771.2,1539344973455.52
712.5,514.070007324219,39537588631027.3,1553583157629.59
714.0625,515.059997558594,39796902123287.1,1514179319147.53
715.625,515.549987792969,40115439229235.9,1501683312863.41
717.1875,516.049987792969,40656391496526.4,1526658671584.04
718.75,516.409978027344,40747413611980.4,1644271909755.15
720.3125,516.789978027344,41222119198663.4,1551411389994.46
721.875,517.190029296875,41753978002825.4,1566683108594.37
723.4375,517.594642052284,42192527157756.5,1602094986114.98
725,518.27001953125,42061864851686,1640170449674.37
726.5625,518.760009765625,42456647370073.7,1638449888982.98
728.125,518.510009765625,42652669678167,1605661799758.69
729.6875,519.75,42822909731739.9,1623671980436.84
731.25,520.028451772837,43431870525120.2,1633288642646.97
732.8125,520.489990234375,43824372162342.2,1618343911481.85
734.375,521.22998046875,44363504836620.6,1666319739894.11
735.9375,521.719970703125,44285507389325.2,1657173308501.35
737.5,522.2099609375,44136075609531.1,1682396049783.18
739.0625,522.4599609375,44419655920617.6,1656385340164.12
740.625,522.950012207031,44528008238774.5,1632345820333.62
742.1875,523.450012207031,45263039481111.4,1704871921480.24
743.75,524.190002441406,45807609034105.6,1730514904552.01
745.3125,524.506915752704,45826976400806.8,1730288411490.63
746.875,524.929992675781,45818897206148.1,1668625007051.35
748.4375,525.530747633714,45934617131752.7,1738323233268.07
750,526.159973144531,46229888430336.5,1686798893669.56
751.5625,526.159973144531,46563420583286.2,1682299290114.76
753.125,526.900024414063,47108346380792.1,1695241295788.04
754.6875,527.640014648438,47438927967280,1756691821579.75
756.25,528.130004882813,47661420657504.3,1722283724939.61
757.8125,528.380004882813,47513819854529.4,1727918382510.15
759.375,528.869995117188,48049047887023.9,1716130101381.03
760.9375,529.109985351563,48300993097130.9,1827216343730.28
762.5,529.609985351563,49294802136998.8,1762225099368.18
764.0625,530.589965820313,49483979106575.3,1786032321274.44
765.625,530.839965820313,49490860841174.1,1783208199639.04
767.1875,531.089965820313,49985324904680.7,1819947415534.28
768.75,532.070007324219,50038224760159,1822363894441.8
770.3125,532.559997558594,50476959444286.9,1823023303732.92
771.875,533.049987792969,51076776939247.3,1802181095421.1
773.4375,533.549987792969,51531463329668.4,1771332456035.12
775,534.0400390625,51831560167347.2,1863140292185.01
776.5625,534.530029296875,51750376189454,1809280669476.05
778.125,534.780029296875,51944473796195,1863576999197
779.6875,535.52001953125,51946548743122.7,1846643769215.84
781.25,536.010009765625,52569831493837.3,1825944813888.88
782.8125,536.25,53032563600888,1872118302778.53
784.375,536.879225510817,53467467206748.1,1926379933281.16
785.9375,537.443058894231,53791293881884.4,1875264528870.01
787.5,538.219970703125,54123353804657.5,1922671068330.05
789.0625,538.469970703125,54004695011179.7,1917410487914.74
790.625,538.9599609375,54138846165621.1,1906428220175.71
792.1875,539.2099609375,54060728251843.9,1846194201857.92
793.75,539.449951171875,54817227247320.5,1976837966445.52
795.3125,540.315002441406,55337027503095.6,1866491387892.31
796.875,540.709992675781,55758161910028.3,1940229177846.86
798.4375,541.169982910156,56148452224775.3,1896402699862.85
800,541.669982910156,56177956307528.1,1956632480634.95
801.5625,542.400024414063,55989761169683,1895167162402.83
803.125,542.400024414063,56371584253562.4,1964782303201.94
804.6875,543.140014648438,56572026755353,1946599513128.5
806.25,544.01846078726,57388489283372.2,1931697130607.47
807.8125,544.369995117188,57957622434110.6,2008631495026.48
809.375,544.609985351563,58124358929295.6,2004499879216.14
810.9375,545.417283278246,58367527400564.8,2041926991024.18
812.5,545.349975585938,58321822339010.1,2011504061289.36
814.0625,546.329956054688,58844057311522.4,2020221514776.65
815.625,546.820007324219,59231851218614.9,1982103905018.8
817.1875,547.210007324219,59462328892552.6,1999625218366.05
818.75,547.809997558594,60062483209315.7,1989140830727.43
820.3125,547.809997558594,60922845666466.4,2009089267480.17
821.875,549.030029296875,61000319132567.6,2042511139296
823.4375,549.530029296875,61370953535862.2,2108602604642.63
825,550.02001953125,61089546373997.4,2079209836563.22
826.5625,550.260009765625,61052242343496.5,2079465071907.41
828.125,551,61417288644545.9,2080688294784.04
829.6875,551.239990234375,61855788940168.3,2090583520228.54
831.25,551.72998046875,61930673078860,2033117862057.33
832.8125,552.219970703125,62004886740789.8,2096697311541.11
834.375,552.469970703125,61856890772973.2,2051311478263.73
835.9375,553.449951171875,61926535269469,2106590078791.1
837.5,553.699951171875,62280160568187.8,2093325720142.05
839.0625,554.190002441406,62832457707507,2155697955363.84
840.625,554.919982910156,63309942004188.2,2110830214465.21
842.1875,555.410034179688,63806819701533,2078006676063.35
843.75,555.660034179688,63618651098207.8,2140234780057.99
845.3125,556.150024414063,63302965197952.9,2113877479197.15
846.875,556.390014648438,63317065552966.1,2115428887713.45
848.4375,557.369995117188,63588286663962.8,2123974227465.95
850,557.859985351563,64313541942332.9,2141635657279.25
851.5625,558.109985351563,64659279740235,2115708745696.62
853.125,558.53266789363,64963878526365.4,2175408558956.06
854.6875,559.089965820313,64645508238786.9,2141422663292.72
856.25,559.522263746996,64809235333176.2,2197450622622.22
857.8125,560.070007324219,65146848706942.7,2226589889628.37
859.375,560.559997558594,65534699791338.5,2175715778781.61
860.9375,561.049987792969,66083046776109.1,2111409564896.97
862.5,561.780029296875,66762212479514.2,2195182422095.9
864.0625,562.27001953125,66857348716769.5,2184259871296.17
865.625,562.52001953125,66571985888017.5,2224959286368.89
867.1875,563.166926457332,66307109331907.2,2210327880921.95
868.75,563.5,66966093010124.6,2198413798681.34
870.3125,563.97998046875,67221457446503.5,2178761836149.1
871.875,564.469970703125,67856954330650.6,2191108690545.47
873.4375,564.9599609375,68118819782613,2211514931451.95
875,565.699951171875,68122450627443.4,2212060018499.84
876.5625,566.190002441406,67965985333478.8,2270082791448.78
878.125,566.589992675781,67931339107999.4,2245962807954.57
879.6875,566.984612098107,67995792930661.9,2339974607148.68
881.25,567.650024414063,68701435424063.2,2201349390856.94
882.8125,568.050790640025,69069604556331.7,2317433081901.47
884.375,568.140014648438,69369658436976.4,2312201896106.24
885.9375,568.880004882813,69226435016439.1,2321412411584.84
887.5,569.359985351563,69163468652571.8,2287647945087.28
889.0625,570.099975585938,69042070939328.5,2302087099398.06
890.625,570.589965820313,69526563640660.5,2276918994386.68
892.1875,570.829956054688,70093065880885.9,2323061914137.57
893.75,571.559997558594,70364248807378.1,2301245192847.57
895.3125,571.809997558594,70229470345769.4,2315223004743
896.875,572.299987792969,70146221186537,2294804091972.94
898.4375,573.0204296875,70297906228466.3,2390944953933.53
900,573.63521484375,70550708477960.2,2319986834496.19
901.5625,574.010009765625,70966317992230,2296555693723.69
903.125,574.489990234375,71658380202586.5,2335117208058.22
904.6875,574.815373347356,71637971065264.8,2385999378129.18
906.25,575.22998046875,71542167363168,2354857939176.42
907.8125,575.7099609375,71535330262707.1,2353697576606.33
909.375,576.199951171875,71405331446413,2347773325738.39
910.9375,576.929992675781,72055559180019.8,2385423494420.16
912.5,577.179992675781,72754378865002.5,2320855423266.74
914.0625,577.669982910156,73241227298713,2370857825470.46
915.625,578.150024414063,73172637275303.1,2397233384291.25
917.1875,578.640014648438,72975164340643.9,2378002216632.57
918.75,578.941547100361,73063954760426,2423154979811.09
920.3125,579.840786132813,73543098439434,2454844807000
921.875,580.589965820313,74449546330625.4,2363150678162.13
923.4375,580.589965820313,74910087025218.7,2343570299867.12
925,581.195180664063,74683212635754.8,2350247108993.79
926.5625,582.049987792969,74640558554200.4,2415712119862.73
928.125,582.299987792969,74343615935294,2369868594769.48
929.6875,582.965416541466,74600674056220.4,2454512868819.22
931.25,583.27001953125,74910087025218.7,2481793410804.69
932.8125,584,75395457434006.8,2411371904226.33
934.375,584.451591796875,75840499556680.1,2478791041180.64
935.9375,584.25,75538459882567.9,2491354612691.65
937.5,584.97998046875,75501627192895.7,2444183390519.81
939.0625,585.857647235577,75832078353872.3,2457898342691.96
940.625,585.949951171875,75966298826535.1,2525912708488.94
942.1875,586.929992675781,76786349585182.2,2447609863282.8
943.75,587.169982910156,76927596346159,2530303782717.65
945.3125,587.759631817158,77396755603211.8,2554474892491.25
946.875,588.140014648438,77033003038405.3,2548292576177.37
948.4375,588.390014648438,76906954757667.1,2505155200411.28
950,589.119995117188,76996634846907.8,2523631312568.67
951.5625,589.415367713342,77225652828360,2481929985032.04
953.125,589.599975585938,77507137553147.8,2523540013753.94
954.6875,591.059997558594,78228454893933.2,2528999344672.97
956.25,591.299987792969,78688318742145,2537562510619.99
957.8125,591.7900390625,78218398542727.9,2537914231541.9
959.375,592.262172154018,78467152693545,2596239891117.3
960.9375,592.870009765625,78552832842195.7,2607061797160.83
962.5,593.25,79276206461864.9,2538005710920.88
964.0625,594.127666766827,80238621072800.4,2597651803397.95
965.625,594.27876953125,81237032260968.7,2612063783429.16
967.1875,595.190002441406,81887104332238.6,2598964224301.63
968.75,595.679992675781,81993706783955.6,2625618701938.3
970.3125,596.140830078126,82112774589926.4,2610344755208.36
971.875,596.548490084135,82153432171108.6,2659431845875.21
973.4375,597.130004882813,82136659446503.9,2626066191585
975,597.619995117188,82645554572458,2708259650491.43
976.5625,597.887676532452,83237849642510.6,2697740598026.7
978.125,598.589965820313,83467730163958,2704146461388.98
979.6875,599.079956054688,83509730585176.3,2726574415123.7
981.25,599.799987792969,83677462566179.4,2684333968936.33
982.8125,600.049987792969,83831488367707.9,2732682608368.92
984.375,600.530029296875,83767752659464,2691868766991.34
985.9375,601.02001953125,83892407560445.4,2694122169610.69
987.5,601.5,83982964600773,2654126537807.43
989.0625,601.989990234375,84155254754145.6,2731916021572.2
990.625,602.525353064904,83836638859827.7,2714109974597.74
992.1875,602.9599609375,83662641567760.4,2669772952262.06
993.75,603.440002441406,83707323140424,2690042265907.14
995.3125,603.679992675781,83991207902154.3,2731709693656.12
996.875,604.064213679387,84317320275839,2677003688029.89
998.4375,604.650024414063,84568275488439.3,2689582133786.49
1000,605.380004882813,84944803205248.5,2701421838225.55
1001.5625,605.859985351563,84682896082845,2669585807931.14
1003.125,606.109985351563,84630958176524.4,2747494895413.22
1004.6875,607.070007324219,84345245342235.9,2746226506501.72
1006.25,607.126544658955,84651135461248.6,2670864202657.39
1007.8125,607.799987792969,84961042704749.3,2758107550737.63
1009.375,608.0400390625,84798290696806.7,2701674190579.91
1010.9375,608.77001953125,84772274845035.3,2707623607934.94
1012.5,608.806941105769,84640624385498.9,2737612668254.83
1014.0625,609.25,84560996454724.4,2790570122717.22
1015.625,610.219970703125,85013217583988.9,2686625183642.23
1017.1875,610.4599609375,85260808547350.1,2697923168571.34
1018.75,611.190002441406,85600648526505.2,2706179302105.75
1020.3125,611.669982910156,85740003062906.7,2733172480060.36
1021.875,611.910034179688,85831047859334.6,2710557013626.39
1023.4375,612.400024414063,85761291593597.4,2766976343195.57
1025,613.119995117188,86234757936328,2780963055999.86
1026.5625,613.359985351563,86667668136554.3,2771940621413.96
1028.125,613.686782226563,86858257472537.1,2847693324739.35
1029.6875,614.329956054688,86928318529497.1,2816617218166.31
1031.25,614.809997558594,87187137330907.5,2841867316565.62
1032.8125,615.5400390625,87083332568860.3,2771335408799.28
1034.375,616.02001953125,87064638268553.9,2827097409143.7
1035.9375,615.780029296875,87018929697896.2,2777267208999.56
1037.5,616.989990234375,87682310878255.2,2800776437121.76
1039.0625,617.22998046875,87838039338478.6,2829043405155.88
1040.625,617.949951171875,87509040248714.4,2812962344958.23
1042.1875,618.189951171875,87362067771828,2791176420191.86
1043.75,618.440002441406,87416385897441.7,2772489495008.4
1045.3125,619.160034179688,87542794977095.2,2867941150697.38
1046.875,619.640014648438,87922025153922,2878790612698.45
1048.4375,619.947312575121,88503624500243.3,2827039002395.87
1050,620.130004882813,88801875834165.8,2811617802407.29
1051.5625,621.089965820313,89349891847363.3,2901611764889.57
1053.125,621.551541841947,89464490617285.7,2921339264998.48
1054.6875,621.785603027344,89499644234822.1,2826004788914.22
1056.25,622.5400390625,89632694133393,2858126923456.94
1057.8125,623.260009765625,89974376166445.5,2875952810432.2
1059.375,623.739990234375,90112087228868.2,2892783824504.19
1060.9375,623.97998046875,90286163870038.6,2885116144509.83
1062.5,624.7099609375,90679766956118.8,2871582469198.65
1064.0625,624.469970703125,91073563695483.7,2903326777569.54
1065.625,625.429992675781,91354981147245.5,3014403670171.89
1067.1875,626.150024414063,91707621145107.5,2950800802862.53
1068.75,626.28848031851,91974305468548.9,3026313760218.96
1070.3125,627.119995117188,92073086050152.2,2969270041590.44
1071.875,627.249220628005,92552217793990.2,3050401002989.04
1073.4375,627.993559570313,92746702724734.4,3051118230099.91
1075,628.320007324219,93433782856986.7,3006306108248.51
1076.5625,629.0400390625,93920876419785.9,3040679290738.12
1078.125,629.280029296875,94175134549080.8,3023285468703.94
1079.6875,629.9044140625,94203392935596.9,3025764259722.22
1081.25,630.489990234375,94422157736292.2,3095314292152.78
1082.8125,630.489990234375,94401177662352.3,3097101464629.7
1084.375,631.36357421875,95099876705004.1,3106967331788.49
1085.9375,631.929992675781,95454773957406.2,3060696633581.09
1087.5,632.410034179688,95843220213533.3,3052490317207.52
1089.0625,632.169982910156,95858201073731.1,3088774988540.71
1090.625,633.369995117188,95769177980159.5,3095017199436.13
1092.1875,634.099975585938,95631564467804.3,3128883229659.3
1093.75,633.843579101563,95950340136667.5,3103690273799.8
1095.3125,634.820007324219,96537656769145.1,3080241849460.97
1096.875,635.299987792969,97211771720822.8,3172508394912.91
1098.4375,635.780029296875,97400015105177.7,3110241469335.12
1100,636.02001953125,97788106403908.8,3198081398187.86
1101.5625,636.5,98020738056155.6,3159215145570.11
1103.125,636.97998046875,97914404904063.2,3167245083268.26
1104.6875,637.4599609375,98646048655448.7,3161654765525.73
1106.25,638.247189941406,99122364847764.2,3177683246411.17
1107.8125,638.900024414063,99705735213133.1,3203678196203.32
1109.375,639.140014648438,100261071072471,3187568350795.85
1110.9375,639.859985351563,100246825572219,3174714651462.62
1112.5,640.339965820313,100360784835587,3230284014243.92
1114.0625,640.820007324219,99712082113934.5,3170597468148.58
1115.625,641.299987792969,100259354790018,3267439805850.32
1117.1875,641.5400390625,100459638920198,3231176237272.69
1118.75,642.02001953125,100380358164523,3222292810733.24
1120.3125,642.59599609375,100812767644779,3282490439736.19
1121.875,642.97998046875,101337141132996,3272026850849.89
1123.4375,643.4599609375,102186575054997,3315331197141.77
1125,643.958463228666,102743902461752,3256871059137.52
1126.5625,644.179992675781,102936072923805,3282723137882.58
1128.125,644.419982910156,103242042893349,3278513708749.12
1129.6875,645.306161733775,103894994189995,3312674283840.17
1131.25,645.859985351563,104036542462022,3351340369240.11
1132.8125,646.579956054688,104747227046793,3327389320198.29
1134.375,646.820007324219,105578912778414,3413062239953.73
1135.9375,647.530029296875,105637353528155,3348483899557.83
1137.5,648.25,106468826450586,3383211438774.03
1139.0625,648.72998046875,106734634271861,3433365896469.24
1140.625,649.1715625,106828030628546,3433274869336.73
1142.1875,649.19076171875,106725038460187,3438882540523.5
1143.75,649.929992675781,107050547463131,3420441506641.05
1145.3125,650.557720477765,107345507994173,3389679018914.18
1146.875,650.861215820313,107590000059026,3432549094611.21
1148.4375,651.369995117188,107675098797709,3411632722843.73
1150,652.079956054688,107690487453405,3525835005175.08
1151.5625,652.559997558594,108251944868836,3441520225271.92
1153.125,653.0400390625,108849629489673,3501407045915.81
1154.6875,653.0400390625,109140207401264,3415123184157.38
1156.25,653.510419921875,109534277493806,3515224964736.15
1157.8125,654.47998046875,110209060823943,3463020613342.87
1159.375,654.7099609375,111187166086661,3556187828955.39
1160.9375,655.429992675781,111512490649721,3513140425127.89
1162.5,656.150024414063,112365991064090,3521768087242.91
1164.0625,656.630004882813,112756889719884,3622895694519.64
1165.625,657.109985351563,113155225286366,3577407034701.92
1167.1875,657.272667518029,113162926970503,3561987221488.77
1168.75,657.866159292368,113388867614961,3620424074888.02
1170.3125,658.299987792969,113127898694870,3548357032041.15
1171.875,658.881563626803,113465488859616,3603742167832.46
1173.4375,659.260009765625,113778340188448,3591268963194.66
1175,659.72998046875,114707079441993,3619724640644.18
1176.5625,660.2099609375,115346137632152,3645806225342.58
1178.125,660.929992675781,116189324050823,3608080596171.96
1179.6875,661.169982910156,116982477638436,3630482224500.32
1181.25,661.880004882813,117259170006009,3642461878016.38
1182.8125,662.193838266227,117572397345234,3708326020412.26
1184.375,662.839965820313,117659837361191,3744720462340.96
1185.9375,663.186129056491,117900328944033,3687929788114.86
1187.5,663.7900390625,118396154490034,3683436374355.24
1189.0625,664.510009765625,118335921748826,3750336780714.77
1190.625,665.219970703125,119140275171146,3719578342727.06
1192.1875,665.40236328125,119478594886389,3770670758860.22
1193.75,665.940002441406,120060782974741,3664588927916.41
1195.3125,666.179992675781,120629852894409,3757626831577.92
1196.875,666.650024414063,121531252924723,3757186797214.01
1198.4375,667.130004882813,121868184675936,3752054170020.34
1200,667.369995117188,122454464437892,3730072788371.17
1201.5625,668.320007324219,122615765455289,3759000419499.48
1203.125,668.73537503756,122373826272938,3831212854587.26
1204.6875,668.799987792969,122300520211663,3823876291378.32
1206.25,669.722308819111,122366489002628,3793876748252.68
1207.8125,670.561962890625,122668844474407,3762455464369.65
1209.375,670.940002441406,123267209557635,3838501024970.63
1210.9375,671.179992675781,123453024738424,3792734926914.24
1212.5,671.706186147837,123704898692108,3825786837689.45
1214.0625,672.130004882813,124318752670777,3859494771015.15
1215.625,672.609985351563,124921587522317,3750158537505.85
1217.1875,673.089965820313,125014105265559,3887218721931.3
1218.75,673.559997558594,125436286818963,3864978483858.81
1220.3125,674.0400390625,124892169875702,3878741557195.8
1221.875,674.510009765625,125406027617091,3862045631986.99
1223.4375,674.989990234375,125679270606288,3886416820575.8
1225,675.22998046875,126808364128415,3977611954487.76
1226.5625,675.940002441406,128106240438380,3868399070465.43
1228.125,676.621625976563,129227858809552,3967402955590.74
1229.6875,677.000779371996,129771759562288,3953438497210.58
1231.25,677.609985351563,130507790827256,4042796796209.92
1232.8125,678.079956054688,130352585320372,4008307319162.87
1234.375,678.377604980469,130522890008168,3995786134274.82
1235.9375,679.030029296875,130207464083255,3949147577147.19
1237.5,679.75,130374763328422,3999156362950.99
1239.0625,679.75,130671027042916,3957541836857.69
1240.625,680.4599609375,131703032840363,4007786781993.72
1242.1875,680.929992675781,132504627397078,3986792692466.43
1243.75,681.410034179688,132966420931451,4124497315079.06
1245.3125,681.880004882813,133483353646838,3990756528885.19
1246.875,682.599975585938,133806012731526,4095756760882.26
1248.4375,682.839965820313,133784093978710,4055693019009.18
1250,683.097698505108,134129956262032,4056765363468.74
1251.5625,683.549987792969,134516983217684,4077090704974.96
1253.125,684.5,135318307677484,4090592104459.61
1254.6875,684.969970703125,136044074991179,4102262967077.1
1256.25,685.256112905649,137409701335926,4013159585104.96
1257.8125,685.919982910156,137890239678240,4091195265722.41
1259.375,686.323227539063,138747528509945,4053692285779.3
1260.9375,686.630004882813,138653072258774,4193163259983.65
1262.5,687.579956054688,139101982478972,4136146799770.65
1264.0625,687.820007324219,139003550626445,4177398339617.41
1265.625,688.059997558594,139039349014885,4169436115012.14
1267.1875,689.010009765625,139089573259848,4154301071768.56
1268.75,689.239990234375,139592059510116,4192908311380.94
1270.3125,689.527978515625,139863051773423,4156521960932.18
1271.875,690.190002441406,140708454099318,4146176883689.57
1273.4375,690.900024414063,141497533238653,4237672135408.99
1275,691.140014648438,141865582372165,4189990130486.21
1276.5625,691.380004882813,141077505434213,4156254569082.63
1278.125,692.089965820313,141175036938247,4201200207691.01
1279.6875,692.76306621845,141550264223709,4162078738310.12
1281.25,692.98076923077,141907674928147,4136497248985.27
1282.8125,693.75,142872409956420,4160804267651
1284.375,693.510009765625,143699837828560,4267669404298.46
1285.9375,694.699951171875,144627416111394,4163891755333.53
1287.5,695.410034179688,145123262544163,4231364540456.06
1289.0625,695.640014648438,145357289794401,4264471052864.11
1290.625,696.081596679688,145186287255513,4289915892662.98
1292.1875,696.349975585938,144942303754670,4344826724911.11
1293.75,697.059997558594,145998334889531,4241475099991.32
1295.3125,697.5400390625,146421045338752,4238016431015.32
1296.875,698.010009765625,147403155033845,4330571109546.63
1298.4375,698.010009765625,148310732949397,4320727333646.8
1300,699.004199688251,148962977491315,4347338472611.08
1301.5625,699.190002441406,149256971557131,4309344928598.56
1303.125,699.900024414063,149170828616933,4330707660124.3
1304.6875,700.600786132813,149470587364594,4338732310364.94
1306.25,701.320007324219,149635825528031,4351253779977.25
1307.8125,701.559997558594,150363960057018,4340363097194.87
1309.375,702.030029296875,151396247679647,4381100066376.52
1310.9375,702.510009765625,151435057894524,4329874629151.95
1312.5,702.97998046875,151441734436382,4360497593735.84
1314.0625,703.449951171875,151213989417658,4385425888541.88
1315.625,703.929992675781,151572395921525,4347901799537.03
1317.1875,704.198582240514,152042007806404,4344383346139.3
1318.75,704.869995117188,153091600990402,4307850112340.08
1320.3125,705.579986572266,154165302819546,4407950316117.25
1321.875,705.847604980469,154559775404853,4340815599415.43
1323.4375,706.2900390625,154685173607631,4414662490774.94
1325,706.760009765625,154668344299958,4409784788197.05
1326.5625,707.239990234375,154134822495816,4403396009631.62
1328.125,707.7099609375,154153268203936,4409407685642.52
1329.6875,708.631223144532,154470046135498,4397654574574.1
1331.25,708.419982910156,155520966864578,4371607613233.62
1332.8125,708.650024414063,157753959635805,4444429056199.28
1334.375,709.599975585938,159453274857424,4459490147424.68
1335.9375,710.070007324219,160528437007487,4513172151158.9
1337.5,710.780029296875,161152291513760,4448865197678.49
1339.0625,711.25,161019705413229,4513306585457.05
1340.625,711.286151592548,160751075878392,4496563518605.1
1342.1875,712.199951171875,160574831508759,4496497442293.17
1343.75,712.448453463041,160828295832061,4467470522052.79
1345.3125,713.380004882813,161880403710205,4455617427588.47
1346.875,714.211538461539,162322558424371,4447202875390.23
1348.4375,714.320007324219,162464973061386,4498516673350.97
1350,714.559997558594,163048715277190,4501489347748.44
1351.5625,716.2099609375,162460552187865,4545890518959.3
1353.125,715.739990234375,161994902779424,4514827662880.07
1354.6875,715.969970703125,161345024782569,4546968718455
1356.25,716.744006347656,161563783587358,4504805411241.43
1357.8125,717.150024414063,162351941391328,4502887223412.16
1359.375,717.619995117188,163333944671654,4548317458423.46
1360.9375,717.859985351563,163450335007309,4534048235607.22
1362.5,718.570007324219,163796991654556,4530589617091.63
1364.0625,719.274993896485,163635206732171,4553607665485.46
1365.625,719.510009765625,163469999617399,4504603784682.09
1367.1875,719.672691932091,163989563202187,4603455814361.46
1368.75,720.449951171875,164555950874755,4552631448128.6
1370.3125,720.690002441406,165192703672695,4553024933744
1371.875,721.630004882813,166181150071531,4536376751534.88
1373.4375,722.099975585938,166776262957552,4506839839871.43
1375,722.339965820313,167232533839909,4604629739978.03
1376.5625,723.75,166912412917390,4562504307626.71
1378.125,723.280029296875,166672285596307,4589495887164.15
1379.6875,723.75,166353713730708,4502026079708.32
1381.25,724.713069035457,166667116631540,4612354050610.5
1382.8125,724.785998535156,166513343130897,4575565553456.41
1384.375,725.400024414063,166172885015187,4524697480000.62
1385.9375,725.640014648438,166571796443237,4495712338243.61
1387.5,726.109985351563,167689007591685,4534540850716.44
1389.0625,726.721520057092,168487542113589,4561335419917.89
1390.625,727.339320591518,169029035722705,4548030870881.83
1392.1875,727.760009765625,168942006766458,4558193532910.45
1393.75,728.294375,168820995775823,4513056224369.62
1395.3125,728.699951171875,168341372989745,4592381813153.59
1396.875,729.400024414063,167909400161173,4500069025152.21
1398.4375,729.869995117188,167782255107356,4490107056826.12
1400,730.109985351563,167999617707549,4516690812594.53
1401.5625,730.820007324219,168996068150750,4564429478326.3
1403.125,731.049987792969,169434957155774,4585376863734.63
1404.6875,732.635338416466,169581900791797,4639806645693.68
1406.25,733.169982910156,168475255186294,4555780478247.01
1407.8125,733.261999511719,166216619424833,4468748646004.74
1409.375,733.640014648438,165277292492030,4445495574255.74
1410.9375,733.880004882813,164490741149007,4394975808908.93
1412.5,734.349975585938,164899530436857,4433204915535.42
1414.0625,734.579956054688,164922683751627,4351298943465.15
1415.625,735.049987792969,165046129362030,4493696585316.19
1417.1875,735.75041015625,164576575861014,4520267021320.41
1418.75,736.22998046875,164405769656522,4438406309903.41
1420.3125,736.699951171875,164089844477005,4457993551118.95
1421.875,736.929992675781,164379299454083,4422748733135.87
1423.4375,737.869995117188,165061496238034,4477062243771.75
1425,738.109985351563,165239062206361,4423667102979.48
1426.5625,738.579956054688,165549609073480,4450206869526.66
1428.125,739.049987792969,165588370809372,4474675445900.99
1429.6875,739.75,165294377891206,4481721798542.44
1431.25,740.219970703125,164830007733428,4509803376128.95
1432.8125,740.4599609375,163896191649322,4431757156309.94
1434.375,740.929992675781,163873861339905,4516372240243.36
1435.9375,741.869995117188,164776008472545,4459333352538.02
1437.5,742.099975585938,165200464204008,4418422202122.8
1439.0625,742.570007324219,165540112684027,4433669809429.51
1440.625,743.0400390625,165215900523201,4497281159676.61
1442.1875,743.510009765625,165011638514006,4450040121650.08
1443.75,744.143173828125,164683490426672,4411669487321.95
1445.3125,744.265966796875,164682384719213,4506943144279.33
1446.875,745.160034179688,164979389025711,4501328661975.66
1448.4375,745.859985351563,164803305464592,4426540742470.04
1450,746.099975585938,164806935235274,4397278626325.66
1451.5625,746.449981689454,164294323390999,4437624439415.42
1453.125,747.27001953125,163874004387464,4432146323983.84
1454.6875,747.426936222957,163850939993555,4351186548406.3
1456.25,747.97998046875,163881765293326,4379161790601.99
1457.8125,748.2099609375,163142298545693,4448186366811.93
1459.375,748.679992675781,162749791481524,4427812730836.74
1460.9375,749.849975585938,162652560539751,4422858900960.55
1462.5,749.619995117188,162418731347745,4323266357048.21
1464.0625,750.320007324219,161826691455413,4383279065429.83
1465.625,750.707224121094,161846432756568,4346445862946.82
1467.1875,750.7900390625,162415261032072,4365742660049.26
1468.75,751.893173828125,163057563111986,4403392602974.32
1470.3125,752.440002441406,163326803876307,4400528128576.23
1471.875,752.669982910156,162449420518968,4328784522342.29
1473.4375,753.140014648438,162095816971286,4374164491960.4
1475,754.309997558594,161845554445104,4383350622127.77
1476.5625,754.549987792969,160626321569417,4307696645625.14
1478.125,754.991220703125,159699770820960,4329690102632.32
1479.6875,755.25,159377624480094,4322842016756.2
1481.25,755.892763671875,159412028233726,4292689240520.99
1482.8125,756.419982910156,159346895845738,4249339817528.83
1484.375,756.660034179688,159054273950985,4324433481721.48
1485.9375,757.359985351563,159093956839881,4307929300503.25
1487.5,757.829956054688,158871942860208,4325144121932.48
1489.0625,758.5400390625,158087182095475,4263837749832.11
1490.625,758.77001953125,157116608107096,4244014959332.49
1492.1875,759.239990234375,156286046471452,4262405584961.26
1493.75,758.77001953125,156081957293353,4263760655663.81
1495.3125,760.179992675781,156421660826991,4268309728150.89
1496.875,760.880004882813,156991440557109,4230434444866.52
1498.4375,761.349975585938,157080727099881,4241525427451.9
1500,761.820007324219,156951020733243,4259848276284.1
1501.5625,762.52001953125,156100237960569,4224786354934.59
1503.125,762.93691781851,155118256848011,4233210511880
1504.6875,763.22998046875,153807870673138,4206201559623.31
1506.25,763.690002441406,153654801888403,4226097398806.09
1507.8125,764.160034179688,153365614425050,4214458663901.65
1509.375,764.869995117188,153609254453798,4155105505445.59
1510.9375,765.099975585938,152789943138997,4185091366629.83
1512.5,765.514611380441,152288699347403,4146177182041.99
1514.0625,766.0400390625,151358235060091,4077895652554.4
1515.625,766.678072415865,150841993304363,4137836969327.61
1517.1875,767.2099609375,150117819169085,4127209806426.64
1518.75,767.679992675781,149622393194365,4146980446978.23
1520.3125,767.910034179688,149992227192780,4101395006874.16
1521.875,768.380004882813,149651209501528,4089992129714.09
1523.4375,768.849975585938,149219290216266,4058918567213.29
1525,769.549987792969,149082947477374,4073448935670.67
1526.5625,770.304236778846,148469664697769,4120424821827.77
1528.125,770.8095703125,147479752358738,4062590467513.08
1529.6875,770.719970703125,146269796470278,4043327766715.25
1531.25,771.429992675781,146197100586034,4075820936359.88
1532.8125,771.900024414063,146013735729276,4024437051461.16
1534.375,772.359985351563,146179377992466,4020902518492.7
1535.9375,772.829956054688,145082698184671,4070083190883.29
1537.5,773.299987792969,144726462011674,4054673023907.95
1539.0625,773.914625901442,144391492279236,4031953440191.95
1540.625,774.469970703125,144015913884995,3991818404572.24
1542.1875,774.922278771034,143403762167990,4055126683068.58
1543.75,775.169982910156,143670015824258,4021495983430
1545.3125,775.880004882813,142699455705527,4014031758285.86
1546.875,776.349975585938,141942996635800,3994175033784.99
1548.4375,776.809997558594,140754930460962,3955539406942.9
1550,777.52001953125,140664991324458,3902057569527.98
1551.5625,777.935753455529,140560028623490,3976351950093.43
1553.125,778.449951171875,139743232193685,3936346492459.94
1554.6875,778.919982910156,138657914241554,3909835542120.08
1556.25,779.390014648438,137618851355963,3943921877312.55
1557.8125,779.619995117188,136715225699227,3924990133049.05
1559.375,780.176362304688,136102947523180,3864932963583.92
1560.9375,780.7900390625,136256880583704,3851794845760.63
1562.5,781.423203125,136284616359542,3876755524352.47
1564.0625,781.72998046875,135692399033901,3872926042302.36
1565.625,782.429992675781,134598377994122,3838004344204.48
1567.1875,782.900024414063,134019052933603,3868870226760.04
1568.75,783.121553861179,133223026391966,3801139705181.37
1570.3125,783.369995117188,132578775404488,3808263865279.68
1571.875,784.309997558594,132671952321598,3754986116961.17
1573.4375,784.182814941407,132661783640652,3849331895745.76
1575,785.239990234375,132665862793764,3853785588917.02
1576.5625,785.7099609375,131716081575193,3816468442865.42
1578.125,786.410034179688,131108157676563,3795990645025.02
1579.6875,786.650024414063,130041664649215,3802544371651.09
1581.25,787.349975585938,129046310218373,3715095157558.64
1582.8125,787.579956054688,128610696615627,3736627876605.39
1584.375,788.156160794772,128233181735525,3741033899073.23
1585.9375,788.344642052284,127632334148391,3674287298700.2
1587.5,789.219970703125,127464474380223,3705757808828.2
1589.0625,789.68994140625,126636778397004,3717473567774.65
1590.625,789.920043945313,125333074702185,3707366081636.83
1592.1875,790.619995117188,124836412717175,3696717898474.34
1593.75,791.089965820313,124433478541110,3656953601184.79
1595.3125,791.089965820313,123841174854992,3703910208030.12
1596.875,792.030029296875,123356707361615,3686115216264.82
1598.4375,792.5551953125,123054009600573,3627743112399.22
1600,793.027158203125,122612814782043,3649468461619.62
1601.5625,793.670043945313,121941204760919,3639594563099.32
1603.125,794.098858173078,121597178926082,3668221341503.77
1604.6875,794.839965820313,120667670034528,3685142539144.22
1606.25,794.972646859977,119557877819120,3649471471473.25
1607.8125,795.069946289063,118639327684750,3586661971329.23
1609.375,795.945397010217,118084568530035,3597782682849.99
1610.9375,796.178072415866,117673673985706,3569802208128.21
1612.5,796.93994140625,117676792397711,3514900143847.11
1614.0625,797.180053710938,117215440739774,3593163074220.94
1615.625,797.880004882813,117135497686682,3534338028822.02
1617.1875,798.349975585938,117346410996234,3607393120583.98
1618.75,798.809936523438,116283876868454,3530808962697.4
1620.3125,799.446176382212,115818332837382,3584374515192.85
1621.875,800.035362830529,115041073616147,3580486169057.04
1623.4375,800.219970703125,113923517178356,3496910319138.89
1625,800.827740009015,113343603271940,3505608642875.56
1626.5625,801.150024414063,112764124639069,3533571862830.74
1628.125,801.849975585938,112561387560581,3450853681621.05
1629.6875,802.559936523438,112112023805151,3401231458365.38
1631.25,803.02001953125,111700266389402,3425711808005.54
1632.8125,803.260009765625,110947205292656,3473712664061.51
1634.375,803.9599609375,110535608097707,3509704574195.22
1635.9375,804.18994140625,109269064684316,3504934030987.31
1637.5,804.660034179688,108604659134349,3444212456090.44
1639.0625,805.130004882813,107906509455396,3457664854058.89
1640.625,805.829956054688,107482126954641,3358552918164.93
1642.1875,806.226087297712,107041617705205,3408935787039.53
1643.75,806.77001953125,107065049395418,3392497157177.8
1645.3125,807.22998046875,106504781640839,3404136219665.79
1646.875,807.543564453125,106123657527030,3404193867554.8
1648.4375,808.400024414063,105628922785529,3341905048869.15
1650,808.640014648438,105193716927304,3418981585275.54
1651.5625,808.897686298078,104025312684003,3367843187311.71
1653.125,809.569946289063,103737639237234,3420020765252.93
1654.6875,810.280029296875,103026450630715,3344677769830.33
1656.25,810.61846454327,102193642783596,3395385655692.29
1657.8125,811.449951171875,101577432065594,3386405487907.69
1659.375,811.662353515626,100603013886990,3322013930967.17
1660.9375,812.150024414063,100161358284411,3285693050407.47
1662.5,812.380004882813,99837472756047.5,3276300591353.92
1664.0625,813.319946289063,99733601205383.9,3241977649667.25
1665.625,813.550048828125,99421028603288.9,3237436149282.41
1667.1875,813.962421875,98887726508796.3,3267997144666.63
1668.75,814.719970703125,98660263548554.1,3261977117635.99
1670.3125,814.719970703125,98099025272699.7,3259140027025.47
1671.875,815.406907301683,97264326808558.8,3293562123194.21
1673.4375,815.899213867188,96864286636925.7,3233302163120.28
1675,816.359985351563,96006883461938.6,3274766588724.81
1676.5625,817.059936523438,95365677576610.1,3285150343179.95
1678.125,817.2900390625,95065706906879.2,3193253108801
1679.6875,817.989990234375,94436547763148.8,3220663223372.74
1681.25,818.699951171875,93976435528634.9,3195795970921.7
1682.8125,818.929992675782,93581787946844.2,3213120000525.05
1684.375,819.160034179688,93215415450199.8,3195941357039.51
1685.9375,819.869995117188,92760605703859.5,3204626871092.58
1687.5,820.329956054688,92495827921720.4,3192493695920.63
1689.0625,820.569946289063,92066041892278.5,3166715568756.6
1690.625,821.27001953125,91636507417393.5,3207783841146.11
1692.1875,821.730390625,91082132153380.8,3204235323974.65
1693.75,822.43994140625,90461845576626.9,3208796598485.99
1695.3125,822.910034179688,89697331131650.1,3172216034136.27
1696.875,822.670043945313,89422427397776.2,3158203923616.66
1698.4375,823.266545222356,88741255238768.2,3184153750275.5
1700,824.309936523438,88941667857739.2,3118034835345.68
1701.5625,824.780029296875,88675457436041,3144263955301.14
1703.125,825.010009765625,88215990660359.3,3117851317906.54
1704.6875,825.47998046875,88236974724716.9,3132191051075.25
1706.25,825.949951171875,87746068190824.4,3153089100485.6
1707.8125,826.720787635217,87296396192769,3125603377840
1709.375,827.064612755409,86480808839376.2,3234348413844.81
1710.9375,827.589965820313,85642406223250.9,3136714096871.82
1712.5,828.050048828125,85140082849981.7,3095348400548.47
1714.0625,828.760009765625,84896539612381.8,3081154117379.66
1715.625,829.219970703125,84874924013232.3,3157276253400.81
1717.1875,829.68994140625,84659176825664.2,3038249886080.27
1718.75,830.160034179688,84421870026990,3080246592938.81
1720.3125,830.630004882813,84039807417583,3080225035583.7
1721.875,830.859985351563,83398118947131.7,3028799675107.37
1723.4375,831.800048828125,82681670843636.3,3055778244561
1725,832.030029296875,82111796663755.5,2998686786686.34
1726.5625,832.5,81486853909678,3015278604644.89
1728.125,832.969970703125,81015056746010.1,3072330458899.45
1729.6875,833.568798828126,80663871480538.5,3054441723729.82
1731.25,834.140014648438,80702973829101.2,2990794241570.32
1732.8125,834.698439378005,80397999438601.6,3051499159079.53
1734.375,835.069946289063,80127778224171.5,2999629325399.93
1735.9375,835.309936523438,79407694050787,2922652640420.96
1737.5,836.010009765625,78718475666164.3,2990990334680.01
1739.0625,836.239990234375,77894285136486.3,3035778747548.39
1740.625,836.949951171875,77527652017185.2,2967240873742.77
1742.1875,837.650024414063,77120787213794.9,3008695832727.34
1743.75,838.119995117188,76693360962250.4,2947882815239.91
1745.3125,838.349975585938,76489053934727.8,2974373672444.35
1746.875,838.819946289063,76644882363811,3009121224279.47
1748.4375,839.52001953125,76183307456328.1,2982208218200.55
1750,839.723463792067,75730240528429.9,2992434525624.48
1751.5625,839.989990234375,75354713727960.4,2942228642425.91
1753.125,840.68994140625,75081743300882.2,2954026453215.65
1754.6875,841.390014648438,74696961213028.3,2907708404077.79
1756.25,841.630004882813,74092322900656,2995329085206.21
1757.8125,842.329956054688,73607451430091.9,2974769956516.78
1759.375,842.800048828125,73526967206356.6,2932453470491.11
1760.9375,843.27001953125,73289168097862,2883989635330.53
1762.5,843.72998046875,73179496566516.8,2943172832104.02
1764.0625,844.199951171875,72987721887103.3,2913625673740.01
1765.625,844.670043945313,72733762907222.1,2897368076336.08
1767.1875,845.140014648438,72241230219336.8,2911595810141.23
1768.75,845.369995117188,71712537568812.4,2923475994328.19
1770.3125,845.839965820313,71623776161376.1,2959551686577.48
1771.875,846.780029296875,71097511687805.4,2883687556225.67
1773.4375,847.010009765625,70491263783261.8,2852266489190.69
1775,847.47998046875,70359405207432.1,2913453923098.79
1776.5625,848.065002441407,70026661613670,2866069449553.82
1778.125,848.420043945313,70038235748480.8,2851336482056.78
1779.6875,848.733097956731,69730958325739.3,2866447185404.73
1781.25,849.589965820313,69560673597209,2873933875350.95
1782.8125,850.059936523438,69383936618447.1,2890230051815.49
1784.375,850.760009765625,69234861537650.6,2860614404211.04
1785.9375,851.22998046875,68871828895662.6,2897689873296.26
1787.5,851.4599609375,67979594423787.9,2918644421412.07
1789.0625,851.930053710938,67541472551958.7,2859940555898.11
1790.625,852.503474308895,67241854573332.4,2908691047774.24
1792.1875,853.099975585938,66911595336669.5,2897630202532
1793.75,853.155357947717,66796190281821.4,2889780909595.71
1795.3125,853.896044921875,66500038472123.2,2848712545118
1796.875,854.27001953125,66670050501870,2887468919872.87
1798.4375,854.27001953125,66517476364294.2,2866298362899.69
1800,855.43994140625,66524398842643.4,2915000956956.58
1801.5625,856.002338115986,66117004436744.7,2882481792468.19
1803.125,856.380004882813,65587710197233.7,2882975770062.29
1804.6875,856.380004882813,64865194000987,2954452130929.99
1806.25,857.147153320313,64225558188990.4,2873398263504.58
1807.8125,857.319946289063,64252750174891,2838485841718.18
1809.375,858.260009765625,64110596326226.5,2874142585519.9
1810.9375,858.9599609375,63870232386450.1,2894096698533.99
1812.5,859.430053710938,63626963217830.2,2868676653700.07
1814.0625,859.660034179688,63298285797706.9,2855140955069.32
1815.625,860.068087064304,62806217984876.6,2851897627953.1
1817.1875,860.682768554688,62598860149843.8,2806119843274.41
1818.75,861.069946289063,62127772243761,2817256604568.01
1820.3125,861.77001953125,61808949515057.7,2827020326070.97
1821.875,862.239990234375,61745041901098.8,2817736122119.31
1823.4375,862.7099609375,61603551109083.9,2821879507887.23
1825,863.180053710938,61511031209533.1,2876540820066.4
1826.5625,863.410034179688,61153967402699.2,2839027566772.56
1828.125,864.119995117188,60845906249443.9,2859375430425.64
1829.6875,864.579956054688,60611020372640.8,2814732212213.39
1831.25,865.050048828125,60463525828358.7,2790068010721.21
1832.8125,865.54771071214,60092110181870.6,2815835470997.97
1834.375,865.989990234375,59746295229239,2851722226410.07
1835.9375,866.22998046875,59746240039205.6,2788787833251.23
1837.5,866.930053710938,59806239579126.9,2836749042864.61
1839.0625,867.630004882813,59660502990183.1,2795512214660.95
1840.625,868.08228478065,59398300883053.8,2824545904257.16
1842.1875,868.704340820313,58909879181717.3,2861941657027.18
1843.75,869.057729867789,58284712258394.1,2858344722938.38
1845.3125,869.510009765625,57671397142825.8,2794982882674.62
1846.875,869.739990234375,57642906772963.9,2834948866789.77
1848.4375,870.449951171875,57619277747027.7,2776940185784.05
1850,870.920043945313,57549527529202.1,2808526662055.11
1851.5625,871.169223632813,57558926273869.8,2804689264838.64
1853.125,871.619995117188,57345281208808.8,2832375083115.35
1854.6875,872.319946289063,57177568655883.4,2821160635661.56
1856.25,873.030029296875,57039514456775.6,2870596265735.59
1857.8125,873.260009765625,56373981513166.7,2857006772710.11
1859.375,873.72998046875,56162500301097.1,2819495305689.15
1860.9375,874.43994140625,55863427722489.3,2882170192954.85
1862.5,874.910034179688,56059267490088.3,2854090223036.59
1864.0625,875.369995117188,55528863172231.9,2777225046280.93
1865.625,875.839965820313,55629831643096.9,2814003997471.3
1867.1875,876.159564678486,55483990402472.8,2841904654200.01
1868.75,876.780029296875,55098013686333.9,2883359628539.19
1870.3125,877.02001953125,54707578542229.9,2878689066416.34
1871.875,877.719970703125,54432173754367,2880430264809.11
1873.4375,878.18994140625,54047411644218.8,2831483371417.99
1875,878.900024414063,54099765402054.8,2812109331541.59
1876.5625,879.130004882813,53734217643367.2,2829258614484.39
1878.125,879.599975585938,53755094252345.5,2881670549162.86
1879.6875,880.192345252404,53951710337384.8,2803345513241.4
1881.25,880.5400390625,53791381635628.8,2878664474257.72
1882.8125,881.010009765625,53569005466660.7,2855360839385.41
1884.375,881.7099609375,53079502894677.2,2834316437681.39
1885.9375,882.180053710938,52698944382989,2849492070400.47
1887.5,882.650024414063,52075152863352.1,2866617378430.15
1889.0625,882.939237154448,52102376804592.6,2889021567183.98
1890.625,883.228449894832,51920921388771.2,2856919821154.08
1892.1875,883.589965820313,51626874936404.4,2840060135173.48
1893.75,884.702822265625,51784403788525.8,2933583316571.67
1895.3125,885,51643364003917.4,2810271775931.72
1896.875,885.469970703125,51360786995305,2831178479705.06
1898.4375,885.93994140625,51124719451231.3,2889016348305.74
1900,885.93994140625,50780203562582.3,2944889400528.88
1901.5625,886.880004882813,50509544613448,2793924414279.51
1903.125,887.525353064904,50430852837026.2,2885612178842.16
1904.6875,887.884559044472,50065389595766.1,2837952064387.56
1906.25,888.2900390625,50038296473746.4,2832373566335.63
1907.8125,889,49900450045048.7,2880605927600.83
1909.375,889.23921086238,49999060692945.8,2835733830385.14
1910.9375,889.93994140625,49779695784006.6,2887672417034.81
1912.5,890.410034179688,49904230342478,2908463543630.01
1914.0625,890.640014648438,49410474508893.6,2919052658457.44
1915.625,891.349975585938,49279936540554,2949085973576.38
1917.1875,891.819946289063,48762268398883.9,2838248959797.39
1918.75,892.2900390625,48593635775971.5,2953487897222.5
1920.3125,892.786545973558,48120777364888.6,2927145180813.26
1921.875,892.760009765625,48192248786656.4,2909172812059.95
1923.4375,893.930053710938,47957269618593.9,2850240036567.31
1925,894.038508488582,47663620499330.6,2863911795309.39
1926.5625,894.640014648438,47590974354972,2839640229485.38
1928.125,895.128446138823,47489181584297,2902356373936.55
1929.6875,895.714350585938,47470054172568.8,2892574813191.71
1931.25,896.2900390625,47292235254234.1,2907777134246.33
1932.8125,896.050048828125,47173500922462.5,2935115079993.84
1934.375,896.989990234375,47055078530307.1,2866507963506.54
1935.9375,897.699951171875,46719494719186.8,2889361455916.69
1937.5,898.170043945313,46578536318606.1,2830831072737.04
1939.0625,898.640014648438,46170873749191.1,2924224410984.36
1940.625,899.109985351563,45983637637910.6,2930302613668.26
1942.1875,899.579956054688,45578720205223.4,2898181520284.58
1943.75,900.2900390625,45550953074759.9,2919413375438.77
1945.3125,900.760009765625,45367031575435.7,2893967764611.33
1946.875,900.989990234375,45390962508657.5,2881516456309.58
1948.4375,901.4599609375,45483693485618.2,2921753073856.74
1950,902.119676862445,45370424803891.1,2905787527626.91
1951.5625,902.640014648438,45169662702158.6,2919375338994.71
1953.125,902.880004882813,45016806205635.9,2913010759104.21
1954.6875,903.215581054688,44580088871114.1,2866522995604.57
1956.25,904.050048828125,44469765587575.6,2967993659996.49
1957.8125,904.050048828125,44258545417027.7,2940299127458.32
1959.375,904.760009765625,44060319264648.2,2930853739352.31
1960.9375,904.989990234375,43711229336534.7,2954270400924.48
1962.5,905.93994140625,43861515524965.5,2920596989611.15
1964.0625,906.410034179688,43672651033160.2,2941091917748.65
1965.625,906.880004882813,43331108689419.5,2958327540600.53
1967.1875,906.898803710938,43394100061886,2918577200801.66
1968.75,907.819946289063,43280153760104.2,2905265535169.03
1970.3125,908.2900390625,43050195518602.9,2933924405093.21
1971.875,908.760009765625,42794817621422.3,2904095754333.5
1973.4375,909,42495331135568.2,2947756791028.38
1975,909.7099609375,42539587288989.7,2976235475051.56
1976.5625,910.059997558594,42343980838035.2,2892115106739.55
1978.125,910.650024414063,42229264925628.4,2941389082373.2
1979.6875,911.119995117188,42275252717479.7,2881998619176.17
1981.25,911.589965820313,42367417255214.8,2951367380658.21
1982.8125,912.059936523438,41967421831956.7,2950147082959.71
1984.375,912.530029296875,41968801922561.3,3013839882518.99
1985.9375,912.77001953125,41516203804506.2,2997184072868.79
1987.5,913.239990234375,41657021771244.5,2976897559581.9
1989.0625,913.949951171875,41608995846909.8,2959743356365.05
1990.625,914.484656700722,41598718825743.8,2985808363297.24
1992.1875,914.890014648438,41084059722429.1,3015975333333.77
1993.75,915.359985351563,40989467429813.9,3033557108416.04
1995.3125,915.839965820313,40787323640357.4,2915842454860.59
1996.875,916.309936523438,40528606500032.1,2920818023226.59
1998.4375,916.645634765625,40481260814931.4,2888965912165.13
2000,917.25,40703260416719.6,2935316035544.51
2001.5625,917.719970703125,40598927437897.6,2970436944200.09
2003.125,918.376953125001,40465219058818.8,2958208368447.37
2004.6875,918.670043945313,40393711168175.4,3016778979600.08
2006.25,919.140014648438,40434066616396.2,2970853385746.7
2007.8125,919.609985351563,40220189500858.2,2981014673271.28
2009.375,920.319946289063,40123731346690.7,2990480915323.26
2010.9375,920.319946289063,39996374307075.4,3023638951806.94
2012.5,920.7900390625,40087232286878.1,3065389981846.42
2014.0625,921.5,40026104708027.8,3125388796854.98
2015.625,922.1715625,39959672695847.6,2997265696012.64
2017.1875,922.43994140625,40015062539986,3082900765040.07
2018.75,922.680053710938,39822913215244.2,3068295505014.51
2020.3125,923.150024414063,39866937349764.8,3029975220550.21
2021.875,923.619995117188,39958263131325.5,3100806569924.08
2023.4375,924.099975585938,39970316207093.8,3122702276575.15
2025,924.569946289063,39989784354925.1,3123512010217.12
2026.5625,925.280029296875,39888213714633.1,3080761974871.61
2028.125,925.586806640625,39817677509171.8,3145561009903.36
2029.6875,925.989990234375,39480382165936.3,3088456407572.14
2031.25,926.4599609375,39412026768282.3,3026182117746.64
2032.8125,927.170043945313,39426737039856.5,3129201558331.62
2034.375,927.170043945313,39050755662451.9,3157424296266.19
2035.9375,927.880004882813,39189863210955,3114789554685.35
2037.5,928.429565429688,39338408208294,3117879689450.52
2039.0625,928.75137765067,39102713366514.4,3117052862906.15
2040.625,929.77001953125,39045575832062.8,3119204844210.59
2042.1875,929.91720703125,38897932753189,3104899349370.78
2043.75,929.77001953125,38655093334779.1,3116101670483.54
2045.3125,930.7099609375,38357667815464.9,3143123896588.7
2046.875,931.180053710938,38340598653688.9,3097422151461.38
2048.4375,931.81040602464,38198759790798.1,3098806879705.44
2050,931.957211914063,38051380536359.2,3102677786746.05
2051.5625,932.599975585938,37892780651505.7,3116131357764.11
2053.125,933.309936523438,37714104052564,3148618071384.37
2054.6875,933.079956054688,37655052395147.2,3176569927068.43
2056.25,934.02001953125,37555588173089.6,3098445164789.25
2057.8125,934.489990234375,37712706441303.8,3197207603509.89
2059.375,935.199951171875,37586884701893.2,3124580372837.71
2060.9375,935.43994140625,37046695166999.6,3162113187493
2062.5,935.910034179688,37042577196040.8,3155001217251.35
2064.0625,936.223867563102,36859047716197.5,3192022865245.07
2065.625,936.859985351563,36561262652197.7,3158786916039.75
2067.1875,937.569946289063,36416763678954.7,3173389389121.24
2068.75,937.329956054688,36508575001581.9,3158173604459.64
2070.3125,938.160034179688,36494061367999.5,3130453835826.67
2071.875,938.778798828125,36393424667255.1,3195938006996.14
2073.4375,939.4599609375,36277982079501.4,3250415521279.47
2075,939.699951171875,36157093718171.6,3235799444369.78
2076.5625,939.93994140625,36047530739500.9,3184783964113.09
2078.125,940.650024414063,35938574790539.9,3198443567000.44
2079.6875,941.119995117188,35608397695501.8,3197340582890.62
2081.25,941.589965820313,35485561696836.1,3190483865288.38
2082.8125,942.069946289063,35404790819195.7,3081180020688.58
2084.375,942.300048828125,35308115402326.7,3223812380253.19
2085.9375,943.25,35336915098667.2,3195492286286.27
2087.5,943.489990234375,35406606432909.1,3094678196996.41
2089.0625,943.7759765625,35312004558403.6,3134389135057.49
2090.625,944.670043945313,35171698662386.5,3199115876483.47
2092.1875,944.670043945313,35098070415325.8,3131005206501.78
2093.75,945.380004882813,34724164850184.9,3217716424963.25
2095.3125,945.619995117188,34719201927425.1,3209206483372.14
2096.875,946.099196213943,34903072864425.4,3205770095497.81
2098.4375,946.569946289063,34802894466803.6,3224275346219.54
2100,947.280029296875,34655704162547.1,3218158393871.71
2101.5625,947.280029296875,34485004306473,3209508360233.15
2103.125,948.22998046875,34453378881572.5,3232719903279.29
2104.6875,948.469970703125,34561295302519.1,3190043494531.86
2106.25,948.884605994592,34648997399320.6,3206114479647.48
2107.8125,948.93994140625,34486377085731.6,3245352420921.7
2109.375,949.650024414063,34552108774249.4,3206306883838.24
2110.9375,950.599975585938,34305432617331.2,3212499137486.09
2112.5,950.839965820313,34211199590008.2,3309084343814.58
2114.0625,951.309936523438,34395727060702.6,3302105417520.85
2115.625,951.780029296875,34346723955545.7,3328999862828.26
2117.1875,952.260009765625,34169650375927.7,3286087623569.16
2118.75,952.969970703125,33991179344455.2,3278133581768.77
2120.3125,953.2099609375,33943190967711.7,3310641757576.05
2121.875,953.680053710938,33909388073499.5,3231140568881.65
2123.4375,953.920043945313,33800320675680.8,3227747945650.51
2125,954.390014648438,33939028216965,3299455073143.7
2126.5625,955.063833383414,33931716353935.5,3273904181114.01
2128.125,955.819946289063,33931413850934.2,3282425856636.54
2129.6875,955.599155273438,33707793679624.7,3274750235265.95
2131.25,956.170385742188,33735909009266.6,3328718154951.62
2132.8125,956.984296526228,33749630363798.9,3286481830997.03
2134.375,957.239990234375,33553700626277.2,3297347388012.09
2135.9375,957.9599609375,33717618665275.4,3281043405613.15
2137.5,957.9599609375,33717618665275.4,3327316647451.98
2139.0625,958.670043945313,33524884470577.2,3284230752589.56
2140.625,959.361544095554,33353945915655.9,3314472944970.95
2142.1875,959.849975585938,33354543390220.8,3337052556176.68
2143.75,960.089965820313,33159495321874.6,3292875019133.46
2145.3125,960.809936523438,32822037747069.5,3337308872698.43
2146.875,960.809936523438,33062475690146.3,3319462121491.91
2148.4375,961.760009765625,33037250997683.6,3335427125601.75
2150,961.760009765625,33115242316000.8,3311119518102.98
2151.5625,962.22998046875,32906689341587.6,3371462744496.55
2153.125,963.180053710938,32965319079876.8,3376112435339.02
2154.6875,963.420043945313,32944569363647.6,3290985352601.27
2156.25,963.890014648438,32574113528975,3449668466173.72
2157.8125,964.369995117188,32492666792881.7,3320670738901.47
2159.375,965.559936523438,32510888178222.4,3334489962506.16
2160.9375,965.319946289063,32594283762070.3,3326581672373.59
2162.5,965.559936523438,32445966540334.1,3339956457717.47
2164.0625,966.27001953125,32585826651094,3337184359588.81
2165.625,966.75,32639186555606.9,3392972091981.83
2167.1875,967.589186448317,32552511712735.2,3427993923897.85
2168.75,967.699951171875,32218665912726.9,3375858775924.52
2170.3125,968.08154296875,32147430397767.1,3321598490084.78
2171.875,968.890014648438,31958684972249.7,3389703682775.13
2173.4375,969.130004882813,31916901152859.4,3380999433423.35
2175,969.599975585938,31791590108801.5,3382265215281.91
2176.5625,970.079956054688,31747329321935.6,3323291311974.02
2178.125,970.550048828125,31913768335996,3314366598785.43
2179.6875,970.80923828125,32053584099429.2,3437106426252.81
2181.25,971.97998046875,32075633041358.5,3486305013106.93
2182.8125,971.97998046875,31716281479219.5,3404199775943.78
2184.375,972.4599609375,31436895085405.2,3384370354431.83
2185.9375,972.930053710938,31271475201882.1,3387055893117.78
2187.5,973.410034179688,31338301099162.8,3361504767893.23
2189.0625,974.119995117188,31336551223173.2,3379075541031.68
2190.625,974.839965820313,31362060905204.6,3354606842404.9
2192.1875,975.208745117188,31397059831558.3,3413452865828.5
2193.75,975.7900390625,31209460555218.4,3457607349240.37
2195.3125,976.030029296875,31236029484475.3,3378246248902.15
2196.875,976.27001953125,31012206028220.4,3346451861546.67
2198.4375,976.97998046875,30745116025974.4,3362283137648.71
2200,977.312274639423,30621762748874.8,3372463811403.66
2201.5625,977.93994140625,30543987832886.1,3374061572019.48
2203.125,978.271578275241,30668294047104.5,3389601411765.24
2204.6875,978.890014648438,30836525969345.7,3323373359949.94
2206.25,979.599975585938,30884460432491.4,3402244399315.55
2207.8125,979.599975585938,30573088372230.2,3390574688690.67
2209.375,980.079956054688,30708349216734.1,3473936049970.71
2210.9375,981.030029296875,30307305733589.1,3413029294454.72
2212.5,981.454627403846,30155008213809.8,3327045557447.96
2214.0625,981.65400390625,30507934949356.6,3332324104943.45
2215.625,981.989990234375,30395047730100.2,3421110104850.91
2217.1875,982.834345703125,30325735102743.8,3340777158585.39
2218.75,983.373891977164,30338080002461.9,3391791905472.22
2220.3125,983.660034179688,30059473464116.2,3416134731523.56
2221.875,984.130004882813,29905423706667,3381412364984.31
2223.4375,984.609985351563,29740279742287.1,3390770144440.83
2225,985.329956054688,29841617143739.4,3344419684149.22
2226.5625,985.569946289063,29895130401982.5,3370626904699.98
2228.125,986.280029296875,29860281217448.9,3421504849442.79
2229.6875,986.529619140625,29747559792202.4,3417883015345.09
2231.25,987,29279963155357.2,3321834468404.05
2232.8125,987.469970703125,29204858833581.8,3394435920486.85
2234.375,988.125328650842,29226858817430.4,3341017424428.24
2235.9375,987.949951171875,29408079820348.4,3293429636581.43
2237.5,988.910034179688,29233386193338,3405071225510.12
2239.0625,989.619995117188,29239676168539.8,3405057053671.57
2240.625,990.099975585938,28914459249326.6,3328308893073.72
2242.1875,990.579956054688,28664810038008.5,3301674844185.54
2243.75,991.240020751953,28445406030950.5,3411133389612.51
2245.3125,991.530029296875,28403757485714.9,3346927956409.85
2246.875,992.010009765625,28673555001332.4,3326942661042.15
2248.4375,992.259599609375,28600081541990.4,3329461008448.17
2250,992.25,28329507891647.7,3358287862592.26
2251.5625,993.449951171875,28355785675127.8,3470208217833.05
2253.125,993.680053710938,27979804172593.4,3413525581258.9
2254.6875,994.400024414063,28025252110881.3,3371598340406.66
2256.25,995.119995117188,28144991622672.9,3270918771041.52
2257.8125,995.599975585938,28193672582511.7,3416160119629.02
2259.375,995.839965820313,28108488609726.2,3377791899909.79
2260.9375,996.550048828125,27905398636629.7,3378405483227.91
2262.5,997.030029296875,27628356538142.5,3321890544652.91
2264.0625,997.27001953125,27369808773886.2,3301074615275.48
2265.625,997.989990234375,27684307075015.8,3273204231886.64
2267.1875,998.469970703125,27686208999509.6,3248250551957.37
2268.75,998.93994140625,27580580812418.5,3354911800670.38
2270.3125,999.660034179688,27459908306845.7,3369556198449.1
2271.875,999.660034179688,27242139920143.6,3331921070634.87
2273.4375,1000.38000488281,26806482191275.3,3331547523094.77
2275,1001.09997558594,26699877048182.4,3259069348807.64
2276.5625,1001.60764723558,26503821983058.5,3224438705911.98
2278.125,1002.05993652344,26602116829082.4,3305149077786.66
2279.6875,1002.77001953125,26529349763618.3,3313406253011.44
2281.25,1002.77001953125,26531604356701.6,3321368142726.18
2282.8125,1003.48999023438,26287342591971.6,3307252124873.55
2284.375,1003.72998046875,26387362591887.5,3226238407588.08
2285.9375,1004.44995117188,26080649556345.6,3236165551024.52
2287.5,1004.9485144982,25975337460486.1,3269365748291.11
2289.0625,1005.17004394531,25736309648967.8,3205585620553.2
2290.625,1005.89001464844,25723474437540.9,3273663928574.63
2292.1875,1006.60998535156,25537471358857.7,3243567815084.78
2293.75,1006.83996582031,25640682396237.8,3169718654000.89
2295.3125,1007.54073730469,25256783548653.9,3143251177035.17
2296.875,1007.80004882813,25304914088009.4,3153112958526.02
2298.4375,1008.52001953125,25228425952578.7,3236909626451.62
2300,1009.16319335938,25164821214620.4,3237342181877.58
2301.5625,1009.71997070313,25125367163893.6,3215726952181.89
2303.125,1009.71997070313,25091331337102.3,3167504449549.17
2304.6875,1010.43994140625,24795072116060.9,3236333126066.39
2306.25,1010.68005371094,24889577740920.5,3260329162485.48
2307.8125,1011.64001464844,24799613201323.1,3277429954852.79
2309.375,1011.40002441406,24675753912634.8,3175885456568.99
2310.9375,1012.35998535156,24660819700364.1,3133006241661.3
2312.5,1012.85842660757,24511843657062.3,3137334697828.48
2314.0625,1013.55993652344,24353628250586.4,3134815633603.75
2315.625,1014.0400390625,24250962604761.8,3179504950641.18
2317.1875,1014.52001953125,24230491124545.5,3173307252890.48
2318.75,1015,24300966579821.6,3148122458195.12
2320.3125,1015.47998046875,24110328041027.9,3128843040240.81
2321.875,1015.9599609375,23999283806297.6,3141624862000.28
2323.4375,1016.19995117188,23874068878532.1,3104045348390.84
2325,1016.92004394531,23933623195908,3093583249258.25
2326.5625,1017.40002441406,23815408565822,3128222568155.27
2328.125,1017.88000488281,23784515542181.2,3102094375972.04
2329.6875,1018.59997558594,23705542315362.1,3130579988133.54
2331.25,1019.34763746995,23753798820034.2,3063684363846.97
2332.8125,1019.5599975586,23440660298011.4,3037271432234.44
2334.375,1020.04926945613,23185845657918.1,3105032774079.62
2335.9375,1020.52001953125,23156708567178.6,3136128375351.75
2337.5,1021.04615196815,23086099364332.6,2997880067827.68
2339.0625,1021.47998046875,23055070588101.1,3107588983297.75
2340.625,1021.71997070313,22778494016606.6,3119770706812.31
2342.1875,1022.40301983173,22933507740789.1,3074079967537.17
2343.75,1023.16003417969,22822833582293.4,3087954252699.69
2345.3125,1023.64001464844,22784072012939.3,3007997066604.73
2346.875,1023.88000488281,22646280249248.2,2977382121246.63
2348.4375,1024.35998535156,22593556528793.3,3002386509377.24
2350,1024.83996582031,22684393039429.3,3053591426602.88
2351.5625,1025.56994628906,22586469799037.9,3071690860124.87
2353.125,1025.84835449219,22434407280649.3,2989721936466.56
2354.6875,1026.53002929688,22260707817065.7,2964969273465.71
2356.25,1027.01000976563,22224077942354.1,3025072777812.6
2357.8125,1027.36999511719,22045854627595.2,3042588546211.81
2359.375,1027.75877929688,21907905073306.4,2991071548579.74
2360.9375,1028.44995117188,22036217011105.7,2938082292583.17
2362.5,1028.93005371094,21958316888829.8,3060670889881.9
2364.0625,1029.41003417969,21968581350882.6,2974059126679.86
2365.625,1029.90002441406,21844230022932.9,3017166250611.43
2367.1875,1030.60079589844,21817364898861.9,3047831760852.71
2368.75,1031.23843149038,21891331872077.2,2951758093580.7
2370.3125,1031.57995605469,21762700839097.5,2969603818496.93
2371.875,1031.81994628906,21584266290647,3025883717589.2
2373.4375,1032.47542630709,21482938934807.1,2984615294339.58
2375,1032.78002929688,21426732058358.9,2997323823141.3
2376.5625,1033.51000976563,21474011046284.2,3046370755096.61
2378.125,1033.75,21479930479949.1,3037761172967.81
2379.6875,1034.34074519231,21284139734237.8,3033090513071.16
2381.25,1034.93149038462,21384657693866.8,2965562009216.64
2382.8125,1035.43005371094,21194616346613.4,2946478659902.82
2384.375,1035.727736253,21199796563860.6,2929193017057.39
2385.9375,1036.16003417969,21001179146332.8,2967451037604.67
2387.5,1036.16003417969,20949981159463.2,2947446085324.48
2389.0625,1037.31383338341,20947993029546.4,2989899847540.82
2390.625,1037.59997558594,21040498973769.3,2882055913713.73
2392.1875,1038.31995605469,20943433784390.7,2901412842621.78
2393.75,1038.68514160156,20866809074466.5,2892481211790.94
2395.3125,1039.2900390625,20895981105430.1,2952248437788.25
2396.875,1039.77001953125,20846472014334.1,2955521979520.93
2398.4375,1040.13414264547,20833563895709.1,2842067725841.42
2400,1040.73999023438,20813618281160.7,2933008531096.68
2401.5625,1041.21997070313,20552456783219.2,2950338688439.26
2403.125,1041.92148061899,20599015546994.1,2968554328720.97
2404.6875,1041.93994140625,20461967081404.5,2868878625602.47
2406.25,1042.91003417969,20495648092218.6,2867166067801.57
2407.8125,1043.39001464844,20321297142997.5,2942505769282.81
2409.375,1043.63000488281,20218650546888.8,2871480136401.01
2410.9375,1044.35998535156,20246115938945.3,2889587350533.24
2412.5,1044.59997558594,20241286157693.9,2869292612587.11
2414.0625,1045.09915527344,20080288008145.2,2860320588908.13
2415.625,1045.6615224985,20225302695591.1,2873565392153.94
2417.1875,1046.2900390625,20230564188335.9,2885102558049.64
2418.75,1046.66848520132,20162474214263.6,2867908131038.98
2420.3125,1047.27769118089,20285995492149,2877833984035.04
2421.875,1047.73999023438,19838413210454.2,2903968298653.53
2423.4375,1048.21997070313,19683059875667.3,2910846683715.54
2425,1048.4599609375,19708269373075.3,2860056437805.48
2426.5625,1048.93994140625,19678307490325,2908791034224.71
2428.125,1049.67004394531,19422441443134.8,2850934071273.92
2429.6875,1050.15002441406,19562226375573.2,2830593223876.94
2431.25,1050.63000488281,19411634986617.6,2858638083200.12
2432.8125,1051.35998535156,19423486594390.4,2822175337780.32
2434.375,1051.83996582031,19399255671094.8,2859357941911.36
2435.9375,1052.27235839844,19333945846813,2835416011376.33
2437.5,1052.32995605469,19296195297137.9,2856858118675.17
2439.0625,1053.00387338492,19234567936655.6,2783197851999.07
2440.625,1053.6168359375,19056069885392.5,2821154874330.57
2442.1875,1054.02001953125,19222082357910.2,2839524749900.84
2443.75,1054.5,18833258659618.2,2813921446656.37
2445.3125,1055.22998046875,19036411294845.6,2811235088677.28
2446.875,1055.7099609375,18909938896982.8,2794795907148.85
2448.4375,1056.19995117188,18810083662857.8,2816377831746.68
2450,1056.43994140625,18755783649207.8,2805749286777.09
2451.5625,1056.92004394531,18613151685091.9,2800476390624.66
2453.125,1057.65002441406,18791495761351.1,2829493559727.75
2454.6875,1057.89001464844,18674893295106.4,2804149605558.42
2456.25,1058.59114896334,18365586769104.2,2849705885654.04
2457.8125,1058.85998535156,18549782349006.8,2790271030397.89
2459.375,1059.33996582031,18463034865981.5,2718859223182.08
2460.9375,1059.82995605469,18620066918843.9,2886859336477.38
2462.5,1060.16227370042,18608741302705.8,2826194334676.08
2464.0625,1061.0400390625,18420854317654.1,2809228557482.45
2465.625,1061.35682617188,18237564043246.1,2805795604590.95
2467.1875,1062.01000976563,18292514546452.3,2772244634536.9
2468.75,1062.25,18249065981789.1,2813626875535.11
2470.3125,1063.21997070313,18100393031794.4,2779755205688.95
2471.875,1063.21997070313,17932071644218.8,2770502115760.2
2473.4375,1063.69995117188,18101817183953,2784015807672.61
2475,1064.18994140625,17985694557369,2795330640456.02
2476.5625,1064.91003417969,17999424558155.3,2784620378271.77
2478.125,1065.16003417969,18105075202311.6,2776606566534.75
2479.6875,1065.88000488281,17908733167891.3,2751759110382.49
2481.25,1066.36999511719,17867167258630.6,2739436819055.08
2482.8125,1066.97497558594,17632582267178.6,2839531733956.02
2484.375,1067.33996582031,17811132195254.3,2812835074678.29
2485.9375,1067.91244942801,17683655032907.9,2742983919287.39
2487.5,1068.37716796875,17537870101268.8,2756177264511.69
2489.0625,1068.7900390625,17712224407267,2786534381164.57
2490.625,1069.28002929688,17611718165184.4,2750713452719.22
2492.1875,1069.75041015625,17690022167021.9,2784012970730.5
2493.75,1070.01000976563,17608201970724.9,2732904394864.95
2495.3125,1070.97998046875,17490809173252.8,2762930229522.36
2496.875,1071.21997070313,17480311323182.1,2780896838056.85
2498.4375,1071.69995117188,17451335065538.1,2771608211752.67
2500,1071.97764235277,17447147996604.5,2732785586717.74
2501.5625,1072.77604980469,17258683818319.8,2843058858243.86
2503.125,1073.16926457332,17248068561349.3,2823562863406.57
2504.6875,1073.65002441406,17280377517918.4,2803989668795.11
2506.25,1074.08385291466,17045704152962,2741824981615.58
2507.8125,1074.85998535156,17249253783196.9,2783861249570.54
2509.375,1075.09997558594,17370548163590.6,2736557225178.22
2510.9375,1075.58996582031,17422949280347,2747477775150.69
2512.5,1076.06994628906,17263149859702,2804288379189.64
2514.0625,1076.31994628906,17077895799735.3,2793898906630.41
2515.625,1077.05004882813,16976683233033.4,2767121609937.77
2517.1875,1077.53002929688,17005432093497.6,2823495086940.7
2518.75,1078.02001953125,16904262772923.4,2793112119567.48
2520.3125,1078.98999023438,16995539892450.7,2708672013343.62
2521.875,1078.92537747897,16905291992709.7,2765264287936.84
2523.4375,1079.29728816106,16868423608251.9,2764857974018.31
2525,1080.2099609375,16902900552751.5,2788190034526.67
2526.5625,1080.30595703125,16925006240415.1,2689694343029.25
2528.125,1080.93994140625,16735116330777.3,2708034445669.79
2529.6875,1081.2908184345,16828267811634.4,2815643127201.74
2531.25,1081.67004394531,16851086315275.5,2720599985025.35
2532.8125,1082.29771071214,16495331523517.6,2776456721289.5
2534.375,1082.90880371094,16609877078276.4,2732443408859.12
2535.9375,1083.36999511719,16459514387597.1,2774495063453.34
2537.5,1083.84997558594,16656404855583,2801144272993.27
2539.0625,1084.09997558594,16542797720275,2767203762474.1
2540.625,1084.82995605469,16542338719342,2731122640721.59
2542.1875,1085.31993652344,16572654859100.9,2775115577902.38
2543.75,1085.93850473257,16344475751411.1,2750644610017.56
2545.3125,1086.0400390625,16277687884090.2,2810150863243.61
2546.875,1086.93362304688,16106599386323.4,2714110906976.13
2548.4375,1087.29847130409,16224761286059,2730676112652.7
2550,1087.75,16165555067101.6,2780182357645.94
2551.5625,1088.23999023438,16154131536318.2,2765628598407.12
2553.125,1088.47998046875,16189221503129.9,2640726820871.41
2554.6875,1089.08073542669,16240943979254.9,2733844308504.88
2556.25,1089.68072040265,16173368920947.9,2810605264347.11
2557.8125,1090.43005371094,16075954729870.5,2726807495192.07
2559.375,1090.89004394531,15973666554845.1,2739185653563.3
2560.9375,1090.92004394531,15955751385147.1,2720728806492.22
2562.5,1091.65002441406,15908679203149.1,2780673881323.11
2564.0625,1091.98424353967,15766940514005,2717171360627.56
2565.625,1092.86999511719,15904249939501.9,2756124201183.58
2567.1875,1093.10998535156,15864990200929.5,2710819486112.13
2568.75,1093.59997558594,15870127654645.9,2756312776788.73
2570.3125,1094.56994628906,15663489016719.1,2743576629411.33
2571.875,1094.56994628906,15635400805203.4,2693964152302.85
2573.4375,1094.98455341046,15660911478345,2748577007458.87
2575,1095.55004882813,15597845831348.6,2825059045699.79
2576.5625,1096.0400390625,15661075020743.8,2685575707230.65
2578.125,1096.73001953125,15800003329901.6,2763342468290.21
2579.6875,1097.01000976563,15764364921337.3,2744177334114.2
2581.25,1097.73999023438,15616131943322.9,2743767924856.23
2582.8125,1097.98999023438,15535457918920.6,2839505635915.34
2584.375,1098.47998046875,15507560941033.6,2722649273813.23
2585.9375,1099.2099609375,15489465398947.5,2762436999825.71
2587.5,1099.44995117188,15309383672382.6,2714516492439.91
2589.0625,1100.16084472657,15463263818448,2712103716296.36
2590.625,1100.32428448017,15234708124775.1,2714656605861.11
2592.1875,1100.92004394531,15277900438789.4,2726598617001.46
2593.75,1101.54849008413,15347264788537.4,2691572175149.79
2595.3125,1101.91886080229,15266099882062.4,2757839009109.68
2596.875,1102.63000488281,15163363464379.6,2783783953582.35
2598.4375,1102.86999511719,15156133000038.6,2747183643954.88
2600,1103.35998535156,15114483339851.1,2711119961649
2601.5625,1103.84997558594,15077720312460.6,2673100273722.68
2603.125,1104.33996582031,15234933855825,2774403879298.9
2604.6875,1104.57995605469,15191279061258.4,2750243515303.86
2606.25,1105.10763784555,15111505360470,2689908967810.54
2607.8125,1105.80004882813,15172012277055.2,2805293118062.88
2609.375,1106.05004882813,15060008819992.2,2695128865776.1
2610.9375,1107.03002929688,15036840611429.4,2724247608930.34
2612.5,1107.27001953125,14930298513934.3,2743032890706.32
2614.0625,1107.53921875,14957558990523,2713096782591.37
2615.625,1108,15013341529880,2757439946281.18
2617.1875,1108.72999023438,14873879486634.9,2713614551459.13
2618.75,1109.22998046875,15008090033588.1,2721558934313.41
2620.3125,1109.81796875,15131732120735.2,2687067037514.21
2621.875,1110.2099609375,14842222838429.2,2688306406904.46
2623.4375,1110.69995117188,14912665730854.9,2757113294080.77
2625,1110.93994140625,14729766068694.4,2768371155355.28
2626.5625,1111.67004394531,14770202397479.6,2726967148462.08
2628.125,1112.16003417969,14808576352724,2668328338701.74
2629.6875,1112.56695087139,14738993569280.6,2785265923286.42
2631.25,1113.14001464844,14719239543468.8,2720595609325.52
2632.8125,1113.63000488281,14635673474108.2,2722790920149.21
2634.375,1114.11999511719,14851151490924.5,2766370877841.91
2635.9375,1114.40691669171,14694721146497.9,2822160094790.32
2637.5,1114.85998535156,14711536705574.9,2733981880981.13
2639.0625,1115.58996582031,14359059602286.2,2729507051675.23
2640.625,1115.74996582031,14666238958803.3,2746714755542.96
2642.1875,1116.36687762921,14547106451171.3,2659768361016.74
2643.75,1117.30993652344,14653831162111.3,2729025584834.88
2645.3125,1117.30993652344,14615125025260.3,2657232651171.61
2646.875,1118.0400390625,14633887225335.7,2661184862432.52
2648.4375,1118.53002929688,14578243016467.1,2762267834419.43
2650,1118.78002929688,14521093544666.2,2686265520126.15
2651.5625,1119.27001953125,14421714636282.4,2759278580947.26
2653.125,1120,14479112702680.1,2700977973317.93
2654.6875,1120.25,14255901637092.1,2699639348865.25
2656.25,1120.73999023438,14342542355515.4,2689268895780.15
2657.8125,1121.22998046875,14474851513404,2734911142357.21
2659.375,1121.96997070313,14382330036644.5,2648447842161.18
2660.9375,1122.4499609375,14451496591437.8,2757758461203.85
2662.5,1122.57515625,14291576318850.3,2747036771808.95
2664.0625,1123.18994140625,14454740367614.7,2721882311325.34
2665.625,1123.93005371094,14329488286559.4,2693176354188.39
2667.1875,1124.17004394531,14204710905326.2,2755820887146.42
2668.75,1124.66003417969,14250146748241.5,2752411161717.6
2670.3125,1124.91003417969,14348735790937.1,2752170909138.57
2671.875,1125.68430873326,14195734692459.4,2749498991486.9
2673.4375,1126.14001464844,14335969222021.5,2694946221955.79
2675,1126.63000488281,13991177468304,2787330748311.41
2676.5625,1127.11999511719,14294901545580.1,2700111638083.88
2678.125,1127.63998535156,14262030348309.5,2795258103169.54
2679.6875,1128.09997558594,14147595254417.1,2720536732635.35
2681.25,1128.58996582031,14213658683606.8,2717979645835.38
2682.8125,1128.83996582031,14087037778613.7,2770950597441.1
2684.375,1129.92571551983,14208204504962.6,2706123280732.09
2685.9375,1130.06994628906,14063247934931.4,2771877830826.11
2687.5,1130.30993652344,13818258873376,2738664335599.11
2689.0625,1131.0223435622,14027933609332.9,2761389094706.05
2690.625,1131.5400390625,13907496885370.6,2723956079260.83
2692.1875,1132.03002929688,14065896701218.3,2795377007746.51
2693.75,1132.28002929688,14044966909873.4,2709297007827.55
2695.3125,1132.77001953125,13999314889851,2675740659051.24
2696.875,1133.51000976563,14030234683111.2,2730228311005.92
2698.4375,1133.84640625,13971703554247.9,2756507081902.57
2700,1134.25,13868928860462.6,2688418775590.17
2701.5625,1134.86499023438,13959204682446.7,2720908191338.81
2703.125,1135.25998046875,13904314146709.1,2726283827646.81
2704.6875,1135.56305401142,13990456103873,2777248526340.34
2706.25,1136.21997070313,13890633888216,2789535517060.04
2707.8125,1136.75611290565,13799419464865.8,2777234924818.91
2709.375,1137.27995117188,13765569265825.1,2755413639017.74
2710.9375,1137.93994140625,13917750512448.8,2697900585260.04
2712.5,1138.43005371094,13814619045987.4,2735494768825.94
2714.0625,1138.92004394531,13998231555919,2769900178956.51
2715.625,1139.42004394531,13812164306810.6,2740845506660.53
2717.1875,1139.66003417969,13576151443941.6,2841464298801.93
2718.75,1140.15002441406,13579167865062.8,2755161555476.8
2720.3125,1140.65002441406,13644275790713.6,2756882049573.77
2721.875,1141.14001464844,13703755625605.9,2749488527037.15
2723.4375,1141.63000488281,13773070005924.7,2768880246283.46
2725,1142.13000488281,13691839364774.6,2685635064719.73
2726.5625,1142.61999511719,13439916084970.1,2671102651570
2728.125,1142.88998535156,13541757585178.8,2724825619926.03
2729.6875,1143.59997558594,13634749677225.3,2737435631478.76
2731.25,1144.09997558594,13498001313612.6,2734229398323.81
2732.8125,1144.58996582031,13424971243860,2741737969731.36
2734.375,1145.18572528546,13677788400225.3,2694261324655.35
2735.9375,1145.32995605469,13558026709923.3,2800908655114.61
2737.5,1146.06994628906,13638992568323,2754543309855.62
2739.0625,1146.31994628906,13422859338525.6,2738383087780.3
2740.625,1146.80993652344,13558233422987.5,2724734423772.51
2742.1875,1147.30004882813,13461502201849.5,2701549766878.62
2743.75,1147.80004882813,13563915651733.9,2833617157738.64
2745.3125,1148.3400390625,13353963955560.1,2791544122485.34
2746.875,1148.78002929688,13458118128972.1,2762786963441.91
2748.4375,1149.52001953125,13297871981849.4,2734376042504.83
2750,1150.02001953125,13390195344079.9,2749604189339.03
2751.5625,1150.51000976563,13110439480404.7,2677342644572.73
2753.125,1151.01000976563,13358895247448,2717046874036.86
2754.6875,1151.5,13323767512885.8,2711234653983.51
2756.25,1151.98999023438,13399232214992.2,2735150499946.15
2757.8125,1152.23999023438,12966290928590.7,2739336689550.72
2759.375,1152.72998046875,13152101233956.9,2765333798296.73
2760.9375,1153.22998046875,13120080512640.9,2786222180145.09
2762.5,1153.71997070313,13144415451645.6,2680715612806.35
2764.0625,1154.21997070313,13337972165978,2717481292794.21
2765.625,1154.84457632212,13206247701879,2749616997311.92
2767.1875,1154.9599609375,12924996536623,2767639020203.05
2768.75,1155.61995117188,13007080903365.7,2763823783032.32
2770.3125,1156.26686448317,13113841594677.8,2689773765679.64
2771.875,1156.43994140625,13064494851921.8,2645225736039.78
2773.4375,1157.18005371094,12978809137252.6,2653771153639.83
2775,1157.92004394531,13037648948644.7,2768948076022.28
2776.5625,1157.92004394531,13011390205585,2725643668831.27
2778.125,1158.67004394531,12992472169961.9,2726954500017.59
2779.6875,1158.99657264123,13040335789711.9,2751781559888.2
2781.25,1159.25618802584,12956236713973.7,2794101871826.34
2782.8125,1159.90002441406,13006166526029.3,2786735843303.67
2784.375,1160.65002441406,13042130318948.1,2667451294871.1
2785.9375,1160.88041503906,12846695744080.1,2675156915591.82
2787.5,1161.64001464844,12842978386983.4,2704625034712.05
2789.0625,1162.13000488281,13003178954446.9,2736683381020.65
2790.625,1162.51462026743,12894620032542.7,2707476169821.47
2792.1875,1163.11999511719,12856977413542,2704376892900.05
2793.75,1163.36999511719,12746105199981.4,2695230590790.47
2795.3125,1163.90998535156,12804771706291.9,2781455401121.85
2796.875,1164.60998535156,12986906567883.7,2746193866041.05
2798.4375,1164.84997558594,12864430857303.1,2754968440901.01
2800,1165.59997558594,12772030884616.5,2732327020888.95
2801.5625,1165.83996582031,12656260220894.7,2745589547706.06
2803.125,1166.33996582031,12821512570100.9,2744826427332.47
2804.6875,1167.07995605469,12827128608917.1,2728395713463.97
2806.25,1167.32995605469,12728281012546.3,2661555557944.56
2807.8125,1168.07995605469,12797267390983.2,2781125049124.82
2809.375,1168.56994628906,12654624550308.2,2676565043839.2
2810.9375,1168.81994628906,12816152487413.6,2736041586976.25
2812.5,1169.18514160156,12818089547241.4,2730485245844.49
2814.0625,1169.80993652344,12781504602510.9,2750468959416.44
2815.625,1170.30993652344,12725819987282.1,2758455053549.37
2817.1875,1170.80004882813,12606813394810.2,2694598316579.65
2818.75,1171.05004882813,12696984080511.6,2687828361584.72
2820.3125,1171.55004882813,12697858573223.7,2733717490295.51
2821.875,1172.5400390625,12633381674449.6,2751909000201.22
2823.4375,1172.7900390625,12484164507057.9,2839221534662.51
2825,1173.0400390625,12619092078976.7,2739146096411.96
2826.5625,1173.43387545073,12472008632411,2752291549428.07
2828.125,1174.28002929688,12665689082974.8,2766641090697.74
2829.6875,1174.532421875,12399042405504.5,2733095635482.44
2831.25,1174.77001953125,12457436392224.7,2721894859876.6
2832.8125,1175.27001953125,12432899200904.2,2755463930112.5
2834.375,1176.01000976563,12598903593171,2794988452876.03
2835.9375,1176.51000976563,12564439472337.9,2809581072989.79
2837.5,1176.8657789964,12544579665012.7,2789032630346.17
2839.0625,1177.48116361178,12473927083441.8,2744232358844.79
2840.625,1178,12514167579546.6,2780088171567.7
2842.1875,1178.38461538462,12439283209889.3,2719024689649.87
2843.75,1179,12456265059014.1,2750789565540
2845.3125,1179.23999023438,12349146554468.2,2761888009566.14
2846.875,1179.98999023438,12591981736126.9,2776291350293.96
2848.4375,1180.48999023438,12450570612235.3,2720793155608.88
2850,1180.97998046875,12602718395862.1,2761649143104.8
2851.5625,1181.30690354567,12544725539533.3,2751551250577.92
2853.125,1181.92228816106,12531631568579.6,2740832529239.8
2854.6875,1182.47998046875,12346733241568.1,2731156694059.37
2856.25,1182.61717773438,12510466225864.6,2792284314027.78
2857.8125,1183.23997070313,12339993089208.3,2722611562803.77
2859.375,1183.96997070313,12443093177056.6,2720313213238.91
2860.9375,1184.21997070313,12381367548956.1,2753805509039.21
2862.5,1184.71997070313,12188459820669.1,2749949376860.45
2864.0625,1185.2099609375,12136358272353.1,2707479167478.79
2865.625,1185.7099609375,12141144885383.2,2714469282868.67
2867.1875,1186.2099609375,12283037605644.8,2776465606823.58
2868.75,1186.4599609375,12327355761266.7,2736577633872.58
2870.3125,1187.2099609375,12252834069562.3,2756517047706.24
2871.875,1187.68072040265,12236160979044.1,2780256039711.39
2873.4375,1187.96918194111,12263719576693.8,2741480222509.57
2875,1188.44995117188,12051067356395.9,2791846707164.86
2876.5625,1189.19995117188,12237496491812.8,2775585924552.11
2878.125,1189.44995117188,12248955933644,2785986548535.26
2879.6875,1189.94995117188,12151215519199.1,2744833388192.76
2881.25,1190.43994140625,12104664084714.4,2759131280713.31
2882.8125,1190.93994140625,12089489017353.4,2839295686949.1
2884.375,1191.43994140625,12158870054313.6,2730095758575.55
2885.9375,1191.93994140625,12172771505812,2811769833507.71
2887.5,1192.43994140625,12230848336600.8,2747758824455.37
2889.0625,1192.9687875601,12234302891216.7,2768575146961.47
2890.625,1193.18994140625,12295487603594.3,2769026817547.7
2892.1875,1193.93005371094,12056011205582.5,2775450720961.46
2893.75,1194.06466909556,12038857943868.4,2763733858753.92
2895.3125,1194.93005371094,11999678753633.4,2754097369959.63
2896.875,1195.43005371094,12065245643948.7,2753455816729.48
2898.4375,1196.04543832632,11995142716695.6,2790802002190.26
2900,1196.43005371094,12047074143769.9,2827877964974.5
2901.5625,1196.68005371094,11975359482524.3,2773558371199.96
2903.125,1197.37005371094,12020656454463.5,2809263856407.04
2904.6875,1198.0935152494,11939049863637.8,2793886579322.01
2906.25,1198.36005371094,11979982158472.1,2805199372815.78
2907.8125,1198.93005371094,11877369438221.7,2756297085123.83
2909.375,1199.43005371094,12015630287104.1,2795630939752.74
2910.9375,1199.68005371094,12004875859461.8,2890135483917.55
2912.5,1200.42004394531,11977547736565.9,2689843569177.5
2914.0625,1200.42004394531,11793722494950.1,2780119733622.69
2915.625,1201.17004394531,11815304345048.1,2834953539912.83
2917.1875,1201.42004394531,11744390277636.1,2813775529931.64
2918.75,1202.14119779146,11917060134391.6,2795886503579.84
2920.3125,1202.62004394531,11802383896235.6,2794624898800.45
2921.875,1203.17004394531,11770361455203.8,2761054732607.93
2923.4375,1203.42004394531,11803205348444.2,2814533687877.47
2925,1203.93790108817,11927063844631.1,2831341791685.63
2926.5625,1204.42004394531,11764306243945.1,2845100783096.19
2928.125,1204.92004394531,11959367684745.2,2830602534375.85
2929.6875,1205.48004394531,11810658436389.9,2773295764598.98
2931.25,1205.99004394531,11783788239495.5,2810417356873.53
2932.8125,1206.42004394531,11802706240284,2830037583274.09
2934.375,1206.93005371094,11770019359119.2,2789250904782.86
2935.9375,1207.68005371094,11741222344082.5,2862113678460.6
2937.5,1207.93005371094,11657883625688.4,2767660752877.09
2939.0625,1208.43005371094,11880484041918.8,2783740327732.02
2940.625,1209.09005371094,11748514585788.9,2811829258365.55
2942.1875,1209.18005371094,11862284176144.8,2830114723826.64
2943.75,1209.93005371094,11778792780749.8,2870572363771.77
2945.3125,1209.91082294171,11590331524316.6,2911834578574.22
2946.875,1210.18005371094,11798387652027.7,2821378466128.72
2948.4375,1211.43005371094,11704360247825.3,2783625323487.91
2950,1211.69928448017,11665567649012.7,2872945389098.85
2951.5625,1211.93005371094,11623052044602.8,2866322485462.71
2953.125,1213.18994140625,11407842807018.1,2822605765204.74
2954.6875,1213.40147986779,11522680979687.2,2804845203291.92
2956.25,1213.5360952524,11663204795963.7,2806172242079.25
2957.8125,1214.68994140625,11445253949014.2,2843660625768.33
2959.375,1214.68994140625,11555876278592,2803696407587.89
2960.9375,1215.43994140625,11549501955292.9,2792142522263.81
2962.5,1215.43994140625,11339328863202.7,2857631452378.79
2964.0625,1215.93994140625,11422916209190.4,2867123332231.48
2965.625,1216.65995117188,11481504817252.3,2852726810453.7
2967.1875,1217.03995117188,11483635288285,2870478123468.93
2968.75,1217.44995117188,11439334931984.2,2869513377420.63
2970.3125,1218.19995117188,11456840358826.8,2889748994484.88
2971.875,1218.7095665565,11369745391215.8,2826100868853.97
2973.4375,1218.94995117188,11350780115003,2851330196156.41
2975,1219.7099609375,11456675416277.2,2834893810146.37
2976.5625,1219.9599609375,11562437832388.1,2802886421302.41
2978.2421875,1220.7099609375,11239027865823.1,2854251644314.28
2979.8046875,1220.9899609375,11414100263935.9,2825056271498.97
2981.3671875,1221.2099609375,11354967502986.9,2843505861646.38
2982.9296875,1221.85997070313,11350643767299.3,2784994337042.36
2984.4921875,1222.46997070313,11246747186703.4,2774816095788.69
2986.0546875,1222.86420147236,11321211589641.8,2770971656809.79
2987.6171875,1223.47998046875,11287546894143.5,2792779738460.93
2989.1796875,1223.97998046875,11243097066865.6,2859101377670.85
2990.7421875,1224.47998046875,11313035857073.8,2858907833821.07
2992.3046875,1224.97998046875,11138313857565.4,2829137487293.38
2993.8671875,1225.22998046875,11403854187349.8,2861468734615
2995.4296875,1225.98999023438,11222594637383.8,2815467579172.37
2996.9921875,1226.48999023438,11161966394224.3,2819102238170.33
2998.5546875,1226.98999023438,11174675457406.5,2808591318985.22
3000.1171875,1227.38461538462,11272103393745.8,2806037579155.91
3001.6796875,1227.75,11119770952185.3,2834910407584.27
3003.2421875,1228.375,11107466325525.2,2814647409506.2
3004.8046875,1228.06,11013577020304.3,2780645887229.45
3006.3671875,1229.26000976563,11047627547370.4,2791057556062.86
3007.9296875,1229.76000976563,11100906941894.3,2856678797487.15
3009.4921875,1230.27001953125,11208298930637.6,2818860152671.95
3011.0546875,1230.52001953125,11119561761528.4,2788875842052.57
3012.6171875,1231.02001953125,11141944242921.2,2884909867055.26
3014.1796875,1231.27001953125,10990046427245.8,2816806329840.65
3015.7421875,1232.28002929688,10913988766797.2,2839693483042.14
3017.3046875,1232.53002929688,11050349228429.9,2736182247668.15
3018.8671875,1233.2900390625,10963758078014.9,2779756891721.28
3020.4296875,1233.7900390625,11150823675179.1,2755980405900.36
3021.9921875,1234.0400390625,11085485605622.2,2840063239196.88
3023.5546875,1234.48274113582,10978824852602,2805971698954.73
3025.1171875,1235.22654841497,11102660035694,2755621324407.76
3026.6796875,1235.55993652344,10982164535237,2870057197653.38
3028.2421875,1236.05993652344,11001705217668.8,2780560228135.54
3029.8046875,1236.30993652344,10953423725666.9,2822496939160.39
3031.3671875,1236.81994628906,10939056208271.5,2863808934626.23
3032.9296875,1237.55071551983,10820983150052.5,2869532542640.47
3034.4921875,1238.07995605469,10756109467958.7,2864369083826.04
3036.0546875,1237.94534067007,10607660877087.4,2871481110800.6
3037.6171875,1239.08996582031,10823248344264.2,2816253651317.33
3039.1796875,1239.33996582031,10813966602102.3,2767301046675.46
3040.7421875,1239.81996582031,10881801715337.5,2877473472425.96
3042.3046875,1240.09997558594,10694236948971.9,2809593495273.25
3043.8671875,1240.84997558594,10753150660825.3,2808464512356.9
3045.4296875,1241.35998535156,10669918711850.7,2803640074627.9
3046.9921875,1242.01799316406,10586553879646.8,2780054345721.83
3048.5546875,1242.36999511719,10441408078388.3,2834791694121.78
3050.1171875,1242.70653357873,10712532045756.6,2761694027157.35
3051.6796875,1243.13000488281,10690257601730.2,2763985867484.78
3053.2421875,1243.63000488281,10546797962993.6,2790184723835.44
3054.8046875,1244.14001464844,10680273617729.5,2803410946065.62
3056.3671875,1244.90002441406,10607157270663.4,2883094287362.26
3057.9296875,1245.15002441406,10494371961959.9,2792228188214.96
3059.4921875,1245.40002441406,10431525364173.2,2728166912540.58
3061.0546875,1246.41003417969,10289679295836,2782772638242.62
3062.6171875,1246.41003417969,10526758323706.5,2733445240656.79
3064.1796875,1246.92004394531,10469332234552.9,2722334174670.6
3065.7421875,1247.68005371094,10493447920964,2803675370276.15
3067.3046875,1248.18005371094,10417737766901,2672573368769.29
3068.8671875,1248.18005371094,10442966628050.7,2765364237176.15
3070.4296875,1249.18994140625,10350222649773.2,2812423309358.71
3071.9921875,1249.60379732573,10436665956329,2817218894757.89
3073.5546875,1249.94995117188,10172871674061.1,2792125740278.23
3075.1171875,1250.4599609375,10409238801219,2701636832390.68
3076.6796875,1250.96997070313,10209479004605.9,2771176550943.16
3078.2421875,1251.46997070313,10170868350533.1,2708537677150.41
3079.8046875,1251.97998046875,10271386721160.5,2744476380148.35
3081.3671875,1252.14344200721,10206822682351.6,2780601924734.18
3082.9296875,1253.03806715746,10073888587877.9,2783339455968.31
3084.4921875,1253.5,10025501690725.6,2726341766979.91
3086.0546875,1253.75,10002110142479.6,2732624165981.21
3087.6171875,1254.26000976563,10174502678396.5,2752833745218.02
3089.1796875,1254.51000976563,10119441155966,2745469335425.44
3090.7421875,1255.27001953125,9932864394678.68,2764769253373.41
3092.3046875,1255.78002929688,10200589830297.4,2677837755841.43
3093.8671875,1256.5400390625,9995249528254.55,2722458728006.01
3095.4296875,1256.7900390625,9886667084576,2673812026166.7
3096.9921875,1257.30004882813,10061587448522.9,2715306771664.65
3098.5546875,1257.55004882813,9949238533690.29,2771795747204.53
3100.1171875,1258.30993652344,9882941920339.34,2699967144633.87
3101.6796875,1258.31993689904,9663136231723.85,2812819021022.66
3103.2421875,1258.56994628906,9848316812152.1,2772980370902.99
3104.8046875,1259.32995605469,9910924149682.97,2692643272827.34
3106.3671875,1260.08996582031,9788276154616.3,2629413420858.45
3107.9296875,1260.33996582031,9755477455390.65,2680281425644.99
3109.4921875,1261.10998535156,9659230989307.79,2665276934538.2
3111.0546875,1261.60998535156,9666623703668.9,2696606354022.38
3112.6171875,1262.36999511719,9697640524482.72,2703449823590.98
3114.1796875,1262.36999511719,9471764124543,2691773498210.26
3115.7421875,1262.88000488281,9577720108227.9,2651415976559.26
3117.3046875,1262.95000751202,9609275976927.6,2738892431576.29
3118.8671875,1264.02242675781,9532345984604.21,2692634842448.48
3120.4296875,1264.41003417969,9627239443616.58,2675130448556.1
3121.9921875,1264.66003417969,9616907867950.06,2661327638579.41
3123.5546875,1264.92004394531,9482918715930.8,2696306713362.73
3125.1171875,1265.93005371094,9374596530510.1,2692010929470.87
3126.6796875,1266.43994140625,9357352021183.48,2619088001140.24
3128.2421875,1266.53994140625,9588587616615.5,2675638726755.33
3129.8046875,1267.4599609375,9483639228063.85,2640012086554.73
3131.3671875,1267.7099609375,9336204886607.54,2776586176786.83
3132.9296875,1268.02381310096,9270335376353.14,2631803452541.77
3134.4921875,1268.21997070313,9267239419833.62,2620338991303.65
3136.0546875,1268.97998046875,9309475488197.97,2655708715589.59
3137.6171875,1270,9333568967028.5,2611099007173.97
3139.1796875,1270.11000413161,9274718923535.73,2650880326746.32
3140.7421875,1270.30465262277,9215922067324.89,2612438020541.27
3142.3046875,1271.02001953125,9132664439141.06,2614526411572.11
3143.8671875,1271.53002929688,9018467282049.05,2543737717414.61
3145.4296875,1272.0400390625,8968859970559.02,2539478039336.61
3146.9921875,1272.2900390625,9200292219992.26,2608528800870.58
3148.5546875,1272.80004882813,8882258329363.21,2584187208142.11
3150.1171875,1273.30993652344,9134721659584.88,2516822797056.17
3151.6796875,1274.07995605469,8845076671901.3,2665688589800.23
3153.2421875,1274.32995605469,8929853411756.06,2568406562398.35
3154.8046875,1274.83996582031,8966738832893.06,2581076626260.81
3156.3671875,1275.34997558594,8676279569706.97,2647186679642.34
3157.9296875,1275.97998535156,8853559272099.43,2507116490301.45
3159.4921875,1275.85998535156,9064408879573.25,2499576454013.49
3161.0546875,1276.88000488281,8873806606995.87,2549906065572.09
3162.6171875,1277.64001464844,8718883250019.03,2603764178379.57
3164.1796875,1277.64001464844,8752001635063.41,2573080367019.7
3165.7421875,1278.33003117488,8715692372568.19,2544819256823.51
3167.3046875,1278.66003417969,8594739523563.83,2583983248147.53
3168.8671875,1279.17004394531,8854100197778.97,2590783902685.51
3170.4296875,1279.93994140625,8880490287405,2560171589469.5
3171.9921875,1280.44995117188,8676445247683.69,2622324687101.06
3173.5546875,1280.7099609375,8593600040681.52,2639853786441.4
3175.1171875,1281.15756835938,8696406631079.19,2613682075175.86
3176.6796875,1281.72998046875,8381721063173.73,2566961885648.62
3178.2421875,1281.97998046875,8556761130515.31,2471033276274.63
3179.8046875,1282.48999023438,8492592150759.02,2595981094977.8
3181.3671875,1283.01040039063,8375855501233.84,2606781090493.68
3182.9296875,1283.51000976563,8301179758827.64,2564080643314.77
3184.4921875,1283.77001953125,8440363503411.2,2578460395211.98
3186.0546875,1284.28002929688,8221546625288.08,2602270151325.25
3187.6171875,1284.7900390625,8264556808768.77,2472801766155.44
3189.1796875,1285.52875,8502256159550.63,2518335428846.48
3190.7421875,1285.80993652344,8385006611962.01,2555619889366.96
3192.3046875,1286.32995605469,8349734209046.66,2613753080347.44
3193.8671875,1286.83996582031,8118677095280.2,2550808997705.96
3195.4296875,1286.83996582031,8146424622483.79,2516384740775.45
3196.9921875,1286.83996582031,8173869554126.47,2464171628192.32
3198.5546875,1286.57995605469,8115780428853.63,2545322058306.99
3200.1171875,1286.33995605469,8259418289063.9,2594267654591.52
3201.6796875,1286.57995605469,8027373240005.67,2469831803663.95
3203.2421875,1286.32995605469,7790075354662.87,2540320266710.44
3204.8046875,1286.48380220854,7811641366552.57,2498663166464.66
3206.3671875,1286.32995605469,7726702974233.11,2454023503902.42
3207.9296875,1286.57995605469,7883042474818.77,2528154913480.33
3209.4921875,1286.32995605469,7785537431736.12,2525026223346.2
3211.0546875,1286.06994628906,7578209650184.08,2518443097496.8
3212.6171875,1286.06994628906,7522050735824.81,2584208372670.31
3214.1796875,1285.30004882813,7526627602313.61,2405305499806.59
3215.7421875,1285.40400390625,7483789199098.1,2469820397115.46
3217.3046875,1285.30004882813,7444227945426.85,2351029374525.01
3218.8671875,1285.80993652344,7501708051751.14,2419268901312.29
3220.4296875,1285.65609036959,7201916031909.55,2352394508179.76
3221.9921875,1285.80993652344,7325035323108.36,2381725295332.99
3223.5546875,1285.55993652344,7214887322755.26,2330409172665.68
3225.1171875,1285.55993652344,7350325587157.44,2372253543566.98
3226.6796875,1285.30004882813,7333069603002.19,2384920340023.96
3228.2421875,1284.7900390625,7042680935512.24,2418926992881.33
3229.8046875,1285.05004882813,7198136122916.61,2321620032432.61
3231.3671875,1285.05004882813,6865038782184.56,2339862110205.7
3232.9296875,1285.05004882813,7024653484876.88,2266289743338.64
3234.4921875,1284.7900390625,6800208465234.2,2286731375315.39
3236.0546875,1284.28002929688,6785754853803.11,2313213476788.75
3237.6171875,1284.5400390625,6663790934276.55,2402834489230.27
3239.1796875,1284.7900390625,6727176544478.21,2311996872562.45
3240.7421875,1284.52146693638,6687144293365.5,2231876947364.52
3242.3046875,1284.5400390625,6553757201189.96,2245139116585.23
3243.8671875,1284.28002929688,6467330620017.75,2252410803984.55
3245.4296875,1284.36323242188,6423396104853.06,2242002244871.44
3246.9921875,1284.17802734375,6484743884203.39,2188303728024.3
3248.5546875,1283.51000976563,6247687120796.62,2182771466812.49
3250.1171875,1284.03002929688,6214818046270.04,2156717442344.35
3251.6796875,1284.03002929688,6125202970251.74,2260602265546.21
3253.2421875,1283.77001953125,6184443593084.96,2246875429807.92
3254.8046875,1283.77001953125,5913077496969.95,2193851899134.53
3256.3671875,1283.51000976563,6092640791480.98,2242951257558.71
3257.9296875,1283.5828125,5974470636217.92,2160386392462.64
3259.4921875,1283.51000976563,5893986420085.11,2059876205974.89
3261.0546875,1283.51000976563,5931364802057.46,2161674285555.1
3262.6171875,1283.24960937501,5730659825536.3,2093689665015.07
3264.1796875,1283.26000976563,5688452240718.54,2095161810423.32
3265.7421875,1283,5548368913606.44,2110080836046.17
3267.3046875,1283.16000600962,5552304701097.51,2106170570220.16
3268.8671875,1283,5768102317225.23,2082127632192
3270.4296875,1283,5477865375545.4,2016619961457.66
3271.9921875,1282.75,5444765346679.75,2046944900291.39
3273.5546875,1283,5322868740062.95,2051065842608.64
3275.1171875,1282.75,5458739746998.59,2060660599781.07
3276.6796875,1282.48999023438,5466604921650.36,2003923915319.98
3278.2421875,1282.48999023438,5458692842820.09,2031355877121.38
3279.8046875,1282.23999023438,5491314566811.14,2023311439546.04
3281.3671875,1282.23999023438,5200675964602.44,2081841953506.06
3282.9296875,1282.23999023438,5173307926466.83,2053155596069.79
3284.4921875,1282.23999023438,5122530478768.44,2046613325962.73
3286.0546875,1282.23999023438,5026254671998.24,2020845549433.27
3287.6171875,1282.23999023438,5055133144849.75,2004973355947.49
3289.1796875,1281.84998046875,5084704395501.79,1980093841183.76
3290.7421875,1281.72998046875,5043889428017.71,1938880674822.51
3292.3046875,1281.72998046875,4825366538577.02,1995775921471.77
3293.8671875,1281.72998046875,5030087055395.05,1891398683481.73
3295.4296875,1281.72998046875,4820644586685.75,1939791110943.54
3296.9921875,1281.72998046875,4824675897247.92,1864236035214.56
3298.5546875,1281.46997070313,4873903679440.75,1908564089621.98
3300.1171875,1281.21997070313,4693469324014.03,1897069206730.53
3301.6796875,1281.21997070313,4673043805061.43,1845163852237.9
3303.2421875,1280.91196289063,4825232413242.9,1903887634278.45
3304.8046875,1281.21997070313,4691714132894.89,1837346656965.39
3306.3671875,1281.02236328125,4751328537012.98,1861983901669.26
3307.9296875,1281.21997070313,4509993794674.05,1837946938711.33
3309.4921875,1280.7099609375,4524954556588.87,1781224750965.38
3311.0546875,1280.9599609375,4429306496525.03,1858965674438.77
3312.6171875,1280.9599609375,4436200162794.2,1902765413320.24
3314.1796875,1280.59995680589,4575663279031.01,1819514413758.09
3315.7421875,1280.59112548828,4482602737237.14,1774224392014.49
3317.3046875,1280.7099609375,4357873977499.74,1793363888850.18
3318.8671875,1280.7099609375,4314822770652.34,1809528287541.97
3320.4296875,1280.44995117188,4279250265519.15,1806492225501.34
3321.9921875,1280.44995117188,4255937280074.23,1745656022896.12
3323.5546875,1280.46995192308,4319305138399.78,1837594257564.29
3325.1171875,1280.19995117188,4144521751732.03,1740240268760.01
3326.6796875,1280.19098531789,4186947895547.7,1671392919569.74
3328.2421875,1280.0439453125,4075012776825.77,1736672278732.49
3329.8046875,1279.9956577846,4067796372728.54,1754729918418.58
3331.3671875,1279.68005371094,4203535119579.1,1773275251899.94
3332.9296875,1279.43005371094,4224895658196.42,1722865634998.94
3334.4921875,1279.68005371094,4091199976746.95,1709099436040.24
3336.0546875,1279.43005371094,4120396132394.02,1612553906920.54
3337.6171875,1279.43005371094,3918081054914.48,1650845877270.23
3339.1796875,1279.32004957933,4063306412050.61,1678001932969.5
3340.7421875,1279.40005258414,4026559210538.51,1648862255767.69
3342.3046875,1279.17004394531,3872514001731.58,1706697788115.84
3343.8671875,1279.43005371094,3955152952074.02,1676441302086.81
3345.4296875,1279.17004394531,3883966834954.63,1603830321717.46
3346.9921875,1279.17004394531,3912870909992.84,1650635740133.56
3348.5546875,1278.92004394531,3839877080632.71,1605804434660.06
3350.1171875,1278.92004394531,3879938439925.5,1621967204971.35
3351.6796875,1278.66003417969,3699211206660.35,1615218120538.91
3353.2421875,1278.66003417969,3661693520605.87,1630322909861.25
3354.8046875,1278.602341872,3697454518410.67,1637104551753.52
3356.3671875,1278.41003417969,3601525346890.32,1671399412430.77
3357.9296875,1278.15002441406,3574480954550.7,1625305525421.1
3359.4921875,1278.41003417969,3735746274161.5,1589363590864.65
3361.0546875,1278.28451222387,3671445113048.17,1536178726368.3
3362.6171875,1278.16042480469,3661811170582.89,1603110534658.52
3364.1796875,1277.90002441406,3603308990843.47,1588351057410.96
3365.7421875,1277.90002441406,3511447668348.91,1555249040940.53
3367.3046875,1277.90002441406,3488033199860.49,1528542257850.04
3368.8671875,1277.90002441406,3593701539932.26,1627530470983.32
3370.4296875,1278.09233210637,3501974081065.97,1516740689487.55
3371.9921875,1277.90002441406,3451891040665.61,1573601961907.03
3373.5546875,1277.90002441406,3516864884030.13,1561230190597.46
3375.1171875,1277.92562011719,3420990746440.2,1615918386253.51
3376.6796875,1277.64001464844,3470240997270.6,1611981525793.33
3378.2421875,1277.64001464844,3333690919865.38,1516309393359.11
3379.8046875,1277.33001239483,3344282776716.05,1532378872679.79
3381.3671875,1276.88000488281,3243466330469.06,1575222832825.78
3382.9296875,1277.54386080229,3448581542114.36,1497160908649.4
3384.4921875,1277.13000488281,3228673112212.54,1473997067298.83
3386.0546875,1277.39001464844,3212053113956.18,1593173889666.93
3387.6171875,1277.10960449219,3250097425303.41,1546474625846.87
3389.1796875,1277.13000488281,3156825367643.5,1517827918874
3390.7421875,1276.88000488281,3183827391318.56,1477154613650.31
3392.3046875,1277.13000488281,3089025127389.57,1452085620745.19
3393.8671875,1277.13000488281,3091728834842.04,1500929153475.14
3395.4296875,1276.88962026743,3263462478351.8,1482298230645.34
3396.9921875,1276.77600097656,3140714108706.57,1492566740514.86
3398.5546875,1276.61999511719,3050204386234.97,1500353288121.24
3400.1171875,1275.98238769531,3286876378873.62,1492389295943.39
3401.6796875,1276.36999511719,3020566017762.95,1472926208666.58
3403.2421875,1276.10998535156,3099934443396.24,1387647869831.47
3404.8046875,1276.36999511719,3113450656451.04,1422626720238.48
3406.3671875,1276.36999511719,3141210845027.38,1457397173768.41
3407.9296875,1276.36999511719,2998285118036.97,1428559986877.91
3409.4921875,1275.85998535156,2939240229990.2,1454267515553.99
3411.0546875,1276.10998535156,2851212691992.08,1358716137539.14
3412.6171875,1276.0715238131,2935770669107.64,1412181149526.98
3414.1796875,1275.59997558594,3070151908303.98,1489469953191.5
3415.7421875,1275.08996582031,2907975327162.14,1425895897635.08
3417.3046875,1275.85998535156,3024486427763.82,1408819619664.98
3418.8671875,1275.59997558594,2764382820360.97,1357970987296.43
3420.4296875,1275.85998535156,2911836121866.08,1357678753758.75
3421.9921875,1275.59997558594,2852471675392.98,1407391922262.33
3423.5546875,1275.31877441406,2692210757346.98,1265997719395
3425.1171875,1275.34997558594,2833415337906.2,1393027388301.8
3426.6796875,1275.27717285156,2759885104970.76,1370852696107.01
3428.2421875,1275.59997558594,2900309099141.46,1344721309991.93
3429.8046875,1275.34997558594,2814995062018.35,1380813003326.62
3431.3671875,1275.08996582031,2828356593500.8,1416823795634.83
3432.9296875,1275.34997558594,2821523845434.44,1332509259224.38
3434.4921875,1274.32995605469,2560721054277.2,1355831223987.06
3436.0546875,1275.022658128,2674236203738.03,1353293716547.06
3437.6171875,1274.57995605469,2766080680161.57,1358072243301.54
3439.1796875,1274.57995605469,2689161823530.57,1294322612556.15
3440.7421875,1274.83996582031,2730687591481.24,1373195971800.87
3442.3046875,1274.83996582031,2747787785815.55,1355313648215.98
3443.8671875,1274.6699594351,2569155222021.14,1298920951610.82
3445.4296875,1274.57995605469,2641804951866.54,1249698661929.06
3446.9921875,1274.57995605469,2515734527844.83,1364996630003.93
3448.5546875,1274.57995605469,2540671118270.44,1284082156883.51
3450.1171875,1274.32995605469,2460340647192.34,1243352211033.06
3451.6796875,1274.32995605469,2488796170932.95,1323682340104.37
3453.2421875,1274.32995605469,2549583022057.27,1291195359741.88
3454.8046875,1274.32995605469,2652640090051.08,1288338427969.99
3456.3671875,1274.07995605469,2532337690844.46,1308877983655.87
3457.9296875,1273.87994854267,2592799281815.31,1251400739727.8
3459.4921875,1274.07995605469,2321708671562.27,1326780373069.05
3461.0546875,1273.81994628906,2497075683924,1211602887500.08
3462.6171875,1273.96555175781,2482427464123.04,1253037683467.37
3464.1796875,1274.05995530349,2463794249640.95,1323458501629.63
3465.7421875,1273.81994628906,2261917846550.12,1283747975325.23
3467.3046875,1274.01995380108,2403211434353.39,1197751550009.66
3468.8671875,1273.56994628906,2541490502444.42,1298370379669.11
3470.4296875,1273.72379244291,2471907583304.73,1202568647230.59
3471.9921875,1273.56994628906,2419107362142.17,1151311236368.12
3473.5546875,1273.2146089994,2415357916576.35,1214105996529.81
3475.1171875,1273.79954589844,2433943829346.59,1160087739659.41
3476.6796875,1273.30993652344,2265943714928.14,1246503909797.92
3478.2421875,1273.56994628906,2395908520680.91,1247217810828.4
3479.8046875,1273.30993652344,2371847987373.73,1206096614820.5
3481.3671875,1273.30993652344,2394477340880.84,1193675628085.1
3482.9296875,1273.05993652344,2370766298229.09,1150900189701.46
3484.4921875,1273.00400390625,2291796685505.33,1184660796173.02
3486.0546875,1273.05993652344,2289795743933.23,1148366785054.22
3487.6171875,1272.80004882813,2450935409693.45,1169482768766.78
3489.1796875,1272.80004882813,2307329944342.82,1116229330318.5
3490.7421875,1272.0400390625,2276340942212.95,1205978990014.38
3492.3046875,1273.05993652344,2110109814056.69,1183876461796.49
3493.8671875,1272.80004882813,2172889598121.25,1207119585861.02
3495.4296875,1272.74615948017,2171692232391.53,1161926754512.29
3496.9921875,1272.80004882813,2226986544130.14,1120973977664.78
3498.5546875,1272.80004882813,2358243907333.81,1147223588754.16
3500.1171875,1272.55004882813,2393413036358.94,1186583238001.04
3501.6796875,1272.2900390625,2157593117767.74,1124568776000.17
3503.2421875,1272.55004882813,2153477709649.97,1152929298864.76
3504.8046875,1272.2900390625,2328689895095.26,1077874368913
3506.3671875,1272.2900390625,2129520395728.97,1142272927167.96
3507.9296875,1271.79002967248,2271718971043.8,1171335038844.22
3509.4921875,1271.78002929688,2130224450240.34,1057274923190.7
3511.0546875,1271.78002929688,2162011001624.12,1116379595444.68
3512.6171875,1271.53002929688,2051222781793.16,1132483058643.62
3514.1796875,1271.48002741887,2007194993362.63,1165256089604.68
3515.7421875,1271.78002929688,2297362140036.47,1109335066222.65
3517.3046875,1271.53002929688,2224330513861.74,1129557746322.63
3518.8671875,1271.78002929688,2255831708098.1,1057337521850.43
3520.4296875,1271.78002929688,2143959423871.46,1091368160132.38
3521.9921875,1271.53002929688,2099996541521.94,1018654811134.63
3523.5546875,1271.53002929688,1897405351384.11,1120930730488.85
3525.1171875,1271.27001953125,2120246690729.63,1077820487057.82
3526.6796875,1271.53002929688,2064540874861.32,1068407168203.39
3528.2421875,1271.53002929688,1996959476507.19,1145301237772.74
3529.8046875,1271.27001953125,2020885807482.49,1136852346606.87
3531.3671875,1271.18348106971,2031873939344.72,974969377628.542
3532.9296875,1271.02001953125,2017985111218.3,1064804867837.09
3534.4921875,1270.76000976563,2058292225289.76,1030232381898.75
3536.0546875,1271.02001953125,2199972064986.48,1167980878417
3537.6171875,1270.76000976563,1858983484564.23,995902022101.491
3539.1796875,1270.51000976563,2108066662141.28,1099866111799.83
3540.7421875,1270.76000976563,1942387295584.8,1063980418926.67
3542.3046875,1270.76000976563,2053463201529.03,1051857017424.08
3543.8671875,1270.72154822717,1830456169499.37,1108569882150.96
3545.4296875,1270.51000976563,1963733782111.51,1104506125771.11
3546.9921875,1270.51000976563,2073403492297.47,1025532025622.29
3548.5546875,1270.26000976563,1848029957137.69,1041044322850.68
3550.1171875,1270.26000976563,2017353722691.07,1098933234606.48
3551.6796875,1269.83,1931100749399.36,1015110206832.71
3553.2421875,1270.26000976563,2039744443279.45,1041229972994.81
3554.8046875,1270,1881972612253.02,1056821502464.83
3556.3671875,1270,2118296203019.14,1001748283281.18
3557.9296875,1269.75,1954916052204.73,993362562257.332
3559.4921875,1269.75,1890568178109.59,1117652224600.3
3561.0546875,1269.99038461538,2098714862815.93,1066570176194.06
3562.6171875,1269.48999023438,1899456892594.45,1058313671837.19
3564.1796875,1269.75,1966787753224.98,1016948875928.01
3565.7421875,1269.75,2047621220801.07,1013270439716.93
3567.3046875,1269.48999023438,1984721968660.78,1006778709034.85
3568.8671875,1269.45152869592,2028956223115.7,1019035612083.43
3570.4296875,1269.23999023438,1760665837868.48,1021270621085.06
3571.9921875,1269.23999023438,1869844146207.44,1027011139297.11
3573.5546875,1269.23999023438,1935559547181.78,1022301642879.18
3575.1171875,1269.23999023438,1855048182851.12,1006949433378.54
3576.6796875,1269.23999023438,1899598663200.22,982533702897.933
3578.2421875,1268.97998046875,1947323908138.13,1019501163299.67
3579.8046875,1268.97998046875,1888421964696.64,1004022509575.39
3581.3671875,1268.84536508413,1992551046937.18,984219820876.607
3582.9296875,1268.97998046875,1925940553960.76,944049522371.893
3584.4921875,1268.72998046875,1823842594250.12,933288531756.521
3586.0546875,1268.72998046875,1852456337566.76,982179859763.248
3587.6171875,1268.72998046875,1878708010747.72,1001992913763.01
3589.1796875,1268.72998046875,1943453115405.25,920404502300.947
3590.7421875,1268.46997070313,1684704820787.98,990962064321.306
3592.3046875,1268.38997070313,1829565701688.4,955888384232.334
3593.8671875,1268.72998046875,1807341955926.58,963849198977.736
3595.4296875,1268.21997070313,1726574722859.1,992414759296.157
3596.9921875,1268.21997070313,1697956247641,949949176468.672
3598.5546875,1268.06612454928,1795124875844.61,914550899994.051
3600.1171875,1268.21997070313,1616225269987.2,890213581184.557
3601.6796875,1268.21997070313,1881715543129.81,960601355599.663
3603.2421875,1268.04689378005,1768384276856.88,952494722281.901
3604.8046875,1267.96997070313,1844659699569.99,933353731883.2
3606.3671875,1267.96997070313,1795054305237.61,959274896952.99
3607.9296875,1268.2007399339,1702234001635.94,940772728176.474
3609.4921875,1267.96997070313,1680439863128.12,954031894962.924
3611.0546875,1267.4599609375,1749419578812.74,992144073904.271
3612.6171875,1267.6499609375,1876181662869.84,984837561478.063
3614.1796875,1267.7099609375,1644995039308.91,953068321294.85
3615.7421875,1267.7099609375,1725426630935.47,996251837011.453
3617.3046875,1267.59457632212,1729010009210.09,984213668265.919
3618.8671875,1267.44956054688,1790054515159.65,994198803687.006
3620.4296875,1267.4599609375,1729398678314.04,896720575945.058
3621.9921875,1267.4599609375,1755333143663.11,1010104098714.24
3623.5546875,1266.94995117188,1793649889511.75,1012598850036.37
3625.1171875,1267.19995117188,1695024179116.61,975468776308.108
3626.6796875,1267.19995117188,1750610356043.38,988530294211.471
3628.2421875,1266.81994628907,1699733419889.44,891268182336.426
3629.8046875,1267.19033578726,1719442422806.05,881795313143.007
3631.3671875,1266.94995117188,1595657514981.71,905330965961.938
3632.9296875,1267.19995117188,1726307257741.01,900145632063.461
3634.4921875,1266.94995117188,1683218337997.91,968331513398.26
3636.0546875,1267.19995117188,1660839748016.82,911581962387.877
3637.6171875,1266.72994290865,1498056382159.08,907247943883.094
3639.1796875,1266.68994140625,1547419587401.04,933369197773.359
3640.7421875,1266.68994140625,1554435248829.63,909225466600.051
3642.3046875,1266.75379356971,1671339531988.02,904732142667.084
3643.8671875,1266.47840294471,1628177065112.28,956806451138.692
3645.4296875,1266.18994140625,1579408857440.85,910093404731.017
3646.9921875,1266.43994140625,1539243262218.46,919462444240.224
3648.5546875,1266.18994140625,1642683532475.47,921110678379.294
3650.1171875,1266.68994140625,1560249768610.42,857058677441.903
3651.6796875,1266.43994140625,1543772370199.72,928612633011.05
