T_K,J_exp,J_calc,J_trap1,J_trap2,J_trap3,J_trap4
3.004299926757810226e+02,0.000000000000000000e+00,5.968963078927497864e+09,3.378315498796951680e+17,3.430666459832207500e+14,5.268788537885874939e+10,8.001294213486433728e+04
3.009100036621089771e+02,7.099770663641900000e+14,9.996934431303979874e+09,6.724605508154577600e+16,7.511746057280001562e+13,1.251021047136794662e+10,5.452514468741333985e+04
3.011600036621089771e+02,7.670466790461978750e+14,1.088206274593304253e+10,3.307845434082641600e+16,4.151986525312717188e+13,7.527478219361364365e+09,0.000000000000000000e+00
3.016399841308589771e+02,0.000000000000000000e+00,1.206690349955671692e+10,1.414589331858275400e+16,2.331085401152611328e+13,4.917056175232872009e+09,2.184796208737866618e+04
3.023322941706740039e+02,0.000000000000000000e+00,1.360647954859557533e+10,9.996634709755954000e+15,1.984740713770339062e+13,4.548495369934823990e+09,2.120216350786124167e+04
3.030799865722660229e+02,4.284585599276850000e+14,1.538507543572210312e+10,9.602305721800712000e+15,2.002671178163838281e+13,4.719651854203893661e+09,6.852253891929727979e+04
3.035796069335939933e+02,5.626533218038269375e+14,1.670091534167202568e+10,9.644693757354266000e+15,2.042335025834289453e+13,4.874466129375080109e+09,1.550851074235939886e+05
3.042899780273439774e+02,2.065635692988660000e+14,1.874330865188382721e+10,9.751236378065216000e+15,2.103237651426271484e+13,5.105949034897531509e+09,6.614837712465539516e+04
3.050100097656250000e+02,1.368544287745640000e+14,2.106525468393668365e+10,9.875272392712432000e+15,2.167534951620945312e+13,5.350775413299393654e+09,1.560406226095577222e+04
3.059700012207030113e+02,4.384481537340809375e+13,2.456673340639885330e+10,1.005004191861933600e+16,2.257755379386697266e+13,5.699429637923094749e+09,6.368627929103654606e+04
3.066999816894530113e+02,1.087770669720789844e+14,2.756961350363880920e+10,1.018962763666236600e+16,2.330760635984585547e+13,5.986799495725096703e+09,7.874086888613013434e+04
3.076600036621089771e+02,0.000000000000000000e+00,3.206884958098225403e+10,1.038125585312410400e+16,2.432992732550317188e+13,6.397402127170162201e+09,1.614189373054913995e+04
3.086199951171880116e+02,5.998060371931750000e+14,3.726341238704781342e+10,1.057639863264417400e+16,2.539768722445120703e+13,6.835642374970474243e+09,2.605056000000000495e+04
3.093500061035160229e+02,1.240872922903170000e+14,4.170203653872382355e+10,1.072658871071760000e+16,2.623587481034043359e+13,7.186376502355419159e+09,2.605056000000000495e+04
3.101756030273439819e+02,0.000000000000000000e+00,4.745687548046231842e+10,1.089869483519326800e+16,2.721814894270639453e+13,7.606023183433782578e+09,1.145425184750161134e+05
3.106246032714850003e+02,3.853552664514129395e+12,5.085275989584735107e+10,1.099300913424019800e+16,2.776361452354328125e+13,7.842211820930362701e+09,1.220339701555003267e+05
3.122399902343750000e+02,7.637489455330565000e+14,6.511683715421633911e+10,1.133730972367884800e+16,2.980649531701580859e+13,8.748958156799695969e+09,6.041804246110865643e+04
3.136799926757810226e+02,3.059901775186556250e+14,8.105859836877714539e+10,1.165067835701416200e+16,3.173700741746208594e+13,9.636988527645689011e+09,1.683647883804755984e+05
3.147747888183590135e+02,1.390956755922590000e+14,9.560487661182658386e+10,1.189290190765670000e+16,3.327567072739929688e+13,1.036573815602065468e+10,2.456129417973586824e+05
3.156746063232429833e+02,6.160590927246770000e+14,1.093203016034292145e+11,1.209443657247648800e+16,3.458581968891030859e+13,1.100011382270794106e+10,9.178292976677611296e+04
3.168200073242189774e+02,0.000000000000000000e+00,1.296477491097142029e+11,1.235442118074572600e+16,3.631990836775985938e+13,1.186042289095205116e+10,1.824009488472133817e+05
3.182600097656250000e+02,8.512724211413221250e+14,1.600785851841713867e+11,1.268625427151243600e+16,3.859974281364390625e+13,1.302376972603741264e+10,7.768691261667398794e+04
3.192299804687500000e+02,1.088628768686796000e+15,1.844845018353179016e+11,1.291315213079010400e+16,4.020584282955921875e+13,1.386614274601874924e+10,1.810743335360973142e+05
3.204299926757810226e+02,5.457367415978469375e+14,2.192608136926546021e+11,1.319722966681681200e+16,4.226582047671234375e+13,1.497204347039196968e+10,2.864355037694483181e+05
3.211600036621089771e+02,2.885934461456758125e+14,2.440349606992691956e+11,1.337235806339983200e+16,4.357078199505641406e+13,1.569098852736680222e+10,2.769269062694505556e+05
3.226000061035160229e+02,1.827358569572040000e+14,2.998149299194935913e+11,1.372153118901498000e+16,4.623160334404834375e+13,1.718726266890375900e+10,3.116212276166426018e+05
3.238099975585939774e+02,6.214465162955020000e+14,3.563307901039000244e+11,1.401947775550765600e+16,4.857665372515029688e+13,1.854659295495622635e+10,3.438165183805879205e+05
3.252600097656250000e+02,4.973486259993280000e+14,4.366149013682587280e+11,1.438146929904124800e+16,5.151069453054442188e+13,2.029521010323929596e+10,3.856420276944563375e+05
3.259799804687500000e+02,0.000000000000000000e+00,4.833969079451567383e+11,1.456353617222419800e+16,5.302798110463964844e+13,2.122254321945419693e+10,3.282858338472284377e+05
3.274299926757810226e+02,1.198526752072270000e+15,5.900252032959289551e+11,1.493382504112272200e+16,5.618065547166443750e+13,2.318949018825231171e+10,5.328299176944873761e+05
3.291199951171880116e+02,6.321072450442270000e+14,7.458627527413854980e+11,1.537314028503456600e+16,6.007104237954305469e+13,2.570606656884838867e+10,6.223788295334646245e+05
3.300899963378910229e+02,3.939516152933542500e+14,8.515401566627858887e+11,1.562858812997021800e+16,6.239997012111348438e+13,2.725449496381537628e+10,6.030643465027274797e+05
3.312899780273439774e+02,1.339547618669628750e+15,1.001064730485893555e+12,1.594789390176646800e+16,6.538019266465630469e+13,2.927928728910972977e+10,6.376394098444592673e+05
3.325000000000000000e+02,7.427993067888988750e+14,1.177809853882873535e+12,1.627381539221712000e+16,6.850793299311910938e+13,3.145917840612740326e+10,6.218783470721959602e+05
3.338669081467850219e+02,7.069057968515200000e+14,1.415806251194039551e+12,1.664692047205228600e+16,7.220011880767625000e+13,3.410745412935528946e+10,9.322118606136841699e+05
3.351984020996089839e+02,7.105404039908960000e+14,1.687813250767878418e+12,1.701474978525799200e+16,7.594350674889345312e+13,3.686261690642124176e+10,9.392742593472554581e+05
3.361300048828130116e+02,7.523797753682012500e+14,1.908460709997059326e+12,1.727497354443285800e+16,7.866163629697846875e+13,3.891189031381462097e+10,1.054134037227855530e+06
3.378200073242189774e+02,1.686893937676170000e+15,2.380359644681772949e+12,1.775277067515384400e+16,8.379790141327087500e+13,4.288868890145253754e+10,1.167027464922230924e+06
3.390299987792969887e+02,5.254228620948360000e+14,2.783798351202287109e+12,1.809937546145114400e+16,8.764259828397025000e+13,4.595279623940367889e+10,1.293556604766671779e+06
3.402399902343750000e+02,1.132129488782966500e+15,3.249796432662581055e+12,1.844964869409364000e+16,9.162810257098637500e+13,4.920441858564363861e+10,1.439997929844436934e+06
3.414500122070310226e+02,1.290132021554470000e+15,3.789010189803803711e+12,1.880366293363533600e+16,9.576142852102821875e+13,5.265698822213298035e+10,1.715904213925040560e+06
3.424199829101560226e+02,1.622851579770834000e+15,4.283937357527151367e+12,1.909024784047941600e+16,9.918891959871382812e+13,5.558487436229298401e+10,1.602196953925040318e+06
3.436300048828130116e+02,1.354596746712879000e+15,4.995748917711398438e+12,1.945138774930687200e+16,1.036174710883994062e+14,5.945540585082161713e+10,2.081318928769442253e+06
3.450799865722660229e+02,1.657183823827782500e+15,5.990788453670213867e+12,1.988888944138581200e+16,1.091301368481873125e+14,6.439588506741538239e+10,2.216998668419514783e+06
3.465299987792969887e+02,1.231933378729119000e+15,7.163940704416463867e+12,2.033151140031898800e+16,1.148720687936546406e+14,6.968072032622950745e+10,2.423477624455566518e+06
3.477500000000000000e+02,2.082548576731557750e+15,8.331154413535588867e+12,2.070834496404556400e+16,1.199082269474895625e+14,7.444480090237649536e+10,2.804089015997210518e+06
3.489599914550780113e+02,7.888709602356420000e+14,9.659545458342919922e+12,2.108568560348608800e+16,1.250754198933248438e+14,7.944320014067953491e+10,2.980879068574980367e+06
3.501699829101560226e+02,1.008956094898965875e+15,1.118142735616530859e+13,2.146661133006228400e+16,1.304190271475617969e+14,8.472812653288377380e+10,3.337426563147097360e+06
3.514339965820309999e+02,1.495082218992655000e+15,1.300461428270408398e+13,2.186834473380072000e+16,1.361933321529915469e+14,9.056820615751850891e+10,3.870409050536067691e+06
3.525999755859380116e+02,1.180269251522942000e+15,1.496464676204494141e+13,2.224285766385524400e+16,1.417246745957936562e+14,9.630326217405899048e+10,4.077158714455714449e+06
3.540499877929689774e+02,1.746410572326296000e+15,1.778501208504225781e+13,2.271327002394978000e+16,1.488538277361905312e+14,1.038724452401538086e+11,4.614185800686182454e+06
3.553346099853520172e+02,2.286957321675034000e+15,2.066935481066368359e+13,2.313415178797356000e+16,1.553969431667401562e+14,1.109843483124895477e+11,5.158947899339081720e+06
3.564799804687500000e+02,1.196283491830432000e+15,2.363022840841988281e+13,2.351305424211998000e+16,1.614367169101727500e+14,1.177009773519336548e+11,5.697544349533330649e+06
3.577000122070310226e+02,2.944950628730335000e+15,2.725531556739155078e+13,2.392050216141604000e+16,1.680933545925105938e+14,1.252734287151367950e+11,6.158964666605406441e+06
3.589100036621089771e+02,2.664810871658361500e+15,3.134904275048495312e+13,2.432818447583091600e+16,1.749082739363487812e+14,1.331917075085867615e+11,6.769233824455407448e+06
3.593999938964839771e+02,3.527008204629619500e+15,3.311620581781816406e+13,2.449401398655079200e+16,1.777123155784700625e+14,1.364840346231467590e+11,6.947937104455408640e+06
3.610999755859380116e+02,1.956182041929338000e+15,4.025844063919840625e+13,2.507532484673496000e+16,1.878084538544720938e+14,1.486352080304405212e+11,8.157758304753266275e+06
3.625599975585939774e+02,2.409255308955667500e+15,4.746437051215777344e+13,2.558011837267224800e+16,1.968278422012380625e+14,1.597786185037196960e+11,8.827540239752981812e+06
3.640199890136719887e+02,4.178477936808469000e+15,5.595537436829420312e+13,2.609065346361130400e+16,2.062172492624822812e+14,1.716931163397155762e+11,1.007327898279728740e+07
3.642600097656250000e+02,4.041318074192786500e+15,5.743979683230552344e+13,2.617494990292713600e+16,2.077846517487454375e+14,1.737021508386146545e+11,1.022646952029721439e+07
3.663059997558589771e+02,4.128796226346109500e+15,7.207419269889332812e+13,2.690072944174468400e+16,2.216240697427324688e+14,1.918635118811974487e+11,1.203816449067170732e+07
3.679100036621089771e+02,4.214002950825336500e+15,8.604358376480014062e+13,2.747767918256984400e+16,2.330100680715377812e+14,2.072909389444746704e+11,1.333861784828841127e+07
3.690007629394530113e+02,3.025365579943372500e+15,9.691200968281179688e+13,2.787381934946532000e+16,2.410128419123807812e+14,2.183739397863715820e+11,1.450576692225264944e+07
3.701099853515630116e+02,3.831686652977548000e+15,1.092799899542739062e+14,2.827995937171004800e+16,2.493785177991194375e+14,2.301728116090651550e+11,1.569905748582833447e+07
3.714961547851569890e+02,4.743025541995780000e+15,1.267784840679479844e+14,2.879214824221669600e+16,2.601557245087316562e+14,2.456817743992492371e+11,1.737442347520666197e+07
3.726053701547480159e+02,6.237060291136980000e+15,1.428144005092120938e+14,2.920619485015296000e+16,2.690723720131312500e+14,2.587980997827463379e+11,1.899749878798249736e+07
3.735199890136719887e+02,5.472417814574492000e+15,1.573570817375019062e+14,2.955009185181266800e+16,2.765989219132137812e+14,2.700416658569208069e+11,2.004474860766681656e+07
3.749899902343750000e+02,6.814589805286150000e+15,1.839566566214041562e+14,3.010837801107198800e+16,2.890851949998715000e+14,2.890865346521654663e+11,2.232016556397498026e+07
3.764500122070310226e+02,5.398872832590340000e+15,2.141508905393736250e+14,3.066882560902235200e+16,3.019018886539815000e+14,3.090609355043839111e+11,2.468496558473844081e+07
3.779199829101560226e+02,4.539570527188420000e+15,2.498191254616307812e+14,3.124060224365448000e+16,3.153260880371608125e+14,3.305269482235520020e+11,2.747534042327451706e+07
3.783999938964839771e+02,5.469590195377635000e+15,2.622354315775927812e+14,3.142834297744479200e+16,3.197805813632423125e+14,3.377238073036944580e+11,2.843193888077417761e+07
3.802730288298239998e+02,6.899727198304489000e+15,3.181010969141890000e+14,3.217007143976858400e+16,3.377843505055789375e+14,3.674807982542871094e+11,3.221719269531446323e+07
3.810899963378910229e+02,7.788275994385250000e+15,3.459309904959526250e+14,3.249755935280634000e+16,3.459026891277283125e+14,3.811872539559290771e+11,3.425026873484266549e+07
3.824926898662860140e+02,6.806396431940370000e+15,3.985531797620163750e+14,3.306500531360458800e+16,3.601812120858376875e+14,4.056667448682736206e+11,3.744454524756842852e+07
3.839496107835039993e+02,7.684072777408950000e+15,4.619259564440468125e+14,3.366312266829353600e+16,3.755748396243510625e+14,4.326856928509419556e+11,4.164868687233760953e+07
3.850000000000000000e+02,8.452447125984769000e+15,5.130749088068045000e+14,3.409946337229452400e+16,3.869948234899605625e+14,4.530909007958627319e+11,4.466527994580012560e+07
3.862299804687500000e+02,7.648066487579640000e+15,5.795496449226621250e+14,3.461627220491552400e+16,4.007274015821233750e+14,4.780347360876099243e+11,4.845254374394736439e+07
3.874596275916459831e+02,8.922357830556690000e+15,6.540259504781207500e+14,3.513975031360855600e+16,4.148636600043413750e+14,5.041752626854417725e+11,5.238134395501132309e+07
3.886799926757810226e+02,1.018141087154101000e+16,7.377165711240971250e+14,3.566716831372082800e+16,4.293507064380241250e+14,5.314887806263599854e+11,5.704253995324654877e+07
3.901883923339839839e+02,9.304068928226840000e+15,8.543429993747240000e+14,3.632920908054312800e+16,4.478246638456830625e+14,5.669729967110637207e+11,6.301269373829853535e+07
3.913699951171880116e+02,9.933387412374810000e+15,9.571618960314930000e+14,3.685628443822028000e+16,4.627544647443709375e+14,5.961773029849715576e+11,6.803637619239403307e+07
3.926767822265629775e+02,8.761697776740800000e+15,1.085785632990671125e+15,3.744977180836450400e+16,4.798158795135211250e+14,6.301862162318089600e+11,7.402355478530536592e+07
3.935799865722660229e+02,1.035662891738076800e+16,1.183224713463180250e+15,3.786583831526444000e+16,4.919033236409570000e+14,6.546187205483784180e+11,7.853350300126610696e+07
3.950499877929689774e+02,9.773600136958670000e+15,1.360699977963650000e+15,3.855560106514080800e+16,5.121868071933960625e+14,6.963184938212869873e+11,8.624940952044872940e+07
3.965199890136719887e+02,1.109396422182457000e+16,1.561495906233268500e+15,3.926046684983802400e+16,5.331734256703445000e+14,7.402659537100955811e+11,9.473857526051209867e+07
3.977500000000000000e+02,1.183605192476103000e+16,1.752389398980048250e+15,3.986466626009828000e+16,5.513762085637640625e+14,7.791091629559974365e+11,1.025526503192808479e+08
3.989700012207030113e+02,1.178135364216229000e+16,1.962381437627964500e+15,4.047663727452909600e+16,5.699727031085090000e+14,8.193954342894117432e+11,1.105991379271939695e+08
4.001232055664059999e+02,1.242158714314298800e+16,2.181861151775207000e+15,4.106775777768359200e+16,5.880723155384048750e+14,8.591771921865251465e+11,1.190359642701817751e+08
4.012569157527040034e+02,1.176065537445608800e+16,2.419613463796347500e+15,4.166192623441664800e+16,6.063845522494121250e+14,8.999858194553364258e+11,1.277609945024863183e+08
4.026599731445310226e+02,1.327095921157384000e+16,2.748970712406683000e+15,4.241774512097691200e+16,6.298307079661263750e+14,9.530669943066810303e+11,1.394535885846258104e+08
4.036100146484379820e+02,1.351213072089198000e+16,2.994617271334036000e+15,4.294255547911436000e+16,6.461879395181032500e+14,9.905972079558685303e+11,1.477984056093254983e+08
4.051099853515630116e+02,1.440810878550553800e+16,3.425911757916263500e+15,4.379583809029568000e+16,6.728916870770997500e+14,1.052754304983893066e+12,1.621410939379980266e+08
4.060999755859380116e+02,1.498353843055525800e+16,3.741165166060004000e+15,4.437620592130899200e+16,6.911076634823647500e+14,1.095735066654018677e+12,1.723092263542923927e+08
4.075700073242189774e+02,1.572489874064972800e+16,4.258096448168156000e+15,4.526515599109524000e+16,7.190589794714286250e+14,1.162544106895071289e+12,1.884764729150392711e+08
4.087999877929689774e+02,1.680655541356503800e+16,4.743968212370932000e+15,4.603838956129487200e+16,7.433931650032018750e+14,1.221576474694310303e+12,2.031595840088726282e+08
4.096719066913310030e+02,1.894095620737394800e+16,5.116869612556339000e+15,4.660213079309823200e+16,7.611304292211900000e+14,1.265032850292395752e+12,2.141639011629366279e+08
4.109699890136719773e+02,1.867683835264844800e+16,5.725173493851712000e+15,4.747038465323713600e+16,7.884189009281820000e+14,1.332637373737201904e+12,2.316623472268423140e+08
4.124899902343750000e+02,2.045824664112812800e+16,6.516899596963315000e+15,4.853017485081633600e+16,8.216494167505328750e+14,1.415999258654793701e+12,2.536697013778932691e+08
4.132299804687500000e+02,2.088326062310385600e+16,6.941961109284617000e+15,4.906754059802972000e+16,8.384469467151305000e+14,1.458615546147033203e+12,2.652456359578931630e+08
4.149500122070310226e+02,2.276598764950876000e+16,8.027797859538605000e+15,5.036930891271384000e+16,8.789739950068390000e+14,1.562515358348483154e+12,2.941760092990915775e+08
4.159400024414060226e+02,2.380270271206658000e+16,8.719955273158828000e+15,5.115471493334417600e+16,9.032987188842547500e+14,1.625567038634456055e+12,3.119945653409937620e+08
4.171699829101560226e+02,2.502186950103166000e+16,9.654103348224148000e+15,5.217040577001221600e+16,9.346009443354545000e+14,1.707406102470354248e+12,3.356663206281284690e+08
4.186499938964839771e+02,2.508245964512460800e+16,1.090142215710128800e+16,5.345884140455703200e+16,9.740306261237670000e+14,1.811573514952845215e+12,3.663856648055036664e+08
4.198800048828130116e+02,2.548059769652931200e+16,1.205062841711355200e+16,5.459022163613811200e+16,1.008387091895298250e+15,1.903241126581580322e+12,3.941966774616239667e+08
4.211099853515630116e+02,2.854148299084890400e+16,1.330455224474023600e+16,5.577804913317112800e+16,1.044201873490374875e+15,1.999569417282777832e+12,4.238340569029825926e+08
4.225899963378910229e+02,2.954916841283765600e+16,1.496800105326842200e+16,5.729094720889970400e+16,1.089433133001422500e+15,2.122274691078178223e+12,4.624419347245035768e+08
4.238299865722660229e+02,3.159830799052586800e+16,1.651061563054227400e+16,5.863933536691394400e+16,1.129375057112301250e+15,2.231560735464085938e+12,4.976996491361340880e+08
4.248099975585939774e+02,3.280332455858458000e+16,1.782486043581267400e+16,5.975685548145509600e+16,1.162245303264712250e+15,2.322043644326085449e+12,5.272984145605565906e+08
4.260499877929689774e+02,3.448449314933498000e+16,1.962093953060870800e+16,6.124380597976506400e+16,1.205661077142167250e+15,2.442273160811981934e+12,5.673037966531451941e+08
4.272799987792969887e+02,3.658619860850218400e+16,2.155355087248810000e+16,6.280197571804814400e+16,1.250802093291101750e+15,2.568044134199071289e+12,6.098124143436825275e+08
4.287600097656250000e+02,3.795335202832606400e+16,2.411472841557205200e+16,6.480775428606322400e+16,1.308377094786127000e+15,2.729576350902643066e+12,6.655627526257964373e+08
4.299899902343750000e+02,3.888428220881475200e+16,2.643755497204715200e+16,6.658351353154960000e+16,1.358935349886856750e+15,2.872283430876214844e+12,7.157834867069828510e+08
4.309799804687500000e+02,4.286898075770608000e+16,2.844517841616804800e+16,6.809078085418666400e+16,1.401574168541766000e+15,2.993215530464079102e+12,7.588887237309418917e+08
4.322200012207030113e+02,4.477624144979313600e+16,3.113828695522138000e+16,7.008042906977818400e+16,1.457526140530605500e+15,3.152625519338537109e+12,8.166685468499989510e+08
4.336230891301079851e+02,4.710491106771748000e+16,3.445428002213650800e+16,7.248658956907417600e+16,1.524729152275654500e+15,3.345144740064368164e+12,8.875231423847773075e+08
4.346799926757810226e+02,5.063317690148481600e+16,3.714812232977318400e+16,7.441338130303995200e+16,1.578242587214720750e+15,3.499194141185465332e+12,9.451106851094815731e+08
4.354576838566709966e+02,5.262113189313137600e+16,3.922717781582844000e+16,7.588821057469107200e+16,1.619070518203743750e+15,3.617086582231051758e+12,9.897671990650719404e+08
4.371499938964839771e+02,5.583346942402541600e+16,4.413331781597746400e+16,7.932572914963425600e+16,1.713773433782522500e+15,3.891996269269441895e+12,1.095380814945881844e+09
4.383900146484380116e+02,5.908687839258692800e+16,4.801460712903536800e+16,8.201826717843737600e+16,1.787673512095978000e+15,4.107614068287246582e+12,1.179642440255948782e+09
4.393800048828130116e+02,6.210359918237372000e+16,5.132297050806568000e+16,8.429717475181763200e+16,1.850065777034301250e+15,4.290473851459711914e+12,1.252115998499259949e+09
4.409080622746399740e+02,6.614846489290923200e+16,5.680629043372444800e+16,8.805171295927888000e+16,1.952682503679491750e+15,4.592777889575623047e+12,1.373796064490791321e+09
4.423399963378910229e+02,7.031031465099823200e+16,6.231761000742963200e+16,9.180914439340841600e+16,2.055305423716488000e+15,4.896715064042053711e+12,1.498110947136184454e+09
4.433299865722660229e+02,7.527981283668195200e+16,6.637966095765240000e+16,9.457163134071784000e+16,2.130779135500304750e+15,5.121402492015083984e+12,1.591309448378741980e+09
4.447600073242189751e+02,7.936467216346676800e+16,7.261582500929836800e+16,9.880925482908110400e+16,2.246723487568197000e+15,5.468431547020924805e+12,1.737431254020085573e+09
4.455599975585939774e+02,8.325874701223012800e+16,7.627184281816452800e+16,1.012942318660250240e+17,2.314834845632240500e+15,5.673183713262040039e+12,1.824642602179377794e+09
4.470399780273439774e+02,8.920418264196604800e+16,8.342799198595984000e+16,1.061661806537459200e+17,2.448800596338871000e+15,6.078213929443118164e+12,1.999745672089171648e+09
4.481765505034350099e+02,9.333562857248974400e+16,8.923006376471014400e+16,1.101275533315671040e+17,2.558182125929373000e+15,6.410895286504938477e+12,2.145403432184978485e+09
4.497600097656250000e+02,9.755084186132243200e+16,9.779667516479574400e+16,1.160040474755752320e+17,2.721408964387698000e+15,6.910878214697238281e+12,2.368299331171611786e+09
4.507500000000000000e+02,1.036489433376977760e+17,1.034297546758015200e+17,1.198891063375881280e+17,2.830007914622978000e+15,7.245769628554907227e+12,2.519721081248978138e+09
4.519899902343750000e+02,1.124080760122833280e+17,1.107930818323958880e+17,1.249969239445696640e+17,2.973724408134902500e+15,7.691748674210003906e+12,2.724084734497405052e+09
4.529030573918270193e+02,1.180182988239762080e+17,1.164295300804653600e+17,1.289312439652037760e+17,3.085192494490494000e+15,8.039811150155836914e+12,2.885558665862761974e+09
4.545561453012319930e+02,1.236707044031349920e+17,1.270813831000325920e+17,1.364270379288765440e+17,3.299480269057020000e+15,8.714017011858141602e+12,3.203151588764951229e+09
4.557000122070310226e+02,1.316582241848041600e+17,1.348154780762390080e+17,1.419276721261687680e+17,3.458583388297438500e+15,9.219297861951441406e+12,3.445486564992769718e+09
4.568100024414060272e+02,1.365019781310852800e+17,1.425801772679281920e+17,1.474986187839351360e+17,3.621295427022860000e+15,9.739880802744255859e+12,3.698454706943013668e+09
4.579199829101560226e+02,1.451916294899028800e+17,1.505978367737560960e+17,1.533043229513002880e+17,3.792627567130917500e+15,1.029223664953527539e+13,3.970677660756750107e+09
4.598999938964839771e+02,1.524016375054032000e+17,1.655137181465091200e+17,1.642551461484662080e+17,4.120940516330783000e+15,1.136264066703020117e+13,4.508636243048998833e+09
4.608900146484380116e+02,1.600902597359410880e+17,1.732580538857005440e+17,1.700199595824845760e+17,4.296581818644459000e+15,1.194167805825247266e+13,4.805196563882242203e+09
4.618800048828130116e+02,1.682568137166908800e+17,1.811860310568780800e+17,1.759784817562687360e+17,4.480226816243365500e+15,1.255180382496773047e+13,5.121740736266968727e+09
4.633699951171880116e+02,1.753777514740552000e+17,1.934352448709665920e+17,1.852926864632789440e+17,4.771425767636538000e+15,1.352841354990011719e+13,5.636289036563518524e+09
4.643503699669479943e+02,1.854181405072669760e+17,2.017190610334054080e+17,1.916755226206449920e+17,4.974331745332443000e+15,1.421627732888056836e+13,6.005051024975259781e+09
4.654749755859380116e+02,1.939278630847981120e+17,2.114159176791927360e+17,1.992271954582581120e+17,5.217761092121393000e+15,1.504885282533793555e+13,6.457713287076999664e+09
4.663684575007520152e+02,2.021092514804008960e+17,2.192656195868495040e+17,2.054044366442857920e+17,5.419689551040426000e+15,1.574555763702073438e+13,6.841750769032702446e+09
4.680700073242189774e+02,2.106570361165632960e+17,2.345652899873525760e+17,2.176139096401584320e+17,5.826734303067142000e+15,1.716711226744567188e+13,7.640270228198391914e+09
4.695599975585939774e+02,2.204507317567461120e+17,2.482876810746283520e+17,2.287346907223403520e+17,6.205984592306779000e+15,1.850989382785981250e+13,8.410615223260098457e+09
4.705499877929689774e+02,2.309734036400147840e+17,2.575782085568230720e+17,2.363606671635847680e+17,6.471234273339992000e+15,1.946012007584871484e+13,8.965477390305633545e+09
4.720299987792969887e+02,2.393600692849690880e+17,2.717137003293289280e+17,2.481110169050720320e+17,6.888507879717432000e+15,2.097324962526139844e+13,9.865442219046632767e+09
4.732599890136719978e+02,2.484629614630208960e+17,2.836552446011740160e+17,2.581591087281740160e+17,7.252936182842258000e+15,2.231093095395286328e+13,1.067574521941572762e+10
4.743800097656250045e+02,2.575887374991569920e+17,2.946855594254383360e+17,2.675419376217424640e+17,7.600097049902895000e+15,2.359977878621415234e+13,1.146959078638344383e+10
4.755000000000000000e+02,2.697771780516264000e+17,3.058664019003879040e+17,2.771532804579098240e+17,7.963098597416927000e+15,2.496308016769440234e+13,1.232388829743591118e+10
4.769799804687500000e+02,2.802706993311591040e+17,3.208598308739208960e+17,2.901901915973938560e+17,8.467485614043942000e+15,2.688282648365160938e+13,1.355068405317407227e+10
4.780084627591650133e+02,2.928315824601493120e+17,3.314102644737518720e+17,2.994526234160140800e+17,8.833740575685795000e+15,2.829350950676460938e+13,1.446814640309654427e+10
4.792099914550780113e+02,3.054105573655534080e+17,3.438719103623232640e+17,3.104840783538723200e+17,9.278833926235452000e+15,3.002656841627307422e+13,1.561318149620835304e+10
4.804500122070310226e+02,3.165235100710456960e+17,3.568848150088007040e+17,3.221032373894853760e+17,9.758353442892056000e+15,3.191622260036492969e+13,1.688391131530011177e+10
4.814861544095550130e+02,3.306074994373861760e+17,3.678848367488448000e+17,3.320053197856480640e+17,1.017659203962507000e+16,3.358451769782039062e+13,1.802569475590932465e+10
4.831699829101560226e+02,3.448274044303914880e+17,3.859938806813011200e+17,3.484463334985107200e+17,1.089010184511686400e+16,3.647078527272274219e+13,2.004206134982280731e+10
4.844099731445310226e+02,3.561647805783828480e+17,3.994971888572527360e+17,3.607995084363527040e+17,1.144076652373135600e+16,3.872884459880487500e+13,2.165097072336370850e+10
4.856400146484380116e+02,3.746309680486691200e+17,4.130613661388160000e+17,3.732947133665606400e+17,1.201336008035720000e+16,4.110948979605033594e+13,2.338187727093668747e+10
4.871300048828130116e+02,3.856351082703360000e+17,4.296890658475306880e+17,3.887023176295536000e+17,1.273852324631797800e+16,4.416439301914007812e+13,2.564598541404133606e+10
4.878699951171880116e+02,4.014258475631441920e+17,4.380326987666675200e+17,3.964690058312584320e+17,1.311269060744122800e+16,4.575858903577485938e+13,2.684715494308094788e+10
4.891099853515630116e+02,4.148757230915934720e+17,4.521358197657419520e+17,4.096420908118961280e+17,1.375997378496446600e+16,4.854265601742035938e+13,2.897404552626536942e+10
4.901738281250010232e+02,4.286755366882115200e+17,4.643641398424037120e+17,4.211066144371949440e+17,1.433707848327409800e+16,5.105338969803607812e+13,3.092432520327778625e+10
4.914899865722659911e+02,4.463254377313722240e+17,4.796552216308266880e+17,4.354892198990659200e+17,1.507904277311502400e+16,5.431846909519932812e+13,3.350346049925156403e+10
4.928200073242189774e+02,4.615002101013490560e+17,4.953150176805802240e+17,4.502686324666907520e+17,1.586523411903956800e+16,5.782720828331946875e+13,3.633279038128695679e+10
4.939251928710939978e+02,4.775928854268396160e+17,5.084694342068840960e+17,4.627112620870537600e+17,1.654385983259487800e+16,6.089021672231415625e+13,3.884389474215950775e+10
4.950399780273439774e+02,4.934082901312854400e+17,5.218764428114624000e+17,4.754149472179380480e+17,1.725348777388410600e+16,6.412737887209106250e+13,4.153964934300252533e+10
4.965299987792969887e+02,5.108000630159499520e+17,5.400124359532467200e+17,4.926263915040213120e+17,1.824193424846832400e+16,6.869149035373971875e+13,4.540907382562128448e+10
4.980100097656250000e+02,5.280740597271802880e+17,5.583007730660164480e+17,5.100060059143736320e+17,1.927555762299380800e+16,7.353638227688281250e+13,4.960865615496140289e+10
4.987500000000000000e+02,5.450981754694829440e+17,5.675371701160762880e+17,5.187882541736842240e+17,1.981023136419206000e+16,7.606740342491464062e+13,5.183484217731508636e+10
5.002399902343750000e+02,5.648009767216506880e+17,5.863338615362562560e+17,5.366660381667791360e+17,2.092606698949108000e+16,8.140437351734082812e+13,5.660174375846874237e+10
5.014700012207030113e+02,5.836331192471421440e+17,6.020531157222095360e+17,5.516169463894032640e+17,2.188809007127242400e+16,8.606322275641382812e+13,6.084040932155186462e+10
5.027965299166169757e+02,6.010847486638805760e+17,6.192345741048906240e+17,5.679522267003084800e+17,2.297326641549411600e+16,9.138601120056409375e+13,6.577655423284995270e+10
5.041900024414060226e+02,6.219617996553776640e+17,6.375046170414332160e+17,5.853107769102475520e+17,2.416085002568210000e+16,9.727875124539681250e+13,7.133627566924983215e+10
5.053049926757810226e+02,6.398275723593889280e+17,6.522980206224683520e+17,5.993532345648674560e+17,2.514982046674799200e+16,1.022410119597294844e+14,7.609695423946780396e+10
5.064292133037860140e+02,6.567077329503790080e+17,6.673723280758232320e+17,6.136475177552954880e+17,2.618327098543289600e+16,1.074780798546257500e+14,8.119661725511257935e+10
5.078999938964839771e+02,6.731408569397459200e+17,6.873593383183299840e+17,6.325697300693799680e+17,2.759863116245391600e+16,1.147414978288552500e+14,8.840498023175961304e+10
5.091300048828130116e+02,6.896796477815678720e+17,7.042700962850730240e+17,6.485531720929820160e+17,2.883086910274212400e+16,1.211348730377577500e+14,9.485571980498905945e+10
5.102985665457600248e+02,7.043610818441588480e+17,7.205101949215047680e+17,6.638761403268308480e+17,3.004653368195761200e+16,1.275068180752990000e+14,1.013843786428391876e+11
5.111899853515629957e+02,7.212069219620506880e+17,7.330239161293912320e+17,6.756619195779696640e+17,3.100756071703915600e+16,1.325924434723844531e+14,1.066709833280887146e+11
5.128399658203129547e+02,7.414463349612275200e+17,7.564450970509015040e+17,6.976714633950494720e+17,3.285955197550776400e+16,1.424989813985190625e+14,1.171387008928318481e+11
5.140700073242189774e+02,7.585087557896331520e+17,7.741211287462535680e+17,7.142371534929777920e+17,3.430418180533442000e+16,1.503192126056911875e+14,1.255526614746889954e+11
5.153099975585939774e+02,7.801731064276474880e+17,7.921206069907965440e+17,7.310644935971129600e+17,3.581711731485253200e+16,1.585912162750813750e+14,1.345884827424747314e+11
5.160499877929689774e+02,7.941795703518296320e+17,8.029632625156375040e+17,7.411758546972440320e+17,3.675339185105630400e+16,1.637587250645779062e+14,1.403144652347866211e+11
5.175300292968750000e+02,8.119431129174983680e+17,8.248199058581168640e+17,7.615121742268802560e+17,3.868556744956736800e+16,1.745094466975557500e+14,1.523748980324792786e+11
5.185100097656250000e+02,8.286023956390979840e+17,8.394363816385843200e+17,7.750700954421882880e+17,4.001788591583460000e+16,1.819996443047957188e+14,1.609110596157254028e+11
5.199899902343750000e+02,8.466352370667703040e+17,8.617265762585066240e+17,7.956767270290261760e+17,4.211539869943507200e+16,1.939170401496224375e+14,1.747134446085649414e+11
5.210953650841349827e+02,8.628408161546856960e+17,8.785233682593816320e+17,8.111530302694429440e+17,4.374483212207412000e+16,2.032670791777840312e+14,1.857072980075533447e+11
5.220977942425270157e+02,8.835226145250909440e+17,8.938693208023110400e+17,8.252495507159747840e+17,4.527386895224069600e+16,2.121162714972881875e+14,1.962488223088610229e+11
5.236900024414060226e+02,9.011921083535182080e+17,9.184541277467322880e+17,8.477451113705894400e+17,4.780542015776292800e+16,2.269195081155239375e+14,2.141634549981646118e+11
5.251699829101560226e+02,9.212528850239398400e+17,9.415282842437596160e+17,8.687555034476147200e+17,5.027758421290195200e+16,2.415520309494223125e+14,2.322027377354281921e+11
5.261599731445310226e+02,9.375936757492051200e+17,9.570761465599910400e+17,8.828539320144832000e+17,5.199837399257458400e+16,2.518366418781453750e+14,2.450711073206273499e+11
5.272746300330529721e+02,9.541635145498466560e+17,9.746810764011033600e+17,8.987605497574017280e+17,5.400028586338152000e+16,2.638968551268416875e+14,2.603453590198892212e+11
5.286199951171879547e+02,9.667954176404647680e+17,9.960703414778184960e+17,9.179958555215624960e+17,5.651746620667657600e+16,2.792119200385200312e+14,2.800369841168046875e+11
5.298499755859379547e+02,9.831833982756268800e+17,1.015747759914033408e+18,9.356019824367185920e+17,5.891753619081122400e+16,2.939623184825195625e+14,2.992962782918142090e+11
5.310899658203129547e+02,9.997175577819541760e+17,1.035688339223870592e+18,9.533568596686685440e+17,6.143146351573670400e+16,3.095539642821035625e+14,3.199388906953168945e+11
5.320700073242189774e+02,1.016671403269624064e+18,1.051518817371272320e+18,9.673843954937008640e+17,6.349129635010800000e+16,3.224388213006095625e+14,3.372211723849121704e+11
5.332999877929689774e+02,1.033359843788452096e+18,1.071461342137777536e+18,9.849722503294260480e+17,6.616528350168964800e+16,3.392991520993611875e+14,3.601113559579598389e+11
5.347800292968750000e+02,1.051217588345039488e+18,1.095566070500951296e+18,1.006085125543427328e+18,6.953607549714068000e+16,3.607864021646451875e+14,3.897716766687366943e+11
5.360100097656250000e+02,1.070893164903107584e+18,1.115666809988969088e+18,1.023574299463243264e+18,7.245842103140363200e+16,3.795995652859740625e+14,4.161321558059760132e+11
5.372399902343750000e+02,1.085357605119841920e+18,1.135817828707473920e+18,1.040996395792275456e+18,7.549431235551780800e+16,3.993172191776951875e+14,4.441322798250203857e+11
5.384122783954329634e+02,1.095506817656163200e+18,1.155060885914045952e+18,1.057523225631570560e+18,7.849943819733732800e+16,4.190062011851310625e+14,4.724631593070374756e+11
5.395268742487979807e+02,1.112396392437843840e+18,1.173382664135937536e+18,1.073142470219295232e+18,8.147292338064667200e+16,4.386672883829368125e+14,5.011478940125360718e+11
5.409299926757810226e+02,1.131451702608753024e+18,1.196463945565812224e+18,1.092659932313477760e+18,8.537295126289860800e+16,4.646988052727283750e+14,5.396699774450941162e+11
5.417756054687499727e+02,1.149171310049224192e+18,1.210375470932178432e+18,1.104340025328204416e+18,8.780454763557113600e+16,4.810552560010456875e+14,5.641581835487548828e+11
5.428900146484379547e+02,1.166187911177711616e+18,1.228702205646969856e+18,1.119618162101467776e+18,9.111384777398840000e+16,5.034792446052823750e+14,5.981010345207985840e+11
5.446099853515629547e+02,1.182383333731021824e+18,1.256950827865024256e+18,1.142923074084492032e+18,9.645331540537283200e+16,5.400267419610123125e+14,6.542641411425200195e+11
5.458399658203129547e+02,1.198094853174828032e+18,1.277102827807237632e+18,1.159341274689147648e+18,1.004648314429785120e+17,5.677922659801603750e+14,6.976454431843035889e+11
5.470700073242189774e+02,1.212867017860710656e+18,1.297201680067682816e+18,1.175546182525329152e+18,1.046324064644985600e+17,5.968870978083688750e+14,7.436877762574588623e+11
5.483600006103520172e+02,1.226359862589740800e+18,1.318208341702235136e+18,1.192293253182403840e+18,1.091746067082584800e+17,6.288730371074436250e+14,7.949576278154138184e+11
5.495300292968750000e+02,1.239439134790125056e+18,1.337174532136290560e+18,1.207214514681206272e+18,1.134715294277697600e+17,6.594192866079658750e+14,8.446068276971842041e+11
5.507500000000000000e+02,1.251258897350065152e+18,1.356849356444623104e+18,1.222487472755961088e+18,1.181319123374072480e+17,6.928441023506151250e+14,8.996457771385385742e+11
5.517299804687500000e+02,1.268356529475242240e+18,1.372575230454133248e+18,1.234546961552352768e+18,1.220030611168155840e+17,7.208181711409995000e+14,9.462187966698918457e+11
5.529599609375000000e+02,1.280278716759242752e+18,1.392194480129012736e+18,1.249382727808974848e+18,1.270396345616123040e+17,7.575091365966697500e+14,1.008026789207625000e+12
5.541900024414060226e+02,1.295908670125011456e+18,1.411675641625939712e+18,1.263881201917003776e+18,1.322712861297519040e+17,7.959475185585671250e+14,1.073583234395408081e+12
5.554100341796879547e+02,1.308869052882117888e+18,1.430846492466241792e+18,1.277905755066544640e+18,1.376604175951618400e+17,8.358808031606482500e+14,1.142528269101578857e+12
5.568800048828129547e+02,1.326391918639214848e+18,1.453688527590652928e+18,1.294223724437064704e+18,1.444708210117873280e+17,8.868916412332022500e+14,1.231968098189388916e+12
5.580299853515630275e+02,1.338640886301510144e+18,1.471378174735048960e+18,1.306593540882981376e+18,1.500106474650455040e+17,9.287531745656632500e+14,1.306293652505444092e+12
5.591638089693519760e+02,1.357928807109024512e+18,1.488643975028463360e+18,1.318411676138672128e+18,1.556715761119174400e+17,9.718778773618358750e+14,1.383745466733500000e+12
5.605599975585939774e+02,1.375793631040589568e+18,1.509645761025610240e+18,1.332415554663885312e+18,1.629270634840128000e+17,1.027655772169896875e+15,1.485215427215576416e+12
5.617800292968750000e+02,1.391300357095573760e+18,1.527732677363266816e+18,1.344100002392960256e+18,1.695497886265760640e+17,1.079078859703706750e+15,1.580073687668519531e+12
5.627600097656250000e+02,1.403708999649889536e+18,1.542088291221532416e+18,1.353130210704149504e+18,1.750491477741486720e+17,1.122106815972824875e+15,1.660291394128802246e+12
5.639799804687500000e+02,1.412230649051451136e+18,1.559721030825622528e+18,1.363885250697743104e+18,1.821394841440144000e+17,1.178034173454748500e+15,1.765728705707050293e+12
5.654499511718750000e+02,1.425974647991259648e+18,1.580624894502370816e+18,1.376151261896672000e+18,1.910281729238699840e+17,1.248795865695364250e+15,1.900825507545754639e+12
5.671600341796879547e+02,1.447310431381861888e+18,1.604371541851522560e+18,1.389271469199159808e+18,2.019378877522896000e+17,1.336746481653713500e+15,2.071626174900747803e+12
5.681400146484379547e+02,1.464695328455037696e+18,1.617717702824475136e+18,1.396265801592604160e+18,2.084483080406919680e+17,1.389738303454452750e+15,2.175871115113203125e+12
5.693599853515629547e+02,1.481632811642927104e+18,1.634062890115811584e+18,1.404435322578015744e+18,2.168176756158898560e+17,1.458387589982548000e+15,2.312306668711434570e+12
5.703399658203129547e+02,1.484270779598807808e+18,1.646941237295931904e+18,1.410496230484295680e+18,2.237873155648191360e+17,1.516055460949962250e+15,2.428239655970594727e+12
5.715599975585939774e+02,1.489698788792555008e+18,1.662667027666416896e+18,1.417428888336579840e+18,2.327658847470301120e+17,1.590971472726796250e+15,2.580509201720812012e+12
5.725400390625000000e+02,1.500411388674271232e+18,1.675055034887351808e+18,1.422509570343743488e+18,2.402190054401466560e+17,1.653666290866972250e+15,2.709285671443419434e+12
5.742500000000000000e+02,1.515738712142605312e+18,1.696113129568983808e+18,1.430259518419513856e+18,2.537744625272815040e+17,1.768892019367334750e+15,2.949158946721118652e+12
5.753776667668270193e+02,1.537819928720216576e+18,1.709624756446113536e+18,1.434614676211045888e+18,2.630893170267514560e+17,1.848906023379643250e+15,3.117957562268287109e+12
5.766900024414060226e+02,1.551955862841750784e+18,1.724915455265164032e+18,1.438805002237440256e+18,2.743686331199370560e+17,1.946802416235824500e+15,3.327175584861851074e+12
5.776699829101560226e+02,1.568406382823588864e+18,1.736065105782474240e+18,1.441386765187910656e+18,2.830668292194648640e+17,2.022942310904873250e+15,3.491622424645458984e+12
5.789638577974769760e+02,1.578486012074103552e+18,1.750399524625130240e+18,1.444002017126896640e+18,2.949532761867808000e+17,2.127961602654741250e+15,3.721039731552185059e+12
5.793699951171879547e+02,1.582334835482639616e+18,1.754838242483943424e+18,1.444697678324781568e+18,2.987480911846882560e+17,2.161643488024941000e+15,3.795028476827971680e+12
5.813200073242189774e+02,1.593983424958455296e+18,1.775422956361773568e+18,1.446522638722547456e+18,3.177473311302033280e+17,2.332263748220686000e+15,4.175152584190583496e+12
5.827804236778849827e+02,1.601323238223305216e+18,1.790175405482522624e+18,1.446487040719097600e+18,3.327063952748552320e+17,2.468542318122067500e+15,4.483963544024430664e+12
5.840000000000000000e+02,1.621717356096446464e+18,1.802082088722847744e+18,1.445571554090875648e+18,3.456660968358944640e+17,2.587894975859149500e+15,4.757859778750555664e+12
5.852787695312499636e+02,1.641577313004561152e+18,1.814169348346310656e+18,1.443746879171517440e+18,3.597170505124595200e+17,2.718617686732206000e+15,5.061366573179564453e+12
5.864400024414060226e+02,1.655409359775619072e+18,1.824779390221844480e+18,1.441280658051221760e+18,3.729146575994695040e+17,2.842699183132261500e+15,5.352907305465442383e+12
5.876600341796879547e+02,1.667087512144583424e+18,1.835522436293085440e+18,1.437779595016425984e+18,3.872806742934654080e+17,2.979316194416139500e+15,5.678021204978784180e+12
5.888699951171879547e+02,1.672613748373375488e+18,1.845820879057871616e+18,1.433490330436469760e+18,4.019841885767143040e+17,3.120616859183694500e+15,6.018188466873863281e+12
5.903299560546879547e+02,1.675997142920100608e+18,1.857798811546931200e+18,1.427264469185417216e+18,4.203210433185541120e+17,3.298841343567444500e+15,6.452555038610767578e+12
5.915399877929689865e+02,1.687810419571703296e+18,1.867321377177290496e+18,1.421132303622118656e+18,4.360797247533778560e+17,3.453995658693650000e+15,6.835941374470926758e+12
5.922111816406250000e+02,1.698984500154128384e+18,1.872451126848993536e+18,1.417356544011946752e+18,4.450403958191579520e+17,3.543025859177851500e+15,7.058052459998402344e+12
5.937299804687500000e+02,1.722884636773714688e+18,1.883696305459211264e+18,1.407895567057218560e+18,4.658650521707305600e+17,3.752069405593476000e+15,7.585177667863983398e+12
5.950607604980469887e+02,1.738962599687825152e+18,1.893142201046679040e+18,1.398548266147102464e+18,4.847545673952062080e+17,3.944306076908370500e+15,8.076773719146594727e+12
5.962200341796880139e+02,1.756118416553438976e+18,1.901082953415345408e+18,1.389630130099882752e+18,5.016916174509635840e+17,4.118748424160737500e+15,8.528271889207144531e+12
5.973800048828129547e+02,1.761472744909821184e+18,1.908771074807723520e+18,1.379987630630875392e+18,5.190949004650982400e+17,4.300060268757876000e+15,9.002914483802785156e+12
5.988299560546879547e+02,1.772465705803489792e+18,1.918004653013267712e+18,1.366831855472916480e+18,5.415661133044590080e+17,4.537654645523840000e+15,9.633917076043453125e+12
6.002900390625000000e+02,1.776473931583345664e+18,1.926974149445281280e+18,1.352567870460889856e+18,5.648732684298523520e+17,4.787604055891313000e+15,1.030679387991751953e+13
6.012600097656250000e+02,1.791347419722527744e+18,1.932743524081532672e+18,1.342470999038255104e+18,5.807827793738023680e+17,4.960568700504637000e+15,1.077844667449886328e+13
6.024699707031250000e+02,1.804410771369623296e+18,1.939764892769377536e+18,1.329260423778648064e+18,6.010626967328032000e+17,5.183600057254245000e+15,1.139314217093638672e+13
6.038461397611180246e+02,1.822288319371801088e+18,1.947511859379515904e+18,1.313328395058643200e+18,6.247868001972094720e+17,5.448664511408229000e+15,1.213427110317232422e+13
6.048900146484379547e+02,1.835175334480804864e+18,1.953260380994123264e+18,1.300707393324875776e+18,6.431845065505921280e+17,5.656938806893331000e+15,1.272350394929016797e+13
6.062923779296879729e+02,1.842671182787674624e+18,1.960831778997605120e+18,1.283043850698251520e+18,6.684487242636453120e+17,5.946913525071625000e+15,1.355388548865442578e+13
6.074123112605169581e+02,1.841094102640079616e+18,1.966771053722270208e+18,1.268357672046524160e+18,6.890899290904034560e+17,6.187439409093601000e+15,1.425174084670275781e+13
6.087134821965149740e+02,1.845766501484372992e+18,1.973574227787035392e+18,1.250630087767261184e+18,7.136292786720944640e+17,6.478126137790192000e+15,1.510699384159404492e+13
6.097399902343750000e+02,1.850850233312538368e+18,1.978897998933820416e+18,1.236241940566752000e+18,7.333414877972144640e+17,6.714863262354631000e+15,1.581156167332754492e+13
6.109499511718750000e+02,1.866888507203696896e+18,1.985142910426223872e+18,1.218824913410660352e+18,7.569956401602533120e+17,7.003077512071288000e+15,1.667959041256267383e+13
6.122984900841349827e+02,1.884363688718237696e+18,1.992094707326916352e+18,1.198904653884728576e+18,7.838489419190995200e+17,7.335508070841939000e+15,1.769372391980406641e+13
6.133599853515629547e+02,1.902541246090569984e+18,1.997583289153567488e+18,1.182852184882804992e+18,8.053668966206035200e+17,7.606309009894576000e+15,1.853071328255210547e+13
6.145700073242189774e+02,1.900703788973020416e+18,2.003885806188254208e+18,1.164187397551365376e+18,8.302983928983742720e+17,7.925212476062151000e+15,1.952897667400214453e+13
6.159624218750000182e+02,1.907265086106769408e+18,2.011231126722930688e+18,1.142296020614013056e+18,8.594813820724750080e+17,8.305427751784276000e+15,2.073607772999584375e+13
6.169899902343750000e+02,1.913728841189330176e+18,2.016734003744335872e+18,1.125905187535392512e+18,8.813270124335472640e+17,8.594814062484234000e+15,2.166638313607145703e+13
6.181999511718750000e+02,1.925054995049841408e+18,2.023325689021588736e+18,1.106380378643199744e+18,9.073773049261173760e+17,8.945403609191609000e+15,2.280673439289202344e+13
6.196215538611779721e+02,1.943618720407733248e+18,2.031266584486155264e+18,1.083171891043745664e+18,9.384345677656824320e+17,9.371782765281022000e+15,2.421385585741837500e+13
6.208499755859379547e+02,1.961457718210078720e+18,2.038331161309890816e+18,1.062932761618814208e+18,9.656456446925408000e+17,9.753139497504388000e+15,2.549104428321874219e+13
6.218099975585939774e+02,1.977364728027974400e+18,2.043992014552632064e+18,1.047033274207768576e+18,9.871254522181120000e+17,1.005911953255249000e+16,2.652756836288775391e+13
6.231123234675479807e+02,1.990105530808156160e+18,2.051894389483819264e+18,1.025381796482074240e+18,1.016557953684880256e+18,1.048585297896230800e+16,2.799087013331273438e+13
6.245253530649040385e+02,1.996372849321514240e+18,2.060782475543053568e+18,1.001835125921796608e+18,1.048845105089879424e+18,1.096398521688429200e+16,2.965410658281115625e+13
6.254299926757810226e+02,2.006228500780126720e+18,2.066662090373933824e+18,9.867549530993061120e+17,1.069701254344294016e+18,1.127865626853029000e+16,3.076238668254419922e+13
6.271199951171879547e+02,2.013202087844221696e+18,2.078116261657660928e+18,9.586433888398161920e+17,1.109051870778525184e+18,1.188635574872523800e+16,3.293556723948730859e+13
6.285599975585939774e+02,2.030866353173892096e+18,2.088327991757670144e+18,9.348016657594301440e+17,1.142902149453609728e+18,1.242226591834467600e+16,3.488273355651639844e+13
6.297748144531250318e+02,2.040177416656820224e+18,2.097329521757495808e+18,9.148216822510097920e+17,1.171695775424183552e+18,1.288921189949077000e+16,3.660505190273753906e+13
6.307299804687500000e+02,2.057100238154039808e+18,2.104642148920031744e+18,8.992108557156584960e+17,1.194461694929748992e+18,1.326509881374690000e+16,3.800690953652306250e+13
6.318531958007810090e+02,2.066952211546416128e+18,2.113536179050115072e+18,8.809932129500236800e+17,1.221375986232390144e+18,1.371786265157017800e+16,3.971470737086335938e+13
6.330838529146640212e+02,2.075046759137502208e+18,2.123644563837190912e+18,8.612233091968407040e+17,1.251023211120811008e+18,1.422696218996692000e+16,4.165868425152914062e+13
6.343399658203129547e+02,2.079683377492854272e+18,2.134358155673069568e+18,8.412697046247962880e+17,1.281438556839369728e+18,1.476060143878596200e+16,4.372219034751844531e+13
6.355400390625000000e+02,2.086167330419578880e+18,2.145018992963139072e+18,8.224662545019887360e+17,1.310645113862398464e+18,1.528533776118447000e+16,4.577916596258935938e+13
6.367399902343750000e+02,2.093394595434394880e+18,2.156093167757841920e+18,8.039337357532437760e+17,1.339977422809030912e+18,1.582448953583262000e+16,4.792006414237310938e+13
6.374599609375000000e+02,2.111418764518336256e+18,2.162899189653242112e+18,7.929228682452980480e+17,1.357623166895149568e+18,1.615361965022556600e+16,4.923768579072094531e+13
6.391400146484379547e+02,2.126482254456681472e+18,2.179450294969559040e+18,7.676978325868756480e+17,1.398972778816272640e+18,1.694511329898051200e+16,5.245166389486639062e+13
6.404691913311299913e+02,2.155507118749866496e+18,2.193092110713445632e+18,7.481383412149728000e+17,1.431814201054852352e+18,1.759067214247772200e+16,5.511073427147210156e+13
6.415400390625000000e+02,2.168655205200153344e+18,2.204493851077756416e+18,7.326877189305785600e+17,1.458359546051272960e+18,1.812550788565253200e+16,5.734255659622931250e+13
6.429319824218749773e+02,2.182171825388043520e+18,2.219841631929986816e+18,7.130085019391038720e+17,1.492965195811719936e+18,1.883996168028943200e+16,6.036181895509585938e+13
6.442567895507810363e+02,2.189041713412527360e+18,2.234957058562670336e+18,6.946752803701240320e+17,1.525990974871690240e+18,1.953886504070448800e+16,6.335271103238135156e+13
6.451400146484379547e+02,2.199739357790373376e+18,2.245352343455892992e+18,6.827052900261580800e+17,1.548060373042305792e+18,2.001692109023628400e+16,6.542245196726802344e+13
6.465799560546879547e+02,2.201810228883534848e+18,2.262783071321799680e+18,6.635789880149020160e+17,1.584113325333315584e+18,2.081519003308109200e+16,6.891601551560306250e+13
6.477700195312500000e+02,2.227730522661334272e+18,2.277687798690944256e+18,6.481773327510370560e+17,1.613980152334088448e+18,2.149496516552535200e+16,7.193081514159064062e+13
6.492099609375000000e+02,2.247896662888962816e+18,2.296269308994217472e+18,6.299916114481708800e+17,1.650189556279996672e+18,2.234023908637571200e+16,7.572485936376001562e+13
6.501699829101560226e+02,2.277501721183617792e+18,2.309013973136558592e+18,6.181621784497544960e+17,1.674374322324767488e+18,2.291911854045958400e+16,7.835360668840337500e+13
6.513699951171879547e+02,2.279336942044900096e+18,2.325306883459190784e+18,6.036777800222364160e+17,1.704646699946018816e+18,2.365884861442059600e+16,8.174475031638315625e+13
6.525599975585939774e+02,2.284356421033790208e+18,2.341915660512007680e+18,5.896932659354826240e+17,1.734715723154562816e+18,2.441329293721356400e+16,8.524477888023314062e+13
6.540000000000000000e+02,2.283677196237897472e+18,2.362571534798564352e+18,5.732418093882807680e+17,1.771158348251084800e+18,2.535323588066841200e+16,8.965892189952046875e+13
6.551900024414060226e+02,2.296468576320132096e+18,2.380066765881820160e+18,5.600075818057329280e+17,1.801314435037305856e+18,2.615154216145731200e+16,9.345049084048656250e+13
6.561500244140629547e+02,2.309944464048536064e+18,2.394483028533208576e+18,5.495886829454718080e+17,1.825669241692113152e+18,2.681156683268302000e+16,9.661678794698179688e+13
6.575799560546879547e+02,2.340143922090477568e+18,2.416416873193412608e+18,5.344651489799194240e+17,1.861982765402387712e+18,2.782028842823311200e+16,1.015063277060167188e+14
6.587800292968750000e+02,2.362816092929131520e+18,2.435274058588124672e+18,5.221595832233131520e+17,1.892492299235390208e+18,2.869310603880976800e+16,1.057887018451190312e+14
6.599699707031250000e+02,2.380572741022830080e+18,2.454338403438391296e+18,5.102754284442803200e+17,1.922768202594069760e+18,2.958123869483832400e+16,1.101906503910611875e+14
6.611107741135820106e+02,2.387592948670583296e+18,2.472952819428714496e+18,4.991761037783955200e+17,1.951813066844960256e+18,3.045469970973473600e+16,1.145628682433279688e+14
6.625999755859379547e+02,2.401388841590103552e+18,2.497741009931002880e+18,4.851165930027037440e+17,1.989750718969735936e+18,3.162880493329846000e+16,1.205062534916003594e+14
6.635499877929689774e+02,2.407568272347979776e+18,2.513837896534420992e+18,4.763986839703278720e+17,2.013962367384283136e+18,3.239863476553355200e+16,1.244436788736934219e+14
6.649707812499999591e+02,2.424503345275589120e+18,2.538329301188471808e+18,4.637344433393210880e+17,2.050180371758972160e+18,3.358290577295709200e+16,1.305650040155085625e+14
6.661799926757810226e+02,2.443067177801194496e+18,2.559513585687627264e+18,4.532640484825975680e+17,2.081006180755235584e+18,3.461947405145594400e+16,1.359785389979177500e+14
6.671300048828129547e+02,2.471577577554291712e+18,2.576388946488281600e+18,4.452507978579913600e+17,2.105221156020164352e+18,3.545474782233393200e+16,1.403812783854236094e+14
6.687999877929689774e+02,2.495852617122707456e+18,2.606508112591349760e+18,4.315889457828473600e+17,2.147770569848291840e+18,3.696737341642142400e+16,1.484405231466069062e+14
6.699899902343750000e+02,2.520654111154559488e+18,2.628307749766600192e+18,4.221744000211375360e+17,2.178069188156277248e+18,3.808079789476293600e+16,1.544417759244995938e+14
6.711799926757810226e+02,2.533014013732489728e+18,2.650366854750105088e+18,4.130126454665359360e+17,2.208342650776585984e+18,3.922413168025843200e+16,1.606621071113625000e+14
6.723699951171879547e+02,2.535455609781445120e+18,2.672672325218835968e+18,4.040968141872487680e+17,2.238583874099362560e+18,4.039823960993906400e+16,1.671093843359307188e+14
6.735599975585939774e+02,2.540489258441252864e+18,2.695232760069868032e+18,3.954435120019520640e+17,2.268780493261027072e+18,4.160730167200142400e+16,1.738163705441151875e+14
6.747500000000000000e+02,2.563056056871324672e+18,2.718017343952339968e+18,3.870296926264080000e+17,2.298925850366179840e+18,4.285033756895992000e+16,1.807777172274715000e+14
6.759400024414060226e+02,2.578787892547257856e+18,2.741003324329496576e+18,3.788399608505809280e+17,2.329012882453968896e+18,4.412712665182206400e+16,1.879936028751269062e+14
6.769853985126210318e+02,2.612110134819320320e+18,2.761352562568162816e+18,3.718274434438856960e+17,2.355387659567750656e+18,4.527778339865319200e+16,1.945529821003182500e+14
6.783200073242189774e+02,2.640973972224626176e+18,2.787520778137239552e+18,3.631066950563638400e+17,2.388975410731846656e+18,4.678589155149721600e+16,2.032261049748049375e+14
6.799445988581729807e+02,2.676392743201103872e+18,2.819662110557087744e+18,3.528715307722388480e+17,2.429695405176660480e+18,4.869070713551365600e+16,2.143161202192330312e+14
6.809299926757810226e+02,2.691503920535784448e+18,2.839278587397833728e+18,3.468395014354534400e+17,2.454303149883875328e+18,4.988037113722238400e+16,2.213096023382900625e+14
6.821199951171879547e+02,2.705395452116388352e+18,2.863077653077916672e+18,3.397304537740112640e+17,2.483916252798435840e+18,5.135342459648916800e+16,2.300402826981688750e+14
6.835499877929689774e+02,2.715212293047752192e+18,2.891811998688689664e+18,3.314339748000002560e+17,2.519333938303393792e+18,5.317790445145316000e+16,2.409610699984491875e+14
6.847299804687500000e+02,2.738976690694284800e+18,2.915620435630895616e+18,3.247976347734394240e+17,2.548395739613834752e+18,5.473293744311772000e+16,2.503670991900958750e+14
6.859199829101560226e+02,2.759271109215911424e+18,2.939693711136185344e+18,3.182757079507397120e+17,2.577550999590689280e+18,5.634438932144294400e+16,2.602002762429446250e+14
6.871099853515629547e+02,2.786591817397938688e+18,2.963812874067821056e+18,3.119194729813868160e+17,2.606539856905235968e+18,5.800039408267372000e+16,2.703941684591972812e+14
6.879953848031849475e+02,2.808258455322422784e+18,2.981778198883268096e+18,3.073004903856567680e+17,2.627985267700219904e+18,5.926394812038349600e+16,2.782351382017044688e+14
6.899599609375000000e+02,2.826877713085837824e+18,3.021657284251070976e+18,2.973619463095343360e+17,2.675176602100415488e+18,6.216256379453193600e+16,2.964148127226035625e+14
6.908436206054690274e+02,2.836383167689153024e+18,3.039584590549679104e+18,2.930275414086591360e+17,2.696210614734541312e+18,6.351076570843634400e+16,3.049606420114837500e+14
6.923299560546879547e+02,2.850182304022326272e+18,3.069698786848431104e+18,2.859124879574773120e+17,2.731310488533003776e+18,6.584009396587036800e+16,3.198512085487499375e+14
6.935100097656250000e+02,2.845203017109038080e+18,3.093545103389297152e+18,2.804283278821438720e+17,2.758885904741120512e+18,6.775117315681196800e+16,3.321951328206535625e+14
6.944599609375000000e+02,2.858223515835999744e+18,3.112689884217289728e+18,2.761099202168312320e+17,2.780896085887871488e+18,6.932808073613407200e+16,3.424599504827875000e+14
6.956400146484379547e+02,2.875771592720934912e+18,3.136382313895423488e+18,2.708725589998557120e+17,2.807964492396532224e+18,7.134100058316787200e+16,3.556756547394259375e+14
6.967339599609380230e+02,2.900975638285759488e+18,3.158250061945688576e+18,2.661271938536102720e+17,2.832800375092697088e+18,7.325653546615670400e+16,3.683557881840101875e+14
6.978254018930290385e+02,2.921370663208216576e+18,3.179958033801735168e+18,2.614974293263409920e+17,2.857312776625945600e+18,7.521766530727812800e+16,3.814432621245931250e+14
6.991900024414060226e+02,2.948213439216222208e+18,3.206925559677599744e+18,2.558485195657296320e+17,2.887573264554982400e+18,7.774029371014473600e+16,3.984284223025725625e+14
7.004684589092549913e+02,2.959158909625940992e+18,3.231989896464745472e+18,2.506931818357944000e+17,2.915508511558615040e+18,8.017763551509068800e+16,4.149983849178007500e+14
7.015599975585939774e+02,2.975185010156296704e+18,3.253199521576751616e+18,2.464025023919606720e+17,2.938991564083287552e+18,8.232263572100880000e+16,4.297197998331188125e+14
7.025100097656250000e+02,2.980401636908490240e+18,3.271520319237108736e+18,2.427392594163764160e+17,2.959174426257783808e+18,8.423308561996054400e+16,4.429265541890026875e+14
7.041600341796879547e+02,3.016005654566161920e+18,3.302968500039661568e+18,2.365440172992966080e+17,2.993575405674993152e+18,8.766051320664833600e+16,4.668625352655704375e+14
7.051099853515629547e+02,3.052123586637729280e+18,3.320852894645772288e+18,2.330650770546168000e+17,3.013008140299521024e+18,8.969492045167662400e+16,4.812069740900050000e+14
7.065300292968750000e+02,3.082807115104754688e+18,3.347269430688644096e+18,2.279769124475950720e+17,3.041539595281969152e+18,9.281966039647820800e+16,5.034283042992028750e+14
7.074699707031250000e+02,3.108372998673187840e+18,3.364518198544370688e+18,2.246852253120359360e+17,3.060049569054001664e+18,9.494777909237163200e+16,5.186985361489821875e+14
7.088900146484379547e+02,3.124979660761112576e+18,3.390162920861679616e+18,2.198308149887179840e+17,3.087376625356250112e+18,9.826294651004568000e+16,5.427186158221561875e+14
7.103099975585939774e+02,3.134511244623898624e+18,3.415358247617672704e+18,2.150929027082761600e+17,3.114028833881692160e+18,1.016824448368739520e+17,5.677398589447283750e+14
7.110100097656250000e+02,3.146612451282302976e+18,3.427558675921190912e+18,2.128092823742301120e+17,3.126843486855833088e+18,1.034179014608654560e+17,5.805566067696436250e+14
7.129000244140629547e+02,3.145731912556000256e+18,3.459876409138454528e+18,2.067765548109443200e+17,3.160544160214210560e+18,1.082400142463104160e+17,6.164991450836657500e+14
7.139738112229570106e+02,3.161947732305480704e+18,3.477776985123769856e+18,2.034399024810110400e+17,3.179036748328695296e+18,1.110781958229290080e+17,6.378952437106215000e+14
7.152600097656250000e+02,3.178372098545707520e+18,3.498769763740111872e+18,1.995238040594359680e+17,3.200560088143474688e+18,1.145716254732102080e+17,6.644637844966718750e+14
7.162099609375000000e+02,3.213682888768132096e+18,3.513915622952955392e+18,1.966913097329202240e+17,3.215960994794930176e+18,1.172254959946603360e+17,6.848326935830555000e+14
7.173900146484379547e+02,3.232292080737897472e+18,3.532339551912541184e+18,1.932333556993620480e+17,3.234558561380872704e+18,1.206012508204844000e+17,7.109436928882271250e+14
7.185700073242189774e+02,3.255860379264920064e+18,3.550237704931357696e+18,1.898515813704713280e+17,3.252444904309667840e+18,1.240816361838409920e+17,7.381361262717160000e+14
7.202199707031250000e+02,3.275029087853648384e+18,3.574433329504897536e+18,1.852338135611219840e+17,3.276342176153084928e+18,1.291119018584753600e+17,7.778720017360192500e+14
7.211600341796879547e+02,3.293959276261555712e+18,3.587755111892176896e+18,1.826603547245092800e+17,3.289342113053464576e+18,1.320682566783413280e+17,8.014687399383283750e+14
7.220999755859379547e+02,3.299917275177081344e+18,3.600730059146009600e+18,1.801273351935184320e+17,3.301885479667514368e+18,1.350909628507112800e+17,8.257774110859511250e+14
7.235104199218750409e+02,3.314960253147196928e+18,3.619565547021908992e+18,1.763960593287889920e+17,3.319876349488606208e+18,1.397486916720144480e+17,8.635743591975847500e+14
7.246900024414060226e+02,3.323532678677023744e+18,3.634633192755150848e+18,1.733461789135192000e+17,3.334030220565054464e+18,1.437750460137872320e+17,8.966199853562876250e+14
7.258699951171879547e+02,3.346297347167275008e+18,3.649119339308300288e+18,1.703517930204414080e+17,3.347429061565976576e+18,1.479145746416432640e+17,9.309185607417935000e+14
7.270499877929689774e+02,3.365032377775392768e+18,3.663002450304504832e+18,1.674123593967983360e+17,3.360050286860065792e+18,1.521687363827116160e+17,9.665056221342203750e+14
7.282299804687500000e+02,3.390535476468979712e+18,3.676266668404335104e+18,1.645263244615254720e+17,3.371876585464402432e+18,1.565404276706817600e+17,1.003429876261255250e+15
7.297615403395440126e+02,3.414403937878989824e+18,3.692469677262083584e+18,1.608625323094234880e+17,3.385930369388168192e+18,1.624070767239798400e+17,1.053577575156349125e+15
7.303499755859379547e+02,3.435811054094680064e+18,3.698441555033655808e+18,1.594745658221218560e+17,3.391006552711477760e+18,1.647092644086859200e+17,1.073406751693088500e+15
7.319899902343750000e+02,3.444358469224939008e+18,3.714036513421138432e+18,1.556827895110581120e+17,3.403819923102603776e+18,1.713256730518330560e+17,1.131043717471818750e+15
7.331699829101560226e+02,3.464234698871397888e+18,3.724470029213778944e+18,1.530092404510174080e+17,3.412040406255487488e+18,1.762367837426354560e+17,1.174323968178187500e+15
7.343499755859379547e+02,3.467588551138671104e+18,3.734207511652497920e+18,1.503815845724960960e+17,3.419379470431729664e+18,1.812816897578109440e+17,1.219236703198324500e+15
7.359899902343750000e+02,3.477814119591438336e+18,3.746439914713831424e+18,1.468106343686487040e+17,3.427934872543421440e+18,1.885451497241688640e+17,1.284784934034283500e+15
7.371411840820310317e+02,3.469170188331316736e+18,3.754214384149937152e+18,1.443520622738894400e+17,3.432915323844873728e+18,1.938019572060056640e+17,1.332795228948953750e+15
7.381099853515629547e+02,3.478141236973998592e+18,3.760186708103985152e+18,1.423152583360918400e+17,3.436387333341643776e+18,1.983379268950525440e+17,1.374636611249326000e+15
7.390499877929689774e+02,3.471856625872451072e+18,3.765486814561996288e+18,1.403659236562528640e+17,3.439132566022870528e+18,2.028369341742594880e+17,1.416507840761144500e+15
7.404599609375000000e+02,3.487398361562967552e+18,3.772578307487440384e+18,1.374870568600710400e+17,3.442168473688409600e+18,2.097564674007846400e+17,1.481572263898316500e+15
7.414000244140629547e+02,3.498578217973356544e+18,3.776653741643037184e+18,1.356006895577612000e+17,3.443370236337719808e+18,2.145011260858891840e+17,1.526710219229801750e+15
7.430400390625000000e+02,3.524780290512422400e+18,3.782487593026022912e+18,1.323713079761286400e+17,3.443858569010210816e+18,2.230384971598087360e+17,1.609014658960350250e+15
7.442199707031250000e+02,3.546911481089144832e+18,3.785793197373746688e+18,1.300892580480939360e+17,3.443085635636034048e+18,2.293645595915971840e+17,1.670791083021214250e+15
7.451600341796879547e+02,3.573260642881880576e+18,3.787821240360127488e+18,1.282982267925987520e+17,3.441705749652986880e+18,2.345308660554442560e+17,1.721802032227815000e+15
7.465700073242189774e+02,3.577112378933879296e+18,3.789927103893510656e+18,1.256523836940873600e+17,3.438454075390801920e+18,2.424772514435945600e+17,1.801171509877063500e+15
7.475100097656250000e+02,3.576675670106019840e+18,3.790681948963430400e+18,1.239157393759408000e+17,3.435465704570267648e+18,2.479135110897850560e+17,1.856124322873273000e+15
7.490526991624100219e+02,3.564985675228630528e+18,3.790721017172554752e+18,1.211142696080466560e+17,3.429042336051378688e+18,2.570953916981237120e+17,1.950228289521875750e+15
7.502757685734679853e+02,3.577284243700451328e+18,3.789815688329857024e+18,1.189300305449916000e+17,3.422762435146027520e+18,2.645809116496397760e+17,2.028004765463298500e+15
7.515000000000000000e+02,3.575907479163716608e+18,3.788000865126809088e+18,1.167783949960984320e+17,3.415322144326834688e+18,2.722765413514138240e+17,2.109050733868204750e+15
7.523127587890629684e+02,3.586035075483523584e+18,3.786285951263434752e+18,1.153689463777342880e+17,3.409733411688378880e+18,2.775011149140379520e+17,2.164711303514640250e+15
7.540799560546879547e+02,3.597946874383398400e+18,3.781177049566341632e+18,1.123543296052625120e+17,3.395820766039594496e+18,2.891792054214271360e+17,2.290984425000285000e+15
7.552500000000000000e+02,3.614930413339494912e+18,3.776823464567154176e+18,1.103927652746418720e+17,3.385367494436544512e+18,2.971385578356080000e+17,2.378429777244841000e+15
7.561900024414060226e+02,3.607886899283944960e+18,3.772708223950267392e+18,1.088382466853829440e+17,3.376177457974345216e+18,3.036801728478887040e+17,2.451234185361036000e+15
7.573599853515629547e+02,3.602134922921894400e+18,3.766906994392037888e+18,1.069265118518869120e+17,3.363865986947216896e+18,3.119864821956984960e+17,2.544765211222026000e+15
7.590000000000000000e+02,3.584520825733116928e+18,3.757321225181565440e+18,1.042953242424669440e+17,3.344733790881488896e+18,3.239877591684822400e+17,2.682409738574619500e+15
7.599400024414060226e+02,3.578126686659133952e+18,3.751151867920129536e+18,1.028093934740678240e+17,3.332894483519531520e+18,3.310358388530334080e+17,2.764491502085180500e+15
7.611199951171879547e+02,3.579592780400061952e+18,3.742700572764675584e+18,1.009670217296112320e+17,3.317115283968713728e+18,3.400636090295927040e+17,2.871018925008457500e+15
7.622900390625000000e+02,3.588385873705087488e+18,3.733552696719245312e+18,9.916484082468372800e+16,3.300469800830310400e+18,3.492141421038890240e+17,2.980603203107429000e+15
7.636900024414060226e+02,3.586559579385694208e+18,3.721538505750967808e+18,9.704250685065060800e+16,3.279157257073691136e+18,3.604449057565534080e+17,3.117526321251474000e+15
7.652768836388230511e+02,3.590546206742840832e+18,3.706653416443402240e+18,9.467679083288504000e+16,3.253337478219128832e+18,3.735162213795092480e+17,3.280014164548237000e+15
7.660444042968749727e+02,3.569341617785512448e+18,3.698921862179143168e+18,9.354929379358468800e+16,3.240148438932059136e+18,3.799844336824261760e+17,3.361843735019740000e+15
7.674400024414060226e+02,3.553791219068024832e+18,3.684167434767443456e+18,9.152097788990705600e+16,3.215246406538875904e+18,3.919400157867009920e+17,3.515100290398521500e+15
7.682827054537269760e+02,3.531751923813422080e+18,3.674700456438998528e+18,9.031373151758172800e+16,3.199470010726683136e+18,3.993170587613626880e+17,3.611380994746311500e+15
7.697623408390929853e+02,3.532777493633105408e+18,3.657212665394299904e+18,8.822129688468532800e+16,3.170616208637983232e+18,4.125197833783629440e+17,3.786633702053710000e+15
7.709599609375000000e+02,3.526670381712738816e+18,3.642266142953775616e+18,8.655276926273512000e+16,3.146202862413904896e+18,4.234381981481329280e+17,3.934458508161280500e+15
7.721300048828129547e+02,3.538022686105052160e+18,3.626999966306838528e+18,8.494388851056019200e+16,3.121460072156711936e+18,4.343031032963080320e+17,4.084208941092687500e+15
7.735400390625000000e+02,3.524827383009479680e+18,3.607746238981219328e+18,8.303272436534872000e+16,3.090487252834914816e+18,4.476559463857453440e+17,4.271997292124297500e+15
7.747099609375000000e+02,3.515930776534258688e+18,3.591030253607062016e+18,8.147137699093899200e+16,3.063784915298019840e+18,4.589630363497368320e+17,4.434583760127452000e+15
7.754100341796879547e+02,3.488967418657608192e+18,3.580789775209757184e+18,8.054500802605216000e+16,3.047483231924771328e+18,4.658031709925253760e+17,4.534165685585389000e+15
7.767038245567910053e+02,3.470684720066551808e+18,3.561181044986643456e+18,7.885628023774254400e+16,3.016423546870318080e+18,4.786599972529655680e+17,4.725237859393335000e+15
7.782199707031250000e+02,3.457470034981019648e+18,3.537362397644439040e+18,7.690663116007190400e+16,2.978874881672087552e+18,4.939948439629619200e+17,4.958421903463570000e+15
7.795492318960340299e+02,3.465292973899038720e+18,3.515720189474285056e+18,7.522465043600209600e+16,2.944909264901077504e+18,5.076851720059765760e+17,5.171947880040333000e+15
7.806336108398439819e+02,3.466208666618309120e+18,3.497543061704686080e+18,7.387198959389822400e+16,2.916479725047506944e+18,5.190239633044988800e+17,5.352904062873476000e+15
7.819245793269229807e+02,3.480264149365969920e+18,3.475337960400132608e+18,7.228352806383763200e+16,2.881850394644278784e+18,5.327090037352647040e+17,5.576293697726760000e+15
7.831400146484379547e+02,3.465687371672526336e+18,3.453921517156034560e+18,7.080859143375423200e+16,2.848536999860087296e+18,5.457622351561440640e+17,5.794387558308784000e+15
7.845400390625000000e+02,3.443103694712516096e+18,3.428653450787792384e+18,6.913497808373248000e+16,2.809328578693051904e+18,5.609964015516274560e+17,6.055559582576260000e+15
7.853428431919650166e+02,3.409873320076414464e+18,3.413882261691612672e+18,6.818774543087019200e+16,2.786451560190864384e+18,5.698253111774626560e+17,6.210382659951472000e+15
7.866500244140629547e+02,3.387508290204666880e+18,3.389401219208653824e+18,6.666555577977403200e+16,2.748600180271930368e+18,5.843423623673856000e+17,6.471005592595629000e+15
7.878199462890629547e+02,3.373606839643339776e+18,3.367092254174879744e+18,6.532293248675120000e+16,2.714165053557587968e+18,5.974646790467436800e+17,6.712873674087212000e+15
7.890399859884510079e+02,3.367724634081802240e+18,3.343458616754416128e+18,6.394229546446700000e+16,2.677738016739251200e+18,6.112669442283555840e+17,6.973909386452620000e+15
7.903900146484379547e+02,3.354609950362666496e+18,3.316912665037634048e+18,6.243688010777135200e+16,2.636878546750340096e+18,6.266623460727118080e+17,7.273160342940971000e+15
7.917900390625000000e+02,3.344984576528655872e+18,3.288915252280722432e+18,6.090476570496882400e+16,2.593853608136683520e+18,6.427666790478753280e+17,7.597541648689067000e+15
7.929511155348559441e+02,3.311889729469769728e+18,3.265416631295483392e+18,5.965330717070038400e+16,2.557785121461219328e+18,6.561996101934785280e+17,7.876156289172265000e+15
7.936700439453129547e+02,3.277088806282619392e+18,3.250749868142338048e+18,5.888709570989438400e+16,2.535291782656078336e+18,6.645469556738905600e+17,8.053131990615189000e+15
7.950699462890629547e+02,3.241538109923862528e+18,3.221930285011919872e+18,5.741631801559996800e+16,2.491139146475678208e+18,6.808606171236368640e+17,8.408903846582792000e+15
7.966268873948320106e+02,3.226692585694090240e+18,3.189548168379449856e+18,5.581098840795890400e+16,2.441594908047745024e+18,6.990650445910859520e+17,8.821120988238029000e+15
7.974468310546880048e+02,3.202246846664722944e+18,3.172374613130970624e+18,5.497804838577888800e+16,2.415347277474036224e+18,7.086681182998131200e+17,9.045169743211534000e+15
7.988099365234379547e+02,3.191269085389760512e+18,3.143637699713505280e+18,5.361647511835922400e+16,2.371480338439856640e+18,7.246404148945136640e+17,9.430949166820334000e+15
7.999003906250000000e+02,3.182162708214393344e+18,3.120532049702666240e+18,5.254429266367948000e+16,2.336251327939815936e+18,7.374100441045543680e+17,9.749626873239850000e+15
8.011500244140629547e+02,3.176808165796987904e+18,3.093943743804774912e+18,5.133495800534773600e+16,2.295762836016745216e+18,7.520193902464817920e+17,1.012654036004960800e+16
8.024351416015630321e+02,3.159011004733352960e+18,3.066505220961111040e+18,5.011247647256948000e+16,2.254039018132452864e+18,7.669993458638768640e+17,1.052730920106350600e+16
8.034899902343750000e+02,3.134010698162370560e+18,3.043923625596946944e+18,4.912712992185248000e+16,2.219755793858452736e+18,7.792413990116290560e+17,1.086779534026907000e+16
8.046600341796879547e+02,3.093751005400932352e+18,3.018838815755268096e+18,4.805224651462200000e+16,2.181732432016244992e+18,7.927494344640992000e+17,1.125730481666121200e+16
8.061053466796879547e+02,3.062407514634572288e+18,2.987828441286300160e+18,4.674935773628685600e+16,2.134817640660020224e+18,8.093157619673335040e+17,1.175517940140082800e+16
8.070000000000000000e+02,3.034438950867108352e+18,2.968633911033269248e+18,4.595710474300718400e+16,2.105835244447442688e+18,8.194893827589038080e+17,1.207318950938885400e+16
8.084000244140629547e+02,3.023513995206239232e+18,2.938616924177179648e+18,4.473728852066416800e+16,2.060597698977447424e+18,8.352797347817689600e+17,1.258495035451386600e+16
8.098099365234379547e+02,3.015383701610425856e+18,2.908449551817484800e+18,4.353868185724027200e+16,2.015274938747614464e+18,8.509578515576857600e+17,1.312203673730825600e+16
8.109799804687500000e+02,3.002183445008187392e+18,2.883474744265830400e+18,4.256324622555508000e+16,1.977854214976809472e+18,8.638042221673187840e+17,1.358221132272664800e+16
8.121500244140629547e+02,2.971856719777904640e+18,2.858571582952324608e+18,4.160590467937352000e+16,1.940643604440007424e+18,8.764804808026048000e+17,1.405634673497116200e+16
8.131999511718760232e+02,2.946455183020544000e+18,2.836299683974120960e+18,4.076267261410600800e+16,1.907461620472311040e+18,8.876935533144686080e+17,1.449434422455653800e+16
8.144899902343750000e+02,2.912631708450372608e+18,2.809042275022422016e+18,3.974636721213693600e+16,1.866982573260629504e+18,9.012521654755166720e+17,1.504860756468855400e+16
8.156600341796879547e+02,2.889458615173875712e+18,2.784448380998559744e+18,3.884530955688706400e+16,1.830606758371436544e+18,9.133022727916193280e+17,1.556868907884214200e+16
8.166076566256019760e+02,2.863054904754449920e+18,2.764615662333684224e+18,3.812808872865368800e+16,1.801369238879890176e+18,9.229013110866804480e+17,1.600074441848110600e+16
8.179899902343750000e+02,2.849724631863574016e+18,2.735851030563658240e+18,3.710414526035598400e+16,1.759147071325258240e+18,9.366008543200468480e+17,1.665083414495662600e+16
8.194000244140629547e+02,2.838093816979738112e+18,2.706702110281136128e+18,3.608356878110676800e+16,1.716570702022795264e+18,9.502302342678548480e+17,1.733588960712775000e+16
8.205699462890629547e+02,2.832544987756662784e+18,2.682704736720214528e+18,3.525849943117197600e+16,1.681724249510180352e+18,9.612053160461626880e+17,1.792497356094856400e+16
8.215923039362979807e+02,2.810603710807961600e+18,2.661863458937072128e+18,3.455157592726069600e+16,1.651603240509945600e+18,9.705677600197201920e+17,1.845365364182914400e+16
8.231400146484379547e+02,2.784923522249229312e+18,2.630562601269436416e+18,3.350730422407519600e+16,1.606644333445070592e+18,9.842997065294807040e+17,1.928050882844540000e+16
8.243099365234379547e+02,2.747078391299345408e+18,2.607097533311156736e+18,3.273732203338824800e+16,1.573162134674576128e+18,9.943335816920742400e+17,1.992610588248524400e+16
8.252591992187500409e+02,2.723727435880371200e+18,2.588199566714174976e+18,3.212607549509981200e+16,1.546360456690128640e+18,1.002223097342070272e+18,2.046481181019242000e+16
8.266500244140629547e+02,2.699127882561496064e+18,2.560730813774379008e+18,3.125080873258055200e+16,1.507664010831085824e+18,1.013387330126310656e+18,2.127737749271977200e+16
8.278199462890629547e+02,2.684784007690146304e+18,2.537833300306871296e+18,3.053330099653120000e+16,1.475660232164246528e+18,1.022400047194948480e+18,2.198317121310161600e+16
8.288015418419470279e+02,2.668423353784241664e+18,2.518765095527738880e+18,2.994387136793501200e+16,1.449187556662971904e+18,1.029698463903330688e+18,2.259092073624706400e+16
8.303900146484379547e+02,2.660994188905003520e+18,2.488181041909895168e+18,2.901349802747665200e+16,1.407077028525937152e+18,1.041000728630123136e+18,2.360462362047901200e+16
8.315323388671879457e+02,2.643852821784462848e+18,2.466422940997307904e+18,2.836430231558106800e+16,1.377430590788645888e+18,1.048682123567895936e+18,2.436038069534927600e+16
8.327299804687500000e+02,2.621113863874844160e+18,2.443812414043720704e+18,2.770030755729882800e+16,1.346898577891859456e+18,1.056347204956582400e+18,2.517631872209990000e+16
8.339000244140629547e+02,2.587053737774804480e+18,2.421912952041837056e+18,2.706713308682692400e+16,1.317595668404546304e+18,1.063462392332234880e+18,2.599642532422791600e+16
8.348399658203129547e+02,2.558915762756974080e+18,2.404456936355013632e+18,2.656953343581316800e+16,1.294437728004764160e+18,1.068905163591047552e+18,2.667229273488505200e+16
8.360277005709140212e+02,2.538235183905372160e+18,2.382575161889985024e+18,2.595488767260027600e+16,1.265672977406539520e+18,1.075424486305465984e+18,2.754903713886915600e+16
8.375761812650249567e+02,2.513775431199608832e+18,2.354331836376198144e+18,2.517623395835116400e+16,1.228988055619592960e+18,1.083332104231784960e+18,2.873031003439567600e+16
8.385115309495199654e+02,2.493107983321875968e+18,2.337430352959216640e+18,2.471848106313002400e+16,1.207290664322745600e+18,1.087771199607824768e+18,2.946610002767492400e+16
8.399899902343750000e+02,2.479432937653479424e+18,2.310968248598065664e+18,2.401494388870584800e+16,1.173745039060533504e+18,1.094234101709248256e+18,3.066663325478888000e+16
8.411008019080539952e+02,2.460297936996518912e+18,2.291264158231757312e+18,2.350038156161635600e+16,1.149076243669502208e+18,1.098691451073752704e+18,3.159628606306946000e+16
8.420999755859379547e+02,2.455238855802430976e+18,2.273676511806898176e+18,2.304828523831473600e+16,1.127303186342065792e+18,1.102387952710682624e+18,3.245476370305138400e+16
8.435000000000000000e+02,2.432566865209640448e+18,2.249233446199659520e+18,2.243067161620145600e+16,1.097418345479944320e+18,1.107095015029276416e+18,3.369212567946147200e+16
8.446608398437509777e+02,2.409923507021163008e+18,2.229160752579321344e+18,2.193400667249758400e+16,1.073254729355127936e+18,1.110526546219117440e+18,3.475349817550023600e+16
8.458399658203129547e+02,2.378555275875907584e+18,2.208931211515986432e+18,2.144223260357499200e+16,1.049225452749654016e+18,1.113613352913665920e+18,3.586253913606337600e+16
8.470100097656250000e+02,2.351980541501319168e+18,2.189011000943197440e+18,2.096656676266168000e+16,1.025886469400210816e+18,1.116281287077113856e+18,3.699460376954140000e+16
8.482392390324520193e+02,2.331222072684516864e+18,2.168241455235611136e+18,2.047963312081759200e+16,1.001897770502572416e+18,1.118664790953036288e+18,3.821846061741384800e+16
8.496451611328129729e+02,2.309956787074749952e+18,2.144691232774620672e+18,1.993941051212946000e+16,9.751630387390557440e+17,1.120829562029164928e+18,3.966612487162773600e+16
8.509899902343750000e+02,2.292260701981164288e+18,2.122356325144767744e+18,1.943849165505016800e+16,9.502639311938344960e+17,1.122354752755012992e+18,4.109920360761746400e+16
8.519300537109379547e+02,2.276385578954393088e+18,2.106847242723999488e+18,1.909697084575003600e+16,9.332307066427494400e+17,1.123116282480490752e+18,4.212894560745530400e+16
8.528699951171879547e+02,2.256396811533425920e+18,2.091423887729944832e+18,1.876254795061294800e+16,9.165062156569803520e+17,1.123624065865407488e+18,4.318257645650658400e+16
8.540400390625000000e+02,2.250059770368822272e+18,2.072337951451292672e+18,1.835588821459288800e+16,8.961095561190789120e+17,1.123903493457697920e+18,4.452855004556714400e+16
8.556800537109379547e+02,2.241354129807366144e+18,2.045787269518503680e+18,1.780328020334756800e+16,8.682903427528701440e+17,1.123643545074380928e+18,4.648125453580601600e+16
8.566199951171879547e+02,2.222610858731650304e+18,2.030672078127391744e+18,1.749547532332891200e+16,8.527446387969478400e+17,1.123153482094985216e+18,4.763632315458945600e+16
8.577900390625000000e+02,2.198386904710745088e+18,2.011960259280043264e+18,1.712153370159068400e+16,8.338092748026732800e+17,1.122182551493625344e+18,4.911374778385592800e+16
8.591899414062500000e+02,2.175860437889111040e+18,1.989705197093798656e+18,1.668609998530622000e+16,8.116989495624101120e+17,1.120542599001471488e+18,5.093586135205779200e+16
8.601300048828129547e+02,2.152933750628933632e+18,1.974843705981805824e+18,1.640131268564626400e+16,7.972010376038652160e+17,1.119130817623141376e+18,5.219617072462836000e+16
8.613000488281250000e+02,2.138583102535961344e+18,1.956428558806727168e+18,1.605446941674934200e+16,7.795086731979214080e+17,1.117057143529087232e+18,5.380364121897920800e+16
8.627099609375000000e+02,2.121009204988165632e+18,1.934367787118157824e+18,1.564871515733510000e+16,7.587581029068593920e+17,1.114041160890779008e+18,5.580671169603091200e+16
8.641199951171879547e+02,2.117138062472705024e+18,1.912429120292317440e+18,1.525476769019166200e+16,7.385629935244061440e+17,1.110511581206961664e+18,5.787849175824914400e+16
8.652132421874999864e+02,2.099435869834511872e+18,1.895501142295037440e+18,1.495724369534566000e+16,7.232806914302223360e+17,1.107424544883820800e+18,5.953367776275732800e+16
8.659899902343750000e+02,2.086518500678856192e+18,1.883519612617288448e+18,1.475032603256524800e+16,7.126363876662351360e+17,1.105029655765103872e+18,6.073889329225382400e+16
8.674000244140629547e+02,2.058875705884575232e+18,1.861845964982629888e+18,1.438224313482351600e+16,6.936760725119249920e+17,1.100337253949239680e+18,6.297844915363849600e+16
8.688122793344359707e+02,2.043886812851375872e+18,1.840257902231479552e+18,1.402546513690632400e+16,6.752617000530539520e+17,1.095082920195311360e+18,6.530837024788687200e+16
8.699799804687500000e+02,2.023288822358969088e+18,1.822481598058170624e+18,1.373779784901860400e+16,6.603941271436303360e+17,1.090389278553021056e+18,6.729222677794406400e+16
8.711500244140629547e+02,2.004162100029606144e+18,1.804736574068997376e+18,1.345623949084947200e+16,6.458256091930626560e+17,1.085362292342162816e+18,6.933551768991946400e+16
8.721080416165870020e+02,1.989396880976705536e+18,1.790258068254285824e+18,1.323077457387307800e+16,6.341481633553894400e+17,1.080996706050290048e+18,7.105296097761196800e+16
8.732600097656250000e+02,1.979150161713284864e+18,1.772903546828505088e+18,1.296513108177530000e+16,6.203789143937726720e+17,1.075474387724290048e+18,7.316854554524140800e+16
8.746700439453129547e+02,1.966381183128825600e+18,1.751748224709751552e+18,1.264850733393141600e+16,6.039528151889713920e+17,1.068282401758122752e+18,7.584152764099393600e+16
8.757939697265629775e+02,1.957157940300382720e+18,1.734950165182769920e+18,1.240236956441470400e+16,5.911748500159429120e+17,1.062228357853903872e+18,7.803696629713638400e+16
8.767800292968750000e+02,1.944053111100709632e+18,1.720258130290637568e+18,1.219072732132255600e+16,5.801830323152687360e+17,1.056692203285535360e+18,8.001040282952230400e+16
8.774899902343750000e+02,1.931919411525632000e+18,1.709703004937856256e+18,1.204049652934434200e+16,5.723787722101649280e+17,1.052592840649602048e+18,8.145581226388329600e+16
8.798399658203129547e+02,1.914974468609693952e+18,1.674940356225186304e+18,1.155892764340191800e+16,5.473542509498946560e+17,1.038184492229020032e+18,8.643163464505436800e+16
8.810100097656250000e+02,1.897571741255052800e+18,1.657721351479543040e+18,1.132680209028250600e+16,5.352912443501532160e+17,1.030595902365101696e+18,8.900902149465844800e+16
8.819499511718750000e+02,1.878620097413954048e+18,1.643933202463613184e+18,1.114394852351977200e+16,5.257899422091278720e+17,1.024300771963969408e+18,9.113015390145937600e+16
8.831199951171879547e+02,1.866201622761825792e+18,1.626824461011201536e+18,1.092060266349569600e+16,5.141872558563397120e+17,1.016228169392009216e+18,9.383310005147094400e+16
8.843000488281250000e+02,1.853859765432038400e+18,1.609631694764356608e+18,1.069997773447430400e+16,5.027302378042910080e+17,1.007828416074865408e+18,9.663027157252504000e+16
8.855556815011160552e+02,1.844514859239934720e+18,1.591412734691107584e+18,1.047047000173932000e+16,4.908187446043585920e+17,9.985964088545669120e+17,9.969155348161107200e+16
8.868800048828129547e+02,1.827175926788826112e+18,1.572282989345562880e+18,1.023402894705294400e+16,4.785569206694655360e+17,9.885425222872011520e+17,1.030164726357831840e+17
8.879255419921879593e+02,1.808503913378264064e+18,1.557239876641740032e+18,1.005100590730282600e+16,4.690729229391180800e+17,9.803991507927247360e+17,1.057070437249873440e+17
8.890361515925479807e+02,1.785153795404754688e+18,1.541322105885563904e+18,9.860130617757338000e+15,4.591906031689585920e+17,9.715488047789864960e+17,1.086316057560345920e+17
8.901700439453129547e+02,1.772689909738847744e+18,1.525137813644413696e+18,9.668873951225658000e+15,4.492985482479858560e+17,9.623083633685561600e+17,1.116884645243118720e+17
8.918199462890629547e+02,1.766805401172266752e+18,1.501720327969012224e+18,9.397133765228756000e+15,4.352646273551947520e+17,9.484939004718370560e+17,1.162715383477288320e+17
8.927600097656250000e+02,1.759134173322226432e+18,1.488447518847269632e+18,9.245513334799826000e+15,4.274457740822582400e+17,9.404433188428395520e+17,1.189520019234766400e+17
8.939300537109379547e+02,1.745947525930444288e+18,1.472004319830715392e+18,9.060063242244554000e+15,4.178954289326784640e+17,9.302422698793934080e+17,1.223616671248574400e+17
8.953222844050490039e+02,1.732133975619655936e+18,1.452545975352607488e+18,8.843646638674759000e+15,4.067689249410571520e+17,9.178710421691648000e+17,1.265180936712342560e+17
8.963873384915870020e+02,1.713305322391146752e+18,1.437749583004612096e+18,8.681362389811918000e+15,3.984410759646465920e+17,9.082301740259443200e+17,1.297771449651638400e+17
8.974599609375000000e+02,1.690832739464537088e+18,1.422930014161794816e+18,8.520707092839961000e+15,3.902111811639531520e+17,8.983733217914077440e+17,1.331293191704019680e+17
8.988699951171879547e+02,1.680945695936054016e+18,1.403583883462812416e+18,8.313749841448733000e+15,3.796329089757926400e+17,8.851967682326108160e+17,1.376462410075853120e+17
8.998464965820320458e+02,1.666836443784556544e+18,1.390269193541185792e+18,8.172847731673541000e+15,3.724453357040806400e+17,8.759494974248190720e+17,1.408393768379013920e+17
9.011653677133419933e+02,1.653757367996718336e+18,1.372404565968424960e+18,7.985761747562587000e+15,3.629221107776519040e+17,8.633028823447198720e+17,1.452405930212139200e+17
9.021700439453129547e+02,1.644346293145957376e+18,1.358894140411970816e+18,7.845742443056461000e+15,3.558112885349633280e+17,8.535513870475024640e+17,1.486636668722137920e+17
9.035268836388230511e+02,1.623362711672962816e+18,1.340782742089584128e+18,7.659828818130837000e+15,3.463920188555747840e+17,8.402382277709440000e+17,1.533783991812315520e+17
9.047600097656250000e+02,1.611229141133254656e+18,1.324476612805229312e+18,7.494258509400335000e+15,3.380283077670450560e+17,8.279939934975253760e+17,1.577628486556736000e+17
9.059399414062500000e+02,1.594565636155714304e+18,1.309003781078060544e+18,7.338490803568215000e+15,3.301802433561646720e+17,8.161716503748605440e+17,1.620375692049902720e+17
9.071099853515629547e+02,1.585172816820691712e+18,1.293792558267933696e+18,7.186570224378486000e+15,3.225463166097720320e+17,8.043534904781208320e+17,1.663531403515459520e+17
9.085477201021640212e+02,1.573849176920633088e+18,1.275289650255395840e+18,7.003295898018535000e+15,3.133650428784825600e+17,7.897149954548533760e+17,1.717594726808394880e+17
9.092399902343750000e+02,1.562953243321243136e+18,1.266462937677701120e+18,6.916461051372448000e+15,3.090270352820262400e+17,7.826222567236842240e+17,1.744056470027433280e+17
9.111199951171879547e+02,1.542484740190137856e+18,1.242757032965122304e+18,6.684866885490161000e+15,2.974944158196093440e+17,7.632460591492372480e+17,1.817202957622803200e+17
9.121373244065509880e+02,1.525692707310120192e+18,1.230094881467006720e+18,6.562055558204999000e+15,2.914014350442833920e+17,7.527018086807082240e+17,1.857542800943926400e+17
9.132399902343750000e+02,1.508587511737490944e+18,1.216506043749809152e+18,6.430881546693540000e+15,2.849114415485070400e+17,7.412355351374586880e+17,1.901843938915314880e+17
9.139499511718750000e+02,1.496014426288233728e+18,1.207843259826811392e+18,6.347610921473245000e+15,2.808026308293587840e+17,7.338340662387546880e+17,1.930715594293857920e+17
9.153146362304689774e+02,1.486759079627122176e+18,1.191346371791300608e+18,6.189590652855557000e+15,2.730247898094465920e+17,7.195816699344576000e+17,1.986800076152320000e+17
9.167704296875000409e+02,1.481535772929358080e+18,1.174030701102236928e+18,6.024587023486570000e+15,2.649371948473381440e+17,7.043493419015749120e+17,2.047624269382269760e+17
9.181999511718750000e+02,1.465257685336774656e+18,1.157288659762260992e+18,5.865698698288674000e+15,2.571795206728793600e+17,6.893836307937934080e+17,2.108188851829374720e+17
9.191400146484379547e+02,1.451156240987718656e+18,1.146435328148266496e+18,5.763014789146899000e+15,2.521834344123611200e+17,6.795463003051925760e+17,2.148474576601159360e+17
9.204615478515629547e+02,1.434674027452077312e+18,1.131372166504810240e+18,5.620825142000687000e+15,2.452861204757724480e+17,6.657322097318179840e+17,2.205628099096908800e+17
9.215000000000000000e+02,1.419932167320505344e+18,1.119721831673610752e+18,5.511103533954940000e+15,2.399831525802959360e+17,6.548999803943187200e+17,2.250994564093568320e+17
9.226800537109379547e+02,1.409026080713136384e+18,1.106679724403164928e+18,5.388475707749413000e+15,2.340761048207501440e+17,6.426247415100213760e+17,2.302975433762520000e+17
9.238599853515629547e+02,1.401327720430408960e+18,1.093841090902416896e+18,5.267915708809069000e+15,2.282881965314246080e+17,6.303941811456917760e+17,2.355343694920851520e+17
9.250400390625000000e+02,1.385267138004709888e+18,1.081206808143506176e+18,5.149384231337195000e+15,2.226168676147023680e+17,6.182147385582748160e+17,2.408069752752866240e+17
9.271700439453129547e+02,1.328575474747669248e+18,1.058943671503520640e+18,4.940661102115165000e+15,2.126782253287337600e+17,5.963953993816359680e+17,2.504009311839773760e+17
9.288199462890629547e+02,1.280780904971704832e+18,1.042196833579207808e+18,4.783657116813428000e+15,2.052441325040659520e+17,5.796718305355558400e+17,2.578866405552144640e+17
9.300000000000000000e+02,1.236297963082123776e+18,1.030483990127937280e+18,4.673790646554295000e+15,2.000632034560915520e+17,5.678181053345105280e+17,2.632610590934524480e+17
9.309499511718750000e+02,1.193265672658090496e+18,1.021219282046952960e+18,4.586828058671813000e+15,1.959749839282295680e+17,5.583482864590032000e+17,2.675961683265568960e+17
9.320724072265629729e+02,1.159468094801264128e+18,1.010459925302336896e+18,4.485747821273240000e+15,1.912370503295923200e+17,5.472470368472945280e+17,2.727247229954620800e+17
9.333745821439309793e+02,1.133879712995309056e+18,9.982247712477213440e+17,4.370662982081813000e+15,1.858604087440003200e+17,5.344912658200268800e+17,2.786776902678319680e+17
9.344899902343750000e+02,1.111420097549429376e+18,9.879825433452195840e+17,4.274165761350809000e+15,1.813685748317267520e+17,5.236907775783322240e+17,2.837747254781589760e+17
9.359100341796879547e+02,1.091606092491317888e+18,9.752562724725937920e+17,4.154027328711146000e+15,1.757968560751712640e+17,5.101165209870900480e+17,2.902531839626423680e+17
9.368599853515629547e+02,1.074906391175058432e+18,9.669204661511851520e+17,4.075187998385337000e+15,1.721517239090144640e+17,5.011405533739256960e+17,2.945772157820105600e+17
9.379426879882820458e+02,1.059768591407113984e+18,9.576046920723850240e+17,3.986915921471194500e+15,1.680817732807663360e+17,4.910236427827652480e+17,2.994918685253955840e+17
9.392299804687500000e+02,1.049762147784497152e+18,9.467759807140584960e+17,3.884076192197835000e+15,1.633547166621852480e+17,4.791525380884250240e+17,3.053123338981016960e+17
9.404654165414669933e+02,1.038648406179471488e+18,9.366428304775348480e+17,3.787587339714408500e+15,1.589342270924385920e+17,4.679312494725646720e+17,3.108691014344362880e+17
9.409952001953130321e+02,1.030786338727549696e+18,9.323965668384340480e+17,3.747052630941494500e+15,1.570825832860793600e+17,4.631871404244463360e+17,3.132389195476204800e+17
9.423000488281250000e+02,1.019550558952018176e+18,9.220846851246275840e+17,3.648461015721322000e+15,1.525865385018047040e+17,4.516061680373891200e+17,3.190536569084762240e+17
9.437299804687500000e+02,1.013097225980123648e+18,9.111306320259223040e+17,3.543358819516338000e+15,1.478110383883933120e+17,4.391661138501779840e+17,3.253684023799602560e+17
9.449100341796879547e+02,1.009089921152635520e+18,9.023406498669608960e+17,3.458745786267547000e+15,1.439785294998964800e+17,4.290872839290623360e+17,3.305328875014935680e+17
9.458599853515629547e+02,1.007963806401190784e+18,8.954278010661024000e+17,3.392019494404742500e+15,1.409637340448048960e+17,4.210995602932090880e+17,3.346567405298554880e+17
9.472800292968750000e+02,9.975653261470133760e+17,8.853580256851336960e+17,3.294522364178994500e+15,1.365703838726346880e+17,4.093675888983321600e+17,3.407625073318724480e+17
9.486079589843750455e+02,1.000768153512546944e+18,8.762470992801935360e+17,3.205961293819610000e+15,1.325926035951060640e+17,3.986448027356499840e+17,3.463980777297692160e+17
9.496500244140629547e+02,9.935379196744346880e+17,8.692939346154312960e+17,3.138148903757728500e+15,1.295546949725204000e+17,3.903939172745405440e+17,3.507690751863251200e+17
9.505999755859379547e+02,9.820322444076375040e+17,8.631001434912465920e+17,3.077575723223453000e+15,1.268467092034703040e+17,3.829954473498339200e+17,3.547134764788346880e+17
9.518446420522840299e+02,9.780119207365971200e+17,8.552075093098260480e+17,3.000132796282668000e+15,1.233928056558241120e+17,3.734948295398897920e+17,3.598161568426928640e+17
9.529699707031250000e+02,9.742486604360783360e+17,8.482694625309826560e+17,2.931829810473646500e+15,1.203535640535584480e+17,3.650800743227674240e+17,3.643682754862216960e+17
9.541600341796879547e+02,9.743405029357397760e+17,8.411358705099520000e+17,2.861369716471704000e+15,1.172252590511114240e+17,3.563646190942737280e+17,3.691159459434945920e+17
9.555799560546879547e+02,9.703234537590632960e+17,8.328997097369896960e+17,2.779709019395941000e+15,1.136085458872557440e+17,3.462186381140182400e+17,3.746861948697027200e+17
9.562900390625000000e+02,9.693770135784606720e+17,8.288919942663582720e+17,2.739847936243253000e+15,1.118465730241203360e+17,3.412484088217406080e+17,3.774321203744832640e+17
9.577476618840149740e+02,9.628323166700039680e+17,8.209013039670869760e+17,2.660111878558880000e+15,1.083289067081697280e+17,3.312705096475829120e+17,3.829800850737497600e+17
9.586700439453129547e+02,9.562490774178937600e+17,8.159919191094817280e+17,2.610962307776412000e+15,1.061647450647895040e+17,3.250983967383742720e+17,3.864336599934254080e+17
9.599075732421880502e+02,9.486795687935650560e+17,8.095962065396593920e+17,2.546727832762446500e+15,1.033414607830541760e+17,3.170047325847612160e+17,3.909899277640437760e+17
9.610400390625000000e+02,9.475554802683326720e+17,8.039192333597561600e+17,2.489527157193768500e+15,1.008317936673262400e+17,3.097730238096046080e+17,3.950856655353884160e+17
9.624699707031250000e+02,9.460864663300277760e+17,7.969805866749034240e+17,2.419378507897026000e+15,9.775955452635643200e+16,3.008734956705175680e+17,4.001573889778622080e+17
9.636600341796879547e+02,9.431489185023805440e+17,7.914239627497167360e+17,2.362985236388482000e+15,9.529467240232019200e+16,2.936906170563351680e+17,4.042797172594145280e+17
9.643699951171879547e+02,9.421456984116023040e+17,7.881799265370805760e+17,2.329992807555129500e+15,9.385414911973683200e+16,2.894791857965122560e+17,4.067059336864204160e+17
9.658000488281250000e+02,9.338608078590940160e+17,7.818593780645774080e+17,2.265512874868005000e+15,9.104312827737345600e+16,2.812216795504338240e+17,4.114898148315365760e+17
9.669799804687500000e+02,9.276500974976042240e+17,7.768180535685664000e+17,2.213927669595033250e+15,8.879757289365212800e+16,2.745940972461217920e+17,4.153504592887054080e+17
9.682254263070919933e+02,9.210582447617496320e+17,7.716645388220399360e+17,2.161051598738503750e+15,8.649883029743934400e+16,2.677802824540561920e+17,4.193391526902191360e+17
9.693599853515629547e+02,9.130398987958712320e+17,7.671194283715891200e+17,2.114297427005408250e+15,8.446874683125936000e+16,2.617373895305059520e+17,4.228933178270387840e+17
9.705500488281250000e+02,9.087907103429879040e+17,7.625098848266714880e+17,2.066762532082410000e+15,8.240722831766174400e+16,2.555748399584523200e+17,4.265346587356236800e+17
9.717399902343750000e+02,9.046944952681004800e+17,7.580510613239194880e+17,2.020679248259708750e+15,8.041083690490572800e+16,2.495827725438184960e+17,4.300903580983859840e+17
9.729300537109379547e+02,9.030746464163046400e+17,7.537308828821315840e+17,1.975943364804720000e+15,7.847467888039281600e+16,2.437495717200556480e+17,4.335648945775508480e+17
9.741199951171879547e+02,8.989601922898296320e+17,7.495456120427920640e+17,1.932531593903341000e+15,7.659749238890713600e+16,2.380732569206992320e+17,4.369577754681055360e+17
9.752126370943519760e+02,8.905848306122152960e+17,7.458195008061835520e+17,1.893828527554038500e+15,7.492524881883299200e+16,2.329989007006769920e+17,4.400002727788561280e+17
9.763161714993990472e+02,8.852387678237978880e+17,7.421652045702796800e+17,1.855830750023684250e+15,7.328461537689806400e+16,2.280041796793441280e+17,4.430029616069898880e+17
9.776999511718750000e+02,8.828099540400046080e+17,7.377414895805276160e+17,1.809791413259997250e+15,7.129824707906215200e+16,2.219337126359760960e+17,4.466623108824647040e+17
9.786500244140629547e+02,8.771967771750661120e+17,7.347931101421670400e+17,1.779093462331680750e+15,6.997452821496119200e+16,2.178754661282160320e+17,4.491133902410767360e+17
9.798399658203129547e+02,8.751917171990115840e+17,7.312067473701504000e+17,1.741751225102829750e+15,6.836508907072081600e+16,2.129260486154425600e+17,4.521071599640563200e+17
9.810300292968750000e+02,8.708234803156275200e+17,7.277266486626790400e+17,1.705528569141909250e+15,6.680459144849670400e+16,2.081120518629333120e+17,4.550221796996778240e+17
9.821838285006009528e+02,8.655750340040968960e+17,7.244507885931591680e+17,1.671459179191055500e+15,6.533739948902485600e+16,2.035721098197621120e+17,4.577728287490444800e+17
9.832631272536059441e+02,8.581519143016556800e+17,7.214720646570901760e+17,1.640518719680827000e+15,6.400534706065933600e+16,1.994383814715663040e+17,4.602774516207125120e+17
9.843699951171879547e+02,8.550177925888428800e+17,7.184981051490196480e+17,1.609679417756641750e+15,6.267794690681680800e+16,1.953078520812696640e+17,4.627788923440560640e+17
9.859200439453129547e+02,8.533700594259392000e+17,7.144757771490713600e+17,1.568095223552349250e+15,6.088842362041477600e+16,1.897197143295016000e+17,4.661576935441851520e+17
9.867600097656250000e+02,8.488406259919909120e+17,7.123530770783639040e+17,1.546215719908921000e+15,5.994695549121529600e+16,1.867719074883872640e+17,4.679365705529168640e+17
9.877099609375000000e+02,8.459200072965108480e+17,7.100021932645491200e+17,1.522053737667586000e+15,5.890730806924590400e+16,1.835097753927969280e+17,4.699010040376150400e+17
9.893800048828129547e+02,8.418215227831819520e+17,7.059863670651105280e+17,1.480977061127020500e+15,5.713982105521045600e+16,1.779476309357640960e+17,4.732376903490247680e+17
9.903399658203129547e+02,8.364367552966609920e+17,7.037470303555112960e+17,1.458213305118421250e+15,5.616022718790271200e+16,1.748552763741268800e+17,4.750828868643361280e+17
9.917700195312500000e+02,8.310584331396974080e+17,7.004958685754626560e+17,1.425380021890052750e+15,5.474708445611184800e+16,1.703823345243354240e+17,4.777358168612658560e+17
9.927299804687500000e+02,8.269376498481477120e+17,6.983629757715281920e+17,1.403987205828305000e+15,5.382615639405972800e+16,1.674602642713957760e+17,4.794575570380540160e+17
9.936800537109379547e+02,8.220540015961153280e+17,6.962907748155059200e+17,1.383335913533175500e+15,5.293696705700433600e+16,1.646332519778130560e+17,4.811127006102155520e+17
9.948800048828129547e+02,8.196240758706757120e+17,6.937271995120450560e+17,1.357998509355922500e+15,5.184569636451997600e+16,1.611558243213349440e+17,4.831313546400792960e+17
9.960699462890629547e+02,8.159186441661935360e+17,6.912369863809514240e+17,1.333622179463722250e+15,5.079545616002981600e+16,1.578012890193688960e+17,4.850587773943066880e+17
9.970300292968750000e+02,8.151348350205830400e+17,6.892643176148720640e+17,1.314502988732301750e+15,4.997141559224662400e+16,1.551635839752086080e+17,4.865578133426612480e+17
9.984699707031250000e+02,8.071296031924990720e+17,6.863581758394663680e+17,1.286652321420139750e+15,4.877054249858074400e+16,1.513112781247896000e+17,4.887191456674673920e+17
9.994200439453129547e+02,8.054349521115802880e+17,6.844757844496467200e+17,1.268854284782412250e+15,4.800273409916876000e+16,1.488424120290521280e+17,4.900824008490693120e+17
1.000795372596149946e+03,8.039035134693108480e+17,6.817974188653277440e+17,1.243913841181375500e+15,4.692619174276204000e+16,1.453727499379023360e+17,4.919625514399801600e+17
1.001877543945309981e+03,8.048914463780008960e+17,6.797199662358073600e+17,1.224856021971240000e+15,4.610311807543149600e+16,1.427145304527804640e+17,4.933756025277921280e+17
1.003010009765630002e+03,7.986468784643110400e+17,6.775729850494031360e+17,1.205459881281978250e+15,4.526496806884786400e+16,1.400023987538323680e+17,4.947880691151447040e+17
1.004449951171880002e+03,7.950495070678999040e+17,6.748768494715283200e+17,1.181541010531823750e+15,4.423071394091812000e+16,1.366487304509205120e+17,4.964908515815665920e+17
1.005410034179690001e+03,7.883323166854177280e+17,6.730997547485495040e+17,1.166091461283482750e+15,4.356220329962971200e+16,1.344764150832244960e+17,4.975614601637149440e+17
1.006609985351559999e+03,7.830916077913615360e+17,6.708982147688359680e+17,1.147324542795796750e+15,4.274961012832508000e+16,1.318310006119600640e+17,4.988260124664883840e+17
1.007818509615389985e+03,7.800745319305295360e+17,6.686979899049651200e+17,1.128965724158867250e+15,4.195412948562012000e+16,1.292364744301162720e+17,5.000234117488924160e+17
1.009000000000000000e+03,7.782606341724386560e+17,6.665603354996412160e+17,1.111520773680067875e+15,4.119771138916842400e+16,1.267649537764826560e+17,5.011206413261881600e+17
1.010199951171880002e+03,7.754009338154850560e+17,6.643998394971407360e+17,1.094295673235684375e+15,4.045028787696733600e+16,1.243185907903071360e+17,5.021604800492841600e+17
1.011160034179690001e+03,7.712880374826039040e+17,6.626771613269262080e+17,1.080881606790159000e+15,3.986781968554776800e+16,1.224090327008838400e+17,5.029346785242197120e+17
1.012599975585940001e+03,7.654922324949982720e+17,6.600990931070158080e+17,1.061318913338685750e+15,3.901773267396239200e+16,1.196175334571106080e+17,5.040048641047317760e+17
1.013319946289059999e+03,7.616498284292312320e+17,6.588113619537095680e+17,1.051780682124600250e+15,3.860297245408623200e+16,1.182535696386759840e+17,5.044989185395883520e+17
1.014760009765630002e+03,7.586145781336355840e+17,6.562346139871613440e+17,1.033216328562469500e+15,3.779512443941032000e+16,1.155928628994341760e+17,5.053962516936525440e+17
1.015959960937500000e+03,7.594956051373630720e+17,6.540837288089040640e+17,1.018202799678807250e+15,3.714126324420828000e+16,1.134358058541329440e+17,5.060603438957301120e+17
1.017160034179690001e+03,7.561589292588463360e+17,6.519263948226844160e+17,1.003585798968856875e+15,3.650420716823081600e+16,1.113311923313907200e+17,5.066482452045550720e+17
1.018406137319709956e+03,7.558562270716039680e+17,6.496771596649099520e+17,9.888094191509171250e+14,3.585973963617499600e+16,1.091991523217924640e+17,5.071787057552224640e+17
1.019559936523440001e+03,7.481248052549611520e+17,6.475821023098366720e+17,9.755277607994858750e+14,3.528000721532251200e+16,1.072784333258284320e+17,5.075865200346590080e+17
1.020357169015069985e+03,7.437544603237614080e+17,6.461275621111755520e+17,9.665316385951526250e+14,3.488713022493057200e+16,1.059755332532684480e+17,5.078291811749834880e+17
1.021719970703130002e+03,7.392387247370370560e+17,6.436227954408560640e+17,9.515450206206816250e+14,3.423221002759726800e+16,1.038010159443714400e+17,5.081557310602546560e+17
1.022920043945309999e+03,7.377009326459678720e+17,6.413976723603678720e+17,9.387004734065812500e+14,3.367052585262040800e+16,1.019338027202099520e+17,5.083606431468976640e+17
1.024359985351559999e+03,7.370151109235793920e+17,6.387016239312550400e+17,9.236928507395938750e+14,3.301384255920263200e+16,9.974829251922993600e+16,5.085075385575641600e+17
1.025329956054690001e+03,7.307479457978470400e+17,6.368652250797032960e+17,9.138557068061503750e+14,3.258314123593363200e+16,9.831327020954459200e+16,5.085369395369486720e+17
1.026530029296880002e+03,7.272940988646516480e+17,6.345700014828711680e+17,9.019558436031755000e+14,3.206188688371655600e+16,9.657503008069339200e+16,5.085008606774719360e+17
1.027729980468750000e+03,7.199430300717282560e+17,6.322462687396797440e+17,8.903581569182572500e+14,3.155362276069489600e+16,9.487851699612403200e+16,5.083810452622005760e+17
1.028930053710940001e+03,7.140294675509981440e+17,6.298933017307288320e+17,8.790309414455987500e+14,3.105701299610102000e+16,9.321955490162404800e+16,5.081823122682541440e+17
1.029900024414059999e+03,7.106936523946598400e+17,6.279687157895971840e+17,8.700698096520233750e+14,3.066401200978283200e+16,9.190579911556374400e+16,5.079630486043048960e+17
1.031099975585940001e+03,7.118959497161911040e+17,6.255580785166749440e+17,8.592164388675500000e+14,3.018789626474437600e+16,9.031318782149608000e+16,5.076189271627306880e+17
1.032512347881609912e+03,7.068873290435713280e+17,6.226769611485446400e+17,8.467539534317828750e+14,2.964105564855902000e+16,8.848275687351348800e+16,5.071118707846562560e+17
1.033851534329930018e+03,7.032051344811941120e+17,6.198940570824456960e+17,8.352675604929011250e+14,2.913694930161093200e+16,8.679419937131264000e+16,5.065179162065299200e+17
1.034709960937500000e+03,7.000438404057607680e+17,6.180867454274014720e+17,8.280435976420786250e+14,2.881989009005468400e+16,8.573174221690438400e+16,5.060874470849197440e+17
1.035920043945309999e+03,6.904703132526017280e+17,6.155027943877849600e+17,8.180606312408192500e+14,2.838173827080616800e+16,8.426295728147640000e+16,5.054062274633115520e+17
1.037147686298080089e+03,6.868289742953713920e+17,6.128395989630273280e+17,8.081474795210810000e+14,2.794668447663046400e+16,8.280405920790380800e+16,5.046322339780155520e+17
1.038329956054690001e+03,6.843900456499202560e+17,6.102333988743598080e+17,7.987991959728631250e+14,2.753648713477577600e+16,8.142814301735766400e+16,5.038071100409993600e+17
1.039290039062500000e+03,6.817778711765994240e+17,6.080835258674689280e+17,7.913575365024532500e+14,2.721002981155526400e+16,8.033290473666182400e+16,5.030744803598750720e+17
1.040500000000000000e+03,6.804682753422643200e+17,6.053339711405884160e+17,7.821470326605726250e+14,2.680609836153511600e+16,7.897759766280417600e+16,5.020781328768368640e+17
1.041699951171880002e+03,6.773754306420951040e+17,6.025577240534758400e+17,7.732071308507461250e+14,2.641421845482604800e+16,7.766265349502905600e+16,5.010022255814629760e+17
1.043371553861180018e+03,6.725823258253501440e+17,5.986161751081546240e+17,7.610246040446781250e+14,2.588052921271364000e+16,7.587194029111054400e+16,4.993753159359381120e+17
1.044359985351559999e+03,6.641353929647065600e+17,5.962391947806114560e+17,7.539798735187490000e+14,2.557215388532054400e+16,7.483737480689504000e+16,4.983350595613957760e+17
1.045116877629209966e+03,6.602088095575733760e+17,5.943936231797468160e+17,7.486671550144268750e+14,2.533974312517906800e+16,7.405778946710481600e+16,4.974964863067907200e+17
1.046530029296880002e+03,6.593500156992488960e+17,5.909010582310679040e+17,7.388913211693651250e+14,2.491238481001627200e+16,7.262458878523865600e+16,4.958547211786843520e+17
1.047739990234380002e+03,6.563684852302223360e+17,5.878502811507082240e+17,7.306971223358203750e+14,2.455458148507363600e+16,7.142512938385486400e+16,4.943523087258566400e+17
1.049129941406250055e+03,6.513924671497029120e+17,5.842829852507703040e+17,7.214554758016595000e+14,2.415151031781310800e+16,7.007452902250880000e+16,4.925279131308835200e+17
1.050150024414059999e+03,6.477881675001285120e+17,5.816199429279344640e+17,7.147898245931808750e+14,2.386115232097784000e+16,6.910210829945588000e+16,4.911193575080527360e+17
1.051304602989780051e+03,6.405872314219043840e+17,5.785609080409405440e+17,7.073561447264875000e+14,2.353772322545001600e+16,6.801949268448579200e+16,4.894566030082445440e+17
1.052671480618990017e+03,6.382123052508072960e+17,5.748713577587978240e+17,6.987150785217433750e+14,2.316238128166002800e+16,6.676405082238071200e+16,4.873857121580684160e+17
1.053780029296880002e+03,6.374969906937255680e+17,5.718279776232721920e+17,6.918210282866643750e+14,2.286341784728793200e+16,6.576485514582848000e+16,4.856302409969450240e+17
1.054989990234380002e+03,6.359580975903304960e+17,5.684536709513794560e+17,6.844077556572556250e+14,2.254247261834976000e+16,6.469305391011794400e+16,4.836370711946521600e+17
1.056199951171880002e+03,6.316433896809012480e+17,5.650253751619047680e+17,6.771041155660270000e+14,2.222684973916190400e+16,6.363997369321246400e+16,4.815654412888096640e+17
1.057160034179690001e+03,6.230106719206037760e+17,5.622638506859753600e+17,6.713890047187581250e+14,2.198033434367454000e+16,6.281824000625324000e+16,4.798622922916240000e+17
1.058619995117190001e+03,6.187693209243349760e+17,5.579982441170664320e+17,6.628214214011138750e+14,2.161155362893066000e+16,6.159025695909942400e+16,4.771779241748441600e+17
1.059797347359040032e+03,6.172467106059399680e+17,5.544970516854148480e+17,6.560215021006923750e+14,2.131960560670637200e+16,6.061939238599089600e+16,4.749265575455716480e+17
1.060790039062500000e+03,6.150854692394865920e+17,5.515051161518507520e+17,6.503561533588112500e+14,2.107687634662390800e+16,5.981308056344266400e+16,4.729724132074002560e+17
1.062010009765630002e+03,6.098257850823457280e+17,5.477765213817812480e+17,6.434786802803990000e+14,2.078289432219715600e+16,5.883769931907073600e+16,4.704989715784905600e+17
1.063459960937500000e+03,6.053266734812513280e+17,5.432756245038770560e+17,6.354146086519920000e+14,2.043913868669420000e+16,5.769884055015960800e+16,4.674632888058164480e+17
1.064632732684789971e+03,5.993812986810240000e+17,5.395715029013704320e+17,6.289887581508062500e+14,2.016612222862404400e+16,5.679593614792206400e+16,4.649205505325756800e+17
1.065640014648440001e+03,5.961384636323610880e+17,5.363509001251036160e+17,6.235268738772842500e+14,1.993464183243749600e+16,5.603142557947403200e+16,4.626831701584949760e+17
1.066609985351559999e+03,5.936080321816934400e+17,5.332142686761494400e+17,6.183174297778512500e+14,1.971439875254196800e+16,5.530498685341877600e+16,4.604806721825264000e+17
1.068009946289060053e+03,5.921107594224592640e+17,5.286237764800315520e+17,6.108857105662565000e+14,1.940120066258978400e+16,5.427372991216550400e+16,4.572160742327292160e+17
1.068978496844950087e+03,5.880386343297862400e+17,5.254069792301960320e+17,6.057986075366147500e+14,1.918747863396001600e+16,5.357120623743502400e+16,4.549023936799789440e+17
1.070250000000000000e+03,5.823270421326275840e+17,5.211345012752674560e+17,5.991843478641661250e+14,1.891042878691123600e+16,5.266201078722488000e+16,4.517985795829149440e+17
1.071699951171880002e+03,5.809588704155735040e+17,5.161888567364999680e+17,5.917339985728432500e+14,1.859963724498985600e+16,5.164438452373436000e+16,4.481607942611066240e+17
1.072689653320320076e+03,5.740974136389685760e+17,5.127714829269542400e+17,5.866992097282587500e+14,1.839036119078384400e+16,5.096050284707001600e+16,4.456222592948692480e+17
1.073890014648440001e+03,5.733298738370528000e+17,5.085803255849269760e+17,5.806477437139841250e+14,1.813969180626701600e+16,5.014291692755433600e+16,4.424816737204818560e+17
1.075099975585940001e+03,5.708523265666092160e+17,5.043075737816300800e+17,5.746035552987858750e+14,1.789025022875795000e+16,4.933100981266032800e+16,4.392521192895169920e+17
1.076319946289059999e+03,5.695193767884620160e+17,4.999516862071645440e+17,5.685635020448292500e+14,1.764193079986919600e+16,4.852447715633515200e+16,4.359324598295369600e+17
1.077530029296880002e+03,5.619713957470633600e+17,4.955810157712391040e+17,5.626279294161308125e+14,1.739893970477925200e+16,4.773712206746186400e+16,4.325733266034889600e+17
1.078876915564909950e+03,5.546072446099368960e+17,4.906592555993162240e+17,5.560831845083137500e+14,1.713223117298205600e+16,4.687513051242695200e+16,4.287589513400080000e+17
1.080059960937499909e+03,5.527207275427097600e+17,4.862922218542304000e+17,5.503815008779213125e+14,1.690085762293252600e+16,4.612911802727269600e+16,4.253502897622929920e+17
1.081180053710940001e+03,5.499327859080800000e+17,4.821191623657945600e+17,5.450236536261891875e+14,1.668432252915169400e+16,4.543255904108699200e+16,4.220720688299063680e+17
1.082640014648440001e+03,5.486903531321328000e+17,4.766241080280880000e+17,5.380980915788355000e+14,1.640576603373737800e+16,4.453891943405586400e+16,4.177250496630840960e+17
1.083609985351559999e+03,5.426902378826205440e+17,4.729400386646032640e+17,5.335311768112986875e+14,1.622290631682105600e+16,4.395379476520096800e+16,4.147926951398213760e+17
1.084873950195310044e+03,5.368696106560770560e+17,4.680991467996470400e+17,5.276212399941730625e+14,1.598731639185986800e+16,4.320184530843050400e+16,4.109178801311278720e+17
1.086290039062500000e+03,5.339156130027329280e+17,4.626287560409173760e+17,5.210479288923035625e+14,1.572655092734516800e+16,4.237185628497684000e+16,4.065138941896321280e+17
1.087202412109380020e+03,5.284118966668184960e+17,4.590754792923191040e+17,5.168422183168279375e+14,1.556052192699390000e+16,4.184488845617828000e+16,4.036377401254921600e+17
1.088332294170679916e+03,5.240090860239774720e+17,4.546489671114510080e+17,5.116607181154993750e+14,1.535674391250714600e+16,4.119951955311568000e+16,4.000405478581045760e+17
1.089699951171880002e+03,5.208569275980645760e+17,4.492484389303286400e+17,5.054328210936804375e+14,1.511312599848212000e+16,4.043037808827467200e+16,3.956285064777574400e+17
1.090920043945309999e+03,5.140734604055692800e+17,4.443962853067390080e+17,4.999129155309195625e+14,1.489832065310414800e+16,3.975424997788127200e+16,3.916454125915221120e+17
1.091899614257820076e+03,5.074692763014613120e+17,4.404784059099402240e+17,4.955049461663005000e+14,1.472754989691486400e+16,3.921812750531439200e+16,3.884167223607098240e+17
1.093109985351559999e+03,5.054980023654298880e+17,4.356112473719203840e+17,4.900869290782211250e+14,1.451859317811621800e+16,3.856385692900793600e+16,3.843907485302846720e+17
1.094079956054690001e+03,5.050258714736221440e+17,4.316903863212606720e+17,4.857678391829687500e+14,1.435279593493157400e+16,3.804615203201125600e+16,3.811355948221160960e+17
1.095658118614790055e+03,5.062398240607589120e+17,4.252760149289837440e+17,4.787812218482041250e+14,1.408602593853608400e+16,3.721577871950154400e+16,3.757891906409301760e+17
1.096770019531250000e+03,4.991431504534592000e+17,4.207314719719970560e+17,4.738893292267461250e+14,1.390034091367618600e+16,3.663982647136970400e+16,3.719855676244664960e+17
1.097959990234380030e+03,4.948505426585805440e+17,4.158473679833546240e+17,4.686801423317209375e+14,1.370358280880903400e+16,3.603131716666862400e+16,3.678844283379580160e+17
1.099084960937500000e+03,4.917989133403096320e+17,4.112122228417876480e+17,4.637796138994743750e+14,1.351939619975643200e+16,3.546337219562748400e+16,3.639802162900935040e+17
1.100189669095560021e+03,4.892782754190833920e+17,4.066449807343872640e+17,4.589898578555871250e+14,1.334024113929778200e+16,3.491254598936456400e+16,3.601220388446261120e+17
1.101410034179690001e+03,4.883942010108497920e+17,4.015838136714615680e+17,4.537231853927118125e+14,1.314421003274862200e+16,3.431161302868506000e+16,3.558346278967628160e+17
1.102869995117190001e+03,4.802340961599232000e+17,3.955069558086522240e+17,4.474608341728061875e+14,1.291264626378102400e+16,3.360458071605476000e+16,3.506684588502735360e+17
1.103849975585940001e+03,4.780143955713255040e+17,3.914182271974110080e+17,4.432765601686748125e+14,1.275870205715477000e+16,3.313598659452498800e+16,3.471834724881902720e+17
1.105125328650839947e+03,4.731283767985540480e+17,3.860864833390385280e+17,4.378552781879455625e+14,1.256023276717773400e+16,3.253369162430581600e+16,3.426279607825758080e+17
1.106290039062500000e+03,4.715442136152151040e+17,3.812086056338746880e+17,4.329276209701329375e+14,1.238079238452745400e+16,3.199092336674220000e+16,3.384498290087232000e+17
1.107218487079330089e+03,4.669518722853118720e+17,3.773150630423596160e+17,4.290166415805901875e+14,1.223908054058566400e+16,3.156359013316979600e+16,3.351073893673484800e+17
1.108489990234380002e+03,4.657281971970753920e+17,3.719779904128787200e+17,4.236821529210563125e+14,1.204668188813950000e+16,3.098507436755452800e+16,3.305166235684199040e+17
1.109959960937500000e+03,4.581687040920385920e+17,3.658027616777746560e+17,4.175500927404966250e+14,1.182696891960829400e+16,3.032713405578238000e+16,3.251905576099974400e+17
1.111180053710940001e+03,4.581321261486405120e+17,3.606759373598580480e+17,4.124850569484203125e+14,1.164650508840993600e+16,2.978862727945362000e+16,3.207590401515251840e+17
1.111920043945309999e+03,4.508227508551401600e+17,3.575668206954052480e+17,4.094255643330636875e+14,1.153800989293972800e+16,2.946583481243433600e+16,3.180668564285412480e+17
1.113390014648440001e+03,4.512986447822667520e+17,3.513928783210674560e+17,4.033710690759590000e+14,1.132425036072634400e+16,2.883163051043951200e+16,3.127123672820277760e+17
1.114545372596149946e+03,4.472775789886791680e+17,3.465449643131889280e+17,3.986385776770446875e+14,1.115822456907965600e+16,2.834103281358094800e+16,3.084986856032339200e+17
1.115676504281849930e+03,4.424700402294757760e+17,3.418042551084950400e+17,3.940259588052640000e+14,1.099722867064027800e+16,2.786684639690190400e+16,3.043712614981075200e+17
1.116819946289059999e+03,4.367952137524290560e+17,3.370190387135364480e+17,3.893836421585365625e+14,1.083600460987967400e+16,2.739350788854188400e+16,3.001985054128050560e+17
1.117896044921880048e+03,4.361548924019144320e+17,3.325235212917409920e+17,3.850335656127863750e+14,1.068566173781024200e+16,2.695349352466617200e+16,2.962725828956991360e+17
1.119760009765630002e+03,4.350021656642918400e+17,3.247586903694071680e+17,3.775423698203817500e+14,1.042842578586657800e+16,2.620377094227878800e+16,2.894788572305201920e+17
1.120513840895439898e+03,4.305650806237498240e+17,3.216269949434874240e+17,3.745276896775289375e+14,1.032546531794125600e+16,2.590474493258210800e+16,2.867346918257602560e+17
1.121719970703130002e+03,4.251490055193952640e+17,3.166308192488066560e+17,3.697263651040712500e+14,1.016229489631243400e+16,2.543238245625048800e+16,2.823509932870550080e+17
1.122860665457589903e+03,4.191288227793042560e+17,3.119210933094663680e+17,3.652069040216213125e+14,1.000946765881791800e+16,2.499140903348443600e+16,2.782133425624719360e+17
1.124227736253000103e+03,4.196886063704443520e+17,3.062981596268885760e+17,3.598179331061325625e+14,9.828194065137374000e+15,2.447016805016905600e+16,2.732669979867645440e+17
1.125400024414059999e+03,4.165971530556835200e+17,3.014971274736552320e+17,3.552213378455028125e+14,9.674409786342132000e+15,2.402955648080917200e+16,2.690382383045437440e+17
1.126380004882809999e+03,4.150126681091030400e+17,2.975009011482931840e+17,3.513978569469335000e+14,9.547122986924980000e+15,2.366606500186001200e+16,2.655143861912116160e+17
1.127609985351559999e+03,4.138058107234278400e+17,2.925084931008436480e+17,3.466231971652595000e+14,9.388949609817488000e+15,2.321585297547246400e+16,2.611073866466234880e+17
1.128839965820309999e+03,4.079413196940156800e+17,2.875425662036872320e+17,3.418747453232750000e+14,9.232464287922600000e+15,2.277200736246959600e+16,2.567189528574761280e+17
1.129819946289059999e+03,4.087177665271477120e+17,2.836055211250683840e+17,3.381099358021976875e+14,9.108957476607430000e+15,2.242277330957354800e+16,2.532365554074912320e+17
1.131220048828130075e+03,4.056753684946546560e+17,2.780127167274014400e+17,3.327603496479504375e+14,8.934324476238003000e+15,2.193062106090678000e+16,2.482848550950804800e+17
1.132530029296880002e+03,4.054495496034185600e+17,2.728169304291417280e+17,3.277875422975297500e+14,8.772917910940881000e+15,2.147751523909646800e+16,2.436797478656310720e+17
1.133711932842549913e+03,4.023567104293331200e+17,2.681632366176968960e+17,3.233297430131935000e+14,8.629021867121528000e+15,2.107508647339334800e+16,2.395510551932672640e+17
1.134989990234380002e+03,4.022253192888261760e+17,2.631661858894096640e+17,3.185381496694117500e+14,8.475119034608897000e+15,2.064614430027063200e+16,2.351139763913348480e+17
1.135969970703130002e+03,3.965667272441856000e+17,2.593607045298249920e+17,3.148849781586658750e+14,8.358320202343533000e+15,2.032164864125196400e+16,2.317323883989232320e+17
1.137449951171880002e+03,3.944460660766182400e+17,2.536559785480346560e+17,3.094010790871796250e+14,8.183817513456730000e+15,1.983842875711648400e+16,2.266593281212165760e+17
1.138430053710940001e+03,3.953938116372856960e+17,2.499106168923542720e+17,3.057944196092176250e+14,8.069654364000338000e+15,1.952345885006939200e+16,2.233260144188736960e+17
1.139660034179690001e+03,3.952173722590196480e+17,2.452492319695864960e+17,3.012974990886116875e+14,7.927990167844252000e+15,1.913392222742160400e+16,2.191745930809946240e+17
1.140890014648440001e+03,3.893565186333746560e+17,2.406279475892092160e+17,2.968303389858055000e+14,7.787931100968045000e+15,1.875008645067223600e+16,2.150561763100762240e+17
1.141830004882810044e+03,3.878723102826465280e+17,2.371241505598862080e+17,2.934368787296163750e+14,7.681981137198125000e+15,1.846058746686862000e+16,2.119319046858101120e+17
1.143215754582329964e+03,3.856712076509306880e+17,2.320043884426647680e+17,2.884672699773905000e+14,7.527517480447575000e+15,1.803987497119486400e+16,2.073640821703481600e+17
1.144349965820309990e+03,3.855503650300546560e+17,2.278558015410543680e+17,2.844298135649616875e+14,7.402638649683708000e+15,1.770092633152528000e+16,2.036605223637708800e+17
1.145579956054690001e+03,3.837880727861699200e+17,2.234037075700500160e+17,2.800847647078000938e+14,7.268898831525661000e+15,1.733919093069341400e+16,1.996837595557769280e+17
1.146809936523440001e+03,3.811429582511578880e+17,2.189992380204040960e+17,2.757734075494977500e+14,7.136831106927166000e+15,1.698320890944737200e+16,1.957474433253654720e+17
1.148040039062500000e+03,3.809037117890946560e+17,2.146406691663393280e+17,2.714942103437321875e+14,7.006341928913688000e+15,1.663263305816017200e+16,1.918502816836839040e+17
1.148780029296880002e+03,3.783734333703729280e+17,2.120421476490327680e+17,2.689364113887785625e+14,6.928634940348535000e+15,1.642442693381585000e+16,1.895259693411211840e+17
1.150020019531250000e+03,3.762317140556018560e+17,2.077283586185432640e+17,2.646786433629049688e+14,6.799767625470099000e+15,1.608008685493521600e+16,1.856659853149604480e+17
1.151349999999999909e+03,3.759995216158552320e+17,2.031552341259089600e+17,2.601493116787794688e+14,6.663302816666375000e+15,1.571665520069116600e+16,1.815722245101707520e+17
1.152489990234380002e+03,3.737577971545557760e+17,1.992854296625996800e+17,2.563018054051667188e+14,6.547938277566037000e+15,1.541050272488863200e+16,1.781065955200778560e+17
1.153796893780049913e+03,3.724479003596800000e+17,1.949068094269181760e+17,2.519311110871859062e+14,6.417504452967803000e+15,1.506556375012787400e+16,1.741837649283898880e+17
1.154669960937500036e+03,3.685958526282114560e+17,1.920119321877277440e+17,2.490323015670201250e+14,6.331309368095814000e+15,1.483822809351271600e+16,1.715894913769996800e+17
1.156189941406250000e+03,3.703941470302810880e+17,1.870371376127751040e+17,2.440308176839710312e+14,6.183245537386926000e+15,1.444899170915396400e+16,1.671298252784997120e+17
1.157430053710940001e+03,3.671449175726732800e+17,1.830361709751080640e+17,2.399904932864719375e+14,6.064197645335159000e+15,1.413713079203719600e+16,1.635419741252448000e+17
1.158420043945309999e+03,3.673370675602382720e+17,1.798839403616258560e+17,2.367941987794279375e+14,5.970412184577193000e+15,1.389221665335269200e+16,1.607144519601795520e+17
1.159410034179690001e+03,3.648039704288167040e+17,1.767674154427533120e+17,2.336228580192718750e+14,5.877685102051872000e+15,1.365070463769474400e+16,1.579183569587477760e+17
1.160890014648440001e+03,3.632820457421688960e+17,1.721789231157017920e+17,2.289313268686209688e+14,5.741132411417293000e+15,1.329626634300747600e+16,1.538005705429920000e+17
1.162283851036660053e+03,3.601153170139435520e+17,1.679243218239948480e+17,2.245598690077500312e+14,5.614469107571582000e+15,1.296861975217687000e+16,1.499815138972396480e+17
1.163158456655650070e+03,3.602889099527433600e+17,1.652940606734091840e+17,2.218446991132229375e+14,5.536125564559249000e+15,1.276660873649039800e+16,1.476200321185483520e+17
1.164279985351560072e+03,3.579458616168492800e+17,1.619594764469309120e+17,2.183900978490607188e+14,5.436757341215998000e+15,1.251099492164841600e+16,1.446257801739783040e+17
1.165599975585940001e+03,3.560150229121353600e+17,1.580966819518632640e+17,2.143682264616047500e+14,5.321561671525198000e+15,1.221562712340190200e+16,1.411566190753576960e+17
1.166791888897229910e+03,3.539984722765272960e+17,1.546655797802583360e+17,2.107772974354240000e+14,5.219147163461774000e+15,1.195389073008837800e+16,1.380746667217432960e+17
1.168079956054690001e+03,3.549687430651560960e+17,1.510153753531260480e+17,2.069381865336179375e+14,5.110086528169812000e+15,1.167601793122420400e+16,1.347954741205760800e+17
1.169300706129809896e+03,3.553451436558906240e+17,1.476110841992007680e+17,2.033396022047803750e+14,5.008261722429724000e+15,1.141737324015741000e+16,1.317368391680335680e+17
1.170354003906250000e+03,3.525326826148312960e+17,1.447196512282785600e+17,2.002680157199252500e+14,4.921676189360200000e+15,1.119808176490401400e+16,1.291387312041531200e+17
1.171330048828129975e+03,3.477511375223269760e+17,1.420784416748444320e+17,1.974496184357418125e+14,4.842494035840502000e+15,1.099806430900454200e+16,1.267652801575190720e+17
1.172790039062500000e+03,3.471967339851746560e+17,1.381963362271245760e+17,1.932843542004771562e+14,4.725938401474500000e+15,1.070455746376322400e+16,1.232764649634024000e+17
1.174030029296880002e+03,3.469124461913819520e+17,1.349593624300143200e+17,1.897913015931746875e+14,4.628592661769678000e+15,1.046021096037657400e+16,1.203672370477792960e+17
1.175020019531250000e+03,3.459409522728122880e+17,1.324160566612757760e+17,1.870331124162103125e+14,4.551993059205769000e+15,1.026846445137432800e+16,1.180813460202716480e+17
1.176510009765630002e+03,3.461125594702750720e+17,1.286538108070623680e+17,1.829311126617032812e+14,4.438490159498142500e+15,9.985161270863078000e+15,1.146997777727038080e+17
1.177750000000000000e+03,3.443221192730688640e+17,1.255904320244462240e+17,1.795685109054177500e+14,4.345865868081584500e+15,9.754797369002212000e+15,1.119462979170155200e+17
1.178500000000000000e+03,3.394856506547232000e+17,1.237607794997061120e+17,1.775523362058234688e+14,4.290471111234731000e+15,9.617305678149400000e+15,1.103017289509837920e+17
1.179989990234380002e+03,3.395343866202942080e+17,1.201956276535662240e+17,1.736003641486360312e+14,4.182305492192553500e+15,9.349654068018812000e+15,1.070972345441413280e+17
1.180979980468750000e+03,3.392564769876721920e+17,1.178695586421707360e+17,1.710075542929700000e+14,4.111589960397260500e+15,9.175163913827736000e+15,1.050065075549231520e+17
1.182479980468750000e+03,3.388152021757340800e+17,1.144094083952444160e+17,1.671289867501534375e+14,4.006175330350370500e+15,8.915780525759014000e+15,1.018965235132592960e+17
1.183469970703130002e+03,3.378149475611592960e+17,1.121722642796063200e+17,1.646056205265376562e+14,3.937855372679757500e+15,8.748189369793621000e+15,9.988586005216272000e+16
1.184569970703129911e+03,3.345079099607058560e+17,1.097292509005588960e+17,1.618356136859466250e+14,3.863093253646413500e+15,8.565260429221209000e+15,9.769026660071313600e+16
1.185959960937500000e+03,3.351801279589712640e+17,1.067039869490267680e+17,1.583845580843888438e+14,3.770283958731688000e+15,8.338833040171264000e+15,9.497155953139924800e+16
1.186959960937500000e+03,3.366150329172775680e+17,1.045680764391034240e+17,1.559342992685836875e+14,3.704604896191258500e+15,8.179021456228600000e+15,9.305221320689515200e+16
1.187949951171880002e+03,3.341332755994192640e+17,1.024879908708519200e+17,1.535363927444414062e+14,3.640509728962898000e+15,8.023420485914448000e+15,9.118315252337988800e+16
1.189219181941110037e+03,3.350603700761435520e+17,9.986937075326406400e+16,1.505013136133882188e+14,3.559631912258589000e+15,7.827568225988517000e+15,8.883037686407006400e+16
1.190189941406250000e+03,3.342775213525172480e+17,9.790537038244243200e+16,1.482117745702338750e+14,3.498818312977704000e+15,7.680692736355703000e+15,8.706592588775656000e+16
1.190689941406250000e+03,3.372455386718128000e+17,9.690650644775563200e+16,1.470430140460826250e+14,3.467838061410126000e+15,7.605996009817391000e+15,8.616860728844219200e+16
1.192439941406250000e+03,3.354492040260906880e+17,9.347295563456718400e+16,1.430041906140542812e+14,3.361090648511380500e+15,7.349227499343722000e+15,8.308440974286600000e+16
1.193439941406250000e+03,3.362063360757317120e+17,9.155868412475238400e+16,1.407362264770761406e+14,3.301380270162539000e+15,7.206060443099639000e+15,8.136515001677228800e+16
1.194680053710940001e+03,3.346458232622042880e+17,8.923353119376454400e+16,1.379648713270817656e+14,3.228649729409470000e+15,7.032134995493832000e+15,7.927713002313948800e+16
1.195930053710940001e+03,3.356804930539927680e+17,8.693877664244508800e+16,1.352130731322286875e+14,3.156662920495102000e+15,6.860443084740723000e+15,7.721668666844393600e+16
1.197100053710940074e+03,3.344810441963258880e+17,8.483520874316752000e+16,1.326754132414034688e+14,3.090483844915903500e+15,6.703009353946385000e+15,7.532817265642267200e+16
1.198180053710940001e+03,3.353912741841767680e+17,8.293213872775870400e+16,1.303664022452119688e+14,3.030445004325008500e+15,6.560532775511280000e+15,7.361989949286920000e+16
1.199583899864790055e+03,3.351830033008924160e+17,8.051331338915371200e+16,1.274128750523744844e+14,2.953895165819505500e+15,6.379363171341268000e+15,7.144901803577908800e+16
1.200780043945309899e+03,3.352748278513342720e+17,7.850271993329868800e+16,1.249406095310032031e+14,2.890042721337483000e+15,6.228686298599813000e+15,6.964486014728552800e+16
1.201670043945309999e+03,3.330647410940337920e+17,7.703343702835302400e+16,1.231247835641767344e+14,2.843261959212824000e+15,6.118526474306066000e+15,6.832662016403184000e+16
1.203170043945309999e+03,3.341079004849418880e+17,7.461241734940648000e+16,1.201138050347234219e+14,2.765930468205457000e+15,5.936898350004183000e+15,6.615487735957481600e+16
1.203950043945309972e+03,3.319105082113920000e+17,7.338090154027515200e+16,1.185727840716586875e+14,2.726469607258871000e+15,5.844448442118815000e+15,6.505036438959778400e+16
1.205420043945309999e+03,3.304433429192956800e+17,7.110324269623739200e+16,1.157078200138480469e+14,2.653290036673598000e+15,5.673363266469975000e+15,6.300792078513457600e+16
1.206487351637619895e+03,3.304217911477719680e+17,6.949227561029885600e+16,1.136667798056714219e+14,2.601334677210198000e+15,5.552250161778290000e+15,6.156364878003355200e+16
1.207651207557089947e+03,3.288595963330238720e+17,6.777323609064624800e+16,1.114758677372780469e+14,2.545719665624588000e+15,5.422912222341921000e+15,6.002278527587008800e+16
1.208930053710940001e+03,3.289339714947232640e+17,6.592738934245405600e+16,1.091085353169089844e+14,2.485801859692686500e+15,5.283913481299293000e+15,5.836860569162939200e+16
1.209950053710939983e+03,3.305892425793432960e+17,6.448671322001377600e+16,1.072499604860963750e+14,2.438888305339505000e+15,5.175333341206523000e+15,5.707778533706345600e+16
1.211180053710940001e+03,3.278531879267703680e+17,6.278616405752688800e+16,1.050434482868403125e+14,2.383339124773365000e+15,5.047055508240016000e+15,5.555443182209099200e+16
1.212680053710940001e+03,3.286213836603026560e+17,6.076819930762981600e+16,1.024058408230083906e+14,2.317157299690360000e+15,4.894657304395032000e+15,5.374721366686674400e+16
1.213939941406250000e+03,3.255333548256479360e+17,5.911944967706284000e+16,1.002348789359844844e+14,2.262864439016197500e+15,4.769990201532046000e+15,5.227105340583758400e+16
1.215189941406250000e+03,3.268481601369932800e+17,5.752227031410596000e+16,9.811845466693421875e+13,2.210084518162726250e+15,4.649090103112767000e+15,5.084140754651254400e+16
1.216159941406250027e+03,3.261594908231676160e+17,5.631093755887864000e+16,9.650358102894123438e+13,2.169919744937019750e+15,4.557297834646417000e+15,4.975738829455878400e+16
1.217199951171880002e+03,3.258389321430952320e+17,5.503766483428820000e+16,9.479727749553706250e+13,2.127577599446047000e+15,4.460719325242831500e+15,4.861817170153364000e+16
1.217949951171880002e+03,3.228013843574585600e+17,5.413698795806355200e+16,9.358418630898445312e+13,2.097540583354347500e+15,4.392337311093592000e+15,4.781248417733235200e+16
1.219546499399039931e+03,3.244441251623093760e+17,5.226109151587432800e+16,9.104322071585253125e+13,2.034778690834179000e+15,4.249756901512231500e+15,4.613481358234172000e+16
1.220539960937499927e+03,3.242499402626246400e+17,5.112519006208356000e+16,8.949368625449195312e+13,1.996621156566979750e+15,4.163299441413309500e+15,4.511923824843852000e+16
1.221969970703130002e+03,3.213643293505845760e+17,4.953191404912508800e+16,8.730570707158492188e+13,1.942894293859545000e+15,4.041863847485276000e+15,4.369513594984840000e+16
1.222969970703130002e+03,3.203825555059479680e+17,4.844415404437764000e+16,8.580272089119309375e+13,1.906083507315062250e+15,3.958850281483356000e+15,4.272312883900065600e+16
1.224479980468750000e+03,3.177149030716912640e+17,4.684161626101721600e+16,8.357449401507614062e+13,1.851654025520144750e+15,3.836385548562217500e+15,4.129151303411464800e+16
1.225229980468750000e+03,3.199396828177939200e+17,4.606626466760477600e+16,8.248920349567159375e+13,1.825216937235855750e+15,3.777046948647151500e+15,4.059906104808864800e+16
1.226739990234380002e+03,3.202577928842478720e+17,4.454010161547285600e+16,8.034078279286818750e+13,1.773005651577251500e+15,3.660098322490320500e+15,3.923641957507287200e+16
1.227807692307690104e+03,3.189908612579713920e+17,4.348952604683235200e+16,7.885185438793364062e+13,1.736921672588532000e+15,3.579469351168094000e+15,3.829869435784295200e+16
1.229010009765630002e+03,3.175738521740343040e+17,4.233426522162300800e+16,7.720480833973273438e+13,1.697102488243295000e+15,3.490683184167661000e+15,3.726780964652025600e+16
1.230210017277649968e+03,3.179967548982236800e+17,4.120935805700312800e+16,7.559114420073729688e+13,1.658187686082399000e+15,3.404103620138451000e+15,3.626429724199076000e+16
1.231270019531250000e+03,3.175790204242081920e+17,4.023954471079483200e+16,7.419155620944340625e+13,1.624517495622353750e+15,3.329352546083713500e+15,3.539938651977584400e+16
1.233000807542070106e+03,3.153625822806281600e+17,3.870407533963556800e+16,7.195876808141481250e+13,1.570966049508146750e+15,3.210781287033073000e+15,3.403050058083398400e+16
1.233790039062500000e+03,3.160438102739402880e+17,3.802197913184727200e+16,7.096051893919450000e+13,1.547085106751866750e+15,3.158024365254101500e+15,3.342259353909992000e+16
1.235050048828130002e+03,3.136256873028990720e+17,3.695688740622363200e+16,6.939329645435453906e+13,1.509673089312895500e+15,3.075531605699936000e+15,3.247359885006144800e+16
1.236109936523439956e+03,3.142745022471251840e+17,3.608292221957625600e+16,6.809952235234382031e+13,1.478862155100310250e+15,3.007737029771997500e+15,3.169512934654099200e+16
1.237381147460939928e+03,3.124312362019244800e+17,3.505947884135162400e+16,6.657566825336298438e+13,1.442654337344756750e+15,2.928227747258827000e+15,3.078377792777046400e+16
1.238579956054690001e+03,3.133794978387456640e+17,3.412209067607044000e+16,6.517009453208498438e+13,1.409348539779973250e+15,2.855268997621934500e+15,2.994935256403521200e+16
1.239522658128000103e+03,3.110877029008474880e+17,3.340098056612060800e+16,6.408310385953301562e+13,1.383644446362431000e+15,2.799064696205711500e+15,2.930762166552038800e+16
1.240849975585940001e+03,3.111375795467527680e+17,3.241223453881691600e+16,6.258322216786636719e+13,1.348263386839167250e+15,2.721868971142628500e+15,2.842800242691660400e+16
1.242119995117190001e+03,3.083689202461354880e+17,3.149126537776690000e+16,6.117719836938825000e+13,1.315177820171255500e+15,2.649839526878998000e+15,2.760895170702571200e+16
1.243620004882810008e+03,3.087452956913730560e+17,3.043604016355660000e+16,5.955460169328832031e+13,1.277100799320816500e+15,2.567146248095771000e+15,2.667085621321834400e+16
1.244390014648440001e+03,3.098702990307505920e+17,2.990699346776223600e+16,5.873654663143647656e+13,1.257944499380936500e+15,2.525622732048394500e+15,2.620067272194403200e+16
1.245910034179690001e+03,3.081057173361421440e+17,2.889220999460027600e+16,5.715681893479481250e+13,1.221046425611761000e+15,2.445823963284672000e+15,2.529912166006211600e+16
1.246660034179690001e+03,3.055422879848375680e+17,2.840266865638639600e+16,5.639071523292555469e+13,1.203187951721023750e+15,2.407270550295278500e+15,2.486432858772120800e+16
1.247990053710939947e+03,3.038515884736454400e+17,2.755565643122487200e+16,5.505757214814548438e+13,1.172178285957891000e+15,2.340455165576696000e+15,2.411227748376478400e+16
1.249189941406250000e+03,3.044257195510330240e+17,2.681188456947983600e+16,5.387956808564430469e+13,1.144841474359617250e+15,2.281677427786173000e+15,2.345211931564761600e+16
1.250209960937500000e+03,3.067434050285328000e+17,2.619540004047880800e+16,5.289744333908931250e+13,1.122099892079037125e+15,2.232875715567245750e+15,2.290511612709998400e+16
1.251960749699519965e+03,3.029421322585500160e+17,2.517016112526708000e+16,5.125224285280252344e+13,1.084106994526014750e+15,2.151543139393080750e+15,2.199579625523726400e+16
1.252989990234380002e+03,3.037009255221943680e+17,2.458564813706910800e+16,5.030766579548116406e+13,1.062350310128532500e+15,2.105076765204206500e+15,2.147757687349782000e+16
1.253750000000000000e+03,2.994326144700263040e+17,2.416248901727840400e+16,4.962074675124109375e+13,1.046554613778578125e+15,2.071391963505373500e+15,2.110250733326314800e+16
1.255020019531250000e+03,2.993818645450056320e+17,2.347171039794604800e+16,4.849342416527999219e+13,1.020682421862933375e+15,2.016315852219993750e+15,2.049041788740668000e+16
1.256450039062500082e+03,3.001770274345548160e+17,2.271584991095011200e+16,4.725187299509561719e+13,9.922562122447412500e+14,1.955932359181465500e+15,1.982091051059330800e+16
1.257550048828130002e+03,3.003932268300242560e+17,2.215226384050305600e+16,4.631961293570357812e+13,9.709661419996985000e+14,1.910812388778082250e+15,1.932191533221631200e+16
1.258309936523440001e+03,2.990001770935293440e+17,2.177065073299786400e+16,4.568551848563694531e+13,9.565089702497996250e+14,1.880218698839040000e+15,1.898412679776180400e+16
1.259839965820309999e+03,2.969721865589047680e+17,2.102287845873685200e+16,4.443544588026532031e+13,9.280703267503723750e+14,1.820157773552540500e+15,1.832246572614980800e+16
1.261359985351559999e+03,2.953052932221713280e+17,2.030353840465692800e+16,4.322423675020553125e+13,9.005872314411955000e+14,1.762251353905796250e+15,1.768623435261351000e+16
1.262369995117190001e+03,2.950359178278247040e+17,1.983974803658682800e+16,4.243806727695625781e+13,8.827915311412386250e+14,1.724838138564987500e+15,1.727619248399937200e+16
1.263640014648440001e+03,2.953425126092220160e+17,1.927219233932264800e+16,4.147021580217146094e+13,8.609304141709681250e+14,1.678967730921729250e+15,1.677459234805924800e+16
1.264410034179690001e+03,2.921053266408222720e+17,1.893484335546066000e+16,4.089240672388715625e+13,8.478997609076712500e+14,1.651664990171524750e+15,1.647652604377667200e+16
1.265930053710940001e+03,2.909123983626618880e+17,1.828879224027568000e+16,3.977847626615181250e+13,8.228381277310932500e+14,1.599267350445446500e+15,1.590593630912082200e+16
1.267126493013829986e+03,2.905981623368491520e+17,1.779475109729851200e+16,3.892124082782375781e+13,8.035950695391161250e+14,1.559117298108767250e+15,1.546977096752323800e+16
1.267969970703130002e+03,2.896400866314424320e+17,1.745482900123436400e+16,3.832828570171193750e+13,7.903095834289467500e+14,1.531445123187470750e+15,1.516976865880710400e+16
1.269489990234380002e+03,2.892545545999052800e+17,1.685749199845908600e+16,3.728058106670920312e+13,7.668806375755302500e+14,1.482731485798764500e+15,1.464276156267617600e+16
1.270760009765630002e+03,2.861001798265656000e+17,1.637551910843834600e+16,3.642879954947099219e+13,7.478837770668723750e+14,1.443329341780589750e+15,1.421773759619947400e+16
1.271780029296880002e+03,2.845929276167469760e+17,1.599796116333622800e+16,3.575794565389421094e+13,7.329503984414355000e+14,1.412409068435669000e+15,1.388490441445092800e+16
1.273099936523439965e+03,2.855769502510486720e+17,1.552230028772990800e+16,3.490790011853890625e+13,7.140663998507307500e+14,1.373381126090914000e+15,1.346574281391127200e+16
1.274079956054690001e+03,2.814232657950540800e+17,1.517843085253683200e+16,3.428984610544502344e+13,7.003636966275753750e+14,1.345113482951840000e+15,1.316282937987531000e+16
1.274079956054690001e+03,3.717089769184280000e+16,1.517843085253683200e+16,3.428984610544502344e+13,7.003636966275753750e+14,1.345113482951840000e+15,1.316282937987531000e+16
1.274329956054690001e+03,3.725139507683589600e+16,1.509137543173044400e+16,3.413312020804013281e+13,6.968909627447005000e+14,1.337953260933374000e+15,1.308615062273130400e+16
1.274779963566709966e+03,3.699564039348690400e+16,1.493752628538268800e+16,3.385505773432058984e+13,6.907380891663536250e+14,1.325282935105817250e+15,1.295067387997311800e+16
1.274815345177280051e+03,3.882203611018940000e+16,1.492548666081237000e+16,3.383327565420514453e+13,6.902562726370216250e+14,1.324291074026750000e+15,1.294007269878049000e+16
1.274839965820309999e+03,3.808817854153320000e+16,1.491710876919058400e+16,3.381811837870719531e+13,6.899209958482188750e+14,1.323600877702458000e+15,1.293269576218450000e+16
1.274839965820309999e+03,3.795583307860260000e+16,1.491710876919058400e+16,3.381811837870719531e+13,6.899209958482188750e+14,1.323600877702458000e+15,1.293269576218450000e+16
1.274839965820309999e+03,3.769928614530490400e+16,1.491710876919058400e+16,3.381811837870719531e+13,6.899209958482188750e+14,1.323600877702458000e+15,1.293269576218450000e+16
1.274839965820309999e+03,3.665020988877199200e+16,1.491710876919058400e+16,3.381811837870719531e+13,6.899209958482188750e+14,1.323600877702458000e+15,1.293269576218450000e+16
1.274973011846130021e+03,2.824238746120025600e+17,1.487183597986198400e+16,3.373621088080761328e+13,6.881092135870626250e+14,1.319871166911762250e+15,1.289283197407673800e+16
1.275032273512619895e+03,4.079507578931599200e+16,1.485167047002640800e+16,3.369972745491324609e+13,6.873022053697848750e+14,1.318209870562475750e+15,1.287507575399196000e+16
1.275089965820309999e+03,3.803339576543759200e+16,1.483203898027813000e+16,3.366421017777682422e+13,6.865165682262936250e+14,1.316592568420561500e+15,1.285778975153505600e+16
1.275089965820309999e+03,3.904925412133929600e+16,1.483203898027813000e+16,3.366421017777682422e+13,6.865165682262936250e+14,1.316592568420561500e+15,1.285778975153505600e+16
1.275089965820309999e+03,3.920553596544640000e+16,1.483203898027813000e+16,3.366421017777682422e+13,6.865165682262936250e+14,1.316592568420561500e+15,1.285778975153505600e+16
1.275089965820309999e+03,3.763141732828509600e+16,1.483203898027813000e+16,3.366421017777682422e+13,6.865165682262936250e+14,1.316592568420561500e+15,1.285778975153505600e+16
1.275349975585940001e+03,3.823689156012009600e+16,1.474356307676884800e+16,3.350413963676706250e+13,6.829758305139693750e+14,1.309303653005167500e+15,1.277988457444209600e+16
1.275599975585940001e+03,3.927888805989160000e+16,1.465988547441650200e+16,3.335221819435662891e+13,6.796194608133676250e+14,1.302402022873588500e+15,1.270622113090144800e+16
1.275599975585940001e+03,3.897457682358849600e+16,1.465988547441650200e+16,3.335221819435662891e+13,6.796194608133676250e+14,1.302402022873588500e+15,1.270622113090144800e+16
1.275599975585940001e+03,3.951699402846200000e+16,1.465988547441650200e+16,3.335221819435662891e+13,6.796194608133676250e+14,1.302402022873588500e+15,1.270622113090144800e+16
1.275859985351559999e+03,4.134213807375900000e+16,1.457342904028726200e+16,3.319502959324869141e+13,6.761484346636946250e+14,1.295267853441064500e+15,1.263011838912909000e+16
1.275869600736180018e+03,4.124475963038970400e+16,1.457023180704086600e+16,3.318921662367067969e+13,6.760200731332126250e+14,1.295004025723384250e+15,1.262730404432540800e+16
1.275984985351559999e+03,4.277877098778259200e+16,1.453186500810414400e+16,3.311946098877093359e+13,6.744797347682328750e+14,1.291838093112874500e+15,1.259353190669885800e+16
1.276109985351559999e+03,4.116529862880300000e+16,1.449030097592102400e+16,3.304389238429317969e+13,6.728110348727711250e+14,1.288408332784684250e+15,1.255694542426862600e+16
1.276109985351559999e+03,4.099086411723840000e+16,1.449030097592102400e+16,3.304389238429317969e+13,6.728110348727711250e+14,1.288408332784684250e+15,1.255694542426862600e+16
1.276208064152639963e+03,4.369194009563460000e+16,1.445768857236447000e+16,3.298459895928146094e+13,6.715017221918978750e+14,1.285717238536840250e+15,1.252823855760870400e+16
1.276369995117190001e+03,4.302580021480780000e+16,1.440384454178845800e+16,3.288670378317919531e+13,6.693400087229646250e+14,1.281274163351886000e+15,1.248084268249334000e+16
1.276369995117190001e+03,2.788111550102917120e+17,1.440384454178845800e+16,3.288670378317919531e+13,6.693400087229646250e+14,1.281274163351886000e+15,1.248084268249334000e+16
1.276369995117190001e+03,4.379606231597470400e+16,1.440384454178845800e+16,3.288670378317919531e+13,6.693400087229646250e+14,1.281274163351886000e+15,1.248084268249334000e+16
1.276456533578729932e+03,4.234415062511280000e+16,1.437534136426742600e+16,3.283477730215843359e+13,6.681941742328456250e+14,1.278920583680365000e+15,1.245575620823275800e+16
1.276619995117190001e+03,4.206274676696869600e+16,1.432222984043352200e+16,3.273773845908093750e+13,6.660550313624693750e+14,1.274530792178593000e+15,1.240902005384164400e+16
1.276619995117190001e+03,4.411390785152669600e+16,1.432222984043352200e+16,3.273773845908093750e+13,6.660550313624693750e+14,1.274530792178593000e+15,1.240902005384164400e+16
1.276619995117190001e+03,4.288691051637449600e+16,1.432222984043352200e+16,3.273773845908093750e+13,6.660550313624693750e+14,1.274530792178593000e+15,1.240902005384164400e+16
1.276880004882809999e+03,4.499816372210920000e+16,1.423774810244261600e+16,3.258338381955954297e+13,6.626524080812131250e+14,1.267548179202787500e+15,1.233467928436343600e+16
1.276880004882809999e+03,4.343142723268239200e+16,1.423774810244261600e+16,3.258338381955954297e+13,6.626524080812131250e+14,1.267548179202787500e+15,1.233467928436343600e+16
1.276880004882809999e+03,4.392453999435789600e+16,1.423774810244261600e+16,3.258338381955954297e+13,6.626524080812131250e+14,1.267548179202787500e+15,1.233467928436343600e+16
1.276880004882809999e+03,4.500135997193849600e+16,1.423774810244261600e+16,3.258338381955954297e+13,6.626524080812131250e+14,1.267548179202787500e+15,1.233467928436343600e+16
1.276880004882809999e+03,4.607669216388160000e+16,1.423774810244261600e+16,3.258338381955954297e+13,6.626524080812131250e+14,1.267548179202787500e+15,1.233467928436343600e+16
1.276880004882809999e+03,4.635686834075209600e+16,1.423774810244261600e+16,3.258338381955954297e+13,6.626524080812131250e+14,1.267548179202787500e+15,1.233467928436343600e+16
1.277130004882809999e+03,4.595242927593639200e+16,1.415651871304885800e+16,3.243497147132203516e+13,6.593807778088436250e+14,1.260834380435311000e+15,1.226320045999991400e+16
1.277130004882809999e+03,4.866791773397230400e+16,1.415651871304885800e+16,3.243497147132203516e+13,6.593807778088436250e+14,1.260834380435311000e+15,1.226320045999991400e+16
1.277130004882809999e+03,4.711625005936719200e+16,1.415651871304885800e+16,3.243497147132203516e+13,6.593807778088436250e+14,1.260834380435311000e+15,1.226320045999991400e+16
1.277130004882809999e+03,4.726027936547689600e+16,1.415651871304885800e+16,3.243497147132203516e+13,6.593807778088436250e+14,1.260834380435311000e+15,1.226320045999991400e+16
1.277510014648439892e+03,4.843470243735059200e+16,1.403370989634663400e+16,3.221033579360750781e+13,6.544308187150696250e+14,1.250680112261749750e+15,1.215514128704716600e+16
1.277640014648440001e+03,4.962332460697679200e+16,1.399243598839923400e+16,3.213455461076379688e+13,6.527631271857275000e+14,1.247263147038744500e+15,1.211883342857993400e+16
1.277640014648440001e+03,4.769615576735269600e+16,1.399243598839923400e+16,3.213455461076379688e+13,6.527631271857275000e+14,1.247263147038744500e+15,1.211883342857993400e+16
1.277640014648440001e+03,4.767279167142480000e+16,1.399243598839923400e+16,3.213455461076379688e+13,6.527631271857275000e+14,1.247263147038744500e+15,1.211883342857993400e+16
1.277640014648440001e+03,4.858924921809160000e+16,1.399243598839923400e+16,3.213455461076379688e+13,6.527631271857275000e+14,1.247263147038744500e+15,1.211883342857993400e+16
1.277640014648440001e+03,5.063575433097249600e+16,1.399243598839923400e+16,3.213455461076379688e+13,6.527631271857275000e+14,1.247263147038744500e+15,1.211883342857993400e+16
1.277640014648440001e+03,5.040918955712259200e+16,1.399243598839923400e+16,3.213455461076379688e+13,6.527631271857275000e+14,1.247263147038744500e+15,1.211883342857993400e+16
1.277895019531250000e+03,5.018885271764640000e+16,1.391147408025132200e+16,3.198590405960804297e+13,6.494918234703216250e+14,1.240560509990609750e+15,1.204761280401447000e+16
1.277900024414059999e+03,2.783286867824895040e+17,1.390988507200219000e+16,3.198298655238238281e+13,6.494276188498018750e+14,1.240428959909787000e+15,1.204621498419362000e+16
1.277900024414059999e+03,5.193704991655469600e+16,1.390988507200219000e+16,3.198298655238238281e+13,6.494276188498018750e+14,1.240428959909787000e+15,1.204621498419362000e+16
1.278068422851559944e+03,4.955698040876949600e+16,1.385641998271101400e+16,3.188482168482262891e+13,6.472673369438566250e+14,1.236002716797900500e+15,1.199918277931019200e+16
1.278150024414059999e+03,5.088435407400209600e+16,1.383051217210341000e+16,3.183725350845228906e+13,6.462205197549158750e+14,1.233857872942475000e+15,1.197639217944900400e+16
1.278150024414059999e+03,5.204285010661139200e+16,1.383051217210341000e+16,3.183725350845228906e+13,6.462205197549158750e+14,1.233857872942475000e+15,1.197639217944900400e+16
1.278410034179690001e+03,5.158701269463639200e+16,1.374796125570319000e+16,3.168568545006504688e+13,6.428850114188617500e+14,1.227023685813254500e+15,1.190377373505989600e+16
1.278410034179690001e+03,5.158920487782380000e+16,1.374796125570319000e+16,3.168568545006504688e+13,6.428850114188617500e+14,1.227023685813254500e+15,1.190377373505989600e+16
1.278561955378610037e+03,5.113742582692880000e+16,1.370075293511510000e+16,3.159861383451619922e+13,6.409718716174281250e+14,1.223109485780635500e+15,1.186225787214340800e+16
1.278660034179690001e+03,5.242503210311160000e+16,1.367032584980071400e+16,3.154247403094462500e+13,6.397385163982265000e+14,1.220586377496926000e+15,1.183550035389322200e+16
1.278660034179690001e+03,5.435896717897420000e+16,1.367032584980071400e+16,3.154247403094462500e+13,6.397385163982265000e+14,1.220586377496926000e+15,1.183550035389322200e+16
1.278920043945309999e+03,5.563800351778349600e+16,1.358966275814400800e+16,3.139364577236205078e+13,6.364688556974461250e+14,1.213897543760609000e+15,1.176456539167716400e+16
1.278920043945309999e+03,5.460677852161169600e+16,1.358966275814400800e+16,3.139364577236205078e+13,6.364688556974461250e+14,1.213897543760609000e+15,1.176456539167716400e+16
1.278920043945309999e+03,5.489073371432650400e+16,1.358966275814400800e+16,3.139364577236205078e+13,6.364688556974461250e+14,1.213897543760609000e+15,1.176456539167716400e+16
1.278920043945309999e+03,2.796267752537068480e+17,1.358966275814400800e+16,3.139364577236205078e+13,6.364688556974461250e+14,1.213897543760609000e+15,1.176456539167716400e+16
1.279125401088170065e+03,5.606936984858920000e+16,1.352595460473145600e+16,3.127610039522408203e+13,6.338864596938458750e+14,1.208614666089146500e+15,1.170854056839854200e+16
1.279170043945309999e+03,5.694677863607939200e+16,1.351210500616461400e+16,3.125054705237003906e+13,6.333250692583253750e+14,1.207466214421528750e+15,1.169636125899111600e+16
1.279430053710940001e+03,5.747082088912839200e+16,1.343150810344391200e+16,3.110181539025082422e+13,6.300577252206415000e+14,1.200782485112605000e+15,1.162548530398559000e+16
1.279430053710940001e+03,5.815803754439349600e+16,1.343150810344391200e+16,3.110181539025082422e+13,6.300577252206415000e+14,1.200782485112605000e+15,1.162548530398559000e+16
1.279680053710940001e+03,5.978925324960409600e+16,1.335572499273409000e+16,3.096130659061184766e+13,6.269760525760218750e+14,1.194488014410158500e+15,1.155886325793321000e+16
1.279680053710940001e+03,5.822913932097679200e+16,1.335572499273409000e+16,3.096130659061184766e+13,6.269760525760218750e+14,1.194488014410158500e+15,1.155886325793321000e+16
1.279680053710940001e+03,5.933998857536580000e+16,1.335572499273409000e+16,3.096130659061184766e+13,6.269760525760218750e+14,1.194488014410158500e+15,1.155886325793321000e+16
1.279879967322719949e+03,5.810104320685110400e+16,1.329512469123841000e+16,3.084894810412107812e+13,6.245117793411843750e+14,1.189454612920682000e+15,1.150558864253120400e+16
1.279939941406250000e+03,2.737938375343256960e+17,1.327694460079089800e+16,3.081524055817605469e+13,6.237724973707816250e+14,1.187944592473938000e+15,1.148960625791165000e+16
1.279939941406250000e+03,5.821456712077829600e+16,1.327694460079089800e+16,3.081524055817605469e+13,6.237724973707816250e+14,1.187944592473938000e+15,1.148960625791165000e+16
1.279939941406250000e+03,6.029997903368049600e+16,1.327694460079089800e+16,3.081524055817605469e+13,6.237724973707816250e+14,1.187944592473938000e+15,1.148960625791165000e+16
1.279939941406250000e+03,5.878721544081229600e+16,1.327694460079089800e+16,3.081524055817605469e+13,6.237724973707816250e+14,1.187944592473938000e+15,1.148960625791165000e+16
1.280199951171880002e+03,5.982740744571320000e+16,1.319812720537340400e+16,3.066910591792372266e+13,6.205674374424780000e+14,1.181398097065505750e+15,1.142031672759216600e+16
1.280199951171880002e+03,5.997008065727629600e+16,1.319812720537340400e+16,3.066910591792372266e+13,6.205674374424780000e+14,1.181398097065505750e+15,1.142031672759216600e+16
1.280439951171880011e+03,5.946514231412280000e+16,1.312550881409355400e+16,3.053441323160253125e+13,6.176137167645092500e+14,1.175365709122035250e+15,1.135647844995018200e+16
1.280449951171880002e+03,6.381450988120920000e+16,1.312254688768157000e+16,3.052889472337413281e+13,6.174928872358902500e+14,1.175119290857344750e+15,1.135387541819182600e+16
1.280709960937500000e+03,6.219904490599389600e+16,1.304553390846515800e+16,3.038540812027012109e+13,6.143512014942670000e+14,1.168712175332672000e+15,1.128619405045258800e+16
1.280709960937500000e+03,6.105843698277120000e+16,1.304553390846515800e+16,3.038540812027012109e+13,6.143512014942670000e+14,1.168712175332672000e+15,1.128619405045258800e+16
1.280709960937500000e+03,6.268594787601679200e+16,1.304553390846515800e+16,3.038540812027012109e+13,6.143512014942670000e+14,1.168712175332672000e+15,1.128619405045258800e+16
1.280796499399039931e+03,6.427671620186289600e+16,1.301990185297638400e+16,3.033765179906194141e+13,6.133055613427376250e+14,1.166579709580504250e+15,1.126366781408179000e+16
1.280834960937500000e+03,6.587092768893179200e+16,1.300850982831533400e+16,3.031642676741503516e+13,6.128408323865280000e+14,1.165631947024037500e+15,1.125365615347310000e+16
1.280892653245190104e+03,6.571363384363569600e+16,1.299142179132376200e+16,3.028458921994467188e+13,6.121437389522135000e+14,1.164210303189337500e+15,1.123863866256006200e+16
1.280959960937500000e+03,6.788566900043568800e+16,1.297148574816551200e+16,3.024744541455994531e+13,6.113304632787890000e+14,1.162551718715403000e+15,1.122111825649361000e+16
1.280959960937500000e+03,6.751578571341540000e+16,1.297148574816551200e+16,3.024744541455994531e+13,6.113304632787890000e+14,1.162551718715403000e+15,1.122111825649361000e+16
1.280959960937500000e+03,6.715715969744779200e+16,1.297148574816551200e+16,3.024744541455994531e+13,6.113304632787890000e+14,1.162551718715403000e+15,1.122111825649361000e+16
1.280959960937500000e+03,6.587902090045629600e+16,1.297148574816551200e+16,3.024744541455994531e+13,6.113304632787890000e+14,1.162551718715403000e+15,1.122111825649361000e+16
1.281219970703130002e+03,6.957033075162960000e+16,1.289447276894613600e+16,3.010395881145041406e+13,6.081887775370447500e+14,1.156144603190483500e+15,1.115343688875176800e+16
1.281219970703130002e+03,7.108710049622749600e+16,1.289447276894613600e+16,3.010395881145041406e+13,6.081887775370447500e+14,1.156144603190483500e+15,1.115343688875176800e+16
1.281219970703130002e+03,6.752750905700228800e+16,1.289447276894613600e+16,3.010395881145041406e+13,6.081887775370447500e+14,1.156144603190483500e+15,1.115343688875176800e+16
1.281469970703130002e+03,6.990373297592939200e+16,1.282075867467503400e+16,2.996648907865763281e+13,6.051798127872057500e+14,1.150009992963493000e+15,1.108865873993341400e+16
1.281469970703130002e+03,2.742813263151004480e+17,1.282075867467503400e+16,2.996648907865763281e+13,6.051798127872057500e+14,1.150009992963493000e+15,1.108865873993341400e+16
1.281501171874999955e+03,7.111022679848800800e+16,1.281172879435041600e+16,2.994958305302971484e+13,6.048102706222903750e+14,1.149257516375014750e+15,1.108072557530007800e+16
1.281724975585940001e+03,7.053819397710608800e+16,1.274695812694031200e+16,2.982831737465886328e+13,6.021595718536158750e+14,1.143860057151403750e+15,1.102382156887881000e+16
1.281729980468750000e+03,7.099854212417780000e+16,1.274550967195915400e+16,2.982560553173824609e+13,6.021002947458051250e+14,1.143739354725280250e+15,1.102254903464619200e+16
1.281970365084129980e+03,7.157946520667940000e+16,1.267594035200514600e+16,2.969535566531946094e+13,5.992532141441492500e+14,1.137942014931194250e+15,1.096142919154930600e+16
1.281979980468750000e+03,2.734923858576448000e+17,1.267315757920559000e+16,2.969014567066009766e+13,5.991393309200258750e+14,1.137710121339314500e+15,1.095898439782420600e+16
1.281979980468750000e+03,7.473227951583280000e+16,1.267315757920559000e+16,2.969014567066009766e+13,5.991393309200258750e+14,1.137710121339314500e+15,1.095898439782420600e+16
1.281979980468750000e+03,7.215850542290710400e+16,1.267315757920559000e+16,2.969014567066009766e+13,5.991393309200258750e+14,1.137710121339314500e+15,1.095898439782420600e+16
1.282083064152649968e+03,7.323425611957809600e+16,1.264332429816995400e+16,2.963429086465804297e+13,5.979184226838025000e+14,1.135224058985242500e+15,1.093277449010671000e+16
1.282156787109380048e+03,7.420666049855699200e+16,1.262198825735634600e+16,2.959434485875033594e+13,5.970452586517733750e+14,1.133446087337126000e+15,1.091402979822674600e+16
1.282393836388230056e+03,7.700150472141779200e+16,1.255338421171426200e+16,2.946590220922354688e+13,5.942376812933657500e+14,1.127729185632479750e+15,1.085375799295068800e+16
1.282489990234380002e+03,7.340760603349368000e+16,1.252601581766383600e+16,2.941448383652935938e+13,5.931150930637481250e+14,1.125445845698029750e+15,1.082971919041635400e+16
1.282750000000000000e+03,7.625249148709129600e+16,1.245249118599954000e+16,2.927615896463160547e+13,5.900965561528508750e+14,1.119308837219745375e+15,1.076514540484382000e+16
1.282750000000000000e+03,7.626386361534518400e+16,1.245249118599954000e+16,2.927615896463160547e+13,5.900965561528508750e+14,1.119308837219745375e+15,1.076514540484382000e+16
1.282750000000000000e+03,7.611545019844320000e+16,1.245249118599954000e+16,2.927615896463160547e+13,5.900965561528508750e+14,1.119308837219745375e+15,1.076514540484382000e+16
1.283000000000000000e+03,7.924749924510299200e+16,1.238179708005992800e+16,2.914315927559308203e+13,5.871942258271998750e+14,1.113408089161638250e+15,1.070305755843297800e+16
1.283000000000000000e+03,7.836323666203438400e+16,1.238179708005992800e+16,2.914315927559308203e+13,5.871942258271998750e+14,1.113408089161638250e+15,1.070305755843297800e+16
1.283000000000000000e+03,8.142493173998209600e+16,1.238179708005992800e+16,2.914315927559308203e+13,5.871942258271998750e+14,1.113408089161638250e+15,1.070305755843297800e+16
1.283000000000000000e+03,7.837668239889300800e+16,1.238179708005992800e+16,2.914315927559308203e+13,5.871942258271998750e+14,1.113408089161638250e+15,1.070305755843297800e+16
1.283204003906249909e+03,8.182832429259529600e+16,1.232410958501782600e+16,2.903462945121755469e+13,5.848258789325583750e+14,1.108592986547036500e+15,1.065239290563915200e+16
1.283260009765630002e+03,7.942109824001059200e+16,1.230827244839280600e+16,2.900483440369000391e+13,5.841756889161865000e+14,1.107271080683117750e+15,1.063848377285795800e+16
1.283260009765630002e+03,8.216635585527739200e+16,1.230827244839280600e+16,2.900483440369000391e+13,5.841756889161865000e+14,1.107271080683117750e+15,1.063848377285795800e+16
1.283510009765630002e+03,8.499126055864339200e+16,1.223815712441280000e+16,2.887269826088960547e+13,5.812938972009985000e+14,1.101415258351846875e+15,1.057691130267597400e+16
1.283510009765630002e+03,8.227670042191020800e+16,1.223815712441280000e+16,2.887269826088960547e+13,5.812938972009985000e+14,1.101415258351846875e+15,1.057691130267597400e+16
1.283550011268029948e+03,8.716067923024550400e+16,1.222710496232891600e+16,2.885180441796799219e+13,5.808387091055906250e+14,1.100491231897981875e+15,1.056720778528781000e+16
1.283770019531250000e+03,8.591824493356350400e+16,1.216631807086193400e+16,2.873688828188848828e+13,5.783351745806160000e+14,1.095409086401253750e+15,1.051383843964797200e+16
1.283770019531250000e+03,2.745036546581992960e+17,1.216631807086193400e+16,2.873688828188848828e+13,5.783351745806160000e+14,1.095409086401253750e+15,1.051383843964797200e+16
1.283770019531250000e+03,8.619253859092160000e+16,1.216631807086193400e+16,2.873688828188848828e+13,5.783351745806160000e+14,1.095409086401253750e+15,1.051383843964797200e+16
1.283844308035719905e+03,8.826483107438249600e+16,1.214579262698831000e+16,2.869808543074163281e+13,5.774898252604265000e+14,1.093693037272350000e+15,1.049581762163826200e+16
1.284030029296880002e+03,8.866715924067640000e+16,1.209447901730830400e+16,2.860107830288214844e+13,5.753764519601197500e+14,1.089402914450429500e+15,1.045076557661754600e+16
1.284030029296880002e+03,9.071467141071220800e+16,1.209447901730830400e+16,2.860107830288214844e+13,5.753764519601197500e+14,1.089402914450429500e+15,1.045076557661754600e+16
1.284030029296880002e+03,8.960280993089179200e+16,1.209447901730830400e+16,2.860107830288214844e+13,5.753764519601197500e+14,1.089402914450429500e+15,1.045076557661754600e+16
1.284485870361329944e+03,9.511347816499400000e+16,1.196894578875924200e+16,2.836359969946980078e+13,5.702040091333155000e+14,1.078905172319270625e+15,1.034055563343250000e+16
1.284540039062500000e+03,9.252250882706929600e+16,1.195432256647545400e+16,2.833582089314958984e+13,5.695998308765718750e+14,1.077680573331769500e+15,1.032772100761443800e+16
1.284540039062500000e+03,9.030594188048910400e+16,1.195432256647545400e+16,2.833582089314958984e+13,5.695998308765718750e+14,1.077680573331769500e+15,1.032772100761443800e+16
1.284540039062500000e+03,9.332197172978380800e+16,1.195432256647545400e+16,2.833582089314958984e+13,5.695998308765718750e+14,1.077680573331769500e+15,1.032772100761443800e+16
1.284540039062500000e+03,8.975788552542150400e+16,1.195432256647545400e+16,2.833582089314958984e+13,5.695998308765718750e+14,1.077680573331769500e+15,1.032772100761443800e+16
1.284790039062500000e+03,2.719446830270791680e+17,1.188683330622035400e+16,2.820761583321560938e+13,5.668114205783125000e+14,1.072028790286166000e+15,1.026848649792143000e+16
1.284790039062500000e+03,9.489348079923131200e+16,1.188683330622035400e+16,2.820761583321560938e+13,5.668114205783125000e+14,1.072028790286166000e+15,1.026848649792143000e+16
1.284790039062500000e+03,9.366333717377409600e+16,1.188683330622035400e+16,2.820761583321560938e+13,5.668114205783125000e+14,1.072028790286166000e+15,1.026848649792143000e+16
1.285050048828130002e+03,1.006388465053760960e+17,1.181664183925447000e+16,2.807427756287155078e+13,5.639113649457897500e+14,1.066150715145850125e+15,1.020688029399148000e+16
1.285050048828130002e+03,9.641695846678009600e+16,1.181664183925447000e+16,2.807427756287155078e+13,5.639113649457897500e+14,1.066150715145850125e+15,1.020688029399148000e+16
1.285050048828130002e+03,9.855950352060019200e+16,1.181664183925447000e+16,2.807427756287155078e+13,5.639113649457897500e+14,1.066150715145850125e+15,1.020688029399148000e+16
1.285050048828130002e+03,9.876657675462691200e+16,1.181664183925447000e+16,2.807427756287155078e+13,5.639113649457897500e+14,1.066150715145850125e+15,1.020688029399148000e+16
1.285050048828130002e+03,9.717483597233038400e+16,1.181664183925447000e+16,2.807427756287155078e+13,5.639113649457897500e+14,1.066150715145850125e+15,1.020688029399148000e+16
1.285300048828130002e+03,1.028454639025910880e+17,1.174915257899936800e+16,2.794607250293757031e+13,5.611229546475305000e+14,1.060498932100246625e+15,1.014764578429847000e+16
1.285300048828130002e+03,1.042227469873755840e+17,1.174915257899936800e+16,2.794607250293757031e+13,5.611229546475305000e+14,1.060498932100246625e+15,1.014764578429847000e+16
1.285300048828130002e+03,1.022197017367481920e+17,1.174915257899936800e+16,2.794607250293757031e+13,5.611229546475305000e+14,1.060498932100246625e+15,1.014764578429847000e+16
1.285559936523440001e+03,1.130224757778148000e+17,1.167985625320237400e+16,2.781409736397080078e+13,5.582550664633151875e+14,1.054690760007395250e+15,1.008683578277052400e+16
1.285684936523440001e+03,1.067810396914995840e+17,1.164688581808122200e+16,2.775116263669469922e+13,5.568885232685482500e+14,1.051925159407191500e+15,1.005790750085977400e+16
1.285800321138819982e+03,1.042185757821324000e+17,1.161645157027830600e+16,2.769306904228832422e+13,5.556270987811216875e+14,1.049372297314798375e+15,1.003120447140477200e+16
1.285809936523440001e+03,1.065389129118947040e+17,1.161391538296007000e+16,2.768822790941860156e+13,5.555219800737812500e+14,1.049159558806987750e+15,1.002897921894902600e+16
1.285809936523440001e+03,1.126849006480025920e+17,1.161391538296007000e+16,2.768822790941860156e+13,5.555219800737812500e+14,1.049159558806987750e+15,1.002897921894902600e+16
1.285809936523440001e+03,1.069220824369730080e+17,1.161391538296007000e+16,2.768822790941860156e+13,5.555219800737812500e+14,1.049159558806987750e+15,1.002897921894902600e+16
1.285809936523440001e+03,2.703580461997834240e+17,1.161391538296007000e+16,2.768822790941860156e+13,5.555219800737812500e+14,1.049159558806987750e+15,1.002897921894902600e+16
1.285879939152649968e+03,1.087465854108314080e+17,1.159545124580265400e+16,2.765298313839508594e+13,5.547566871412798125e+14,1.047610764300116375e+15,1.001277877261079000e+16
1.286069946289059999e+03,1.133236115916678880e+17,1.154533430209415200e+16,2.755731875991125781e+13,5.526794634675335000e+14,1.043406893496127750e+15,9.968806132553802000e+15
1.286069946289059999e+03,1.095750251155043840e+17,1.154533430209415200e+16,2.755731875991125781e+13,5.526794634675335000e+14,1.043406893496127750e+15,9.968806132553802000e+15
1.286069946289059999e+03,1.100772941065976960e+17,1.154533430209415200e+16,2.755731875991125781e+13,5.526794634675335000e+14,1.043406893496127750e+15,9.968806132553802000e+15
1.286329956054690001e+03,1.159818811100699040e+17,1.147675322122559400e+16,2.742640961039888281e+13,5.498369468611764375e+14,1.037654228185046375e+15,9.908633046156262000e+15
1.286579956054690001e+03,1.157462379888132960e+17,1.141177622722013200e+16,2.730200200189375000e+13,5.471384175984361875e+14,1.032198212685273250e+15,9.851633999357026000e+15
1.286579956054690001e+03,1.175429854666217920e+17,1.141177622722013200e+16,2.730200200189375000e+13,5.471384175984361875e+14,1.032198212685273250e+15,9.851633999357026000e+15
1.286709960937500000e+03,1.189627110000986880e+17,1.137827266965438000e+16,2.723774099095000000e+13,5.457453743977155625e+14,1.029383267432080625e+15,9.822247599164358000e+15
1.286839965820309999e+03,1.213967030810156000e+17,1.134476911208862600e+16,2.717347998000625000e+13,5.443523311969950000e+14,1.026568322178888000e+15,9.792861198971690000e+15
1.286839965820309999e+03,1.206875913278489920e+17,1.134476911208862600e+16,2.717347998000625000e+13,5.443523311969950000e+14,1.026568322178888000e+15,9.792861198971690000e+15
1.286839965820309999e+03,2.658339968248097920e+17,1.134476911208862600e+16,2.717347998000625000e+13,5.443523311969950000e+14,1.026568322178888000e+15,9.792861198971690000e+15
1.287089965820309999e+03,1.240696315422012800e+17,1.128034161359474600e+16,2.704990575426415625e+13,5.416735025818487500e+14,1.021155169241189125e+15,9.736351013435782000e+15
1.287089965820309999e+03,1.224359203978757920e+17,1.128034161359474600e+16,2.704990575426415625e+13,5.416735025818487500e+14,1.021155169241189125e+15,9.736351013435782000e+15
1.287089965820309999e+03,1.229895429954276960e+17,1.128034161359474600e+16,2.704990575426415625e+13,5.416735025818487500e+14,1.021155169241189125e+15,9.736351013435782000e+15
1.287349975585940001e+03,1.271086171575040960e+17,1.121333449846066200e+16,2.692138373237171094e+13,5.388874161803003125e+14,1.015525278734587375e+15,9.677578213048186000e+15
1.287349975585940001e+03,1.347153562044711840e+17,1.121333449846066200e+16,2.692138373237171094e+13,5.388874161803003125e+14,1.015525278734587375e+15,9.677578213048186000e+15
1.287349975585940001e+03,1.278722360961315040e+17,1.121333449846066200e+16,2.692138373237171094e+13,5.388874161803003125e+14,1.015525278734587375e+15,9.677578213048186000e+15
1.287599975585940001e+03,1.335414557048239040e+17,1.114996748035012600e+16,2.679942660938961328e+13,5.362467382053179375e+14,1.010194983323100750e+15,9.622011207856306000e+15
1.287599975585940001e+03,1.349229593044949920e+17,1.114996748035012600e+16,2.679942660938961328e+13,5.362467382053179375e+14,1.010194983323100750e+15,9.622011207856306000e+15
1.287599975585940001e+03,1.307803372115829760e+17,1.114996748035012600e+16,2.679942660938961328e+13,5.362467382053179375e+14,1.010194983323100750e+15,9.622011207856306000e+15
1.287629976712740017e+03,1.288158333706108000e+17,1.114241338688330200e+16,2.678486780612615625e+13,5.359316521190030625e+14,1.009559248759910125e+15,9.615387594664032000e+15
1.287859985351559999e+03,1.353769815800816800e+17,1.108449867029931000e+16,2.667325031443000000e+13,5.335159921237140625e+14,1.004685283775028000e+15,9.564606560185546000e+15
1.287859985351559999e+03,1.350754237534292960e+17,1.108449867029931000e+16,2.667325031443000000e+13,5.335159921237140625e+14,1.004685283775028000e+15,9.564606560185546000e+15
1.288119995117190001e+03,2.672488586082522880e+17,1.101902986024597600e+16,2.654707401946552734e+13,5.307852460420051250e+14,9.991755842267432500e+14,9.507201912512576000e+15
1.288119995117190001e+03,1.377291135948377920e+17,1.101902986024597600e+16,2.654707401946552734e+13,5.307852460420051250e+14,9.991755842267432500e+14,9.507201912512576000e+15
1.288369995117190001e+03,1.395915959149826880e+17,1.095608144569825200e+16,2.642575521567103906e+13,5.281596272742904375e+14,9.938779951776023750e+14,9.452007209023384000e+15
1.288369995117190001e+03,1.425221279950147040e+17,1.095608144569825200e+16,2.642575521567103906e+13,5.281596272742904375e+14,9.938779951776023750e+14,9.452007209023384000e+15
1.288369995117190001e+03,1.437560338053165920e+17,1.095608144569825200e+16,2.642575521567103906e+13,5.281596272742904375e+14,9.938779951776023750e+14,9.452007209023384000e+15
1.288369995117190001e+03,1.402882239945324960e+17,1.095608144569825200e+16,2.642575521567103906e+13,5.281596272742904375e+14,9.938779951776023750e+14,9.452007209023384000e+15
1.288402496337889943e+03,1.456164257969249920e+17,1.094789784444254400e+16,2.640998317880232812e+13,5.278182840141168125e+14,9.931892827341475000e+14,9.444831628065102000e+15
1.288735774113579964e+03,1.466236723060555840e+17,1.086580223214184800e+16,2.625104452044105078e+13,5.243837985172281875e+14,9.862695694189321250e+14,9.372870595439158000e+15
1.288880004882809999e+03,1.510230907394163840e+17,1.083031979505460800e+16,2.618233146968895312e+13,5.228991222638180000e+14,9.832785341841153750e+14,9.341768985251648000e+15
1.288880004882809999e+03,1.475548368455963840e+17,1.083031979505460800e+16,2.618233146968895312e+13,5.228991222638180000e+14,9.832785341841153750e+14,9.341768985251648000e+15
1.289140014648440001e+03,1.486020584649657920e+17,1.076635438600710800e+16,2.605846009108400781e+13,5.202226453459841875e+14,9.778864921493436250e+14,9.285701043447408000e+15
1.289140014648440001e+03,1.548498850649736000e+17,1.076635438600710800e+16,2.605846009108400781e+13,5.202226453459841875e+14,9.778864921493436250e+14,9.285701043447408000e+15
1.289166912210399914e+03,1.508595293047513920e+17,1.075973727472677800e+16,2.604564581053953125e+13,5.199457684234683125e+14,9.773286946975082500e+14,9.279900911537016000e+15
1.289400024414059999e+03,1.555545070858891840e+17,1.070238897696207200e+16,2.593458871248383203e+13,5.175461684282533750e+14,9.724944501147795000e+14,9.229633101645326000e+15
1.289400024414059999e+03,1.585674076766274880e+17,1.070238897696207200e+16,2.593458871248383203e+13,5.175461684282533750e+14,9.724944501147795000e+14,9.229633101645326000e+15
1.289400024414059999e+03,2.668207465559494720e+17,1.070238897696207200e+16,2.593458871248383203e+13,5.175461684282533750e+14,9.724944501147795000e+14,9.229633101645326000e+15
1.289440024414059963e+03,1.597678135461760000e+17,1.069265754403132600e+16,2.591570035290196875e+13,5.171383673404947500e+14,9.716734832272338750e+14,9.221104499996990000e+15
1.289650024414059999e+03,1.614725150910016000e+17,1.064218175735911600e+16,2.581748325763267188e+13,5.150196596802574375e+14,9.674115573386327500e+14,9.176875308571026000e+15
1.289910034179690001e+03,1.634444742607634880e+17,1.057968557896564400e+16,2.569587657229064453e+13,5.123963992889397500e+14,9.621346889985021250e+14,9.122113300491658000e+15
1.289910034179690001e+03,1.660237267132648000e+17,1.057968557896564400e+16,2.569587657229064453e+13,5.123963992889397500e+14,9.621346889985021250e+14,9.122113300491658000e+15
1.289910034179690001e+03,1.696233650195726720e+17,1.057968557896564400e+16,2.569587657229064453e+13,5.123963992889397500e+14,9.621346889985021250e+14,9.122113300491658000e+15
1.290047344501200087e+03,1.715529928539976960e+17,1.054668154803024200e+16,2.563165647262773047e+13,5.110110639079253750e+14,9.593479917889026250e+14,9.093193660040090000e+15
1.290073495718150070e+03,1.682169735210193920e+17,1.054039581827793000e+16,2.561942553659637891e+13,5.107472220808946875e+14,9.588172558434857500e+14,9.087685816323412000e+15
1.290420043945309999e+03,1.735338649927539840e+17,1.045709917834576800e+16,2.545734477353748438e+13,5.072508678736313750e+14,9.517840993626215000e+14,9.014697493097780000e+15
1.290420043945309999e+03,2.664861322425000000e+17,1.045709917834576800e+16,2.545734477353748438e+13,5.072508678736313750e+14,9.517840993626215000e+14,9.014697493097780000e+15
1.290680053710940001e+03,1.805149955204017920e+17,1.039603500961310200e+16,2.533795727669148828e+13,5.046796521024471250e+14,9.466196725240778750e+14,8.961207945994893000e+15
1.290680053710940001e+03,1.843327825799836480e+17,1.039603500961310200e+16,2.533795727669148828e+13,5.046796521024471250e+14,9.466196725240778750e+14,8.961207945994893000e+15
1.290680053710940001e+03,1.782115982194294720e+17,1.039603500961310200e+16,2.533795727669148828e+13,5.046796521024471250e+14,9.466196725240778750e+14,8.961207945994893000e+15
1.290824284480170036e+03,1.755604446376936000e+17,1.036216402772203800e+16,2.527173474700757422e+13,5.032534418784079375e+14,9.437550632487443750e+14,8.931538470429502000e+15
1.290930053710940001e+03,1.884609601756587840e+17,1.033732530766829200e+16,2.522317155857211719e+13,5.022075543807666250e+14,9.416543497801411250e+14,8.909780855014621000e+15
1.291189941406250000e+03,1.842786356334096640e+17,1.027629359114520000e+16,2.510384597562593750e+13,4.996376832628920625e+14,9.364926446425730000e+14,8.856319782409178000e+15
1.291189941406250000e+03,1.889719932214175040e+17,1.027629359114520000e+16,2.510384597562593750e+13,4.996376832628920625e+14,9.364926446425730000e+14,8.856319782409178000e+15
1.291289941406249909e+03,1.941734047629178880e+17,1.025280971036729800e+16,2.505793168837823047e+13,4.986488441742208125e+14,9.345065155450001250e+14,8.835748946017088000e+15
1.291439941406250000e+03,1.961465205115989120e+17,1.021768756082737000e+16,2.498922177954791406e+13,4.971693661627216875e+14,9.315354757302777500e+14,8.804984784726149000e+15
1.291699951171880002e+03,1.981831595989747840e+17,1.015803024240317400e+16,2.487202614635570703e+13,4.946494539180973125e+14,9.264816979640558750e+14,8.752744968066482000e+15
1.291699951171880002e+03,2.647353416368174720e+17,1.015803024240317400e+16,2.487202614635570703e+13,4.946494539180973125e+14,9.264816979640558750e+14,8.752744968066482000e+15
1.291959960937500000e+03,2.012362499098912640e+17,1.009837292398127400e+16,2.475483051316801172e+13,4.921295416735698125e+14,9.214279201980283750e+14,8.700505151408825000e+15
1.292209960937500000e+03,2.028168521330424000e+17,1.004101227227685800e+16,2.464214663674875781e+13,4.897066401351231250e+14,9.165687010125715000e+14,8.650276445062844000e+15
1.292469970703130002e+03,2.056391899028979520e+17,9.981614605455096000e+15,2.452535770561670312e+13,4.871962287455111250e+14,9.115353788662442500e+14,8.598267210680604000e+15
1.292469970703130002e+03,2.095251949980295360e+17,9.981614605455096000e+15,2.452535770561670312e+13,4.871962287455111250e+14,9.115353788662442500e+14,8.598267210680604000e+15
1.292719970703130002e+03,2.161523329209496640e+17,9.925572216065732000e+15,2.441473867298937891e+13,4.848215634551991875e+14,9.067800137397852500e+14,8.549209180440610000e+15
1.292844775390630048e+03,2.132268630645803840e+17,9.897594804487752000e+15,2.435951557779493750e+13,4.836360860173008750e+14,9.044060463055598750e+14,8.524718491906729000e+15
1.292979980468750000e+03,2.169178159161008960e+17,9.867285941946080000e+15,2.429969055800321484e+13,4.823518187929593750e+14,9.018342482519127500e+14,8.498186912662692000e+15
1.292979980468750000e+03,2.608067068234917120e+17,9.867285941946080000e+15,2.429969055800321484e+13,4.823518187929593750e+14,9.018342482519127500e+14,8.498186912662692000e+15
1.292979980468750000e+03,2.211060991339230080e+17,9.867285941946080000e+15,2.429969055800321484e+13,4.823518187929593750e+14,9.018342482519127500e+14,8.498186912662692000e+15
1.293239990234380002e+03,2.402654950456624960e+17,9.808999667824186000e+15,2.418464244301262500e+13,4.798820741306245625e+14,8.968884827638500000e+14,8.447164644882810000e+15
1.293279221754809896e+03,2.311811723181693760e+17,9.800205155247110000e+15,2.416728343165880859e+13,4.795094272112204375e+14,8.961422419474088750e+14,8.439466160420367000e+15
1.293489990234380002e+03,2.246878851467299840e+17,9.753314145668656000e+15,2.407458536423412891e+13,4.775205111224262500e+14,8.921612788877970000e+14,8.398423433378842000e+15
1.293750000000000000e+03,2.334581287710249920e+17,9.696367575599374000e+15,2.396164686250472266e+13,4.750999533250832500e+14,8.873212326637163750e+14,8.348590524846171000e+15
1.293750000000000000e+03,2.278832465313708800e+17,9.696367575599374000e+15,2.396164686250472266e+13,4.750999533250832500e+14,8.873212326637163750e+14,8.348590524846171000e+15
1.293849999999999909e+03,2.414822144305187840e+17,9.674465871279370000e+15,2.391821060869325391e+13,4.741690045233838750e+14,8.854597463412565000e+14,8.329424741432691000e+15
1.294000000000000000e+03,2.597375066888031040e+17,9.641613314799312000e+15,2.385305622797595312e+13,4.727725813208326250e+14,8.826675168575625000e+14,8.300676066312428000e+15
1.294260009765630002e+03,2.432460761890195840e+17,9.584666744727840000e+15,2.374011772624219531e+13,4.703520235233965000e+14,8.778274706332956250e+14,8.250843157777840000e+15
1.294520019531250000e+03,2.479550458465271680e+17,9.528220062299218000e+15,2.362797056690070703e+13,4.679498808939843750e+14,8.730269373425400000e+14,8.201453901381556000e+15
1.294520019531250000e+03,2.564560411929634240e+17,9.528220062299218000e+15,2.362797056690070703e+13,4.679498808939843750e+14,8.730269373425400000e+14,8.201453901381556000e+15
1.294520019531250000e+03,2.497280964585832000e+17,9.528220062299218000e+15,2.362797056690070703e+13,4.679498808939843750e+14,8.730269373425400000e+14,8.201453901381556000e+15
1.294520019531250000e+03,2.533997271551000000e+17,9.528220062299218000e+15,2.362797056690070703e+13,4.679498808939843750e+14,8.730269373425400000e+14,8.201453901381556000e+15
1.294770019531250000e+03,2.598642032543823040e+17,9.474724455907378000e+15,2.352137243329404688e+13,4.656688759738723750e+14,8.684727101487581250e+14,8.154656503306522000e+15
