T_K,J_exp,J_calc,J_sink,J_trap1,J_trap2,J_trap3,J_trap4,J_trap5
3.001900024414060226e+02,0.000000000000000000e+00,8.722172778274009228e+08,1.702911898992757568e+11,2.820367960351765760e+17,1.631921793069938250e+15,1.512588912061669922e+13,1.329909222404640198e+09,0.000000000000000000e+00
3.005328456333700160e+02,0.000000000000000000e+00,1.384143758914533854e+09,3.025761576840317993e+11,1.730965166687844400e+16,1.131405920625676250e+14,1.168052198519161865e+12,1.185904684970003366e+08,0.000000000000000000e+00
3.011600036621089771e+02,0.000000000000000000e+00,1.584922511117342949e+09,4.668514560449922485e+11,3.746434279160739000e+15,3.590709382053779688e+13,4.734801402079907837e+11,6.014102779716312885e+07,0.000000000000000000e+00
3.011600036621089771e+02,0.000000000000000000e+00,1.584922511117342949e+09,4.668514560449922485e+11,3.746434279160739000e+15,3.590709382053779688e+13,4.734801402079907837e+11,6.014102779716312885e+07,0.000000000000000000e+00
3.013999938964839771e+02,0.000000000000000000e+00,1.657071804592039824e+09,5.161963333132116089e+11,3.641751150589858500e+15,3.552813201199201562e+13,4.736636173871092529e+11,6.064471213918910176e+07,0.000000000000000000e+00
3.018800048828130116e+02,0.000000000000000000e+00,1.809546688717048645e+09,6.027065994436746826e+11,3.638521864956145500e+15,3.593330266447971094e+13,4.841614105463162231e+11,6.330527174278040975e+07,0.000000000000000000e+00
3.023599853515630116e+02,0.000000000000000000e+00,1.975128120362659216e+09,6.797422334151837158e+11,3.668238554384437500e+15,3.652519950782713281e+13,4.963397918639086914e+11,6.514926919875823706e+07,0.000000000000000000e+00
3.028399963378910229e+02,0.000000000000000000e+00,2.154902687737277031e+09,7.533073572834031982e+11,3.700014264338837500e+15,3.713464551519152344e+13,5.088378361318878784e+11,6.787211765827651322e+07,0.000000000000000000e+00
3.030799865722660229e+02,0.000000000000000000e+00,2.248299126566101074e+09,7.896923685494355469e+11,3.716042243622571500e+15,3.744176915425775000e+13,5.151528333290036621e+11,6.931543841279835999e+07,0.000000000000000000e+00
3.035700073242189774e+02,0.000000000000000000e+00,2.457638605702668190e+09,8.654516134995299072e+11,3.749037475794847500e+15,3.807887108928428906e+13,5.283688243559116821e+11,7.187032310236477852e+07,0.000000000000000000e+00
3.042899780273439774e+02,0.000000000000000000e+00,2.797014787890754700e+09,9.826777749773807373e+11,3.797871847264448000e+15,3.903038122200081250e+13,5.482959627200832520e+11,7.587808445304006338e+07,0.000000000000000000e+00
3.045299987792969887e+02,0.000000000000000000e+00,2.916451579421242714e+09,1.023165408758380127e+12,3.814216012950496500e+15,3.935045327449427344e+13,5.550345116579519043e+11,7.725256739607059956e+07,0.000000000000000000e+00
3.045761507474459791e+02,6.964555248915969531e+13,2.942178063967674255e+09,1.031644320051030884e+12,3.817384714658696500e+15,3.941318337318809375e+13,5.563700297944736328e+11,7.752482600659856200e+07,0.000000000000000000e+00
3.052500000000000000e+02,1.235325191265830000e+14,3.317801749754836082e+09,1.155442031528467041e+12,3.863649854874256500e+15,4.032908429383801562e+13,5.758694776871901855e+11,8.149998174889332056e+07,0.000000000000000000e+00
3.054995898437500159e+02,0.000000000000000000e+00,3.468177747523439884e+09,1.204388190166314209e+12,3.881157707984083500e+15,4.067808975503753125e+13,5.833561101504447021e+11,8.308219271016113460e+07,0.000000000000000000e+00
3.062200012207030113e+02,0.000000000000000000e+00,3.940457330686464787e+09,1.356178069932177979e+12,3.932955084571103000e+15,4.171863738883939844e+13,6.058634195320058594e+11,8.802246870816843212e+07,0.000000000000000000e+00
3.064599914550780113e+02,0.000000000000000000e+00,4.106861302716563225e+09,1.409288505891229004e+12,3.950563625108652000e+15,4.207431147427329688e+13,6.136012379937514648e+11,8.969830178506416082e+07,0.000000000000000000e+00
3.066999816894530113e+02,5.067326194710450000e+14,4.293224171411200523e+09,1.467996476744779297e+12,3.968949317308420500e+15,4.244986372818228906e+13,6.218669049423594971e+11,9.144030360906416178e+07,0.000000000000000000e+00
3.076230773925780113e+02,0.000000000000000000e+00,5.043923988709252357e+09,1.703323927958228516e+12,4.039941969713314500e+15,4.390718365654686719e+13,6.540980066049533691e+11,9.841930561960946023e+07,0.000000000000000000e+00
3.078999938964839771e+02,0.000000000000000000e+00,5.298361561219133377e+09,1.782130213043583496e+12,4.061475427633478000e+15,4.435540781303124219e+13,6.641450563416151123e+11,1.007533561956070662e+08,0.000000000000000000e+00
3.083800048828130116e+02,0.000000000000000000e+00,5.739407249782015800e+09,1.918734142745056641e+12,4.098801828297709500e+15,4.513236590839858594e+13,6.815607545241600342e+11,1.047992324916147292e+08,0.000000000000000000e+00
3.086199951171880116e+02,2.956352665237560000e+14,5.999195644232322693e+09,1.997957183165491211e+12,4.117694754574755000e+15,4.553248761756389844e+13,6.906893478462430420e+11,1.068901785494491458e+08,0.000000000000000000e+00
3.091099853515630116e+02,0.000000000000000000e+00,6.531307742309624672e+09,2.160180367746624023e+12,4.156278605698536500e+15,4.634992462624028125e+13,7.093455106912990723e+11,1.111622305814491510e+08,0.000000000000000000e+00
3.091099853515630116e+02,5.458016273479909375e+13,6.531307742309624672e+09,2.160180367746624023e+12,4.156278605698536500e+15,4.634992462624028125e+13,7.093455106912990723e+11,1.111622305814491510e+08,0.000000000000000000e+00
3.098299865722660229e+02,1.434828518217799805e+13,7.400479350801249504e+09,2.422497690571219238e+12,4.213406359713906500e+15,4.757346158762715625e+13,7.375849846955751953e+11,1.178313339501596093e+08,0.000000000000000000e+00
3.098875878906250136e+02,1.992124811615990000e+14,7.474329400039978027e+09,2.444667265728210449e+12,4.217998029196130000e+15,4.767245302311650781e+13,7.398850146721230469e+11,1.183842372415159047e+08,0.000000000000000000e+00
3.107899780273439774e+02,0.000000000000000000e+00,8.724374576154258728e+09,2.817133618084916504e+12,4.290322728927442000e+15,4.924404391043846875e+13,7.766991625742064209e+11,1.272599678017847538e+08,0.000000000000000000e+00
3.108571838378910002e+02,0.000000000000000000e+00,8.825987816812406540e+09,2.847174034589023926e+12,4.295744897358910500e+15,4.936298915379567188e+13,7.795123968604750977e+11,1.279405533073862642e+08,0.000000000000000000e+00
3.112319218562200263e+02,0.000000000000000000e+00,9.392580855870868683e+09,3.014678690196907227e+12,4.325978780954930000e+15,5.002622503210050781e+13,7.951989250483012695e+11,1.317354820731678903e+08,0.000000000000000000e+00
3.116142828805109843e+02,2.858819038703469922e+13,1.003242107546098900e+10,3.202005058925491699e+12,4.357047995011521500e+15,5.071495774859941406e+13,8.116650711500351562e+11,1.357738090572294891e+08,0.000000000000000000e+00
3.122399902343750000e+02,4.317202608129219375e+14,1.114689835308126450e+10,3.526482291560930176e+12,4.408131270654969500e+15,5.185513531277532812e+13,8.391138398999802246e+11,1.425638056983681917e+08,0.000000000000000000e+00
3.124799804687500000e+02,3.129628716426950000e+14,1.160426411216471100e+10,3.658763211410322754e+12,4.427815132219039500e+15,5.229752583179193750e+13,8.498401443348990479e+11,1.452645074927881360e+08,0.000000000000000000e+00
3.127476924015920190e+02,9.747599233159048828e+12,1.216538389687718582e+10,3.819651924371198730e+12,4.449927410358275000e+15,5.279965886386208594e+13,8.621431389366864014e+11,1.484413037678587735e+08,0.000000000000000000e+00
3.131999816894530113e+02,1.532804846531819688e+14,1.311337476578657913e+10,4.091467381521134766e+12,4.487285276428746000e+15,5.364799382254512500e+13,8.829285877133898926e+11,1.538083821407867968e+08,0.000000000000000000e+00
3.139299926757810226e+02,2.568332104184719688e+14,1.484395875605202103e+10,4.581821989392001953e+12,4.548101211650688000e+15,5.504694303751781250e+13,9.176601405684790039e+11,1.628660736613709331e+08,0.000000000000000000e+00
3.144100036621089771e+02,1.178081346855030000e+15,1.603737908226255035e+10,4.918496765796248047e+12,4.588229656050429000e+15,5.597482888363151562e+13,9.408180131608237305e+11,1.689385319182886779e+08,6.476280209061319511e+02
3.148899841308589771e+02,3.942209578234469375e+14,1.742608049504121017e+10,5.304655487318151367e+12,4.628787012500043000e+15,5.692795250801071094e+13,9.650007359540397949e+11,1.755288155662886798e+08,1.307274802090613593e+04
3.151300048828130116e+02,0.000000000000000000e+00,1.812051949628393555e+10,5.497759400389188477e+12,4.649068269397132000e+15,5.740457492063602344e+13,9.770936349093656006e+11,1.788243764063011408e+08,1.928609802092968312e+04
3.154992206280049913e+02,1.724083440919750000e+12,1.924594726145191193e+10,5.809065017855327148e+12,4.680374134963960000e+15,5.814422511040967188e+13,9.959635158196323242e+11,1.839896374357129633e+08,2.292955736369420629e+04
3.156099853515630116e+02,2.393728139874589844e+13,1.962187533522275162e+10,5.912005838388893555e+12,4.689838146421493000e+15,5.837045810508413281e+13,1.001803796285766479e+12,1.856033737901792824e+08,2.006222197907033114e+04
3.162438424917369844e+02,0.000000000000000000e+00,2.177314413360221481e+10,6.501090269014407227e+12,4.743996465463419000e+15,5.966508869152918750e+13,1.035225118121491943e+12,1.948380676329440475e+08,3.653739671385941620e+03
3.166353759765630116e+02,0.000000000000000000e+00,2.324801698965441513e+10,6.900788550245278320e+12,4.777685634100876000e+15,6.047926180513238281e+13,1.056478938702940918e+12,2.007549393092657626e+08,0.000000000000000000e+00
3.170599975585939774e+02,0.000000000000000000e+00,2.493680522127299500e+10,7.356163359527601562e+12,4.814365858199195000e+15,6.137109190455264062e+13,1.079901488468173218e+12,2.073018102452614009e+08,0.000000000000000000e+00
3.175399780273439774e+02,0.000000000000000000e+00,2.695095649029058075e+10,7.896288861047165039e+12,4.855973437412565000e+15,6.238833060008173438e+13,1.106769457370993652e+12,2.149525753697669506e+08,0.000000000000000000e+00
3.182408081054690001e+02,0.000000000000000000e+00,3.021391772871446609e+10,8.762648687984337891e+12,4.917170341020747000e+15,6.390160214096829688e+13,1.147199404811763184e+12,2.268901377057673335e+08,0.000000000000000000e+00
3.186392352764419797e+02,1.208602902799309961e+13,3.226953965092901230e+10,9.302791176225703125e+12,4.952198653642977000e+15,6.477719051409289844e+13,1.170851442945479492e+12,2.338610188004967570e+08,5.265346109034048823e+03
3.189803906249999841e+02,4.530995123870179375e+14,3.412708163301009750e+10,9.788408651729275391e+12,4.982307107231660000e+15,6.553433800213047656e+13,1.191427641874324219e+12,2.399193543879484534e+08,1.233046049673282141e+04
3.192299804687500000e+02,0.000000000000000000e+00,3.548606256362237549e+10,1.014368723770344922e+13,5.004334504012972000e+15,6.608826841545619531e+13,1.206481224640435791e+12,2.443516431943487525e+08,1.749931041673315121e+04
3.197099914550780113e+02,1.261553176845679883e+13,3.839746818062112427e+10,1.089647034195041797e+13,5.046999943437953000e+15,6.717349788160079688e+13,1.236316739231058594e+12,2.533907131292264462e+08,1.397871358326921472e+04
3.199499816894530113e+02,1.121297370722438000e+15,3.992409251838462067e+10,1.128941305302566406e+13,5.068403406652222000e+15,6.772082589370502344e+13,1.251444452052305908e+12,2.580327379612263143e+08,9.008665583269212220e+03
3.204299926757810226e+02,2.909026068634560000e+14,4.302538569697679901e+10,1.208633004378233594e+13,5.111254774416447000e+15,6.881836137025025781e+13,1.281828960772615234e+12,2.673793600639363229e+08,0.000000000000000000e+00
3.209199829101560226e+02,0.000000000000000000e+00,4.666325692179385376e+10,1.300816176369001172e+13,5.155408621974366000e+15,6.996643688508725781e+13,1.314099737400584473e+12,2.775318257599366307e+08,0.000000000000000000e+00
3.213999938964839771e+02,0.000000000000000000e+00,5.024553405492839050e+10,1.391539195209610938e+13,5.198677084279730000e+15,7.109208512730492188e+13,1.345757242051893799e+12,2.874941522672281265e+08,7.770160418122637225e+01
3.218800048828130116e+02,2.969837688073421875e+14,5.440087225961196136e+10,1.495190750433199805e+13,5.242375031067868000e+15,7.224731297370754688e+13,1.378776841331700439e+12,2.979716795792480111e+08,2.562883604185935837e+03
3.226000061035160229e+02,6.238500062381510000e+14,6.094060601937725830e+10,1.657468559148628906e+13,5.308118444047800000e+15,7.399405192462729688e+13,1.428958213442755615e+12,3.140906280479606390e+08,4.064110395814655021e+03
3.228961580716650133e+02,1.955411999520390000e+14,6.392696436255097961e+10,1.730789350656459766e+13,5.335351275928633000e+15,7.472598332836340625e+13,1.450229709809861084e+12,3.211099867051902413e+08,2.530829780430287883e+03
3.233299865722660229e+02,3.618068259918710000e+14,6.830163514516954803e+10,1.838195859691439062e+13,5.375244235937724000e+15,7.579817847672009375e+13,1.481390000359875732e+12,3.313925381279606223e+08,2.847503958146535297e+02
3.238099975585939774e+02,2.487012255140110000e+14,7.384373298367941284e+10,1.972322447303896875e+13,5.419773664193355000e+15,7.701256529933214062e+13,1.517205093781623291e+12,3.435046454797542095e+08,0.000000000000000000e+00
3.240499877929689774e+02,7.080882522078985000e+14,7.666000701532405090e+10,2.040370488609537109e+13,5.442062178021581000e+15,7.762153510956890625e+13,1.535198049214967285e+12,3.496078644237542152e+08,0.000000000000000000e+00
3.245299987792969887e+02,4.104550697165750000e+14,8.256965432826473999e+10,2.182395941049468359e+13,5.486774535980489000e+15,7.884929971393064062e+13,1.571659348620529541e+12,3.619802503606717587e+08,0.000000000000000000e+00
3.250199890136719887e+02,4.213836340177710000e+14,8.925475892127938843e+10,2.341336005462958203e+13,5.532728893039624000e+15,8.012557528893281250e+13,1.609994308181617676e+12,3.749993542966717482e+08,0.000000000000000000e+00
3.253971470424110066e+02,0.000000000000000000e+00,9.442725518653164673e+10,2.464239129631843359e+13,5.568112209537229000e+15,8.110878961725973438e+13,1.639542795342656494e+12,3.850502102092803121e+08,6.296246132765712389e+01
3.260169067382810226e+02,8.037971192641299805e+12,1.042486425578749390e+11,2.693959028600048438e+13,5.626801378369396000e+15,8.276549318097410938e+13,1.690124321537804932e+12,4.030318162458366752e+08,3.271671604182110514e+03
3.264700012207030113e+02,1.115996904480590000e+14,1.116450219249113159e+11,2.866357477175541016e+13,5.669785024271512000e+15,8.398260118752157812e+13,1.727401043009179199e+12,4.163204349175951481e+08,5.177344000000001870e+03
3.269499816894530113e+02,2.411736284258879688e+14,1.204716604987694092e+11,3.069416777938850000e+13,5.715672944547085000e+15,8.529909935479921875e+13,1.768254340564379150e+12,4.310516571895951629e+08,5.177344000000001870e+03
3.274299926757810226e+02,0.000000000000000000e+00,1.294307567547972565e+11,3.275154715236747656e+13,5.761604457249204000e+15,8.661887323843687500e+13,1.809273271965903564e+12,4.458798185145146847e+08,4.944328395817892670e+03
3.279100036621089771e+02,1.030938057664129883e+13,1.396646724107896118e+11,3.506657700301884375e+13,5.807929104527417000e+15,8.796949888739376562e+13,1.851867999151248535e+12,4.616358723945090771e+08,2.459146395818774636e+03
3.281499938964839771e+02,1.431360791784990000e+14,1.447813049188163757e+11,3.622401833721229688e+13,5.831089955579360000e+15,8.864476877762204688e+13,1.873164008725008545e+12,4.695133984745091200e+08,1.216634395818774010e+03
3.285199890136719887e+02,8.042099924413980000e+14,1.531252877276960754e+11,3.809870276068678906e+13,5.866918807735155000e+15,8.969558283371043750e+13,1.906502562019041504e+12,4.819615993547416925e+08,0.000000000000000000e+00
3.293599853515630116e+02,7.279367734990668750e+14,1.738690689082099915e+11,4.271141382218474219e+13,5.948741074133619000e+15,9.211974317808418750e+13,1.984191543778678223e+12,5.114213866547556520e+08,0.000000000000000000e+00
3.297634676419780249e+02,1.289901539640440000e+14,1.853027883866312256e+11,4.521215713904619531e+13,5.988382950120804000e+15,9.331195732428950000e+13,2.022977060524530273e+12,5.263676157765296698e+08,0.000000000000000000e+00
3.303299865722660229e+02,2.052119991233859863e+12,2.014928824522294922e+11,4.874982560499230469e+13,6.044074560327108000e+15,9.498849211959076562e+13,2.077570990560079590e+12,5.474270108780509233e+08,0.000000000000000000e+00
3.308099975585939774e+02,0.000000000000000000e+00,2.171079330296236877e+11,5.210737873604561719e+13,6.091641838081378000e+15,9.644077586443110938e+13,2.125534488022190918e+12,5.664676524307209253e+08,6.601294812553393058e+03
3.310499877929689774e+02,4.941850131081210156e+13,2.250377091344247742e+11,5.380934608815529688e+13,6.115448539299052000e+15,9.716892624283645312e+13,2.149625095945774902e+12,5.760648151187208891e+08,1.032883081255339312e+04
3.310499877929689774e+02,3.719351095360500000e+12,2.250377091344247742e+11,5.380934608815529688e+13,6.115448539299052000e+15,9.716892624283645312e+13,2.149625095945774902e+12,5.760648151187208891e+08,1.032883081255339312e+04
3.320199890136719887e+02,1.460698651369101250e+15,2.603442086084123230e+11,6.129246757234413281e+13,6.212236664330080000e+15,1.001602555363818906e+14,2.249631777139874023e+12,6.162226287540569305e+08,8.956772791632254666e+03
3.325000000000000000e+02,0.000000000000000000e+00,2.793424532374599609e+11,6.527582821117464062e+13,6.260382447748508000e+15,1.016620240689383594e+14,2.300302572484033691e+12,6.368164364078123569e+08,5.177344000000001870e+03
3.329899902343750000e+02,0.000000000000000000e+00,3.009277541686154785e+11,6.973915405300594531e+13,6.309859603009231000e+15,1.032238158131264219e+14,2.353625859167425781e+12,6.590189301038123369e+08,5.177344000000001870e+03
3.335346139761119844e+02,1.043043465315599976e+12,3.259291500281742554e+11,7.487848859452446875e+13,6.364985610464137000e+15,1.049715082028677500e+14,2.413558675909477051e+12,6.840796735276733637e+08,4.402667934277189488e+03
3.339499816894530113e+02,1.448168014830130078e+13,3.470291026468953857e+11,7.915718123375829688e+13,6.407294657063798000e+15,1.063281003487361406e+14,2.460604492701859375e+12,7.039632107522734404e+08,2.252166395817303055e+03
3.346799926757810226e+02,5.643819818076469727e+12,3.863921337832449951e+11,8.706934708603742188e+13,6.481912646304710000e+15,1.087358967396819062e+14,2.544640390886605957e+12,7.398922486133613586e+08,1.527351604182109895e+03
3.349199829101560226e+02,7.835914430977000000e+13,4.004378121767312012e+11,8.986065260798606250e+13,6.506569070095817000e+15,1.095388867494625156e+14,2.572922786993870117e+12,7.521806922933613062e+08,2.769863604182110066e+03
3.353999938964839771e+02,2.221781625388490234e+13,4.286637042556480713e+11,9.546583600796210938e+13,6.555898208759762000e+15,1.111461882851887656e+14,2.629562270128728516e+12,7.768063848486948013e+08,5.643553625087360160e+03
3.363699951171880116e+02,3.820598226958525625e+14,4.940139174067657471e+11,1.081837970156271719e+14,6.656405719756473000e+15,1.144705553843330312e+14,2.748470079726040039e+12,8.295276557887442112e+08,3.577573362511562300e+04
3.365242745535720132e+02,2.856383639925500000e+14,5.058169470174509888e+11,1.104355425426045938e+14,6.672513134523285000e+15,1.150108017666818125e+14,2.768064049769087891e+12,8.384077199617913961e+08,3.119339077069581253e+04
3.366653747558600003e+02,1.311892595867479883e+13,5.167504002376571045e+11,1.125174689628814844e+14,6.687256553335675000e+15,1.155060301717278594e+14,2.786051305097470215e+12,8.465779035732223988e+08,2.607972077069434090e+04
3.373399963378910229e+02,0.000000000000000000e+00,5.690249072112423096e+11,1.224714766293818906e+14,6.757747086747244000e+15,1.178737926884461562e+14,2.872051115510657227e+12,8.856407972052091360e+08,1.630484770702576498e+03
3.381523014948920149e+02,0.000000000000000000e+00,6.408377459018474121e+11,1.358535729513928125e+14,6.843291375521716000e+15,1.207891930966508750e+14,2.979479883915662109e+12,9.354727904699273109e+08,7.945313669906983705e+03
3.385499877929689774e+02,5.495031431078959375e+14,6.784279757890917969e+11,1.427674211016673750e+14,6.885334025775663000e+15,1.222324282769661719e+14,3.033046621390619141e+12,9.605340140958073139e+08,2.744012008368928218e+04
3.390299987792969887e+02,0.000000000000000000e+00,7.275063857620461426e+11,1.516608973837880312e+14,6.936323185396979000e+15,1.239983788042355781e+14,3.099167234512411133e+12,9.917777221998000145e+08,7.714376008367752365e+04
3.397500000000000000e+02,2.004844348686639844e+13,8.066182072845322266e+11,1.658223689853515312e+14,7.013120271268226000e+15,1.266788766272457656e+14,3.200311160823734375e+12,1.040210828159264684e+09,7.988510312470086501e+04
3.402399902343750000e+02,7.310171563885791250e+14,8.640943853254841309e+11,1.760035618542021562e+14,7.065592284408507000e+15,1.285239978486754688e+14,3.270444332967350586e+12,1.074209665055264711e+09,3.422183912470085488e+04
3.404799804687500000e+02,2.478713493728409766e+13,8.938757561653033447e+11,1.812208423483415625e+14,7.091373980063542000e+15,1.294360736754815312e+14,3.305322409617960449e+12,1.091258217480236053e+09,2.021755639581671494e+04
3.411699914550779908e+02,4.265550883803755625e+14,9.866569117168515625e+11,1.972337062058592188e+14,7.165858880512819000e+15,1.320951358670870781e+14,3.407919032842853516e+12,1.142015221082142591e+09,1.664513215581735858e+04
3.414271984863279954e+02,4.558475696201250000e+14,1.022066983204557739e+12,2.033145719191442812e+14,7.193659857921818000e+15,1.330900963639145781e+14,3.446404655824448242e+12,1.161126743085165739e+09,1.509493375163470409e+04
3.419299926757810226e+02,6.061469963431900000e+14,1.099502887498063477e+12,2.163161271055195625e+14,7.248365700218189000e+15,1.350726436731168750e+14,3.524045864128912598e+12,1.200392483917477846e+09,9.888656791635739864e+03
3.426600036621089771e+02,2.705234560816711250e+14,1.218050964321416748e+12,2.359879140720465000e+14,7.328028150509508000e+15,1.379760922921428750e+14,3.638399738212610840e+12,1.258706990658894300e+09,6.601205604181198396e+03
3.430696059006909877e+02,1.704272701451061875e+14,1.290246594860364990e+12,2.477632892477370312e+14,7.372943761206171000e+15,1.396283706763508906e+14,3.704071961063545410e+12,1.292637417735840321e+09,8.721857296490330555e+03
3.431399841308589771e+02,4.548608562529557500e+14,1.302651313938031494e+12,2.497865449489220000e+14,7.380661202396650000e+15,1.399122666551129844e+14,3.715355822283266602e+12,1.298467374658894062e+09,9.086229604181187824e+03
3.441099853515630116e+02,6.115250983350220000e+14,1.491963031594816162e+12,2.799473434902464375e+14,7.487644438489525000e+15,1.438919654934357188e+14,3.875297461525083008e+12,1.382460819115029335e+09,1.786183120837179376e+04
3.441561373197120020e+02,1.117917050521313000e+15,1.501265252365351318e+12,2.814189500719632500e+14,7.492744531601828000e+15,1.440823915750505938e+14,3.882978433676016602e+12,1.386515709238101959e+09,1.833972043914052483e+04
3.450799865722660229e+02,6.478725762298770000e+14,1.707451422628842285e+12,3.132361287378826875e+14,7.595424435680179000e+15,1.479593213804799062e+14,4.041100229943263672e+12,1.471412463092955112e+09,4.589717922929723863e+04
3.453200073242189774e+02,5.095784818917870000e+14,1.762728767480588623e+12,3.217042213407316250e+14,7.622151547762070000e+15,1.489721338556222188e+14,4.082554716948594238e+12,1.493787979112939119e+09,5.459586922929101274e+04
3.460499877929689774e+02,0.000000000000000000e+00,1.952549487891026123e+12,3.498913330812018125e+14,7.703998518734530000e+15,1.521156288496858125e+14,4.212939287312059570e+12,1.565261421215494633e+09,4.662195318744699762e+04
3.465299987792969887e+02,3.280620337548868750e+14,2.084133535566523926e+12,3.691521771646401875e+14,7.757976416633504000e+15,1.542007394881061875e+14,4.299920558607662109e+12,1.613397334335793734e+09,3.766484397908193932e+04
3.467799987792969887e+02,6.226286670437090000e+14,2.159125912398254395e+12,3.798689746249165000e+14,7.786236024673124000e+15,1.553035435841963125e+14,4.346386796465454102e+12,1.639571396927793503e+09,3.119316397908196450e+04
3.477500000000000000e+02,7.934481893733990000e+14,2.465419324753266113e+12,4.229838054201405625e+14,7.896189547471147000e+15,1.596181752869220625e+14,4.529186501821103516e+12,1.743303941339799881e+09,1.742183560418291745e+04
3.482299804687500000e+02,8.236948530156625000e+14,2.629547530913015137e+12,4.455758540048721875e+14,7.950848305040660000e+15,1.617824782625450938e+14,4.621699233735599609e+12,1.796418844315799713e+09,1.990685960418290779e+04
3.487200012207030113e+02,1.083217758222999875e+15,2.813039952275617676e+12,4.701404955939619375e+14,8.006930584442350000e+15,1.640253522982201875e+14,4.718520368884144531e+12,1.852757418897680998e+09,3.458529283345908334e+04
3.492000122070310226e+02,3.927095310678882500e+14,3.000004527257155762e+12,4.948831996455996875e+14,8.061994237165780000e+15,1.662375022679420312e+14,4.814439328140185547e+12,1.908902650641667604e+09,5.446674883345428680e+04
3.496900024414060226e+02,5.968816226609260000e+14,3.207274315990475098e+12,5.215905163778615000e+14,8.118457083513730000e+15,1.685264077371823750e+14,4.914577667079450195e+12,1.968312265860020638e+09,4.949472316654527094e+04
3.499299926757810226e+02,1.156571106932845000e+14,3.313668744075348633e+12,5.351021311573971875e+14,8.146187356327657000e+15,1.696566192039751562e+14,4.964284956045209961e+12,1.998033152900020599e+09,3.955462716654530959e+04
3.504100036621089771e+02,2.366809714077870312e+14,3.527994334303232910e+12,5.622529663032593750e+14,8.201672252952840000e+15,1.719197464926763750e+14,5.063893767480465820e+12,2.057658746929810762e+09,2.148652962508550263e+04
3.506888024902340248e+02,8.836120379784218750e+14,3.668568346800884766e+12,5.793524249951603750e+14,8.234118833815870000e+15,1.732612591891233438e+14,5.123733279513100586e+12,2.094192148536216974e+09,3.014715426508694873e+04
3.516300048828130116e+02,9.931535212095550000e+13,4.159996251594642578e+12,6.383796171100772500e+14,8.343859476983088000e+15,1.778155442504078750e+14,5.327641416958252930e+12,2.219367901511206627e+09,7.460729687534122786e+04
3.520427880859380139e+02,9.832183885592210000e+14,4.396533247956618652e+12,6.658881371077020000e+14,8.392242149609643000e+15,1.798446266631091875e+14,5.419430543282670898e+12,2.276561524078886986e+09,1.130754683953412750e+05
3.523499755859380116e+02,1.479467175898808125e+14,4.572560780132970703e+12,6.863595938501200000e+14,8.428247859471265000e+15,1.813546414818636562e+14,5.487738730314795898e+12,2.319124219943206310e+09,1.417029448753409670e+05
3.528399963378910229e+02,9.850754909426790000e+14,4.888722738367153320e+12,7.215568692606060000e+14,8.486061223050270000e+15,1.838113386271515938e+14,5.600324090067052734e+12,2.390656845728052139e+09,9.313922870792847243e+04
3.533200073242189774e+02,1.028692692237712000e+15,5.201091964526153320e+12,7.562267221800517500e+14,8.542722081299980000e+15,1.862214659686423750e+14,5.710882580515573242e+12,2.461002407420026779e+09,3.846522470794811670e+04
3.535700073242189774e+02,8.984820514812468750e+14,5.380011006241793945e+12,7.753681970575315000e+14,8.572385705662290000e+15,1.874964914025250938e+14,5.769979169538061523e+12,2.499097835873594761e+09,3.968534043765735260e+04
3.542999877929689774e+02,6.731581993949208750e+14,5.919084340559664062e+12,8.323720986872628750e+14,8.659158514155703000e+15,1.912397491795059062e+14,5.944090535612940430e+12,2.611828585953594208e+09,7.369958043765721959e+04
3.550199890136719887e+02,5.775651283687750000e+14,6.513611729565464844e+12,8.924958249105755000e+14,8.745271626468125000e+15,1.950007036081185938e+14,6.121172172845571289e+12,2.728791320170522690e+09,6.450964158326540201e+04
3.555100097656250000e+02,5.140777447845649375e+14,6.937900353086654297e+12,9.345729690807728750e+14,8.804030461272702000e+15,1.975803757569781250e+14,6.243262145936043945e+12,2.810045110482573986e+09,5.953995041673171363e+04
3.556946176382210183e+02,1.136719561775676750e+15,7.113076595221903320e+12,9.513077840900078750e+14,8.826281044382928000e+15,1.985673572369508125e+14,6.290449654973792969e+12,2.841893560377934933e+09,6.336306426288274088e+04
3.561476862980770193e+02,1.080045762510480000e+15,7.542997942273599609e+12,9.923787314041782500e+14,8.880888909849344000e+15,2.009896286717800625e+14,6.406258266930774414e+12,2.920056719454897881e+09,7.274583349365672620e+04
3.567200012207030113e+02,4.796021570490010000e+14,8.128141592737737305e+12,1.046505863345863250e+15,8.950147724802466000e+15,2.040868274640424688e+14,6.555533956239411133e+12,3.022039143545579433e+09,7.766015999999966880e+04
3.574500122070310226e+02,6.453638465007452500e+14,8.921714263649902344e+12,1.118031849024249375e+15,9.038795777457238000e+15,2.080785780329206875e+14,6.749235717009609375e+12,3.155693814231079102e+09,8.338344127108549583e+04
3.579400024414060226e+02,1.116975401013230500e+15,9.517444938512080078e+12,1.169163731069987000e+15,9.098668836113686000e+15,2.108084178759548750e+14,6.883342147867592773e+12,3.249785506551078796e+09,1.265098572710853186e+05
3.581799926757810226e+02,1.270310125341268750e+15,9.809225333823251953e+12,1.194207398260300750e+15,9.127993807045072000e+15,2.121454545305152500e+14,6.949025566668489258e+12,3.295870276631078720e+09,1.476325612710852292e+05
3.586699829101560226e+02,1.146599990861568000e+15,1.045025122700610156e+13,1.247418861999356250e+15,9.188104938394588000e+15,2.149080315002088438e+14,7.085818472929074219e+12,3.392969094208400249e+09,1.538707871665471757e+05
3.592099938964839794e+02,5.898176850192038750e+14,1.119262235083955469e+13,1.307710933977864500e+15,9.254541249324966000e+15,2.179785777453410312e+14,7.238705506573759766e+12,3.502364042466285706e+09,1.315042060465542600e+05
3.598800048828130116e+02,1.114052969954689000e+15,1.220212684840296094e+13,1.386283588799588250e+15,9.337386468687876000e+15,2.218460011947462188e+14,7.433194704106351562e+12,3.643640355928006172e+09,1.088789543748874567e+05
3.606099853515630116e+02,1.250612312715043500e+15,1.338117565879244922e+13,1.475124229986117250e+15,9.427996538838870000e+15,2.261083987985378438e+14,7.649180371203702148e+12,3.802262797976421356e+09,1.188199832920771150e+05
3.610999755859380116e+02,9.037871694596570000e+14,1.424059263067787695e+13,1.537446226054327500e+15,9.489103371774258000e+15,2.290095553356514062e+14,7.797534430452340820e+12,3.912600464888421059e+09,1.746306392920768994e+05
3.613399963378910229e+02,1.220485045968228000e+15,1.466157634292723438e+13,1.567974533171682000e+15,9.519036433622574000e+15,2.304306811555559375e+14,7.870205374397906250e+12,3.966649153868394852e+09,2.019693792920638225e+05
3.618299865722660229e+02,1.101639954456970000e+15,1.562117735534405664e+13,1.633977762392052750e+15,9.580521276246934000e+15,2.333852198787875000e+14,8.023114987050186523e+12,4.082433291452687263e+09,1.656231711246736813e+05
3.625599975585939774e+02,4.943133651736824375e+14,1.711011678589918164e+13,1.734377285016005250e+15,9.672331197282512000e+15,2.378163776028400000e+14,8.253454389078957031e+12,4.257959864597229481e+09,1.184320460209188750e+05
3.627135913085940047e+02,2.834646359767370000e+14,1.745287276608338867e+13,1.756508944905329750e+15,9.691747958514970000e+15,2.387629038556865000e+14,8.303146070901193359e+12,4.296362033879796028e+09,1.224080844209195639e+05
3.632899780273439774e+02,2.917792763226851500e+15,1.873912298622756641e+13,1.839561769802800500e+15,9.764612663592658000e+15,2.423149049044844688e+14,8.489622574239916016e+12,4.440472717717228889e+09,1.373288460209188052e+05
3.640199890136719887e+02,6.901599896976860000e+14,2.054789898335576172e+13,1.950469010734029250e+15,9.857447365491938000e+15,2.468920635216727500e+14,8.732664992857966797e+12,4.631501586388826370e+09,1.923903616669317707e+05
3.644100097656249773e+02,2.181890798178784000e+15,2.153656448987839844e+13,2.010415434681712500e+15,9.907111699181462000e+15,2.493468961626952500e+14,8.863341159509396484e+12,4.734590893390449524e+09,2.209415483456255170e+05
3.647500000000000000e+02,1.414953609799226000e+15,2.249925733876096094e+13,2.065663282128153750e+15,9.950683777335632000e+15,2.515267253575040000e+14,8.980788404302029297e+12,4.828890813531255722e+09,1.980583451456240728e+05
3.654799804687500000e+02,1.585642539577072750e+15,2.459992096114350000e+13,2.185216489970362000e+15,1.004432006739789000e+16,2.562190474438013438e+14,9.234038927478675781e+12,5.032730864146924019e+09,1.558121396041820408e+05
3.657392319899340123e+02,2.492988339187526000e+15,2.542597473329470703e+13,2.229889596830606500e+15,1.007777496683482000e+16,2.579142234948731875e+14,9.326553597564726562e+12,5.108381874197112083e+09,1.571543739118749509e+05
3.664500122070310226e+02,1.872717004557949250e+15,2.771653982993361328e+13,2.353035048402286000e+15,1.016955562383308600e+16,2.625702284597001562e+14,9.580959796886617188e+12,5.316779195217525482e+09,1.692509177087188291e+05
3.667000122070310226e+02,2.378258820776724000e+15,2.861232263207688672e+13,2.398677789792948000e+15,1.020204199314041400e+16,2.642372215679220938e+14,9.673103317859417969e+12,5.393528142673524857e+09,2.029036537087186880e+05
3.671799926757810226e+02,2.661354421706329000e+15,3.033215562916055078e+13,2.486308287423848500e+15,1.026441328421288200e+16,2.674377181018716562e+14,9.850011679414615234e+12,5.540880125777523994e+09,2.675142777087184368e+05
3.677622985839839771e+02,2.069826115326447000e+15,3.258600199268091406e+13,2.596663354613303000e+15,1.034042748112608400e+16,2.713700435815843750e+14,1.006917739731302734e+13,5.725814670259473801e+09,2.892481751874568872e+05
3.683999938964839771e+02,9.403164431389560000e+14,3.516125269482954688e+13,2.720088967893749500e+15,1.042389222629626000e+16,2.757078829227702188e+14,1.031207883954846680e+13,5.932253693346141815e+09,2.784110519372893032e+05
3.688899841308589771e+02,1.209641727102058000e+15,3.737709705745121094e+13,2.820283568718074000e+15,1.048847248501333400e+16,2.791047777893831562e+14,1.050463607485700781e+13,6.098620185186141014e+09,2.403583319372894475e+05
3.693800048828130116e+02,2.208086521608641750e+15,3.959307942732428125e+13,2.920484409864011500e+15,1.055305676591903600e+16,2.825018842214524375e+14,1.069720530301813281e+13,6.264997038666448593e+09,2.023032419372189324e+05
3.696199951171880116e+02,2.356640390569743000e+15,4.080836689527068750e+13,2.972308107353774000e+15,1.058491226708511200e+16,2.841974803787105625e+14,1.079450230966985352e+13,6.350581334172553062e+09,2.286843352920766629e+05
3.701099853515630116e+02,2.032519449625467500e+15,4.329525586544391406e+13,3.078236014777954500e+15,1.064996166932921400e+16,2.876607724825966250e+14,1.099328367110422070e+13,6.525497003772552490e+09,2.844949912920764182e+05
3.707799911499030259e+02,1.760486515257243000e+15,4.693955962785982812e+13,3.227910088907877500e+15,1.073929712580103200e+16,2.924508429644243125e+14,1.127024859782536719e+13,6.772044707235098839e+09,3.015024372706951108e+05
3.711699865722659979e+02,3.533591692732451500e+15,4.915961131286955469e+13,3.316989225400684000e+15,1.079145445835211800e+16,2.952610864849404375e+14,1.143355233303976758e+13,6.918541424169822693e+09,2.873684540507064085e+05
3.720599975585939774e+02,3.120662236484816500e+15,5.469043445502043750e+13,3.528900725713608500e+15,1.091116441532166600e+16,3.017689253496595625e+14,1.181527527747484961e+13,7.265548502197113991e+09,3.459771604794921586e+05
3.725499877929689774e+02,2.561904314795649000e+15,5.794332569923811719e+13,3.649281534157808000e+15,1.097736122499447400e+16,3.053918784684718750e+14,1.202928836862271094e+13,7.462125178423717499e+09,3.796546552083660499e+05
3.732799987792969887e+02,2.607448207024448000e+15,6.316081176479282812e+13,3.835092314310379000e+15,1.107648831965306200e+16,3.108585422133556875e+14,1.235480074723526562e+13,7.764705830467651367e+09,3.872136912083643838e+05
3.735199890136719887e+02,2.853178315516906000e+15,6.499129016175258594e+13,3.898059013486816000e+15,1.110922150501380600e+16,3.126752899226817500e+14,1.246372175597133398e+13,7.866963503258713722e+09,3.917955880209133029e+05
3.740100097656250000e+02,3.876168898505190000e+15,6.891180644350132031e+13,4.029614468912538000e+15,1.117628798060495800e+16,3.164158951649919375e+14,1.268915217337651367e+13,8.080178561510663986e+09,4.044806180209103040e+05
3.745000000000000000e+02,2.265652974478179000e+15,7.294132236368470312e+13,4.162835378128246000e+15,1.124347861537094000e+16,3.201732648684994375e+14,1.291623946683949023e+13,8.295889641610687256e+09,4.189512608334574616e+05
3.747399902343750000e+02,2.648504430076690000e+15,7.508936560389560938e+13,4.230757610267481000e+15,1.127659256148154000e+16,3.220407129927265625e+14,1.303013175483462500e+13,8.405548780682686806e+09,4.288913568334574229e+05
3.754700012207030113e+02,9.561402647869878750e+14,8.171315936810298438e+13,4.438657081499144500e+15,1.137741842010809800e+16,3.277339890881448750e+14,1.337784244271764844e+13,8.741047075920200348e+09,4.560464256041799090e+05
3.759599914550780113e+02,2.671138022275421000e+15,8.661639435412189062e+13,4.584776217707011000e+15,1.144559608476243800e+16,3.316205757273439375e+14,1.361769131431521484e+13,8.976080969424198151e+09,4.585832736041799071e+05
3.764500122070310226e+02,3.930846929174718000e+15,9.159626661645468750e+13,4.731934794833024000e+15,1.151385670941682400e+16,3.355173929243271250e+14,1.385855253724354492e+13,9.212655934093502045e+09,4.641502520418103086e+05
3.764500122070310226e+02,2.379281461413073500e+15,9.159626661645468750e+13,4.731934794833024000e+15,1.151385670941682400e+16,3.355173929243271250e+14,1.385855253724354492e+13,9.212655934093502045e+09,4.641502520418103086e+05
3.776699829101560226e+02,3.369795687816862500e+15,1.056079071503826094e+14,5.119779902874495000e+15,1.168544217332309800e+16,3.454262368176018750e+14,1.447893034204829297e+13,9.833595605112068176e+09,5.199346940209039603e+05
3.780584564208979828e+02,3.600491402703322000e+15,1.104577631981536719e+14,5.248200496997164000e+15,1.174045692310616200e+16,3.486281705645091250e+14,1.468116981177742188e+13,1.003875629467794800e+10,5.299909990208980162e+05
3.783999938964839771e+02,3.437585617473530000e+15,1.147433686177611719e+14,5.361363611620097000e+15,1.178884463928349600e+16,3.514456444940412500e+14,1.485921756953273633e+13,1.021952073430504608e+10,5.386768808125387877e+05
3.787146066518930070e+02,1.545000989253861250e+15,1.191263774099927344e+14,5.470786788310426000e+15,1.183381745329967600e+16,3.540891726664083750e+14,1.502810345265397266e+13,1.039388351717910004e+10,5.435634561971599469e+05
3.793153839111329830e+02,2.910232180963958000e+15,1.274960698784310938e+14,5.679738761995917000e+15,1.191969650136885600e+16,3.591371930750330000e+14,1.535060403866481641e+13,1.072684266459935951e+10,5.528947478125474881e+05
3.796300048828130116e+02,2.636925797820028000e+15,1.322724722392882969e+14,5.793562402758199000e+15,1.196501310268808200e+16,3.618209031094524375e+14,1.552357682296787500e+13,1.090775063249272537e+10,5.996435217506593326e+05
3.798699951171880116e+02,3.290458164543966000e+15,1.360010893057171875e+14,5.881339012753408000e+15,1.199965446438439400e+16,3.638767064060163750e+14,1.565640362210976367e+13,1.104716296391672516e+10,6.443739537506591296e+05
3.810807647705079830e+02,2.917899580808720000e+15,1.560502393189737188e+14,6.337184816572444000e+15,1.217544956289569200e+16,3.743649611262450625e+14,1.633844892217960938e+13,1.177006958351931381e+10,6.647121733121521538e+05
3.813399963378910229e+02,3.535159654274390000e+15,1.605390446737579062e+14,6.436844659429201000e+15,1.221325083695513600e+16,3.766290189471588125e+14,1.648636764921081836e+13,1.192794713731147957e+10,6.365274223121290561e+05
3.815799865722660229e+02,3.105207130416721000e+15,1.650790365816145000e+14,6.532901790329761000e+15,1.224855081280223200e+16,3.787584935420836875e+14,1.662674511269580664e+13,1.207984277429846001e+10,6.609139505213525845e+05
3.823099975585939774e+02,3.445085419443687000e+15,1.791586951290355000e+14,6.827754810725302000e+15,1.235614124251038400e+16,3.852594923465453125e+14,1.705616309308001367e+13,1.254591025695035362e+10,7.705199725213275524e+05
3.825599975585939774e+02,2.575167680347898000e+15,1.843623357293323125e+14,6.932273795266454000e+15,1.239327665306098200e+16,3.875166295627958125e+14,1.720639737096526758e+13,1.271095114350583076e+10,7.944642824585739290e+05
3.832899780273439774e+02,3.242003394124799000e+15,2.000343767154368125e+14,7.241894325672093000e+15,1.250207188388608200e+16,3.941458298863993750e+14,1.764904269607375000e+13,1.319965262638583374e+10,8.473753224585741991e+05
3.837799987792969887e+02,2.351590257881250000e+15,2.115084043938225312e+14,7.458053801895899000e+15,1.257579988299691800e+16,3.986672537914941250e+14,1.795356059936440625e+13,1.354030572267552567e+10,8.767580536460170988e+05
3.842699890136719887e+02,3.009763657272594500e+15,2.232110883698517188e+14,7.676200235561605000e+15,1.264969068483574600e+16,4.032055630493816875e+14,1.825983427869919141e+13,1.388396744753952789e+10,9.046633816460171947e+05
3.847600097656250000e+02,3.862672601360284000e+15,2.359156397235433125e+14,7.902568750699733000e+15,1.272429059602034200e+16,4.078138218693992500e+14,1.857334350399116797e+13,1.424023232322255135e+10,9.170374268125515664e+05
3.854899902343750000e+02,4.188332726366010000e+15,2.556085736576280000e+14,8.245925827737205000e+15,1.283595415306247000e+16,4.147306163421916250e+14,1.904575470167736328e+13,1.478035276508661842e+10,9.343555864585581003e+05
3.858784461388220279e+02,3.895630044107440500e+15,2.670691010843797812e+14,8.436204846962931000e+15,1.289604301387969000e+16,4.184749572798403125e+14,1.930374129469200391e+13,1.507932925207608986e+10,9.625119643047057325e+05
3.860088266225960183e+02,2.936701679225902500e+15,2.709156872556777500e+14,8.500069677680348000e+15,1.291621110671362400e+16,4.197316996211888125e+14,1.939033134627671094e+13,1.517967706134990120e+10,9.719623089200869435e+05
3.867200012207030113e+02,4.396566534632893000e+15,2.929885339814155000e+14,8.856338654543859000e+15,1.302694024138384200e+16,4.266527810048429375e+14,1.986949630060809375e+13,1.573929105764970016e+10,1.039120652896189014e+06
3.873853912353520172e+02,3.807508541085577000e+15,3.147881717968831250e+14,9.197992398254196000e+15,1.313129815024829800e+16,4.331977536829905000e+14,2.032501789584899219e+13,1.627576840212386894e+10,1.118333585854411125e+06
3.877000122070310226e+02,4.932355058533600000e+15,3.262260344657775000e+14,9.367245455532228000e+15,1.318136746686055000e+16,4.363564520495384375e+14,2.054703832708206250e+13,1.654144541302529335e+10,1.139509298854365246e+06
3.881900024414060226e+02,3.557403594380723500e+15,3.440393448117851250e+14,9.630839915754546000e+15,1.325934534624636400e+16,4.412758041978874375e+14,2.089281261719176172e+13,1.695521039552129555e+10,1.172488322854365455e+06
3.886799926757810226e+02,4.528689060166603000e+15,3.630220246739730625e+14,9.901934996521632000e+15,1.333805432249303200e+16,4.462572396027248750e+14,2.124501187677842188e+13,1.738066267249249268e+10,1.232959675729633076e+06
3.894100036621089771e+02,4.254723322030935000e+15,3.925641082285945625e+14,1.031387088972877200e+16,1.345610539452987400e+16,4.537454081335888125e+14,2.177662488923414062e+13,1.802707368828041458e+10,1.347016119229270844e+06
3.896600036621089771e+02,3.598170052429216500e+15,4.037357763950099375e+14,1.046130712018510400e+16,1.349717731844792000e+16,4.563624335085340625e+14,2.196411378709372266e+13,1.825851131976841736e+10,1.356076471229271032e+06
3.903161409818209791e+02,4.123098916688826000e+15,4.330563700247047500e+14,1.084826077250533400e+16,1.360497260674792600e+16,4.632309455690736250e+14,2.245618763876310547e+13,1.886593078858854294e+10,1.379855811536980094e+06
3.908800048828130116e+02,4.766489358325500000e+15,4.606350614519548125e+14,1.119431889342582600e+16,1.369903216373314400e+16,4.692454650576582500e+14,2.289057670832777344e+13,1.940938967879871368e+10,1.425919869271157542e+06
3.911300048828130116e+02,4.622594855333450000e+15,4.730094561287551250e+14,1.134858428041407800e+16,1.374082307825746000e+16,4.719190210621945625e+14,2.308388163769788672e+13,1.965166607995071411e+10,1.447923581271157833e+06
3.918599853515630116e+02,5.311248354925050000e+15,5.116566652139303750e+14,1.181246551770587000e+16,1.386432390398940600e+16,4.798372202262945000e+14,2.365975150941953516e+13,2.038062731042096329e+10,1.544142764125567861e+06
3.923499755859380116e+02,6.124578748338130000e+15,5.385043092928800000e+14,1.212868211819836400e+16,1.394775362260275400e+16,4.851924328821027500e+14,2.405041707024065625e+13,2.087769223384496689e+10,1.620248204125568038e+06
3.925999755859380116e+02,4.899703622903080000e+15,5.534542276295991875e+14,1.229631619080521200e+16,1.399104194511123800e+16,4.879773380475950625e+14,2.425510060042216016e+13,2.114148425664005661e+10,1.636816772041861201e+06
3.935799865722660229e+02,4.589650241840540000e+15,6.141056003479291250e+14,1.296337577761680600e+16,1.416190226016367600e+16,4.989776271226163750e+14,2.506593127463973828e+13,2.219175068071290588e+10,1.711785366542289965e+06
3.935799865722660229e+02,4.399635518489663000e+15,6.141056003479291250e+14,1.296337577761680600e+16,1.416190226016367600e+16,4.989776271226163750e+14,2.506593127463973828e+13,2.219175068071290588e+10,1.711785366542289965e+06
3.943099975585939774e+02,5.105899029744951000e+15,6.630269366963745000e+14,1.347798431921627800e+16,1.429129857544789200e+16,5.073209709115627500e+14,2.568503437401756641e+13,2.300315272302471924e+10,1.840288978542260593e+06
3.950499877929689774e+02,5.536921324512262000e+15,7.172905846584840000e+14,1.402045733264414000e+16,1.442507701942319000e+16,5.159556919348972500e+14,2.633043819878659375e+13,2.386021378266672897e+10,2.004978670584100066e+06
3.952899780273439774e+02,5.977257982290279000e+15,7.350600390267105000e+14,1.419715145744609800e+16,1.446855900064822400e+16,5.187625499319431250e+14,2.654040494395485156e+13,2.413943604935473251e+10,2.059649198584100232e+06
3.955399780273439774e+02,6.117354761360110000e+15,7.547660068519471250e+14,1.438623184417711000e+16,1.451451453785772400e+16,5.217297464046247500e+14,2.676344827172445703e+13,2.443868357050162125e+10,2.078082497583274497e+06
3.960299987792969887e+02,5.823849652187076000e+15,7.948275741017891250e+14,1.476287245074011200e+16,1.460538415288555600e+16,5.275976832626677500e+14,2.720582107600469141e+13,2.503530112349748611e+10,2.067934473583276616e+06
3.967699890136719887e+02,6.581573665378940000e+15,8.585814488756851250e+14,1.534451350867098600e+16,1.474438561145294000e+16,5.365717010949158750e+14,2.788501514552240234e+13,2.595807595865846252e+10,2.156261005000807811e+06
3.971253943810099827e+02,5.515773557717450000e+15,8.906433325463152500e+14,1.562956498903430200e+16,1.481193287944349800e+16,5.409316973844538125e+14,2.821616228264084375e+13,2.641092842284402084e+10,2.244583685616255738e+06
3.979899902343750000e+02,6.348237618060468000e+15,9.742469838849910000e+14,1.634388082377952200e+16,1.497928515563017200e+16,5.517244234197715000e+14,2.904000269752969141e+13,2.754881252446430206e+10,2.453181941792415921e+06
3.979899902343750000e+02,5.835136945410479000e+15,9.742469838849910000e+14,1.634388082377952200e+16,1.497928515563017200e+16,5.517244234197715000e+14,2.904000269752969141e+13,2.754881252446430206e+10,2.453181941792415921e+06
3.989700012207030113e+02,5.576491055055364000e+15,1.077673431292950875e+15,1.718451556457740600e+16,1.517363011492218000e+16,5.642379058924466250e+14,3.000110373108906250e+13,2.889255868731034088e+10,2.622973888104565442e+06
3.994599914550780113e+02,6.502132718494680000e+15,1.132221423991116500e+15,1.761459719902053600e+16,1.527231528158069000e+16,5.705840495310102500e+14,3.049031643699908984e+13,2.958158601442237473e+10,2.689890054542204365e+06
3.997099914550780113e+02,5.768191343145190000e+15,1.162402817464619250e+15,1.784179590563727000e+16,1.532391485455964800e+16,5.738942796158230000e+14,3.074687381674692969e+13,2.994698483323837662e+10,2.733897478542204946e+06
4.002000122070310226e+02,6.952238867155830000e+15,1.221560853964121000e+15,1.828712422987360400e+16,1.542505430076606400e+16,5.803826053570128750e+14,3.124974757731945312e+13,3.066319684907421494e+10,2.820155682542185299e+06
4.006900024414060226e+02,6.706052286635069000e+15,1.284416105049301500e+15,1.874394731972094800e+16,1.552814088289807800e+16,5.869806345057818750e+14,3.176306197545307422e+13,3.140028833731762314e+10,2.893775109708733391e+06
4.014299926757810226e+02,7.578975005726429000e+15,1.383326891735814000e+15,1.944615113542571600e+16,1.568592572629392400e+16,5.970631110759931250e+14,3.254948486320955469e+13,3.253585434236371231e+10,3.004803658313629217e+06
4.019199829101560226e+02,8.326254131366530000e+15,1.454919715951485250e+15,1.992901612619526000e+16,1.579360417020540600e+16,6.039151357837158750e+14,3.308675866507531641e+13,3.332087180857176208e+10,3.195067258313640952e+06
4.023822819636420149e+02,6.880768527393342000e+15,1.522466561887120250e+15,2.038459261024298000e+16,1.589519730249429600e+16,6.103799269461016250e+14,3.359366911479516016e+13,3.406152500150908661e+10,3.374578350621505640e+06
4.028999938964839771e+02,7.302166726366858000e+15,1.605557006145896500e+15,2.091537779836812800e+16,1.601285611264023000e+16,6.178282506947930000e+14,3.418074047895441406e+13,3.493002867225120544e+10,3.426289386479454115e+06
4.028999938964839771e+02,7.463977241365879000e+15,1.605557006145896500e+15,2.091537779836812800e+16,1.601285611264023000e+16,6.178282506947930000e+14,3.418074047895441406e+13,3.493002867225120544e+10,3.426289386479454115e+06
4.036977069561299913e+02,6.810801350440399000e+15,1.738576627698332000e+15,2.174626087540110800e+16,1.619674474336743200e+16,6.294411804242427500e+14,3.509784860647087500e+13,3.629337705937905884e+10,3.600284857126364950e+06
4.041300048828130116e+02,8.132271480184370000e+15,1.814806274036983250e+15,2.220734217847187600e+16,1.629855235052300200e+16,6.358475530132522500e+14,3.560524242689934375e+13,3.705305165558886719e+10,3.774860953126498032e+06
4.048507643479570106e+02,7.394072331395990000e+15,1.949899910623188500e+15,2.299576651110845600e+16,1.647243803878566600e+16,6.467418766723242500e+14,3.647056999730473438e+13,3.835874764227005768e+10,3.916414580743892584e+06
4.051099853515630116e+02,9.328728169041898000e+15,2.000060954733196000e+15,2.328319685816598800e+16,1.653579196005814400e+16,6.507019816782470000e+14,3.678559706139849219e+13,3.883604097618556213e+10,3.937887801666988991e+06
4.058499755859380116e+02,8.199560435754430000e+15,2.151942147508684750e+15,2.412387734829249600e+16,1.672113656782464800e+16,6.622334197968658750e+14,3.770524583969416406e+13,4.023945269990946960e+10,4.182150027585098986e+06
4.063399963378910229e+02,8.184998249276200000e+15,2.255920216536538500e+15,2.468847114001558400e+16,1.684563004638907000e+16,6.699582886760066250e+14,3.832220628396880469e+13,4.118480709766526031e+10,4.415554579585046507e+06
4.073299865722660229e+02,9.765432328813250000e+15,2.485180798702173500e+15,2.587115024029943600e+16,1.710704471784347800e+16,6.860561772080646250e+14,3.961225908249125000e+13,4.318279536843501282e+10,4.642472739375794306e+06
4.073299865722660229e+02,8.793478245817550000e+15,2.485180798702173500e+15,2.587115024029943600e+16,1.710704471784347800e+16,6.860561772080646250e+14,3.961225908249125000e+13,4.318279536843501282e+10,4.642472739375794306e+06
4.078872045898439751e+02,9.348271842488600000e+15,2.625811355173925500e+15,2.656084265773028800e+16,1.726015384702831200e+16,6.954089369572116250e+14,4.036400612211784375e+13,4.435893812028762054e+10,4.818242270743625239e+06
4.083099975585939774e+02,8.773063569762513000e+15,2.733436130233787500e+15,2.708605372870824400e+16,1.737680057904709600e+16,7.025285790351937500e+14,4.093643258698874219e+13,4.525543353126746368e+10,4.956145783063625917e+06
4.086615318885220063e+02,9.443120095085858000e+15,2.829537449894260000e+15,2.753565435429368800e+16,1.747719343170596200e+16,7.086124494160535000e+14,4.142662868002178125e+13,4.602948676805362701e+10,5.075101996030074544e+06
4.090595874023439933e+02,9.733584013989240000e+15,2.940387962683982000e+15,2.804871797053005200e+16,1.759191784271593600e+16,7.155518583602241250e+14,4.198607085708914062e+13,4.691477483405924988e+10,5.211119437556185760e+06
4.097899780273439774e+02,1.115968678601210800e+16,3.154284736496525000e+15,2.900948332284602800e+16,1.780782975799616000e+16,7.285423346561192500e+14,4.303468406948264844e+13,4.858359658648224640e+10,5.511020156376601197e+06
4.097899780273439774e+02,9.952134616699160000e+15,3.154284736496525000e+15,2.900948332284602800e+16,1.780782975799616000e+16,7.285423346561192500e+14,4.303468406948264844e+13,4.858359658648224640e+10,5.511020156376601197e+06
4.107699890136719887e+02,1.038786620908393800e+16,3.463400216925906000e+15,3.033826455691517200e+16,1.810892229818727200e+16,7.465120961760683750e+14,4.448776679319357812e+13,5.091530200006459045e+10,5.917834676271968521e+06
4.110199890136719887e+02,9.726051128645930000e+15,3.546513058506128000e+15,3.068464933528371200e+16,1.818792416788151600e+16,7.511995197779046250e+14,4.486722801349644531e+13,5.152772743315263367e+10,6.001966516271973029e+06
4.112888559194710183e+02,1.013582925437063200e+16,3.635898228697484500e+15,3.105717494958704000e+16,1.827288812090963600e+16,7.562406920978850000e+14,4.527532627019067188e+13,5.218637115806067657e+10,6.092447586271895096e+06
4.122500000000000000e+02,1.163540213582458000e+16,3.981658173983942500e+15,3.243204058380378400e+16,1.859014434998448400e+16,7.748934418694198750e+14,4.678732928623724219e+13,5.464718857411331177e+10,6.572645512418359518e+06
4.127399902343750000e+02,1.193130418025976000e+16,4.171030596102353000e+15,3.315347220976011200e+16,1.875865159461222400e+16,7.847165330615276250e+14,4.758434204557791406e+13,5.595402815449549103e+10,6.784056781522145495e+06
4.131243847656249955e+02,1.093447067169594000e+16,4.323057913950456000e+15,3.372482470187570000e+16,1.889263550772496800e+16,7.925056642472156250e+14,4.821650989347512500e+13,5.699304584603852081e+10,6.937297770962144248e+06
4.139700012207030113e+02,1.219177120546203000e+16,4.678137179928750000e+15,3.501211041397673600e+16,1.919807413242778400e+16,8.101328976096696250e+14,4.964786468682789844e+13,5.935973632273104095e+10,7.313782144376478158e+06
4.139700012207030113e+02,1.207491345369928800e+16,4.678137179928750000e+15,3.501211041397673600e+16,1.919807413242778400e+16,8.101328976096696250e+14,4.964786468682789844e+13,5.935973632273104095e+10,7.313782144376478158e+06
4.147099914550780113e+02,1.269569164565906000e+16,5.009252079412163000e+15,3.616764670117024000e+16,1.947594209516100800e+16,8.260439230774215000e+14,5.094036227368991406e+13,6.151022603243080139e+10,7.717482000522874296e+06
4.153900122070310204e+02,1.185700425408940800e+16,5.328221338229913000e+15,3.724999076756100000e+16,1.973892426548397600e+16,8.410150681720216250e+14,5.215676664772285156e+13,6.354337355440020752e+10,8.156867050489884801e+06
4.157861562875600043e+02,1.268072379498714000e+16,5.530087399649968000e+15,3.790169153550973600e+16,1.990049562751512400e+16,8.501184191729268750e+14,5.289646095335747656e+13,6.478938138729959869e+10,8.357862519979186356e+06
4.164299926757810226e+02,1.133880897565397000e+16,5.860143533306468000e+15,3.896333949708898400e+16,2.016412363603496400e+16,8.649607109832600000e+14,5.410245439650314844e+13,6.682197211460615540e+10,8.687794259668437764e+06
4.169299926757810226e+02,1.333907136560470000e+16,6.136836428471089000e+15,3.981329047149396800e+16,2.037952793689142800e+16,8.769727659334430000e+14,5.507827977943563281e+13,6.847803360785416412e+10,8.977725523668438196e+06
4.171699829101560226e+02,1.362106888259608000e+16,6.269643613991999000e+15,4.022125033860340000e+16,2.048291779418727600e+16,8.827383176990826250e+14,5.554665690415371094e+13,6.927291077966217041e+10,9.116886867668438703e+06
4.176599731445310226e+02,1.214814831627658000e+16,6.553704469876697000e+15,4.106949440023288000e+16,2.070080501499028400e+16,8.948186244211392500e+14,5.652775967596057031e+13,7.094479125467083740e+10,9.425216804939536378e+06
4.179099731445310226e+02,1.334177241698119800e+16,6.703785300273670000e+15,4.150838753921092000e+16,2.081468491821052000e+16,9.011053262529545000e+14,5.703823064545202344e+13,7.181734457102284241e+10,9.592186148939538747e+06
4.184399938964839976e+02,1.363495035121973000e+16,7.024730725774806000e+15,4.244198586444208000e+16,2.105758193905627200e+16,9.145000579592418750e+14,5.812578131026171094e+13,7.367768372906826782e+10,9.948168585528708994e+06
4.188999938964839771e+02,1.642079492675450800e+16,7.323973170774562000e+15,4.327554331066196800e+16,2.127934826545875600e+16,9.266228705054588750e+14,5.910945097241117969e+13,7.537060004203332520e+10,1.027206322616869584e+07
4.196400146484380116e+02,1.516398918606688000e+16,7.819046317118059000e+15,4.463113507585851200e+16,2.164339668220202400e+16,9.464563166647521250e+14,6.071827457808025781e+13,7.814583793797602844e+10,1.081953317025305703e+07
4.200338510366589730e+02,1.527571777856625000e+16,8.096357304393544000e+15,4.536736669124096000e+16,2.184451386218708400e+16,9.573465891757898750e+14,6.160115735989054688e+13,7.967520973545220947e+10,1.113762129825290293e+07
4.206199951171880116e+02,1.526722579436811000e+16,8.522500726778865000e+15,4.647673762310542400e+16,2.215103884340698800e+16,9.738823674875478750e+14,6.294116000605372656e+13,8.200240761141886902e+10,1.162076353508654796e+07
4.211099853515630116e+02,1.677292070764071000e+16,8.895503668546757000e+15,4.742116172441263200e+16,2.241627753616732400e+16,9.881150423617100000e+14,6.409383457262985938e+13,8.401159630111486816e+10,1.203680660708655044e+07
4.217022892878609923e+02,1.773469769452734800e+16,9.365667370808580000e+15,4.858142946258103200e+16,2.274732551757559200e+16,1.005795309876146250e+15,6.552483872683750781e+13,8.651408671885098267e+10,1.251672360524326004e+07
4.223499755859380116e+02,1.554046673151652000e+16,9.898060081408894000e+15,4.986785213550235200e+16,2.311920792929877200e+16,1.025579571041844125e+15,6.712532076903545312e+13,8.932047923098925781e+10,1.301971782062795199e+07
4.225899963378910229e+02,1.656884856877755800e+16,1.010857194124499800e+16,5.035675285030507200e+16,2.326423152257398000e+16,1.033241417194272625e+15,6.774450532647125781e+13,9.041156073143901062e+10,1.323053074152412824e+07
4.233299865722660229e+02,1.641519324026353000e+16,1.076454412362663400e+16,5.187045708428080800e+16,2.371513948472427600e+16,1.057036916848725000e+15,6.966719592808330469e+13,9.380228883169502258e+10,1.389332557352413051e+07
4.238299865722660229e+02,1.663876812215377200e+16,1.123815459421486800e+16,5.291993525714661600e+16,2.403654313917912400e+16,1.073884616398699000e+15,7.102702646711089062e+13,9.621220627425975037e+10,1.444945014492084458e+07
4.241200073242189887e+02,1.652285862375192000e+16,1.151504626410217600e+16,5.353058965901216800e+16,2.422417011399887600e+16,1.083712142678175125e+15,7.182013603771553125e+13,9.761857904959738159e+10,1.477978832892066427e+07
4.245700073242189774e+02,1.754435310037993800e+16,1.195802030745981000e+16,5.448928526882283200e+16,2.452272077970482800e+16,1.099303942053332000e+15,7.307780402755276562e+13,9.985376548946662903e+10,1.526648155560767464e+07
4.250599975585939774e+02,1.828068484668700800e+16,1.246117115949710600e+16,5.555063711650990400e+16,2.485938337014609600e+16,1.116816660358985625e+15,7.448944908944256250e+13,1.023702984106826324e+11,1.575609321960767545e+07
4.253099975585939774e+02,1.959306285123884800e+16,1.271788589416885000e+16,5.609215395359588800e+16,2.503115342127308000e+16,1.125751898796947375e+15,7.520969051613670312e+13,1.036542693679946442e+11,1.600590006760767661e+07
4.257999877929689774e+02,1.870846382770670000e+16,1.325258544153076200e+16,5.717881543343756800e+16,2.538556954927684400e+16,1.144090239977687500e+15,7.668646119805170312e+13,1.062984768502666321e+11,1.654063249129557982e+07
4.262899780273439774e+02,2.083185509987994000e+16,1.379298564728020000e+16,5.827005021069591200e+16,2.574319363411598400e+16,1.162577766217251000e+15,7.817499968551995312e+13,1.089657543533388062e+11,1.708351796329561621e+07
4.271699987792969750e+02,2.063756445758130800e+16,1.482628043952170800e+16,6.027810433636080800e+16,2.642122111859148000e+16,1.197454562535284750e+15,8.098053896225276562e+13,1.140155985509522858e+11,1.818859539398937672e+07
4.275299987792969887e+02,2.077743822503294000e+16,1.526423950603965200e+16,6.111090319386987200e+16,2.670737158399163200e+16,1.212135721312657000e+15,8.216094831073370312e+13,1.161457593456916504e+11,1.866136582910889387e+07
4.281930659367490080e+02,2.257923010651067600e+16,1.610407658666301000e+16,6.266924953171538400e+16,2.725356813574435600e+16,1.240079744918968000e+15,8.440656047346114062e+13,1.202098846282744141e+11,1.957109142295518145e+07
4.283253784179689774e+02,2.296461003883630800e+16,1.627166282089125600e+16,6.298021150327904000e+16,2.736255954058772400e+16,1.245655866518518000e+15,8.485466367653632812e+13,1.210208650758563690e+11,1.975262363910905272e+07
4.290100097656250000e+02,2.202205245765274000e+16,1.719357384471363600e+16,6.462801943354516800e+16,2.795857293445941200e+16,1.276033730528209750e+15,8.729424899605260938e+13,1.254557638915978699e+11,2.073723870956731588e+07
4.295000000000000000e+02,2.250930643268807200e+16,1.786762809600720200e+16,6.581716487630078400e+16,2.839357048581447200e+16,1.298179019510800750e+15,8.907236237671810938e+13,1.286933173717984009e+11,2.145692865365099162e+07
4.299899902343750000e+02,2.345482206445648000e+16,1.857593268250305200e+16,6.702966457137034400e+16,2.884892289174692800e+16,1.321301663842358000e+15,9.092822906728489062e+13,1.320847990208224182e+11,2.221544620565099642e+07
4.302399902343750000e+02,2.430981727866078000e+16,1.893731977596182000e+16,6.764829919406652800e+16,2.908125017808217200e+16,1.333099166480880500e+15,9.187511869914359375e+13,1.338151812871904297e+11,2.260245266965099797e+07
4.309799804687500000e+02,2.474576607593277200e+16,2.006349698656948000e+16,6.951659635665723200e+16,2.980305067195049200e+16,1.369673987871889000e+15,9.481001692304304688e+13,1.391997125606879578e+11,2.380034504292212799e+07
4.316400012207030272e+02,2.567704554193295600e+16,2.110533015657508400e+16,7.120702681337862400e+16,3.046968195087443600e+16,1.403411616578921250e+15,9.751709059359639062e+13,1.441804793212156982e+11,2.493033733780092746e+07
4.319700012207030113e+02,2.625694848662432000e+16,2.164614725061351600e+16,7.206488810016513600e+16,3.081522996961758800e+16,1.420879992845966500e+15,9.891872284523557812e+13,1.467668968985442200e+11,2.553515466388090327e+07
4.324599914550780113e+02,2.684665631675604800e+16,2.245678060271670000e+16,7.334335620184556800e+16,3.133307705689881600e+16,1.447053910566830750e+15,1.010189647096620469e+14,1.506455540923263855e+11,2.643785881113110855e+07
4.329599914550780113e+02,2.635052471564553200e+16,2.332698276669058400e+16,7.467447341514441600e+16,3.188843804149461200e+16,1.475097981206726750e+15,1.032697859584076562e+14,1.548196530813826599e+11,2.738531276313116774e+07
4.334500122070310226e+02,2.927766268168360800e+16,2.418661324844942000e+16,7.598309955604548800e+16,3.243705663971607200e+16,1.502800255076999750e+15,1.054933550828008281e+14,1.589461263074772644e+11,2.833035347573595494e+07
4.337000122070310226e+02,2.765431395962341600e+16,2.464784315315854400e+16,7.666432883877315200e+16,3.273142954198998400e+16,1.517660107760444000e+15,1.066867031361368906e+14,1.611703624746452942e+11,2.886750291573596001e+07
4.344400024414060226e+02,2.975153146853050000e+16,2.601896155971024000e+16,7.868418893478460800e+16,3.360660904360206400e+16,1.561840323565680750e+15,1.102349305511741250e+14,1.677864669910210571e+11,3.046513494504889846e+07
4.348123950195309817e+02,2.981561826300272400e+16,2.674590376839151200e+16,7.972226665761057600e+16,3.407113893262219200e+16,1.585299302806282750e+15,1.121205611019279219e+14,1.713192845600382690e+11,3.131731292520880699e+07
4.352899926757809794e+02,3.144361178715802000e+16,2.767821530060167600e+16,8.105361297477764800e+16,3.466690372302475600e+16,1.615385706675399000e+15,1.145389034226258594e+14,1.758501626978815002e+11,3.241024073832881078e+07
4.361699829101560226e+02,3.169426708897939600e+16,2.948196940390263600e+16,8.355583115787716800e+16,3.582197333950169200e+16,1.673778046240384250e+15,1.192377489774549062e+14,1.846960832990372620e+11,3.450934630473675579e+07
4.365157423753000216e+02,3.268042893385228800e+16,3.020934038866837600e+16,8.454950431065638400e+16,3.628849814501596800e+16,1.697382694202456000e+15,1.211386605294203438e+14,1.882844072324384460e+11,3.537675723417454958e+07
4.371599938964840248e+02,3.363399775666523600e+16,3.160927624093368800e+16,8.642607697542873600e+16,3.718827495857029600e+16,1.742961178876521250e+15,1.248127370462484375e+14,1.952431519711801758e+11,3.711122334297484905e+07
4.373999938964839771e+02,3.297823470542857600e+16,3.213248241976416400e+16,8.712608585787332800e+16,3.752465249082260000e+16,1.760003449025074500e+15,1.261866912257783438e+14,1.978464290514548035e+11,3.775883220465417951e+07
4.378999938964839771e+02,3.490592919105761600e+16,3.327542254967965200e+16,8.861373545296776000e+16,3.826253953925187200e+16,1.797479895133591000e+15,1.292136168838248125e+14,2.036124940150388184e+11,3.915412641265418380e+07
4.381400146484380116e+02,3.580912840319753600e+16,3.382408124852116800e+16,8.932786900188512000e+16,3.861675594769415200e+16,1.815470144684653000e+15,1.306666668289313750e+14,2.063804445117893372e+11,3.982392554265672714e+07
4.383900146484380116e+02,3.555975648881646800e+16,3.439612448587438400e+16,9.007200779411240000e+16,3.898611211608775200e+16,1.834230662231311750e+15,1.321820058406623438e+14,2.092674178467734375e+11,4.052300460488698632e+07
4.393800048828130116e+02,3.710503626781472800e+16,3.677196166120252800e+16,9.307933975006724800e+16,4.052834958578890400e+16,1.912822316606422000e+15,1.385446157302924375e+14,2.214599330654934998e+11,4.356756348488700390e+07
4.398699951171880116e+02,3.841059732793161600e+16,3.800343594473540800e+16,9.459806402268812800e+16,4.133281728860091200e+16,1.953982934071157500e+15,1.418858497590143438e+14,2.279020965457810059e+11,4.524018113076332211e+07
4.401199951171880116e+02,3.893222001804059200e+16,3.863204283477501600e+16,9.537309735637750400e+16,4.174348377230534400e+16,1.974995520787620750e+15,1.435916015257758438e+14,2.311911156346770325e+11,4.609444289076332748e+07
4.406099853515630116e+02,3.951552493488233600e+16,3.988988727871930400e+16,9.690616865497120000e+16,4.256805190245888800e+16,2.017281319870697500e+15,1.470292821349633125e+14,2.378399800379936829e+11,4.781186385611823946e+07
4.413599853515630116e+02,4.084819764998375200e+16,4.186170646998245600e+16,9.927805623267174400e+16,4.386564439017272800e+16,2.083992255245783250e+15,1.524614507819306250e+14,2.483820904794656982e+11,5.051832043211824447e+07
4.418499755859380116e+02,4.217915732691802400e+16,4.320306421828794400e+16,1.008566851285295680e+17,4.475518912300048000e+16,2.129962664773420250e+15,1.562170906735773438e+14,2.557173739261030579e+11,5.246465194682805985e+07
4.420999755859380116e+02,4.166245819966883200e+16,4.388890147320596000e+16,1.016629203456660800e+17,4.521019421551963200e+16,2.153482897683514500e+15,1.581389417035565000e+14,2.594722271300710754e+11,5.346258500282806158e+07
4.428299963378909752e+02,4.207636846935411200e+16,4.594204149802552000e+16,1.040450223968840320e+17,4.657984457493268000e+16,2.224553395342546250e+15,1.639600196562185625e+14,2.708950669980934448e+11,5.642040783370696753e+07
4.432051916503909865e+02,4.558346836840559200e+16,4.701385852441589600e+16,1.052784675660463200e+17,4.729727350978072800e+16,2.261866715612673500e+15,1.670206044605288750e+14,2.769167281420296631e+11,5.795499484170702100e+07
4.438576812744149720e+02,4.656996043783540000e+16,4.893072685914045600e+16,1.074531635868316000e+17,4.858942207912838400e+16,2.329406963428099500e+15,1.725776335482724688e+14,2.879089678387187500e+11,6.092476251362446696e+07
4.443200073242189774e+02,4.653137578513510400e+16,5.030319604221367200e+16,1.090020511510719680e+17,4.951697376512786400e+16,2.377977239748124500e+15,1.765782958025005625e+14,2.958377847415451050e+11,6.311013848662125319e+07
4.448846200796280073e+02,4.885799592332219200e+16,5.203428857134639200e+16,1.109251139564081920e+17,5.069763672438530400e+16,2.440212000375204500e+15,1.817252959819674688e+14,3.061075816479926758e+11,6.587731259650522470e+07
4.453099975585939774e+02,4.912165668660294400e+16,5.334387458574238400e+16,1.123770292251191200e+17,5.159183742578471200e+16,2.487385442964640000e+15,1.856286240500928438e+14,3.139023076634713135e+11,6.797172418358030915e+07
4.460499877929689774e+02,4.880280391125575200e+16,5.569364137176448000e+16,1.149449926833024640e+17,5.321211723421412000e+16,2.573488838848751500e+15,1.927847944204692188e+14,3.282946717736410522e+11,7.191815920474861562e+07
4.465307570237379764e+02,5.098794507617296800e+16,5.724081224293079200e+16,1.166258138606673920e+17,5.428390641927574400e+16,2.630645216409906500e+15,1.975452323804366250e+14,3.379007751429248047e+11,7.456849221725684404e+07
4.467899780273439774e+02,5.279334207850020000e+16,5.809396048121155200e+16,1.175436418438730880e+17,5.487958317735410400e+16,2.662601870118470000e+15,2.002164073219238438e+14,3.433211126721480713e+11,7.607698598710435629e+07
4.470399780273439774e+02,5.419890760136765600e+16,5.891676054989107200e+16,1.184288208710717600e+17,5.545407053543075200e+16,2.693421762472886500e+15,2.027925632895429375e+14,3.485486380788681030e+11,7.753181965110437572e+07
4.479338449331430070e+02,5.463546042776082400e+16,6.191448844531507200e+16,1.216292772098572480e+17,5.756266012345313600e+16,2.807203666219368000e+15,2.123365580249871562e+14,3.680181669884722900e+11,8.302621841664156318e+07
4.483353811410760272e+02,5.605953652680495200e+16,6.327687094279763200e+16,1.230769941784754560e+17,5.852526227623724800e+16,2.859328610828657500e+15,2.167178786796224375e+14,3.769840001094692383e+11,8.557701776802827418e+07
4.487699890136719887e+02,5.776140680061094400e+16,6.478928407659237600e+16,1.246692050113302880e+17,5.960560516606809600e+16,2.918348591953493500e+15,2.217048447802256250e+14,3.872689391588035278e+11,8.849537840706533194e+07
4.492699890136719887e+02,5.860682694492009600e+16,6.653486460119723200e+16,1.265047272714374400e+17,6.085419958026295200e+16,2.986634531079012000e+15,2.274784460307016875e+14,3.991874439140036011e+11,9.187618403906534612e+07
4.497600097656250000e+02,5.972542596246776800e+16,6.828103641695835200e+16,1.283286037367087200e+17,6.211541762497212800e+16,3.056174302647203000e+15,2.333863195289989375e+14,4.114686070068093872e+11,9.545357522923360765e+07
4.502600097656250000e+02,6.106642328128308000e+16,7.007385453853994400e+16,1.301974418344888800e+17,6.341406711545755200e+16,3.127948975788111500e+15,2.394925724625940938e+14,4.241877724795774536e+11,9.918644025323362648e+07
4.505000000000000000e+02,6.354973640150716800e+16,7.094478191614677600e+16,1.311022487504218880e+17,6.404889598921764800e+16,3.163226614495413500e+15,2.425034171466897500e+14,4.304880511507005005e+11,1.010436439936939031e+08
4.510000000000000000e+02,6.349464841086351200e+16,7.278285403034244800e+16,1.330050006429932960e+17,6.539755013883663200e+16,3.238597357110138500e+15,2.489572906453428438e+14,4.440563631675972900e+11,1.050612629376941621e+08
4.515399902343750114e+02,6.373014998841648000e+16,7.478132845197579200e+16,1.350706588150419040e+17,6.686950773622786400e+16,3.321143624708305500e+15,2.560398200406402500e+14,4.589888519706104126e+11,1.095053418434425741e+08
4.519899902343750000e+02,6.490001575129744800e+16,7.647447353744612800e+16,1.368142667818433600e+17,6.812811363788304800e+16,3.392308180037040500e+15,2.621748288540238125e+14,4.720102428284405518e+11,1.134264033218424916e+08
4.529799804687500000e+02,6.861075375331492800e+16,8.024827690958828800e+16,1.406922197850024160e+17,7.095584899717245600e+16,3.553394811493530000e+15,2.761217661800310312e+14,5.017905301460427856e+11,1.223668636254693270e+08
4.532200012207030113e+02,6.888821906384716800e+16,8.117110039925296000e+16,1.416391887441913600e+17,7.165089540985494400e+16,3.593178372892819000e+15,2.795756043570186250e+14,5.091931302480792847e+11,1.245850295754682869e+08
4.537200012207030113e+02,6.935212206583710400e+16,8.311962679505665600e+16,1.436360927376317600e+17,7.313157057463980800e+16,3.678669316622374000e+15,2.870343440021598750e+14,5.252889576460084229e+11,1.295440345682841092e+08
4.539700012207030113e+02,7.336890430299118400e+16,8.410032746935510400e+16,1.446405091660066880e+17,7.387998144762081600e+16,3.722058861652104500e+15,2.908286866312410000e+14,5.335030986559284668e+11,1.321068198482841104e+08
4.544599914550780113e+02,7.520575105294164800e+16,8.602800659438219200e+16,1.466146787381535040e+17,7.535408251947908800e+16,3.807701044798957000e+15,2.983269030375006250e+14,5.497621986035051270e+11,1.371837567032656372e+08
4.549599914550780113e+02,7.668385388714544000e+16,8.802636594824611200e+16,1.486605262328123840e+17,7.689920065357952000e+16,3.898482303261813000e+15,3.063252450390909375e+14,5.672550978700651855e+11,1.426691526712656617e+08
4.554500122070310226e+02,7.806549256959516800e+16,8.998938766386204800e+16,1.506704724996280000e+17,7.841966298685507200e+16,3.987984773600016500e+15,3.142193226416161875e+14,5.845450741382746582e+11,1.480982612347253561e+08
4.561132055664060090e+02,7.857056020453142400e+16,9.268635513500281600e+16,1.534343460297700800e+17,8.053214084346888000e+16,4.113832520358987000e+15,3.253929322127656250e+14,6.092385860583972168e+11,1.559165232590452433e+08
4.569400024414060226e+02,8.043669504280888000e+16,9.608532836256144000e+16,1.569231461660205760e+17,8.321755476590467200e+16,4.275381635611523000e+15,3.398137480569109375e+14,6.413402928803510742e+11,1.662697873672084808e+08
4.571799926757810226e+02,8.141561040026878400e+16,9.707714641240126400e+16,1.579419497438769280e+17,8.400440036633936000e+16,4.322935475587604000e+15,3.440693651853818125e+14,6.508454251895357666e+11,1.693611572232086957e+08
4.576799926757810226e+02,8.717262600969523200e+16,9.916196303388328000e+16,1.600879973660028480e+17,8.567070117872772800e+16,4.424540741449023000e+15,3.532063104181450625e+14,6.713864443557116699e+11,1.760721143931493163e+08
4.578922917292670149e+02,8.346831508231009600e+16,1.000526142770245920e+17,1.610061250068090240e+17,8.638616738312892800e+16,4.468428820892187500e+15,3.571657128062515625e+14,6.803258210953513184e+11,1.790013364331550598e+08
4.584199829101560226e+02,8.754456527288516800e+16,1.022684922303635680e+17,1.632910712694937920e+17,8.816765987629507200e+16,4.577824029499418000e+15,3.670405246467021250e+14,7.026378033732037354e+11,1.863206323732362092e+08
4.589099731445310226e+02,9.143810461919547200e+16,1.043531487958099040e+17,1.654499650571949760e+17,8.986275717963532800e+16,4.683414913363491000e+15,3.766452578065551250e+14,7.245614974740039062e+11,1.936191440692362487e+08
4.594099731445310226e+02,9.114268445627380800e+16,1.064817966924331840e+17,1.676550364810612800e+17,9.159466122785862400e+16,4.791386728029218000e+15,3.864708561805948125e+14,7.470024150314826660e+11,2.010989659466779232e+08
4.598999938964839771e+02,9.386423394794022400e+16,1.085941348194044960e+17,1.698547508043873280e+17,9.333258530061617600e+16,4.901374413753751000e+15,3.965596909781773125e+14,7.702875888707346191e+11,2.090296467026751935e+08
4.606499938964839771e+02,9.386989530123065600e+16,1.118413652395708640e+17,1.732439496993045120e+17,9.601506432623168000e+16,5.072141403064590000e+15,4.122721181169596875e+14,8.067009501720343018e+11,2.214684059459911883e+08
4.611400146484380116e+02,9.743229579306937600e+16,1.139799542604708480e+17,1.754851421980383040e+17,9.779459972566100800e+16,5.186614252238815000e+15,4.228620293383113125e+14,8.314178630513923340e+11,2.299546910160069764e+08
4.613900146484380116e+02,9.914473209986800000e+16,1.150712827400052160e+17,1.766289924219668160e+17,9.870290289031950400e+16,5.245063317746424000e+15,4.282701443112137500e+14,8.440434581017048340e+11,2.342915088695751727e+08
4.621300048828130116e+02,1.010961938023471680e+17,1.183387508115978720e+17,1.800771921427938560e+17,1.014513406431436800e+17,5.424850742359844000e+15,4.450461864163343125e+14,8.836438248916771240e+11,2.481757196855718791e+08
4.625100048828130070e+02,1.011099148399279520e+17,1.200228306222700800e+17,1.818588436542273920e+17,1.028727545552781280e+17,5.518369772284030000e+15,4.537982426370398125e+14,9.043837083507828369e+11,2.554835418940019310e+08
4.630099951171879979e+02,1.045006898542536800e+17,1.222552357356879840e+17,1.842324100346812160e+17,1.047699298831038880e+17,5.644624330989796000e+15,4.656821131553793125e+14,9.327574326373339844e+11,2.655765768885610402e+08
4.636199951171880116e+02,1.068839515870759680e+17,1.249900516302846720e+17,1.871490313089442880e+17,1.071028479640562400e+17,5.800953027500318000e+15,4.804479250784485625e+14,9.681731502005156250e+11,2.782504702715600133e+08
4.638599853515630116e+02,1.085704213980370880e+17,1.260730498592492480e+17,1.883095739419192320e+17,1.080321800965760480e+17,5.863897704891973000e+15,4.864249323770747500e+14,9.826082843479394531e+11,2.834628081115599275e+08
4.646099853515630116e+02,1.109051668433091680e+17,1.294680372515095840e+17,1.919565559914417600e+17,1.109534863592824480e+17,6.062854741728905000e+15,5.053688669696193125e+14,1.028524216757465576e+12,3.001317839425243139e+08
4.653499755859380116e+02,1.125764999141920320e+17,1.328418414781453440e+17,1.956012275399079680e+17,1.138749991829122560e+17,6.264329276519855000e+15,5.246701135865690000e+14,1.075679004107062378e+12,3.174525668065231442e+08
4.655999755859380116e+02,1.149866261689564160e+17,1.339914866780086400e+17,1.968519552797719680e+17,1.148778000712168320e+17,6.334592443135626000e+15,5.314532668131783125e+14,1.092417653616024902e+12,3.237016278532176018e+08
4.663399963378910229e+02,1.169808328145955840e+17,1.373992710328590720e+17,2.005635664698568320e+17,1.178537854747696480e+17,6.543636070031500000e+15,5.516584387542400000e+14,1.142354821193452637e+12,3.423909141292144656e+08
4.665899963378910229e+02,1.193864539012107200e+17,1.385597866193328320e+17,2.018360717354424320e+17,1.188737764068368000e+17,6.616401257874527000e+15,5.587435934005321250e+14,1.160034586014779541e+12,3.490772399082836509e+08
4.668588327261119844e+02,1.216144903014672640e+17,1.398099293239120480e+17,2.032088481119498560e+17,1.199740688968903360e+17,6.695155005929787000e+15,5.664237677320918750e+14,1.179237489330359375e+12,3.563552678036629558e+08
4.675799865722660229e+02,1.239925633531977120e+17,1.431722151372642240e+17,2.069091055238873920e+17,1.229391109250987680e+17,6.908501520044085000e+15,5.872814657091608750e+14,1.231558416529237549e+12,3.763026099420413971e+08
4.680700073242189774e+02,1.267813140303253440e+17,1.454729648229540160e+17,2.094560183976557120e+17,1.249786065265400480e+17,7.057300470550730000e+15,6.019228425936691250e+14,1.268593711301416016e+12,3.906341568360362053e+08
4.683200073242189774e+02,1.269587741150256320e+17,1.466467669918010560e+17,2.107554087110341440e+17,1.260191214400987840e+17,7.133215087387677000e+15,6.093926164890377500e+14,1.287488469648167725e+12,3.979458609000360966e+08
4.690599975585939774e+02,1.296907144280389600e+17,1.501516121443590400e+17,2.146632632846461440e+17,1.291444526325103360e+17,7.365334954711412000e+15,6.324202978526806250e+14,1.346359404711271484e+12,4.209546734492721558e+08
4.694830744816709966e+02,1.315878045467881440e+17,1.521615792746233600e+17,2.169098846589098560e+17,1.309402350253539520e+17,7.499559348208885000e+15,6.457747479817626250e+14,1.380629223169146973e+12,4.344260018828015924e+08
4.700499877929689774e+02,1.338517563773197280e+17,1.548746716350748480e+17,2.199601519291913920e+17,1.333750699624865760e+17,7.684325612710107000e+15,6.642832663302391250e+14,1.428545033259232910e+12,4.535482124612596631e+08
4.704730647160459966e+02,1.369367417758784320e+17,1.569034531836410560e+17,2.222445654057685440e+17,1.351977626137291840e+17,7.823232759194053000e+15,6.782246453052735000e+14,1.464727702205510742e+12,4.680399316539080739e+08
4.708861318734980159e+02,1.399404636862717280e+17,1.588992774367604160e+17,2.245048439005512320e+17,1.369982020063810080e+17,7.962639251834950000e+15,6.923145170542415000e+14,1.501628739476891113e+12,4.830100670385267735e+08
4.715399780273439774e+02,1.421311480421211680e+17,1.620657239010810560e+17,2.280968022978920960e+17,1.398577722407623040e+17,8.185150220845012000e+15,7.148527027731246250e+14,1.560823512188887451e+12,5.071035838333599567e+08
4.720299987792969887e+02,1.433308283653537600e+17,1.644562746785926080e+17,2.308229083241237440e+17,1.420241245126713920e+17,8.356356900187526000e+15,7.323112663896822500e+14,1.607077596699433350e+12,5.261184438033542037e+08
4.722899987792969796e+02,1.454396402507959680e+17,1.657246764752017920e+17,2.322693523042925120e+17,1.431735688748774080e+17,8.447197413475258000e+15,7.415746017121423750e+14,1.631619540943245117e+12,5.362075340561531782e+08
4.730199890136719887e+02,1.503318616923513280e+17,1.693161821946470080e+17,2.363882949149171840e+17,1.464394001967449600e+17,8.710015286185181000e+15,7.685835281289653750e+14,1.703899539825992432e+12,5.664476166329880953e+08
4.735199890136719887e+02,1.524672668324120960e+17,1.717858299539870400e+17,2.392277023952001920e+17,1.486882760790136960e+17,8.892526063474474000e+15,7.874065236789967500e+14,1.754506721311640137e+12,5.877512314233515263e+08
4.740773174579330203e+02,1.543904712885426880e+17,1.745584630718844800e+17,2.424295882690846080e+17,1.512191748268768640e+17,9.101086485142408000e+15,8.090535821719195000e+14,1.813188351776654541e+12,6.126875588901286125e+08
4.745100097656250000e+02,1.561771596369724480e+17,1.767172843250920320e+17,2.449267295946987840e+17,1.531913576019233920e+17,9.264628042468692000e+15,8.260722731787658750e+14,1.859480574231155029e+12,6.324693748252711296e+08
4.747500000000000000e+02,1.573019841267534720e+17,1.779231732981009600e+17,2.463271745810551680e+17,1.542951433722141120e+17,9.357549005746406000e+15,8.358017621124933750e+14,1.886157644834418701e+12,6.440172813532710075e+08
4.755000000000000000e+02,1.601341690638664640e+17,1.816976073067088000e+17,2.507140851332398720e+17,1.577511713539842560e+17,9.649476695620766000e+15,8.664109116574408750e+14,1.970236144235936035e+12,6.804936071155937910e+08
4.759899902343750000e+02,1.623260591628252800e+17,1.841847219633081920e+17,2.536174454885690560e+17,1.600327156772593280e+17,9.845745969650540000e+15,8.871416356342002500e+14,2.027724600471391357e+12,7.057225604755934477e+08
4.764899902343750000e+02,1.650040692444045120e+17,1.867281440282173760e+17,2.565895061523022400e+17,1.623667417700107520e+17,1.004747289379883600e+16,9.084887811387803750e+14,2.087067937261443604e+12,7.318632197030427456e+08
4.767299804687500000e+02,1.681677329552473600e+17,1.879588663389745280e+17,2.580329895161223040e+17,1.634976331159908160e+17,1.014691260310112000e+16,9.190833271251830000e+14,2.116780213693283203e+12,7.451257927910425663e+08
4.772299804687500000e+02,1.712796062624718720e+17,1.905229754869202560e+17,2.610403688946609920e+17,1.658537526241975360e+17,1.035408709409916400e+16,9.411561960775252500e+14,2.178683308436322510e+12,7.727572777190421820e+08
4.779700012207030113e+02,1.748459263388005440e+17,1.943493555077888960e+17,2.655433971766996480e+17,1.693730369420123840e+17,1.066904073728986200e+16,9.749427381850107500e+14,2.274286823439688477e+12,8.159882467678601742e+08
4.782200012207030113e+02,1.763879700610130880e+17,1.956448251410776000e+17,2.670693008068786880e+17,1.705648269591987840e+17,1.077618635021464000e+16,9.864568438828067500e+14,2.306941046521160156e+12,8.308019222878600359e+08
4.787799914550780045e+02,1.787462565602369920e+17,1.985683286986144960e+17,2.705221198335173440e+17,1.732557044081242880e+17,1.102199395411455600e+16,1.013033089604586375e+15,2.382912745568939453e+12,8.656629872141730785e+08
4.792099914550780113e+02,1.828319471580178880e+17,2.008201612966352320e+17,2.731846164171375040e+17,1.753287858902011520e+17,1.121260435735331000e+16,1.033692003805755125e+15,2.442156020111715820e+12,8.929702668608932495e+08
4.797000122070310226e+02,1.852427502623672960e+17,2.034040145105559360e+17,2.762463361305347200e+17,1.777079416217089600e+17,1.143460416057703000e+16,1.057886052077129875e+15,2.512038711635397949e+12,9.255244621085646152e+08
4.804500122070310226e+02,1.889286477889028800e+17,2.073775078376813120e+17,2.809615403158054720e+17,1.813669463662342080e+17,1.177947276010896800e+16,1.095610057783218500e+15,2.621526721666791504e+12,9.768758391655541658e+08
4.806900024414060226e+02,1.913515794801428800e+17,2.086615548986184000e+17,2.824893727912297920e+17,1.825492056818461120e+17,1.189326598381018600e+16,1.108153008217967625e+15,2.658294667101254883e+12,9.943368603015538454e+08
4.814400024414060226e+02,1.929431221166765120e+17,2.126775857995120000e+17,2.872687751647090240e+17,1.862467346082274880e+17,1.224977699391824400e+16,1.147474591502102500e+15,2.773656467802762695e+12,1.049196732319839478e+09
4.819299926757810226e+02,1.962895176531675840e+17,2.153279193132910400e+17,2.904303053494557440e+17,1.886856639438466240e+17,1.249006038516718400e+16,1.174181502258036250e+15,2.852798697511817871e+12,1.087447326463839054e+09
4.824299926757810226e+02,1.987437542550084160e+17,2.180350773065761920e+17,2.936602517017183360e+17,1.911766812730223360e+17,1.273600774123650800e+16,1.201538989059025500e+15,2.933950893451945312e+12,1.126725154342250109e+09
4.826699829101560226e+02,2.020209102751743360e+17,2.193474749059910720e+17,2.952291514089034880e+17,1.923833081949664960e+17,1.285772280708190400e+16,1.215179513711485750e+15,2.974810343926566406e+12,1.146770600438248634e+09
4.830449829101560226e+02,2.024181817687106240e+17,2.213981795984643840e+17,2.976806569533963520e+17,1.942687394788996160e+17,1.304791033621570800e+16,1.236493700757446000e+15,3.038655833172770020e+12,1.178092884470246553e+09
4.839099731445310226e+02,2.085414840543973760e+17,2.261602082597122560e+17,3.033795783167772160e+17,1.986436700014747520e+17,1.349572005094137200e+16,1.286933252361234250e+15,3.190745832379025391e+12,1.253424394197385788e+09
4.841599731445310226e+02,2.080442559499575040e+17,2.275424831402139520e+17,3.050349535153623040e+17,1.999129664558675840e+17,1.362685252511918400e+16,1.301750049840375500e+15,3.235605452378768555e+12,1.275773693909385443e+09
4.848999938964839771e+02,2.138041812361081280e+17,2.316657550794384960e+17,3.099778015634840960e+17,2.036951079926771200e+17,1.402426923883378800e+16,1.346912106642151500e+15,3.373365350168270508e+12,1.345121125427573442e+09
4.851499938964839771e+02,2.152845925543303040e+17,2.330633809608104320e+17,3.116539531630322560e+17,2.049765007009377920e+17,1.415989373305803200e+16,1.362361470188787500e+15,3.420638378718925781e+12,1.369019745331573248e+09
4.857200146484379957e+02,2.192344028603699200e+17,2.362709006563086400e+17,3.155031808134248320e+17,2.079140441058419520e+17,1.447535967911275800e+16,1.398470348599994750e+15,3.531824623518402344e+12,1.425777651260248184e+09
4.863900146484380116e+02,2.212672041424567040e+17,2.400584832641159360e+17,3.200505941817594240e+17,2.113801296634832960e+17,1.485139075618267200e+16,1.441654394245002000e+15,3.665369031395424805e+12,1.494395317676854372e+09
4.871300048828130116e+02,2.258394176989447040e+17,2.442878025242140800e+17,3.251323476066227200e+17,2.152422480849040640e+17,1.528084340754533200e+16,1.491366301708114250e+15,3.820698402366014648e+12,1.575382716252853394e+09
4.871300048828130116e+02,2.230399992315569920e+17,2.442878025242140800e+17,3.251323476066227200e+17,2.152422480849040640e+17,1.528084340754533200e+16,1.491366301708114250e+15,3.820698402366014648e+12,1.575382716252853394e+09
4.878699951171880116e+02,2.281802430458493760e+17,2.485477725892670400e+17,3.302526241044050560e+17,2.191262102542999040e+17,1.571996438444000000e+16,1.542465866630757250e+15,3.981466371868806152e+12,1.660056350327796221e+09
4.881199951171880116e+02,2.306007565616544960e+17,2.499924146032343360e+17,3.319893122269150080e+17,2.204422566599952320e+17,1.587003523247398000e+16,1.559975925344565750e+15,4.036746551216261719e+12,1.689317404279795885e+09
4.886099853515630116e+02,2.362490287781471680e+17,2.528381470006234880e+17,3.354107052883754240e+17,2.230314992286508800e+17,1.616881264643079800e+16,1.594965761972915250e+15,4.147745735518491699e+12,1.748493324695551872e+09
4.891099853515630116e+02,2.400338480168400960e+17,2.557591877299798080e+17,3.389230864730548480e+17,2.256854654737732480e+17,1.647927528716439400e+16,1.631476561947018000e+15,4.264199868721427246e+12,1.811071881623547554e+09
4.895999755859380116e+02,2.430421153590243520e+17,2.586354410079298560e+17,3.423815961230170880e+17,2.282954050440266240e+17,1.678811833433401000e+16,1.667924398697510000e+15,4.380986610905887207e+12,1.874252029132117033e+09
4.900761390099160053e+02,2.451692531675391040e+17,2.614475483196412160e+17,3.457629530502350080e+17,2.308430131468282560e+17,1.709395894046153000e+16,1.704174037779722500e+15,4.497789213366837891e+12,1.937954395236681700e+09
4.908399963378910229e+02,2.481910777053299840e+17,2.659876863625299520e+17,3.512213621458748160e+17,2.349484433903220160e+17,1.759465918868238400e+16,1.763798777504857750e+15,4.691089613480684570e+12,2.044333706576335669e+09
4.913299865722660229e+02,2.503194397403943680e+17,2.689126586845745600e+17,3.547375905402263680e+17,2.375900360262198400e+17,1.792022852728909000e+16,1.802687676437060000e+15,4.817666202547235352e+12,2.114396374640330791e+09
4.916399865722660252e+02,2.529387065446526080e+17,2.707793907903336640e+17,3.569808367571988480e+17,2.392712737249827200e+17,1.813205203520546800e+16,1.828151984144965000e+15,4.901238340701169922e+12,2.161221807764090538e+09
4.923200073242189774e+02,2.578054815838186880e+17,2.748819487848445120e+17,3.619104794702237440e+17,2.429639903257753280e+17,1.859947767759458400e+16,1.884418068986604500e+15,5.086215370512081055e+12,2.265121225599022865e+09
4.923200073242189774e+02,2.597812278406108800e+17,2.748819487848445120e+17,3.619104794702237440e+17,2.429639903257753280e+17,1.859947767759458400e+16,1.884418068986604500e+15,5.086215370512081055e+12,2.265121225599022865e+09
4.933099975585939774e+02,2.612813106976138240e+17,2.809130336358439360e+17,3.691531140076656640e+17,2.483745340538262080e+17,1.930193476565301200e+16,1.969585721317507250e+15,5.368822662002933594e+12,2.425992177252616882e+09
4.936657667893629764e+02,2.644643431408769920e+17,2.830994970105924160e+17,3.717770055647166720e+17,2.503297363153977920e+17,1.956183542316612000e+16,2.001303930855104000e+15,5.474966333100156250e+12,2.487212589542486668e+09
4.940499877929689774e+02,2.670311892696255680e+17,2.854658988972704320e+17,3.746163513593834240e+17,2.524441741796361280e+17,1.984451306868488000e+16,2.035855712613454500e+15,5.590823836413022461e+12,2.554242165734526157e+09
4.947999877929689774e+02,2.706913798870894720e+17,2.901108894687817600e+17,3.801866709884543360e+17,2.565854191354401280e+17,2.040687352295660400e+16,2.104887343225582250e+15,5.823577617451291992e+12,2.689939856487978935e+09
4.955399780273439774e+02,2.738916863380056000e+17,2.947239088304117120e+17,3.857149620639416960e+17,2.606872598496961920e+17,2.097423956918578400e+16,2.174878918030781000e+15,6.061072233743059570e+12,2.829672744183893204e+09
4.955399780273439774e+02,2.769170557965410880e+17,2.947239088304117120e+17,3.857149620639416960e+17,2.606872598496961920e+17,2.097423956918578400e+16,2.174878918030781000e+15,6.061072233743059570e+12,2.829672744183893204e+09
4.957899780273439774e+02,2.802747643483671680e+17,2.962944928420802560e+17,3.875955115559804160e+17,2.620791919947147520e+17,2.117113517661806400e+16,2.199312691208382750e+15,6.144611720872658203e+12,2.879403721975892544e+09
4.963376910869890253e+02,2.836816043818037120e+17,2.997354103399224960e+17,3.917155176203744000e+17,2.651287096505803520e+17,2.160250435892768000e+16,2.252843477871492500e+15,6.327634393260380859e+12,2.988356945998275757e+09
4.972699890136719887e+02,2.876194194761685760e+17,3.056457756259082240e+17,3.987839778179402880e+17,2.703449288193336320e+17,2.236095443716402400e+16,2.347638863506947000e+15,6.654719604830881836e+12,3.185666840965886116e+09
4.975199890136719887e+02,2.902361460872031360e+17,3.072394145694901120e+17,4.006883550967834880e+17,2.717475783287797760e+17,2.256850459827311200e+16,2.373696205258063500e+15,6.745145250123446289e+12,3.240683776468677998e+09
4.981253943810099827e+02,2.934147372335123840e+17,3.111150709297772800e+17,4.053168293845267200e+17,2.751515495319003200e+17,2.307899563969478000e+16,2.438003578787101000e+15,6.969265199882284180e+12,3.377910585885187626e+09
4.987500000000000000e+02,3.001002989973580160e+17,3.151347389160251520e+17,4.101131681091342720e+17,2.786720178138612800e+17,2.361637814459468000e+16,2.505999070396374000e+15,7.207579020947875977e+12,3.525064423490973949e+09
4.992500000000000000e+02,3.044097146902602240e+17,3.183645139927723520e+17,4.139646592349577600e+17,2.814950332352348800e+17,2.405264794967574400e+16,2.561368382525364500e+15,7.402384536170913086e+12,3.646035654722972393e+09
4.994899902343750000e+02,3.057374219880748800e+17,3.199206538045742080e+17,4.158190785776502400e+17,2.828521734972641920e+17,2.426523713322807200e+16,2.588439069533538000e+15,7.498029959673370117e+12,3.705808154842913628e+09
5.002399902343750000e+02,3.106018262046894720e+17,3.248075350771569280e+17,4.216375908930336640e+17,2.871020388289845760e+17,2.494241374191797600e+16,2.675025024630648500e+15,7.805541749487108398e+12,3.899469295834899902e+09
5.004799804687500000e+02,3.133364266960718720e+17,3.263764616754483200e+17,4.235043979845019520e+17,2.884635863198453760e+17,2.516208835942137600e+16,2.703197862600852000e+15,7.905978838581580078e+12,3.963081508620467186e+09
5.012299804687500000e+02,3.151160137075566080e+17,3.313043049362229760e+17,4.293620618433633280e+17,2.927264465104359040e+17,2.586284726261018000e+16,2.793466604976029000e+15,8.229575655096647461e+12,4.169715779340464592e+09
5.014700012207030113e+02,3.183866571693384960e+17,3.328858373963049600e+17,4.312408621410554240e+17,2.940918705069098240e+17,2.608987762325203200e+16,2.822790393930219500e+15,8.335051985410307617e+12,4.237411850374920845e+09
5.019700012207030113e+02,3.224276514834821120e+17,3.361974512832061440e+17,4.351705892087066880e+17,2.969407806567648000e+17,2.657333036074864000e+16,2.885529645137034500e+15,8.562054077569280273e+12,4.384386291846919060e+09
5.027099914550780113e+02,3.264093595207747840e+17,3.411150708426311680e+17,4.410015020187465600e+17,3.011605226809549440e+17,2.729978857307858800e+16,2.980117740286367500e+15,8.905712944571806641e+12,4.608286262601969719e+09
5.029599914550780113e+02,3.291183137427490560e+17,3.427835665586923520e+17,4.429778988185231360e+17,3.025876012841878400e+17,2.754994372313225600e+16,3.012822134378452000e+15,9.025137123288476562e+12,4.686681605449969292e+09
5.037000122070310226e+02,3.357070456405446400e+17,3.477377539825405440e+17,4.488417096907539840e+17,3.068140102941454720e+17,2.830142085423460800e+16,3.111383750892048500e+15,9.386487123103851562e+12,4.925306363111964226e+09
5.039400024414060226e+02,3.352568211563566080e+17,3.493511016127069440e+17,4.507492672136423680e+17,3.081855786709592960e+17,2.854993774548804800e+16,3.144114826874914500e+15,9.507105702595531250e+12,5.005566425751963615e+09
5.044400024414060226e+02,3.373998767650650880e+17,3.527149223717153920e+17,4.547256809502210560e+17,3.110432876058135040e+17,2.906969072288335600e+16,3.212626754587167500e+15,9.759844510272644531e+12,5.174008212927561760e+09
5.049349975585939774e+02,3.407532740563735680e+17,3.560654351550831360e+17,4.586796982120065920e+17,3.138736610274322560e+17,2.960016252680524400e+16,3.283010488655210000e+15,1.002158284869416211e+13,5.350584939687721252e+09
5.054203772911660053e+02,3.464675849292627840e+17,3.593524105577941760e+17,4.625581816669368320e+17,3.166490106331765120e+17,3.012165397738379600e+16,3.352241274538468000e+15,1.027921035209318164e+13,5.524568270199768066e+09
5.061699829101560226e+02,3.503042804725607040e+17,3.644590926154583680e+17,4.685730056216794240e+17,3.209343271410208640e+17,3.095303099951747200e+16,3.463366619480258500e+15,1.069619786529219922e+13,5.809691210624223709e+09
5.062180598332329851e+02,3.555277643891178880e+17,3.647866162548830720e+17,4.689587741128271360e+17,3.212091714416621440e+17,3.100635243698872400e+16,3.470493786787069500e+15,1.072294189720478516e+13,5.827977938107314110e+09
5.071599731445310226e+02,3.585150687064378240e+17,3.712351978827464960e+17,4.765417273795848320e+17,3.265895851810203520e+17,3.208103051857821600e+16,3.615020795713350000e+15,1.126930930329455469e+13,6.205772008154153824e+09
5.076499938964839771e+02,3.586647889232517760e+17,3.746036959115859200e+17,4.804970482337148160e+17,3.293855545118864640e+17,3.265410763094424000e+16,3.692502636514716000e+15,1.156411321929118164e+13,6.411598105603285789e+09
5.078999938964839771e+02,3.608132089040294400e+17,3.763266308183210240e+17,4.825182582810593280e+17,3.308108584339806720e+17,3.295108346039542800e+16,3.732788360546950500e+15,1.171800476061084961e+13,6.519680338947278023e+09
5.083900146484380116e+02,3.636394637676368640e+17,3.797039033800228480e+17,4.864801213491614720e+17,3.336044983988345600e+17,3.353338936962052400e+16,3.811786252920681000e+15,1.201980552205557812e+13,6.731673892079500198e+09
5.088900146484380116e+02,3.702434501930605440e+17,3.831673846471584000e+17,4.905348306714019200e+17,3.364477451974781440e+17,3.414808494111439200e+16,3.895790879552171500e+15,1.234355341087989258e+13,6.962096764143497467e+09
5.094700048828129866e+02,3.751014742839256320e+17,3.871876832121646720e+17,4.952399562207406080e+17,3.397441880086248960e+17,3.486476986014168400e+16,3.993843400053661000e+15,1.272194750010398242e+13,7.231962646689681053e+09
5.098699951171880116e+02,3.789037289664956160e+17,3.899712347694237440e+17,4.984918397671444480e+17,3.420108827162032000e+17,3.537368681714760000e+16,4.063909665227932500e+15,1.299436139145630469e+13,7.428433912835610390e+09
5.103699951171880116e+02,3.801060616370235520e+17,3.934507591653233920e+17,5.025567934421820160e+17,3.448443202763975680e+17,3.600984854469713200e+16,4.151494635000692500e+15,1.333488706926186914e+13,7.674028991491607666e+09
5.111099853515630116e+02,3.859401906745134720e+17,3.986212692780584320e+17,5.085846316026793600e+17,3.490198373188286080e+17,3.698356109128250400e+16,4.286532726322420500e+15,1.386442447817521875e+13,8.060900922932478905e+09
5.113599853515630116e+02,3.854516354483111040e+17,4.003682321593938560e+17,5.106211726208350080e+17,3.504303784370557440e+17,3.731274734775860800e+16,4.332192125255211000e+15,1.404350320524900781e+13,8.191766058548477173e+09
5.118499755859380116e+02,3.908402913657275520e+17,4.038040111641674880e+17,5.146182390995848320e+17,3.531810359414934400e+17,3.797930875323858400e+16,4.425303999504532500e+15,1.441172201620118555e+13,8.464224973607023239e+09
5.124361196664669933e+02,4.005798945573629440e+17,4.079158889126778880e+17,5.194004071565256960e+17,3.564687612229477120e+17,3.878047881386364000e+16,4.537335991201541000e+15,1.485529824159724609e+13,8.793042572918483734e+09
5.125899658203129547e+02,3.938009183630860800e+17,4.089982030962945920e+17,5.206566252073163520e+17,3.573267143766630400e+17,3.899743856704726400e+16,4.567881675637533000e+15,1.497719285292800586e+13,8.884470485386060715e+09
5.131099560546880411e+02,4.058200147171813120e+17,4.126563563353404160e+17,5.249025624785912960e+17,3.602265415763078400e+17,3.973074876094963200e+16,4.671124150096284000e+15,1.538918890177564453e+13,9.193491025997308731e+09
5.138200073242189774e+02,4.078322572822672640e+17,4.176594790661504640e+17,5.307016096028257280e+17,3.641683862739790720e+17,4.075347791114222400e+16,4.815787117976220000e+15,1.596957488388107031e+13,9.632368993386510849e+09
5.140700073242189774e+02,4.109117178865688960e+17,4.194227693281874560e+17,5.327436433172413440e+17,3.655522761604693760e+17,4.111832862113714400e+16,4.867541253617479000e+15,1.617788400208701953e+13,9.790655931498508453e+09
5.150599975585939774e+02,4.131108144243463040e+17,4.264149813252354560e+17,5.408286206700007680e+17,3.710007126544712320e+17,4.259743995165952800e+16,5.078447571342319000e+15,1.703180549984184375e+13,1.044533330021424866e+10
5.155499877929689774e+02,4.161712254209930240e+17,4.298796764689445760e+17,5.448287600378944640e+17,3.736813160024684160e+17,4.334611615661447200e+16,5.185731189454082000e+15,1.746860803195858984e+13,1.078305110770174980e+10
5.160499877929689774e+02,4.218305016811043840e+17,4.334185852362766080e+17,5.489082982899921280e+17,3.763991018988695680e+17,4.412751714557672000e+16,5.298260908765547000e+15,1.792931753945656641e+13,1.114224487973374557e+10
5.164099780273439819e+02,4.239168552173554560e+17,4.359666880369392000e+17,5.518451852604855040e+17,3.783543750925567360e+17,4.469146840065966400e+16,5.379520147168675000e+15,1.826220586709576953e+13,1.140202269240836716e+10
5.167899780273439774e+02,4.277353058865785600e+17,4.386586550878712960e+17,5.549410593263852160e+17,3.803973958336220160e+17,4.530597827906727200e+16,5.468692464781433000e+15,1.863038527087073438e+13,1.169272827997696686e+10
5.171900292968749682e+02,4.332066111141976320e+17,4.414926678148739200e+17,5.582002918273623040e+17,3.825482196260992000e+17,4.595291369221544000e+16,5.562570093381447000e+15,1.901799221270057812e+13,1.199877338357320976e+10
5.175946420522840299e+02,4.379462214387147520e+17,4.443594454030499840e+17,5.614930778544787840e+17,3.847098220912633600e+17,4.661899687705195200e+16,5.659617866211613000e+15,1.942047639250338281e+13,1.231873395408011436e+10
5.182700195312500000e+02,4.370203530136036480e+17,4.491453550519815040e+17,5.669837770757258880e+17,3.882966221780108800e+17,4.774909031715488800e+16,5.824868616718333000e+15,2.010853283390582422e+13,1.286899309040287781e+10
5.185100097656250000e+02,4.425833147792568320e+17,4.508457286265083520e+17,5.689320409973736960e+17,3.895621523376515200e+17,4.815791288024852000e+16,5.884894802654462000e+15,2.035958034200130859e+13,1.307111484671224403e+10
5.187600097656250000e+02,4.409509725905667840e+17,4.526167713348259840e+17,5.709588694590247680e+17,3.908718339961463680e+17,4.859073426290412000e+16,5.948675262886116000e+15,2.062737492945269531e+13,1.328798084351224136e+10
5.197500000000000000e+02,4.444658171217674240e+17,4.596276795416795520e+17,5.789748405610969600e+17,3.960293774035948800e+17,5.032656117429278400e+16,6.205217700683344000e+15,2.170792707049511328e+13,1.416726230901037788e+10
5.200284517728370020e+02,4.506515916776716800e+17,4.615984854420225280e+17,5.812245626815315200e+17,3.974661820911143040e+17,5.082532514669107200e+16,6.279288637725407000e+15,2.202152888352898828e+13,1.442444811151418686e+10
5.204899902343750000e+02,4.544271607382405120e+17,4.648639886812110720e+17,5.849500038721911040e+17,3.998387258022463360e+17,5.165853183311700800e+16,6.403254434648831000e+15,2.254740221506612891e+13,1.485699249190846443e+10
5.212299804687500000e+02,4.602982457651470720e+17,4.700934013225965440e+17,5.909039366883292160e+17,4.035937455896418560e+17,5.302979183784596000e+16,6.608499365460803000e+15,2.342360276927747656e+13,1.558454582706045532e+10
5.217199707031250000e+02,4.594268069782655360e+17,4.735509563187520640e+17,5.948332974780752640e+17,4.060491754489566720e+17,5.395917937141591200e+16,6.748368192528441000e+15,2.402413758427228906e+13,1.608756377827169800e+10
5.222099609375000000e+02,4.581847165931427840e+17,4.770061325122014080e+17,5.987566050584803840e+17,4.084902676187711360e+17,5.489846787765806400e+16,6.890071402225933000e+15,2.463408969162719531e+13,1.660042058049569130e+10
5.224599609375000000e+02,4.607604126078171520e+17,4.787675214271804160e+17,6.007549765598411520e+17,4.097282833857511680e+17,5.538264856119274400e+16,6.963295321901295000e+15,2.495008046881756641e+13,1.686713171926000214e+10
5.229500122070310226e+02,4.616035405910811520e+17,4.822133811402590080e+17,6.046568378168403200e+17,4.121208918989664640e+17,5.635435790647230400e+16,7.111061655403505000e+15,2.559138109477310938e+13,1.741302285117168045e+10
5.234500122070310226e+02,4.696791140259163520e+17,4.857276049402232960e+17,6.086346250947376640e+17,4.145551340055808000e+17,5.735021647574362400e+16,7.262664003202992000e+15,2.625005940232153516e+13,1.797465509230224228e+10
5.241900024414060226e+02,4.753812393865760640e+17,4.909128297435843200e+17,6.144891291620239360e+17,4.180890623346152320e+17,5.886784651753561600e+16,7.495310297171849000e+15,2.726803782436840234e+13,1.885198090356622696e+10
5.245069157527040034e+02,4.755726481229742720e+17,4.931299416131660160e+17,6.169895403952200960e+17,4.195886290991255680e+17,5.952634840214724800e+16,7.596579055002181000e+15,2.771258689170896094e+13,1.923697000427834702e+10
5.249299926757810226e+02,4.748752221319944960e+17,4.960821946847994240e+17,6.203128853151864320e+17,4.215608701603206400e+17,6.042369902738401600e+16,7.735260551332697000e+15,2.832437917744290234e+13,1.977069522860830688e+10
5.255307476337139860e+02,4.767294036502076800e+17,5.002693759218926720e+17,6.250228356087737600e+17,4.243437020958839040e+17,6.170844467755867200e+16,7.934219287898589000e+15,2.920387790473936328e+13,2.054036009272162247e+10
5.261599731445310226e+02,4.824571987340096000e+17,5.046389123628419840e+17,6.299262861001872640e+17,4.272006001924049280e+17,6.308852931473868000e+16,8.149262456487846000e+15,3.016028296072694922e+13,2.138505677142278671e+10
5.261599731445310226e+02,4.791668732400606080e+17,5.046389123628419840e+17,6.299262861001872640e+17,4.272006001924049280e+17,6.308852931473868000e+16,8.149262456487846000e+15,3.016028296072694922e+13,2.138505677142278671e+10
5.269000244140629547e+02,4.880358767658014080e+17,5.097582824265509120e+17,6.356581958559669760e+17,4.304943874326310400e+17,6.475005690419889600e+16,8.409676136216408000e+15,3.132511398146376172e+13,2.242268800128894043e+10
5.276400146484379547e+02,4.919561978885975040e+17,5.148576153991741440e+17,6.413553041526028800e+17,4.337242125420703360e+17,6.644777597043135200e+16,8.677208873211617000e+15,3.252809276008663281e+13,2.350277568282257462e+10
5.281300048828129547e+02,4.938370438244390400e+17,5.182203571230486400e+17,6.451038184044202240e+17,4.358191375887288320e+17,6.759657220587543200e+16,8.859226146983882000e+15,3.335082125316380469e+13,2.424724163375056458e+10
5.283800048828129547e+02,4.924173823703954560e+17,5.199360758700578560e+17,6.470163637924924160e+17,4.368879982004768640e+17,6.818270441568844800e+16,8.952093953831315000e+15,3.377058905431528906e+13,2.462707877064656067e+10
5.288699951171879547e+02,4.976517798840492800e+17,5.232757003112739840e+17,6.507258987553589760e+17,4.389132487381270400e+17,6.936980932484663200e+16,9.141770630994292000e+15,3.463480560061050781e+13,2.541846387027869415e+10
5.291099853515629547e+02,5.012820944086117760e+17,5.249112844911220480e+17,6.525425800505445120e+17,4.399048371242042880e+17,6.995142908801358400e+16,9.234710091836414000e+15,3.505829523732675781e+13,2.580630902103068924e+10
5.296099853515629547e+02,5.105702723636697600e+17,5.283071335439332480e+17,6.563080444872881920e+17,4.419367218951062400e+17,7.118147153712720000e+16,9.432042499151826000e+15,3.596080302269657031e+13,2.663748986708094406e+10
5.305899658203129547e+02,5.127001142784973440e+17,5.349230612387069440e+17,6.636226844092494080e+17,4.458051522164897280e+17,7.365323961330987200e+16,9.831181862693772000e+15,3.779739177841125781e+13,2.834434324242657852e+10
5.308399658203129547e+02,5.127406904081313920e+17,5.365996039447441280e+17,6.654704244220879360e+17,4.467606532509901440e+17,7.430032770812148800e+16,9.936391193609378000e+15,3.828454839903511719e+13,2.880132668793057251e+10
5.310899658203129547e+02,5.180527232021498240e+17,5.382761466507813760e+17,6.673181644349263360e+17,4.477161542854904960e+17,7.494741580293310400e+16,1.004160052452498200e+16,3.877170501965898438e+13,2.925831013343456650e+10
5.320700073242189774e+02,5.186058865460079360e+17,5.448065094954572160e+17,6.744941724675795200e+17,4.513481030634168960e+17,7.754294163781862400e+16,1.046625240919351000e+16,4.074917166861912500e+13,3.112914091948690414e+10
5.325599975585939774e+02,5.229998274801982080e+17,5.480509637904499200e+17,6.780491589765323520e+17,4.531091032874037120e+17,7.886872918874142400e+16,1.068444292707519600e+16,4.177058237871059375e+13,3.210309381457331467e+10
5.330499877929689774e+02,5.287895803466839680e+17,5.512747421059652480e+17,6.815712589399508480e+17,4.548154575913932800e+17,8.022230021413720000e+16,1.090847883838175200e+16,4.282466722866225781e+13,3.311574772551729965e+10
5.335499877929689774e+02,5.330279578570351360e+17,5.545528394832850560e+17,6.851471099215504640e+17,4.565268347924204160e+17,8.161846038042811200e+16,1.114027787813509600e+16,4.391823978688556250e+13,3.417061030165737534e+10
5.340400390625000000e+02,5.369470045953221120e+17,5.577427521255908480e+17,6.886155944954396160e+17,4.581447914123328640e+17,8.301656462892244800e+16,1.137380525172615400e+16,4.502577983843413281e+13,3.524730912550074005e+10
5.345300292968750000e+02,5.355965685893004160e+17,5.609215211859390080e+17,6.920668060896257280e+17,4.597352717462616960e+17,8.442796154175796800e+16,1.161021746278969600e+16,4.614973399607061719e+13,3.634394421090953827e+10
5.347800292968750000e+02,5.380805079539200000e+17,5.625303348355242880e+17,6.938072284438257920e+17,4.605136620583960320e+17,8.516441707367305600e+16,1.173437411839193000e+16,4.674327580727880469e+13,3.692781659183753204e+10
5.355200195312500000e+02,5.379319251233854720e+17,5.672818118557221120e+17,6.989423625626370560e+17,4.627913155644467840e+17,8.735714479919115200e+16,1.210469438998253200e+16,4.851629405223972656e+13,3.867587036632315063e+10
5.360100097656250000e+02,5.439577630772617600e+17,5.703967467785204480e+17,7.022938380719475200e+17,4.642213100376971520e+17,8.884719024014160000e+16,1.235827454268892400e+16,4.973824339262800000e+13,3.989213677144313049e+10
5.362500000000000000e+02,5.490468190366652800e+17,5.719223975154963840e+17,7.039353430174644480e+17,4.649217009530957440e+17,8.957699326378600000e+16,1.248247448793575200e+16,5.033673676661985938e+13,4.048784672472312164e+10
5.368792255108170366e+02,5.539384714002925440e+17,5.758819469844789120e+17,7.081762198326579200e+17,4.666581579174091520e+17,9.153859983222379200e+16,1.281884869967000400e+16,5.196791021097908594e+13,4.212667110153697968e+10
5.374430588942309441e+02,5.566655841075440640e+17,5.794151073627751680e+17,7.119532473606922240e+17,4.681775796112154880e+17,9.331391897876464000e+16,1.312420425348671800e+16,5.345237137707000781e+13,4.362359445912880707e+10
5.382199707031250000e+02,5.604602487298754560e+17,5.842237678415440640e+17,7.170651225608619520e+17,4.701256507177427840e+17,9.582960638436614400e+16,1.356069240855348600e+16,5.558944240240499219e+13,4.580121274408951569e+10
5.384699707031250000e+02,5.592210549909444480e+17,5.857635508486643200e+17,7.186983294186466560e+17,4.707342067271964160e+17,9.664777841869630400e+16,1.370314237647946400e+16,5.628883024318864844e+13,4.651681483351357269e+10
5.389599609375000000e+02,5.604527438579681280e+17,5.887526159091962880e+17,7.218547208055345920e+17,4.718572800517295360e+17,9.828430894486932800e+16,1.398992655660560800e+16,5.770415404417387500e+13,4.797596921354555511e+10
5.392099609375000000e+02,5.590692245370181760e+17,5.902776794976291840e+17,7.234651566700952320e+17,4.724302880658410880e+17,9.911929014008665600e+16,1.413624793201625800e+16,5.842627241597700000e+13,4.872045057136954498e+10
5.394499511718750000e+02,5.679406521376602240e+17,5.917356716431128320e+17,7.250018223079983360e+17,4.729659478379015680e+17,9.992759623147089600e+16,1.427829378874842400e+16,5.912885185423296875e+13,4.944716416511193848e+10
5.403150024414060226e+02,5.720351889098791040e+17,5.969326866653482240e+17,7.304505603391152640e+17,4.747568547839706240e+17,1.029067726791067680e+17,1.480567503225781400e+16,6.175235000642748438e+13,5.218354969708718872e+10
5.407099926757809953e+02,5.769839108787514880e+17,5.992746286363649280e+17,7.328904809367005440e+17,4.755005651469552640e+17,1.043015678142000800e+17,1.505470463666268400e+16,6.299937332475636719e+13,5.349687726082721710e+10
5.411699829101560226e+02,5.804485492463814400e+17,6.019941737359910400e+17,7.357198750749926400e+17,4.763480962052625280e+17,1.059345372689573760e+17,1.534677673092882600e+16,6.446392318820217188e+13,5.504234345195863342e+10
5.416699829101560226e+02,5.813458878816304640e+17,6.049222194802673920e+17,7.387519795900848640e+17,4.772027866549939840e+17,1.077403412123094400e+17,1.567173616506582000e+16,6.610094335448075000e+13,5.678153807643362427e+10
5.424000244140629547e+02,5.833636655676433920e+17,6.091650003108181760e+17,7.431289586132791040e+17,4.783737983482092800e+17,1.104125439601189120e+17,1.615485602924180200e+16,6.854327853278345312e+13,5.938954430562280273e+10
5.424000244140629547e+02,5.788492833208582400e+17,6.091650003108181760e+17,7.431289586132791040e+17,4.783737983482092800e+17,1.104125439601189120e+17,1.615485602924180200e+16,6.854327853278345312e+13,5.938954430562280273e+10
5.431400146484379547e+02,5.851862626848149760e+17,6.133924236800110080e+17,7.474522182406362880e+17,4.793875842989616640e+17,1.132008589699837920e+17,1.666430013240343400e+16,7.113888531854690625e+13,6.219281780723876190e+10
5.440184607872599827e+02,5.932018641397967360e+17,6.183454093127571200e+17,7.524828601162434560e+17,4.804364805892903040e+17,1.165816721383749760e+17,1.728695485431846600e+16,7.432986786915145312e+13,6.566842462189022827e+10
5.443699951171879547e+02,5.996625392913707520e+17,6.203173600695357440e+17,7.544802988025566720e+17,4.808323044582810880e+17,1.179455523093969760e+17,1.753889591897531000e+16,7.562380729583151562e+13,6.708216065620194244e+10
5.446099853515629547e+02,6.012885880851174400e+17,6.216399173871252480e+17,7.558070997537048320e+17,4.810465813232467200e+17,1.189021812926252160e+17,1.771748036577306000e+16,7.654793064485960938e+13,6.810286091979011536e+10
5.453499755859379547e+02,6.033332640029945600e+17,6.257130496915747840e+17,7.598906140813401600e+17,4.816957924769625600e+17,1.218571104584211200e+17,1.826948385822684800e+16,7.940576268924281250e+13,7.126151888043008423e+10
5.454172832782460318e+02,6.040945439158897920e+17,6.260800782080725760e+17,7.602566541631447040e+17,4.817466753832970240e+17,1.221295953120856480e+17,1.832067202263085200e+16,7.967182081494871875e+13,7.155726347223927307e+10
5.463299560546879547e+02,6.086427882629904640e+17,6.310061152040693760e+17,7.651408792423077120e+17,4.823165776125157760e+17,1.258789689334003200e+17,1.902916287869610400e+16,8.336940005849367188e+13,7.569154354145346069e+10
5.468200073242189774e+02,6.121395512363368960e+17,6.336039976977016320e+17,7.676897376352748800e+17,4.825109298899966720e+17,1.279427459533344160e+17,1.942323676551715200e+16,8.544088169020223438e+13,7.803161015604347229e+10
5.472100073242189637e+02,6.146195411091864320e+17,6.356667413027703040e+17,7.697107909132898560e+17,4.826543620238245120e+17,1.295902646831844960e+17,1.973822940147881600e+16,8.709810741559120312e+13,7.990601841824882507e+10
5.478099975585939774e+02,6.293193493394657280e+17,6.387936838718897920e+17,7.727471684935758080e+17,4.827645496257252480e+17,1.321747911565723840e+17,2.023663133759078000e+16,8.973551837416121875e+13,8.291392607268502808e+10
5.478099975585939774e+02,6.205162404004313600e+17,6.387936838718897920e+17,7.727471684935758080e+17,4.827645496257252480e+17,1.321747911565723840e+17,2.023663133759078000e+16,8.973551837416121875e+13,8.291392607268502808e+10
5.490300292968750000e+02,6.304283027186360320e+17,6.450422354272893440e+17,7.787487385661402880e+17,4.827266818331513600e+17,1.375484180599287840e+17,2.128331820658044800e+16,9.531130914230210938e+13,8.933347880813821411e+10
5.495300292968750000e+02,6.347955614050483200e+17,6.475611378203363840e+17,7.811422971770126080e+17,4.826108442505798400e+17,1.397958727340734720e+17,2.172522907617102400e+16,9.767996929355270312e+13,9.208449529246365356e+10
5.500200195312500000e+02,6.316875621056061440e+17,6.499912487362096640e+17,7.834273760601107200e+17,4.824051874132339200e+17,1.420398080624653280e+17,2.217037057033678000e+16,1.000795954256239219e+14,9.489399610495962524e+10
5.502600097656250000e+02,6.313170741540390400e+17,6.511814824334211840e+17,7.845465751343933440e+17,4.823044596249374080e+17,1.431388556099537280e+17,2.238839453085742800e+16,1.012548981101411250e+14,9.627004956718360901e+10
5.510000000000000000e+02,6.349797693932993280e+17,6.547836772160133120e+17,7.878901971539059200e+17,4.818299751039323520e+17,1.466013422595918400e+17,2.308270992703576400e+16,1.050234348712941875e+14,1.007250455068914032e+11
5.512399902343750000e+02,6.394637246039683840e+17,6.559474566543728640e+17,7.889675114115420160e+17,4.816652909426115840e+17,1.477291347253992320e+17,2.330934070314233600e+16,1.062551582315439219e+14,1.021838440557552185e+11
5.517299804687500000e+02,6.396379094091732480e+17,6.582856768964389120e+17,7.911069367154370560e+17,4.812367660049947520e+17,1.500731840689486720e+17,2.378482657737151600e+16,1.088545567831999844e+14,1.052878440690067596e+11
5.522199707031250000e+02,6.410158405233090560e+17,6.606079773006504960e+17,7.932210874207155200e+17,4.807694539956749440e+17,1.524346437791982400e+17,2.426568021920319600e+16,1.114895020265958594e+14,1.084446140042227173e+11
5.524699707031250000e+02,6.390820225123692800e+17,6.617835865656029440e+17,7.942850188319635200e+17,4.805082588192978560e+17,1.536497016954438080e+17,2.451426413323605200e+16,1.128556045894388906e+14,1.100878999232723846e+11
5.534499511718750000e+02,6.403312534826009600e+17,6.663143891404899840e+17,7.983322053331708160e+17,4.792937302818282240e+17,1.584981134384175040e+17,2.551595410481558400e+16,1.183932011373419844e+14,1.168043475747989960e+11
5.536999511718750000e+02,6.437348628832984320e+17,6.674450713480750080e+17,7.993245624295502080e+17,4.789214290996393600e+17,1.597629570296275200e+17,2.578068225638124400e+16,1.198680211586636875e+14,1.186123783521429749e+11
5.541900024414060226e+02,6.498815566287083520e+17,6.696614403531278080e+17,8.012697858491855360e+17,4.781916424317212160e+17,1.622423098601500480e+17,2.629960372340265600e+16,1.227589708537775781e+14,1.221564894632972870e+11
5.549199829101560226e+02,6.542077221865341440e+17,6.729061342076316160e+17,8.040767142644075520e+17,4.769618925161338240e+17,1.659993887834791680e+17,2.709428772297013600e+16,1.272136274297477188e+14,1.276644697103072357e+11
5.554100341796879547e+02,6.588482637759635200e+17,6.750678556657326080e+17,8.059347110812311040e+17,4.760947931442429440e+17,1.685401804321024640e+17,2.763413060741316800e+16,1.302476419064397188e+14,1.314293305572439117e+11
5.556600341796879547e+02,6.575888587826579200e+17,6.761459378363893760e+17,8.068430990525448960e+17,4.755895746569793280e+17,1.698644679227310080e+17,2.791943667053458000e+16,1.318638816952253594e+14,1.334568910748759003e+11
5.561500244140629547e+02,6.541684267715004160e+17,6.782589367782919680e+17,8.086235039924148480e+17,4.745993661570398080e+17,1.724600196743828480e+17,2.847862540948445600e+16,1.350316485468784688e+14,1.374308304878518524e+11
5.563900146484379547e+02,6.543249444067955200e+17,6.792933413395276800e+17,8.094947038320451840e+17,4.741130552350532480e+17,1.737318736628009280e+17,2.875272408921478400e+16,1.365846846646590156e+14,1.393795964575650940e+11
5.573699951171879547e+02,6.571226089142874880e+17,6.834195221473991680e+17,8.128962754727357440e+17,4.718752256458743680e+17,1.790379004651133760e+17,2.991319539083646000e+16,1.432142958867070938e+14,1.477926571012760315e+11
5.578599853515629547e+02,6.645517759961214720e+17,6.854355293576660480e+17,8.145221127604661760e+17,4.706329933140595200e+17,1.817458917572296960e+17,3.051440553690609200e+16,1.466772952467335938e+14,1.522367397455532837e+11
5.581099853515629547e+02,6.677498848593160960e+17,6.864633668246304000e+17,8.153504312814576640e+17,4.699972030004369280e+17,1.831284327652513280e+17,3.082148925496112400e+16,1.484465531045440000e+14,1.545079991396012573e+11
5.585326678936299913e+02,6.713928708532145920e+17,6.881869821862353920e+17,8.167284084166018560e+17,4.688844694963998080e+17,1.854827521141240000e+17,3.134738397633673200e+16,1.514857679959564688e+14,1.584258389092976990e+11
5.590899658203129547e+02,6.678693090207961600e+17,6.904247170983114240e+17,8.184900353303139840e+17,4.673245893468833920e+17,1.886281568355241280e+17,3.205721208960583600e+16,1.556104542130871562e+14,1.637823229033617554e+11
5.595222637469960318e+02,6.700668595579841280e+17,6.921478294600858880e+17,8.198365060632542720e+17,4.660800793131667200e+17,1.910833814503024000e+17,3.261422048947627200e+16,1.588562084516874375e+14,1.680134146501931763e+11
5.600700073242189774e+02,6.737343859657107200e+17,6.942965017603749120e+17,8.214880137165372160e+17,4.644092632043743360e+17,1.942360017115953920e+17,3.333738469586204000e+16,1.630946038222713438e+14,1.735815034485145569e+11
5.605599975585939774e+02,6.771041557012010240e+17,6.962030881811009280e+17,8.229411108769966080e+17,4.628715357310934400e+17,1.970752926787706240e+17,3.399265898182314000e+16,1.669472749763365000e+14,1.786644752033275757e+11
5.610499877929689774e+02,6.819445634100606720e+17,6.980817193732350720e+17,8.243505139615118080e+17,4.612562747786904960e+17,1.999489207294955520e+17,3.466297840679600800e+16,1.709100309384418750e+14,1.839309767250234985e+11
5.617800292968750000e+02,6.895739490161009920e+17,7.008472844413072640e+17,8.263987579701847040e+17,4.587547715771565440e+17,2.042722565038371200e+17,3.568103663021638400e+16,1.769574248032540625e+14,1.920196275300957031e+11
5.622700195312500000e+02,6.904160858806566400e+17,7.026844547086757120e+17,8.277441093955078400e+17,4.570217903831486720e+17,2.071978397707692800e+17,3.637534730847773600e+16,1.810978514062241562e+14,1.975863371072636108e+11
5.625200195312500000e+02,6.879694517438639360e+17,7.036109800329196800e+17,8.284140634691760640e+17,4.561060471771545600e+17,2.087043790442474560e+17,3.673636706443597600e+16,1.832611285875486875e+14,2.005134901807970581e+11
5.631669264573320106e+02,6.851743721282915840e+17,7.059846339936572160e+17,8.301113849868503040e+17,4.536669341429806080e+17,2.126332875352647360e+17,3.768547227624197600e+16,1.889707405784158125e+14,2.082794052323153992e+11
5.635000000000000000e+02,6.916450680880593920e+17,7.071980845569976320e+17,8.309723645857835520e+17,4.523850673707080320e+17,2.146675487612318400e+17,3.818004374699459200e+16,1.919552740611259375e+14,2.123556269932677612e+11
5.639799804687500000e+02,6.940021928265259520e+17,7.089230442446077440e+17,8.321777871384148480e+17,4.504666731589822080e+17,2.176301442328079680e+17,3.890888612826387200e+16,1.963786364674860000e+14,2.184422285817796936e+11
5.644699707031250000e+02,7.004806302119607040e+17,7.106779933941990400e+17,8.333996758463165440e+17,4.484897036968113920e+17,2.206625842253755520e+17,3.965739142811360800e+16,2.009285536241219062e+14,2.247161092043121338e+11
5.649599609375000000e+02,7.033033471406494720e+17,7.124044262275605760e+17,8.345802353624067840e+17,4.464242459572280960e+17,2.237334398614946560e+17,4.042716691312560000e+16,2.056419679019441250e+14,2.312775752297840576e+11
5.656999511718750000e+02,7.033451064594323200e+17,7.149911900499045120e+17,8.363344535109320960e+17,4.432388304377678080e+17,2.283995601467079360e+17,4.160660289861095200e+16,2.128918854755838750e+14,2.414215251052468262e+11
5.661900024414060226e+02,7.023606812492757760e+17,7.166859116289743360e+17,8.374705376981173760e+17,4.410702216102211200e+17,2.315150950182064320e+17,4.240278448894107200e+16,2.178107231362737812e+14,2.483490230624835205e+11
5.665899926757809908e+02,7.017730191595397120e+17,7.180569472106864640e+17,8.383815480647328000e+17,4.392589783415011200e+17,2.340756049584246400e+17,4.306388962805427200e+16,2.219142672875300312e+14,2.541636669168118896e+11
5.669846120981070499e+02,7.033576753781057280e+17,7.193980955852986880e+17,8.392650445690067200e+17,4.374334157407425920e+17,2.366181965036807360e+17,4.372666932208765600e+16,2.260459276585541875e+14,2.600506256251304321e+11
5.676500244140629547e+02,7.090278481492014080e+17,7.216452474871914240e+17,8.407369805695207680e+17,4.343044461948403200e+17,2.409268631361110400e+17,4.485910054572728800e+16,2.331313935652581250e+14,2.701945874553939209e+11
5.680507906400249567e+02,7.138703763823316480e+17,7.229856486263110400e+17,8.416072824281716480e+17,4.323738102941214080e+17,2.435412918802642560e+17,4.555464918491304000e+16,2.375067577381857500e+14,2.765018202581088257e+11
5.681400146484379547e+02,7.168186033308263680e+17,7.232840668930362880e+17,8.418010408222872320e+17,4.319439859658993920e+17,2.441233514380615040e+17,4.570950164905318400e+16,2.384808606053575938e+14,2.779060219003538208e+11
5.688800048828129547e+02,7.154784742802393600e+17,7.257352004051723520e+17,8.433809708268700160e+17,4.282895395952190720e+17,2.489878358728589440e+17,4.702208110073891200e+16,2.467887699848031562e+14,2.899773121313538208e+11
5.693599853515629547e+02,7.145111659765907200e+17,7.273174303774913280e+17,8.443970861034933760e+17,4.258903777408457600e+17,2.521549998087689600e+17,4.788254188244625600e+16,2.522510644459377500e+14,2.979436629092097168e+11
5.700999755859379547e+02,7.134415803872655360e+17,7.297266154323275520e+17,8.459339372254754560e+17,4.220696481673717120e+17,2.570873013928671680e+17,4.925080086768436800e+16,2.610143213638486250e+14,3.108693140961419067e+11
5.705899658203129547e+02,7.180348263504718080e+17,7.313137796433367040e+17,8.469451111872830720e+17,4.195041944579105280e+17,2.603673435955354880e+17,5.016995060587568000e+16,2.669262025801616250e+14,3.196363648939641113e+11
5.708299560546879547e+02,7.241612779502346240e+17,7.320861118620277760e+17,8.474364361660567040e+17,4.182253990222771840e+17,2.619826708642513600e+17,5.062843281749892000e+16,2.698907477850675938e+14,3.240619975635800781e+11
5.715599975585939774e+02,7.266549400022566400e+17,7.344302787858493440e+17,8.489284722745570560e+17,4.143094039565388800e+17,2.669063751111486400e+17,5.203371744687950400e+16,2.789981261830026250e+14,3.376974323993153687e+11
5.718099975585939774e+02,7.254469335051239680e+17,7.352273398916145920e+17,8.494366380777720320e+17,4.129402076679132800e+17,2.686032721383284160e+17,5.252646226904890400e+16,2.822139404752777500e+14,3.425545266088513184e+11
5.722999877929689774e+02,7.244102527850993920e+17,7.367895485237148160e+17,8.504326232018465280e+17,4.102566364264371200e+17,2.719291240265606720e+17,5.349222287265630400e+16,2.885168108703912500e+14,3.520742415292991943e+11
5.730204296875000409e+02,7.268885118239982080e+17,7.390714071163815680e+17,8.518964469577530880e+17,4.062240786037104640e+17,2.768511039387138880e+17,5.495139843333554400e+16,2.981189947786360625e+14,3.667280724526212158e+11
5.736352148437499636e+02,7.287069531245638400e+17,7.410125088203525120e+17,8.531487141248633600e+17,4.027417517973583360e+17,2.810657685016920960e+17,5.621677132480172800e+16,3.064873606389698125e+14,3.795784350907914429e+11
5.740100097656250000e+02,7.326287368595368960e+17,7.421919763730864640e+17,8.539149729218580480e+17,4.005910443436209920e+17,2.836448384870992000e+17,5.700214885217880800e+16,3.117099491545757500e+14,3.876528345214043579e+11
5.744899902343750000e+02,7.399349741064471040e+17,7.437012675971311360e+17,8.548990436810865920e+17,3.978248835954448000e+17,2.869515558683235840e+17,5.801465641994724000e+16,3.184572174322335000e+14,3.981120863206278076e+11
5.748153733473559441e+02,7.402397044339398400e+17,7.447215444969210880e+17,8.555728423894671360e+17,3.959209645227951360e+17,2.892024956191202560e+17,5.871730096022373600e+16,3.231740076543151250e+14,4.054900713202648926e+11
5.752299804687500000e+02,7.389702530234442240e+17,7.460215937360206080e+17,8.564314049015819520e+17,3.934949676760419840e+17,2.920706704360596480e+17,5.961261918229861600e+16,3.291841991429908125e+14,4.148911895724195557e+11
5.757099609375000000e+02,7.388902783931342080e+17,7.475249330878347520e+17,8.574382321657308160e+17,3.906536493125273600e+17,2.954006560584664960e+17,6.067026005637391200e+16,3.363303630463316250e+14,4.261590927057160645e+11
5.761999511718750000e+02,7.375310477215138560e+17,7.490587982030186240e+17,8.584723330513460480e+17,3.877371047908679040e+17,2.988047468958723840e+17,6.176025741627602400e+16,3.437172508501495000e+14,4.378491851009319458e+11
5.769299926757810226e+02,7.444098267443994880e+17,7.513445735187920640e+17,8.600417767279863040e+17,3.833432680567623680e+17,3.038886652146757120e+17,6.342035706746264000e+16,3.550488640571622500e+14,4.559404162442160034e+11
5.771799926757810226e+02,7.507523428826923520e+17,7.521273815486389760e+17,8.605825666826677760e+17,3.818329823764369280e+17,3.056310442263107200e+17,6.399304929581527200e+16,3.589672130680898125e+14,4.622140576588718872e+11
5.776699829101560226e+02,7.561208512418344960e+17,7.536635849138684160e+17,8.616611151992327680e+17,3.788509676225584000e+17,3.090503069526074240e+17,6.513471314556376000e+16,3.668227684457390000e+14,4.748785521220521240e+11
5.781500244140629547e+02,7.556987065959434240e+17,7.551699574765053440e+17,8.627308869716977920e+17,3.759140573283809920e+17,3.124031526983237120e+17,6.626673319866128800e+16,3.746426682730838750e+14,4.875455124252099609e+11
5.786400146484379547e+02,7.535316655727646720e+17,7.567107560695028480e+17,8.638425863426352640e+17,3.728997049904871040e+17,3.158274351431079040e+17,6.743970422771703200e+16,3.827868362859933750e+14,5.008194809708627930e+11
5.789415471003610492e+02,7.548710974023709440e+17,7.576607579910113280e+17,8.645379104305592320e+17,3.710353213265027200e+17,3.179357913849476480e+17,6.817144881732451200e+16,3.878905948933318750e+14,5.091833892088644409e+11
5.798407861328130366e+02,7.599794324643399680e+17,7.605021831362979840e+17,8.666521009213989120e+17,3.654510249140323200e+17,3.242235284234172160e+17,7.038548525689610400e+16,4.034101537555031250e+14,5.347697142996880493e+11
5.805899658203129547e+02,7.725365732508582400e+17,7.628810278150411520e+17,8.684668555427320320e+17,3.607703668737842560e+17,3.294606718648935680e+17,7.227039147967054400e+16,4.167208985721682500e+14,5.569098636278363037e+11
5.805899658203129547e+02,7.681269700878753280e+17,7.628810278150411520e+17,8.684668555427320320e+17,3.607703668737842560e+17,3.294606718648935680e+17,7.227039147967054400e+16,4.167208985721682500e+14,5.569098636278363037e+11
5.811951806640629457e+02,7.703345974474859520e+17,7.648131483203733760e+17,8.699768050605132800e+17,3.569708065346762880e+17,3.336883302136013440e+17,7.382430316120864000e+16,4.277711951244709375e+14,5.754435181286741943e+11
5.820499877929689774e+02,7.705627067406314240e+17,7.675613005245751040e+17,8.721826740464436480e+17,3.515840093195937920e+17,3.396499410456272640e+17,7.606710304929523200e+16,4.438425764523070625e+14,6.026442901270397949e+11
5.822999877929689774e+02,7.671348453006347520e+17,7.683666394850909440e+17,8.728339218972040960e+17,3.500068735138454400e+17,3.413926986003685760e+17,7.672705149620350400e+16,4.485815961494016875e+14,6.106849875242877197e+11
5.829654165414659701e+02,7.705518692503961600e+17,7.705299055342142720e+17,8.746367244435592960e+17,3.457976158259866880e+17,3.460188859087603200e+17,7.852633147680838400e+16,4.616130954342053125e+14,6.330200944969160156e+11
5.832700195312500000e+02,7.739188043602338560e+17,7.715214696932186880e+17,8.754666152496482560e+17,3.438700469861310080e+17,3.481357034960515840e+17,7.935282128867526400e+16,4.676063143824485000e+14,6.433066361036190186e+11
5.840000000000000000e+02,7.780682933823312640e+17,7.739215358501048320e+17,8.775342429566440960e+17,3.392450694092007040e+17,3.531909664515347840e+17,8.137954299267124800e+16,4.824253682447818125e+14,6.689905504889602051e+11
5.842500000000000000e+02,7.802981449525955840e+17,7.747450209918164480e+17,8.782473980896706560e+17,3.376607744819443840e+17,3.549211349390112000e+17,8.207659184268486400e+16,4.875297357716200000e+14,6.778527305870080566e+11
5.844515917968750500e+02,7.831929059786073600e+17,7.754119278619249920e+17,8.788315149088637440e+17,3.363833238436878720e+17,3.563139009686723840e+17,8.264374589284828800e+16,4.916966999571419375e+14,6.851156107370672607e+11
5.849799804687500000e+02,7.794581058341551360e+17,7.771752200398991360e+17,8.804106167141345280e+17,3.330354074514216320e+17,3.599517858010366720e+17,8.415727075855716800e+16,5.028894055720826875e+14,7.047721718549882812e+11
5.858576472355770193e+02,7.828997669656424960e+17,7.801264931844111360e+17,8.831010585225336320e+17,3.274795330093605120e+17,3.659742048894309760e+17,8.670796258764315200e+16,5.218538489662000000e+14,7.382867422929810791e+11
5.859499511718750000e+02,7.849221153502402560e+17,7.804388963194156800e+17,8.833900955482391040e+17,3.268956828813336960e+17,3.666057606055379840e+17,8.697952432606712000e+16,5.238819539229921875e+14,7.418893671279495850e+11
5.869299926757810226e+02,7.923395944846499840e+17,7.837838252286364160e+17,8.865401243589199360e+17,3.207075284268197760e+17,3.732843479065570560e+17,8.990593839826577600e+16,5.458592161144750625e+14,7.811808512676530762e+11
5.871699829101560226e+02,7.945790012887664640e+17,7.846083913426963200e+17,8.873273607699125760e+17,3.191943189363607040e+17,3.749145096425013760e+17,9.063097516872291200e+16,5.513276957829498125e+14,7.910058272883398438e+11
5.877596318171580378e+02,7.995123049570304000e+17,7.866549181856412160e+17,8.893193331603234560e+17,3.154871687708829440e+17,3.788987361155822080e+17,9.244255345265374400e+16,5.650782971584705000e+14,8.158919967094344482e+11
5.881400146484379547e+02,7.958129561458266880e+17,7.879827572874997760e+17,8.906257375497644800e+17,3.130996679565776640e+17,3.814611762228685440e+17,9.362237822255532800e+16,5.740653265988471250e+14,8.322224394333078613e+11
5.883900146484379547e+02,7.941210995807837440e+17,7.888557496183938560e+17,8.914851464975691520e+17,3.115307102394224000e+17,3.831449806267061120e+17,9.439821047212699200e+16,5.799762539331890000e+14,8.429657955378580322e+11
5.891199951171879547e+02,7.952026615947646720e+17,7.914465207298190080e+17,8.941079745103767040e+17,3.069758859545259520e+17,3.880167819295864960e+17,9.672231712288275200e+16,5.978556647263725000e+14,8.758229240040976562e+11
5.894153677133419933e+02,7.970758281339203840e+17,7.924966898390498560e+17,8.951741781475046400e+17,3.051342182715818880e+17,3.899859702013855360e+17,9.766526577120214400e+16,6.051173987192106250e+14,8.891838580256405029e+11
5.895999755859379547e+02,8.003067756690173440e+17,7.931632026932633600e+17,8.958674115247014400e+17,3.039905602777543680e+17,3.912053050853927680e+17,9.826847377761718400e+16,6.098041113746017500e+14,8.978938279587144775e+11
5.910599975585939774e+02,8.075745423860616960e+17,7.984777356538462720e+17,9.014613879299093760e+17,2.949805306981919360e+17,4.007981370075973760e+17,1.030967371444771680e+17,6.474933456691720000e+14,9.683075266027969971e+11
5.912999877929689774e+02,8.122588125276497920e+17,7.993595733207650560e+17,9.024021802016540160e+17,2.935061846172474880e+17,4.023652779150149760e+17,1.039013961328363520e+17,6.538075996676720000e+14,9.801739274742674561e+11
5.917900390625000000e+02,8.075631277426981120e+17,8.011871731448596480e+17,9.043908920281496320e+17,2.905192309558801280e+17,4.055325553057847680e+17,1.055797541199812320e+17,6.670870055321988750e+14,1.005361709559601929e+12
5.922621721540180033e+02,8.106339258466229760e+17,8.029533911987431680e+17,9.063205654212849920e+17,2.876462645959593280e+17,4.085774001860851200e+17,1.072038761796161760e+17,6.799588889006903750e+14,1.029822011961949707e+12
5.928700097656250136e+02,8.115989463935653120e+17,8.052605258315747840e+17,9.088865332764648960e+17,2.839787163984829440e+17,4.124554050615603840e+17,1.093379130554582560e+17,6.970075867516408750e+14,1.062508630472424683e+12
5.932500000000000000e+02,8.181421217278577920e+17,8.067080972781469440e+17,9.105035754427057920e+17,2.816908826575700160e+17,4.148730924945134080e+17,1.106788300180069920e+17,7.077411134175857500e+14,1.083131978007400879e+12
5.941276667668270193e+02,8.283627287619836160e+17,8.101038246270801920e+17,9.143639851978100480e+17,2.764584849781475200e+17,4.203887932160046720e+17,1.138433029113690720e+17,7.332866487625402500e+14,1.132676399194612305e+12
5.942787695312499636e+02,8.384909604439784960e+17,8.106900824538580480e+17,9.150325369355883520e+17,2.755592755182559040e+17,4.213362572028284160e+17,1.143902190852313440e+17,7.377082751308558750e+14,1.141265955608484375e+12
5.951900024414060226e+02,8.448606855654021120e+17,8.142833957271392000e+17,9.192003353077711360e+17,2.701967124616870720e+17,4.269714709749573120e+17,1.177629381783685920e+17,7.652172819333492500e+14,1.195226108136820068e+12
5.956799926757810226e+02,8.461932548589388800e+17,8.162412646461152000e+17,9.215007986884942080e+17,2.673407649440646400e+17,4.299657775090951680e+17,1.196096891452938240e+17,7.803888521988401250e+14,1.225220992942010498e+12
5.961408300781259868e+02,8.472311934513475840e+17,8.180960485824368640e+17,9.236952814720962560e+17,2.646692540544853120e+17,4.327630956111544320e+17,1.213638940735025920e+17,7.948563539364677500e+14,1.253944758177781006e+12
5.965484900841349827e+02,8.481286401698379520e+17,8.197489046731161600e+17,9.256638930729012480e+17,2.623196003606859840e+17,4.352200080816525440e+17,1.229314532882025920e+17,8.078372828847608750e+14,1.279831624922184814e+12
5.971300048828129547e+02,8.476272563808889600e+17,8.221324311972960000e+17,9.285303312328010240e+17,2.589968242114523840e+17,4.386871988583394560e+17,1.252011366805989600e+17,8.267437327746355000e+14,1.317775850397860840e+12
5.976199951171879547e+02,8.535381422294942720e+17,8.241583623224000000e+17,9.309845564840419840e+17,2.562173484458366400e+17,4.415822310442094720e+17,1.271367530770407200e+17,8.429460024368272500e+14,1.350464205859693848e+12
5.978876765324520193e+02,8.593559024053729280e+17,8.252755283973171200e+17,9.323483765853218560e+17,2.547109717303371840e+17,4.431481034754380160e+17,1.282079058333530720e+17,8.519582216553846250e+14,1.368746329151427246e+12
5.985899658203129547e+02,8.617187662534698240e+17,8.282219127582497280e+17,9.359600250306874880e+17,2.507771765780405440e+17,4.472322897498399360e+17,1.310388130078449760e+17,8.758473182681186250e+14,1.417362975766431885e+12
5.990799560546879547e+02,8.623630500029999360e+17,8.303036621289918720e+17,9.385366419026778880e+17,2.480635898096289920e+17,4.500411532741387520e+17,1.330488691133523040e+17,8.929289299114430000e+14,1.452386075189823242e+12
5.997999877929689774e+02,8.636179653511572480e+17,8.333939644398269440e+17,9.423897618369254400e+17,2.441141865121890240e+17,4.541181741335646720e+17,1.360452682067557440e+17,9.185417002850506250e+14,1.505228100398410889e+12
6.000499877929689774e+02,8.656417097607682560e+17,8.344749034333393920e+17,9.437446463097921280e+17,2.427526655930663040e+17,4.555208428514347520e+17,1.370965250696099520e+17,9.275652050760291250e+14,1.523926427725130859e+12
6.005300292968750000e+02,8.645962142645533440e+17,8.365613793299610880e+17,9.463691809465331200e+17,2.401519585473670720e+17,4.581958932197212160e+17,1.391303402491211360e+17,9.450765798756538750e+14,1.560332050190288330e+12
6.010200195312500000e+02,8.658652973005608960e+17,8.387167785582568960e+17,9.491021695660587520e+17,2.375295069489605440e+17,4.608832257355541760e+17,1.412422045841921440e+17,9.633864168488130000e+14,1.598675000822575928e+12
6.015000000000000000e+02,8.663709113858042880e+17,8.408367471164943360e+17,9.517971330762302720e+17,2.349716358857072320e+17,4.635006530867891200e+17,1.433232589846282720e+17,9.814735691215288750e+14,1.636649630155914062e+12
6.019899902343750000e+02,8.688717077571779840e+17,8.430287884475304960e+17,9.546059788528652800e+17,2.323960803226361600e+17,4.661240518866098560e+17,1.454876620909485440e+17,1.000428230013998875e+15,1.676760451811897461e+12
6.025253530649040385e+02,8.655074883442543360e+17,8.454342319435339520e+17,9.576961446822947840e+17,2.295956469819194880e+17,4.689714785004016000e+17,1.478678572157783040e+17,1.021328927940710500e+15,1.721113714103592041e+12
6.029599609375000000e+02,8.633241452002246400e+17,8.474107792438301440e+17,9.602532272771096320e+17,2.273533582579161920e+17,4.712398541956640000e+17,1.498352137578647040e+17,1.038732119892777500e+15,1.758326395083149170e+12
6.034400024414060226e+02,8.639736540633113600e+17,8.495979976165770240e+17,9.630857294325163520e+17,2.248820506865928000e+17,4.737377368128384000e+17,1.520143882064646080e+17,1.058031919670489875e+15,1.799645181952441895e+12
6.036799926757810226e+02,8.672291759581041920e+17,8.507070868078478080e+17,9.645330988929834240e+17,2.236673658873989760e+17,4.749570598000878080e+17,1.531275960566125760e+17,1.067979099638944500e+15,1.821135860851287354e+12
6.040642136793869668e+02,8.699432396386888960e+17,8.524827230676663040e+17,9.668503171253730560e+17,2.217226725384109760e+17,4.769091788231840000e+17,1.549098262316018240e+17,1.083904395434758500e+15,1.855542136740768066e+12
6.046500244140629547e+02,8.725785762222577920e+17,8.552092222199984640e+17,9.704212473186720000e+17,2.187837763931257920e+17,4.798477363867461760e+17,1.576573981771484480e+17,1.108569934498935875e+15,1.909085137752132324e+12
6.053800048828129547e+02,8.764622504347404800e+17,8.586357336540960000e+17,9.749282037618460160e+17,2.151610049174376960e+17,4.834525005994270080e+17,1.611267870368836480e+17,1.139885912830795000e+15,1.977441167324611328e+12
6.058599853515629547e+02,8.735248189077614080e+17,8.609227086399133440e+17,9.779575312109061120e+17,2.128259054194210880e+17,4.857532024095515520e+17,1.634633491137580800e+17,1.161189281054444000e+15,2.024414183233291504e+12
6.061099853515629547e+02,8.737845307193762560e+17,8.621140753869242880e+17,9.795357300113331200e+17,2.116099147837362880e+17,4.869511536480686080e+17,1.646806603732669440e+17,1.172289127463897250e+15,2.048891363563275146e+12
6.070700073242189774e+02,8.709147184873762560e+17,8.667371441558375680e+17,9.856880079071988480e+17,2.070081558599243840e+17,4.914485924351691520e+17,1.694367066765923840e+17,1.215974842184921500e+15,2.145934179282264893e+12
6.071265446589550265e+02,8.732199966390598400e+17,8.670105421277128960e+17,9.860524977186247680e+17,2.067387522021865280e+17,4.917110239155726720e+17,1.697187243426542400e+17,1.218572660487890250e+15,2.151721264162243652e+12
6.077999877929689774e+02,8.771915025548691200e+17,8.702956874656139520e+17,9.904477578342421760e+17,2.035707115601942080e+17,4.947731932895358080e+17,1.731283228875456000e+17,1.250180763848561250e+15,2.222579412844643066e+12
6.080400390625000000e+02,8.749996488738661120e+17,8.714730319297230080e+17,9.920263732605762560e+17,2.024505430233862720e+17,4.958505575109905280e+17,1.743548638704074880e+17,1.261595038872233500e+15,2.248264465603150391e+12
6.087700195312500000e+02,8.747989845297022720e+17,8.750791840665383680e+17,9.968746924786908160e+17,1.990820068753208960e+17,4.990662260019015040e+17,1.781323423045310400e+17,1.296941747184412250e+15,2.328233337288701172e+12
6.088069411057690559e+02,8.737823705375372800e+17,8.752627537679691520e+17,9.971220831838259200e+17,1.989133441138095680e+17,4.992261281757480320e+17,1.783255618201121600e+17,1.298758390825177750e+15,2.332362456416728027e+12
6.092500000000000000e+02,8.735156657744162560e+17,8.774655901851498240e+17,1.000090771645462784e+18,1.968893909756631040e+17,5.011449542619164800e+17,1.806441960070972800e+17,1.320558114514476750e+15,2.381911885953302734e+12
6.102199707031250000e+02,8.769984276763114240e+17,8.823430237779973120e+17,1.006689468598315136e+18,1.925399111471025920e+17,5.052116389520417280e+17,1.858256333015759680e+17,1.369709425311357250e+15,2.494598143317449707e+12
6.104599609375000000e+02,8.795873171592143360e+17,8.835567885310515200e+17,1.008334632032850048e+18,1.914742744608361600e+17,5.062001600034410240e+17,1.871214791521206720e+17,1.382059741364852750e+15,2.523041348274165527e+12
6.111900024414060226e+02,8.830682782861094400e+17,8.872811240082753280e+17,1.013396299870711168e+18,1.882812065845110080e+17,5.091248965006526080e+17,1.911279393902581440e+17,1.420514411340562500e+15,2.612202287412809082e+12
6.116699829101560226e+02,8.847317554296705280e+17,8.897474749498869760e+17,1.016755092503765888e+18,1.862091433851637440e+17,5.110001651112632320e+17,1.937993989126406720e+17,1.446316382505636500e+15,2.672383689634542969e+12
6.119100341796879547e+02,8.854160487296098560e+17,8.909870243956051200e+17,1.018445487966466688e+18,1.851821838037357120e+17,5.119217308182958080e+17,1.951482420375701760e+17,1.459398293570335500e+15,2.703016080241041992e+12
6.124000244140629547e+02,8.852826793679296000e+17,8.935180864692656640e+17,1.021897453294372480e+18,1.830873866142218880e+17,5.138002590971701120e+17,1.979034928777206720e+17,1.486129247022589750e+15,2.765628425699369141e+12
6.131199951171879547e+02,8.901572099232785920e+17,8.972791749472710400e+17,1.027041419259005440e+18,1.800753872144342080e+17,5.164415798769789440e+17,2.020450229091629760e+17,1.526719306914868250e+15,2.861610785398023438e+12
6.133599853515629547e+02,8.943960875796824320e+17,8.985328711066060800e+17,1.028756074580549760e+18,1.790713874145049600e+17,5.173220201369152000e+17,2.034255329196437440e+17,1.540249326878961000e+15,2.893604905297575195e+12
6.136867822265629684e+02,8.970595079727642880e+17,9.002576403045889280e+17,1.031120282903730304e+18,1.777323907169001920e+17,5.184685748100373120e+17,2.053463533906288000e+17,1.559259395465075000e+15,2.938965929492098633e+12
6.143299560546879547e+02,8.974493574766339840e+17,9.036550538307491840e+17,1.035778101328572672e+18,1.751016821887111040e+17,5.207165914623151360e+17,2.091334281637168320e+17,1.596768955238966500e+15,3.028534184997066895e+12
6.148099975585939774e+02,9.002900464747312640e+17,9.062147002633066240e+17,1.039293419994323456e+18,1.731772835222490560e+17,5.223194434125953920e+17,2.120186480097405120e+17,1.625616796046846250e+15,3.098017113202400391e+12
6.155400390625000000e+02,8.985466797765957120e+17,9.101205160697310720e+17,1.044660421491008640e+18,1.702723959491348480e+17,5.247144744811815680e+17,2.164397775379148160e+17,1.669976878092154000e+15,3.205204628158212402e+12
6.157800292968750000e+02,8.979619690689575680e+17,9.114147606849180160e+17,1.046440941439235200e+18,1.693345522916702720e+17,5.254679128505228800e+17,2.179196909210557120e+17,1.684950717442054250e+15,3.241660391210163574e+12
6.160200195312500000e+02,8.989173567769760000e+17,9.127090053001049600e+17,1.048221461387461888e+18,1.683967086342056640e+17,5.262213512198641920e+17,2.193996043041965760e+17,1.699924556791954500e+15,3.278116154262115234e+12
6.169899902343750000e+02,9.048308731537696000e+17,9.179715932600503040e+17,1.055466091269083648e+18,1.646599918244998080e+17,5.291563740049514240e+17,2.254672684492926720e+17,1.761736362463635750e+15,3.429524738887413574e+12
6.172299804687500000e+02,9.066708274363447040e+17,9.192783838323168000e+17,1.057265765190796544e+18,1.637434791360629760e+17,5.298661162602120960e+17,2.269814088850614400e+17,1.777222667965679500e+15,3.467592985554997070e+12
6.179499511718750000e+02,9.032200259367264000e+17,9.232271372200235520e+17,1.062706515683521024e+18,1.610432412537482560e+17,5.318909771471259520e+17,2.316056414738983360e+17,1.824926314700487250e+15,3.585750421549651855e+12
6.181899511718750091e+02,9.015324419201985280e+17,9.245460376397952000e+17,1.064523989403649280e+18,1.601476342284115520e+17,5.325564131498961280e+17,2.331545973531662080e+17,1.840942017825131250e+15,3.625499341771020996e+12
6.184400024414060226e+02,9.018887539245009920e+17,9.259228258778959360e+17,1.066421312492465664e+18,1.592192278471431360e+17,5.332394151612040960e+17,2.347765076242096960e+17,1.857753502169890250e+15,3.667313703398725586e+12
6.191600341796879547e+02,9.041073612779257600e+17,9.299144082462095360e+17,1.071922830376946304e+18,1.565939166255345600e+17,5.351009748199244800e+17,2.395293755301800320e+17,1.907439182550959500e+15,3.791810491469565918e+12
6.196400146484379547e+02,9.080081576662045440e+17,9.325870160186059520e+17,1.075605957927913856e+18,1.548652494855169920e+17,5.362935379939904640e+17,2.427356801654201920e+17,1.941157956602705750e+15,3.876735045105175293e+12
6.199473125751210318e+02,9.133066350263916800e+17,9.343047514283073280e+17,1.077972906889944832e+18,1.537705853741872320e+17,5.370297363045685760e+17,2.448099092642860480e+17,1.963083318631932500e+15,3.932198321496867188e+12
6.201300048828129547e+02,9.161349363657309440e+17,9.353259657573128960e+17,1.079380086472084992e+18,1.531197944144011200e+17,5.374674150410643840e+17,2.460430633725607680e+17,1.976118209655559250e+15,3.965171905359029785e+12
6.210899658203129547e+02,9.225150361225285120e+17,9.407231175968167680e+17,1.086813410108562304e+18,1.497581066410972480e+17,5.396318953336574720e+17,2.526291160311195520e+17,2.046314306270880500e+15,4.143995676778614746e+12
6.215515418419470279e+02,9.238582988228418560e+17,9.433306739859653120e+17,1.090402643874302848e+18,1.481651725072677760e+17,5.406167842239788160e+17,2.558398344822014400e+17,2.080777902207043000e+15,4.232314364167865723e+12
6.217856030273439956e+02,9.232564902373630720e+17,9.446592634120080640e+17,1.092230128267131136e+18,1.473694351067423360e+17,5.410871812125618560e+17,2.574908247201761920e+17,2.098626866201610750e+15,4.278328498825885254e+12
6.225400390625000000e+02,9.249082105684993280e+17,9.489478856297564160e+17,1.098127284624296192e+18,1.448167699978357440e+17,5.425729912110769280e+17,2.628363381460295040e+17,2.156556624875275250e+15,4.427967926783149414e+12
6.232600097656250000e+02,9.285032897687769600e+17,9.530636666437180160e+17,1.103779866728729856e+18,1.424256885148841280e+17,5.438787997658019200e+17,2.680260799458615360e+17,2.213308980528522750e+15,4.575658188749196289e+12
6.237399902343750000e+02,9.300487105337239040e+17,9.558211899100975360e+17,1.107561471319661696e+18,1.408589151981498880e+17,5.446791135470568320e+17,2.715413816556349760e+17,2.252083381276033000e+15,4.677273255383851562e+12
6.239799804687500000e+02,9.317128001454841600e+17,9.572023576135623680e+17,1.109454599994600576e+18,1.400803305575823040e+17,5.450669093489818240e+17,2.733087970474317440e+17,2.271635952433438500e+15,4.728636114553908203e+12
6.244699707031250000e+02,9.397689047305324800e+17,9.600254216368966400e+17,1.113322455864462976e+18,1.384970681025629760e+17,5.458417270600996480e+17,2.769307562259836480e+17,2.311788313781631500e+15,4.834289591269194336e+12
6.247099609375000000e+02,9.355134942531745280e+17,9.614154039728823040e+17,1.115223033795217536e+18,1.377365024800684000e+17,5.461816617005820160e+17,2.787360436802600960e+17,2.331995186402993000e+15,4.887870531918625000e+12
6.254299926757810226e+02,9.436938481741738240e+17,9.655872810252263680e+17,1.120926369228153472e+18,1.354579124792552000e+17,5.471925123118553600e+17,2.841595312411998720e+17,2.392747323472935500e+15,5.049059505488743164e+12
6.261500244140629547e+02,9.465842194797002240e+17,9.697828034752849920e+17,1.126646476938283264e+18,1.332288212918285280e+17,5.480677818973661440e+17,2.896904976387953920e+17,2.455394946711141000e+15,5.216735611851168945e+12
6.262884803185099827e+02,9.500061922876785920e+17,9.705895663227627520e+17,1.127746404405967104e+18,1.328001862469533120e+17,5.482360887033772800e+17,2.907540548604152320e+17,2.467441545320251000e+15,5.248978283564448242e+12
6.271199951171879547e+02,9.504235609174263040e+17,9.754592423846853120e+17,1.134365874889697920e+18,1.302785840931941760e+17,5.490983498336432640e+17,2.972593534033178880e+17,2.541914158079788500e+15,5.449959092020644531e+12
6.272492206280049913e+02,9.560261879697925120e+17,9.762165386475852800e+17,1.135394885011408512e+18,1.298877762541605280e+17,5.492293229197142400e+17,2.982727474062576000e+17,2.553531293601462000e+15,5.481343310281520508e+12
6.279935595703129820e+02,9.579782095483430400e+17,9.805979684412811520e+17,1.141329580104457856e+18,1.276792484500148000e+17,5.498601364012390400e+17,3.042082601553357440e+17,2.622257420714897500e+15,5.668435866193030273e+12
6.283200073242189774e+02,9.644008896523521280e+17,9.825214483355751680e+17,1.143933126715474688e+18,1.267148061378027200e+17,5.501247025850571520e+17,3.068210460043912320e+17,2.652576148278835500e+15,5.751108107220249023e+12
6.290400390625000000e+02,9.696155571052403200e+17,9.867839321178784000e+17,1.149679803054007168e+18,1.246322438959637280e+17,5.505747001436611200e+17,3.126904687475810560e+17,2.721455506337159500e+15,5.940523223682653320e+12
6.292800292968750000e+02,9.719842001778472960e+17,9.882052991061605120e+17,1.151595336527608576e+18,1.239395921149695200e+17,5.507202712960857600e+17,3.146502987555990400e+17,2.744479690877492500e+15,6.003889946554238281e+12
6.299044140624999955e+02,9.722915719531911680e+17,9.919184083351392000e+17,1.156579104091153152e+18,1.221720700922082080e+17,5.509928245265902720e+17,3.198340869742124160e+17,2.806019093504881000e+15,6.174575075412530273e+12
6.304899902343750000e+02,9.751747202844497920e+17,9.954065250563854080e+17,1.161252508946206976e+18,1.205277716106256480e+17,5.512068189542125440e+17,3.247289879913262080e+17,2.864384205080474500e+15,6.336977620170562500e+12
6.304899902343750000e+02,9.749827912698199040e+17,9.954065250563854080e+17,1.161252508946206976e+18,1.205277716106256480e+17,5.512068189542125440e+17,3.247289879913262080e+17,2.864384205080474500e+15,6.336977620170562500e+12
6.313635742187500455e+02,9.820684403679257600e+17,1.000630224677005056e+18,1.168220251463795456e+18,1.181212760798787040e+17,5.513792908550590720e+17,3.321489918756695040e+17,2.953779812047480000e+15,6.587604542820378906e+12
6.319299926757810226e+02,9.851547059098728960e+17,1.004031787447356800e+18,1.172731536938069248e+18,1.165954443174412160e+17,5.513795166582497920e+17,3.370496628877584000e+17,3.013559657758011500e+15,6.756698313518488281e+12
6.321699829101560226e+02,9.894697606227179520e+17,1.005473264954220800e+18,1.174642850448359680e+18,1.159495271405231840e+17,5.513777546196400000e+17,3.391275586113854720e+17,3.038918491969413500e+15,6.828452680741730469e+12
6.324100341796879547e+02,9.889571053074081280e+17,1.006915754831867648e+18,1.176554202048267264e+18,1.153049924709769120e+17,5.513708683064145920e+17,3.412101098941105920e+17,3.064369635418016000e+15,6.900539820636782227e+12
6.333699951171879547e+02,9.886419517959562240e+17,1.012706413583857024e+18,1.184182286663179008e+18,1.127806031715815360e+17,5.511674525097477120e+17,3.496798615262184960e+17,3.169095502131572500e+15,7.199611231434933594e+12
6.338435791015630230e+02,9.905403041046728960e+17,1.015574575858492160e+18,1.187934591377558272e+18,1.115628525528229760e+17,5.509735143986039040e+17,3.539338926702344320e+17,3.222376318425597000e+15,7.353131770641847656e+12
6.340999755859379547e+02,9.876044769746359040e+17,1.017127589563035008e+18,1.189965881144736000e+18,1.109040560776215840e+17,5.508668608469861120e+17,3.562383459828307840e+17,3.251250934148672000e+15,7.436352968578188477e+12
6.348200073242189774e+02,9.961789861860605440e+17,1.021499376318573824e+18,1.195657418909471232e+18,1.090795355961063040e+17,5.504789066180641280e+17,3.627815309362993280e+17,3.333913681903582000e+15,7.675945878301065430e+12
6.352999877929689774e+02,1.003842801157356928e+18,1.024418238560128768e+18,1.199445829832786432e+18,1.078744551688368320e+17,5.501816664327832320e+17,3.671745755963729920e+17,3.389705327909634000e+15,7.838231123583359375e+12
6.357800292968750000e+02,1.005102565745128192e+18,1.027346749868678912e+18,1.203220760930504704e+18,1.066918660386003040e+17,5.498044904157949440e+17,3.716331053831412480e+17,3.446973277781867000e+15,8.006082193374309570e+12
6.360200195312500000e+02,1.009861878020966528e+18,1.028811817345395072e+18,1.205106484692214016e+18,1.061030824595767520e+17,5.496073319912179200e+17,3.738690707860437760e+17,3.475761650515410000e+15,8.090593536915063477e+12
6.365000000000000000e+02,1.011799532017256960e+18,1.031744593010857984e+18,1.208873220303391744e+18,1.049319476730218560e+17,5.491899080750108800e+17,3.783598400025172480e+17,3.533777712542412500e+15,8.261291057021440430e+12
6.369799804687500000e+02,1.010816499873314688e+18,1.034685748266195456e+18,1.212625003927510272e+18,1.037812242885452160e+17,5.486991600920830720e+17,3.829103878519781120e+17,3.593187827595575500e+15,8.437303209581188477e+12
6.374599609375000000e+02,1.018077034209744384e+18,1.037628594470321664e+18,1.216373302812822272e+18,1.026345925653989280e+17,5.481934721747194240e+17,3.874731574759047040e+17,3.652891994030185000e+15,8.614447738285493164e+12
6.382471899414059635e+02,1.023000480941753728e+18,1.042470217851309824e+18,1.222490115699576064e+18,1.007902218408481760e+17,5.472317155558384000e+17,3.950649617729687680e+17,3.753419641703835500e+15,8.915019864411636719e+12
6.389000244140629547e+02,1.029094134093363968e+18,1.046496754292445056e+18,1.227535965088151040e+18,9.928815133717209600e+16,5.463325183389743360e+17,4.014441440794432000e+17,3.838858944732209500e+15,9.172345211072546875e+12
6.391400146484379547e+02,1.034486394232668416e+18,1.047978088042704768e+18,1.229388256276513280e+18,9.873866918814987200e+16,5.459919664063860480e+17,4.037974189161278080e+17,3.870471459247053000e+15,9.267734630377171875e+12
6.398599853515629547e+02,1.034215402236816256e+18,1.052432583886827392e+18,1.234918005645007104e+18,9.711491900014990400e+16,5.448776454128424320e+17,4.109336102526210560e+17,3.967271672749408500e+15,9.561615715139365234e+12
6.403399658203129547e+02,1.035910688498309120e+18,1.055405856030628864e+18,1.238595179391424256e+18,9.604090993469347200e+16,5.441029046325676160e+17,4.157173275614065280e+17,4.032479952973487000e+15,9.760188259969097656e+12
6.408200073242189774e+02,1.028826795820830720e+18,1.058389092376178816e+18,1.242245765405416960e+18,9.498884738948524800e+16,5.432443048693041280e+17,4.205709558337333760e+17,4.099540855468400500e+15,9.966107866077236328e+12
6.412999877929689774e+02,1.035267945958683136e+18,1.061372941350801792e+18,1.245893087682065408e+18,9.393920368304710400e+16,5.423771470619073280e+17,4.254311381615335680e+17,4.166784075679303000e+15,1.017275892324306641e+13
6.415400390625000000e+02,1.036908151574706816e+18,1.062868670112976640e+18,1.247706805936285184e+18,9.342193506812593600e+16,5.419140439846417280e+17,4.278862856796497280e+17,4.201088589869965000e+15,1.027881528306484375e+13
6.420200195312500000e+02,1.036026509752562304e+18,1.065863120985869056e+18,1.251321913424757760e+18,9.239608624446358400e+16,5.409558328987351040e+17,4.328221189508330880e+17,4.270419328965909000e+15,1.049383851779296875e+13
6.425959960937500455e+02,1.040952580845151872e+18,1.069461156244119808e+18,1.255644878778899200e+18,9.117528598691628800e+16,5.397666127411911680e+17,4.387779696729858560e+17,4.354557451208095000e+15,1.075568003927928711e+13
6.429799804687500000e+02,1.046091679838458880e+18,1.071865259200455808e+18,1.258509370853808128e+18,9.037320166579352000e+16,5.389284063077981440e+17,4.427864163030377600e+17,4.411734849046121500e+15,1.093463847207775977e+13
6.434599609375000000e+02,1.055019062521387648e+18,1.074872075244825216e+18,1.262084256672682240e+18,8.937414374754136000e+16,5.378669178910289920e+17,4.478084848668586880e+17,4.483549532396341500e+15,1.115974027706846484e+13
6.439584632286660053e+02,1.060007735208895104e+18,1.078004386980938496e+18,1.265764949619646720e+18,8.835643600111196800e+16,5.366874362080842240e+17,4.530889248706115200e+17,4.560059432284401000e+15,1.140140403438059961e+13
6.441799926757810226e+02,1.062187960616875776e+18,1.079396355080964608e+18,1.267400612861302016e+18,8.790417682720960000e+16,5.361632863100087680e+17,4.554354997515799680e+17,4.594059668835737000e+15,1.150879699825218750e+13
6.444199829101560226e+02,1.065205566020981248e+18,1.080905120550164480e+18,1.269169754840858880e+18,8.741584775143140800e+16,5.355891782876885760e+17,4.579829115521660160e+17,4.631057373267424000e+15,1.162581806317858398e+13
6.453061617337749567e+02,1.072076684738351616e+18,1.086493634399283968e+18,1.275641286277835008e+18,8.564766590372283200e+16,5.333334411176433280e+17,4.675037836116052480e+17,4.771223329421849000e+15,1.207260492547973828e+13
6.458599853515629547e+02,1.073878828312621056e+18,1.089997283972189696e+18,1.279645388931531264e+18,8.456410149356102400e+16,5.318403799216676480e+17,4.735244580005528320e+17,4.861104273279821000e+15,1.236136691078018164e+13
6.465799560546879547e+02,1.080746163669912960e+18,1.094559062164338048e+18,1.284824709835544064e+18,8.316871891244003200e+16,5.298480567131827200e+17,4.813949500785884800e+17,4.979402580048453000e+15,1.274286966487096680e+13
6.468200073242189774e+02,1.089919750183677312e+18,1.096084212664727808e+18,1.286536045508246528e+18,8.271121103980360000e+16,5.291538217435379840e+17,4.840446104360759680e+17,5.019707729694758000e+15,1.287370949490190625e+13
6.475300292968750000e+02,1.089858374277128192e+18,1.100598835310628608e+18,1.291584411872048384e+18,8.136426886468908800e+16,5.270762517634527360e+17,4.919024375472942720e+17,5.139654244653770000e+15,1.326382904177383398e+13
6.482500000000000000e+02,1.098520378893600256e+18,1.105190710911110400e+18,1.296650546753176576e+18,8.002322449745422400e+16,5.248741174076894080e+17,4.999520503307975040e+17,5.264173585346082000e+15,1.367174783618917188e+13
6.487299804687500000e+02,1.101680001683302272e+18,1.108260618540761600e+18,1.299994898148613632e+18,7.914378933519707200e+16,5.233501949892346880e+17,5.053665121120584320e+17,5.348970956484044000e+15,1.395138112173445508e+13
6.491715625000000500e+02,1.102613054978827264e+18,1.111088049885876736e+18,1.303059796620423680e+18,7.833996250914283200e+16,5.219280883236576640e+17,5.103651145880399360e+17,5.427626892734788000e+15,1.421141097084911719e+13
6.491907617187499682e+02,1.101639210007104896e+18,1.111210981683489920e+18,1.303193053075719168e+18,7.830501351670584000e+16,5.218662575990676480e+17,5.105824451304729600e+17,5.431046716050023000e+15,1.422271661646274805e+13
6.499299926757810226e+02,1.104709889697720448e+18,1.115958317165788672e+18,1.308269894667136000e+18,7.698192909971217600e+16,5.194001096511663360e+17,5.190243641269512320e+17,5.565608820861449000e+15,1.467058875434466211e+13
6.505577204777649740e+02,1.107351870130871808e+18,1.119998430970984832e+18,1.312547039675560448e+18,7.587224228245308800e+16,5.172538995094128640e+17,5.262381395043731840e+17,5.681685632881808000e+15,1.505883111894255664e+13
6.508612158203129638e+02,1.110225491536371968e+18,1.121957603864393728e+18,1.314592556733294336e+18,7.534464290748404800e+16,5.161828992718462720e+17,5.297549260950120320e+17,5.739000837199684000e+15,1.525178923161563477e+13
6.513699951171879547e+02,1.110867315205527296e+18,1.125241959396167552e+18,1.318021659538109696e+18,7.446017582876441600e+16,5.143874755159250560e+17,5.356504637128972800e+17,5.835083989936977000e+15,1.557526402390708594e+13
6.520799560546879547e+02,1.112163224585800704e+18,1.129844057006360064e+18,1.322734122165199104e+18,7.325354754314259200e+16,5.117805429435219840e+17,5.439662845792958080e+17,5.973024441799931000e+15,1.604380778309723047e+13
6.525599975585939774e+02,1.116934650941079168e+18,1.132960994164303872e+18,1.325900729980218112e+18,7.244488613065248000e+16,5.099917891805919360e+17,5.496120545047576320e+17,6.067346148635647000e+15,1.636533573682568555e+13
6.530400390625000000e+02,1.125553305854213760e+18,1.136086544728312960e+18,1.329034789507017984e+18,7.164807744329303200e+16,5.081601775064863360e+17,5.552956665460051200e+17,6.163404907610074000e+15,1.669465602667837695e+13
6.530400390625000000e+02,1.123510365355888128e+18,1.136086544728312960e+18,1.329034789507017984e+18,7.164807744329303200e+16,5.081601775064863360e+17,5.552956665460051200e+17,6.163404907610074000e+15,1.669465602667837695e+13
6.535104199218750409e+02,1.130495024585421568e+18,1.139152844373379968e+18,1.332092146199623680e+18,7.087207849362472800e+16,5.063485306934821120e+17,5.608799222872790400e+17,6.258262090706390000e+15,1.702066366798149023e+13
6.544799804687500000e+02,1.136720814372858752e+18,1.145496709561599616e+18,1.338306297608038912e+18,6.930317541629980800e+16,5.025063193367324800e+17,5.724864449464781440e+17,6.458498281800203000e+15,1.771402489832442969e+13
6.547099609375000000e+02,1.147433539156163840e+18,1.147007694311036544e+18,1.339757412589296640e+18,6.893876616375260000e+16,5.015682379923504640e+17,5.752634436289923840e+17,6.507233541204145000e+15,1.788416124216937891e+13
6.554299926757810226e+02,1.150256310748488832e+18,1.151739731012600448e+18,1.344295594327611904e+18,6.779950412250984800e+16,4.986257370269640320e+17,5.839627607104922880e+17,6.660091082529844000e+15,1.841810311774883203e+13
6.561500244140629547e+02,1.158877591513328896e+18,1.156492574273372160e+18,1.348758407874643968e+18,6.668490719227448000e+16,4.956004508241907200e+17,5.927368037855018240e+17,6.817077773945077000e+15,1.897112936176519531e+13
6.566300048828129547e+02,1.163797854144036352e+18,1.159668628176699136e+18,1.351705762266736384e+18,6.595067959538473600e+16,4.935552369474874880e+17,5.986116243589565440e+17,6.923261623527713000e+15,1.934694645302413672e+13
6.571099853515629547e+02,1.167326323210679040e+18,1.162852123855215360e+18,1.354626647242044928e+18,6.522486587847803200e+16,4.914826666875550080e+17,6.045113339188147200e+17,7.030917394460118000e+15,1.972963365068638672e+13
6.572726675180290385e+02,1.167249141919917568e+18,1.163931121872082944e+18,1.355616637307721472e+18,6.497886222706970400e+16,4.907802001457037440e+17,6.065109518099717120e+17,7.067405700106117000e+15,1.985933972509533594e+13
6.578661592923680246e+02,1.170092916898490112e+18,1.167883123747304448e+18,1.359173758121807872e+18,6.409828827071864000e+16,4.881644962819976960e+17,6.138544967888824320e+17,7.203608200383092000e+15,2.034707883395000781e+13
6.582999877929689774e+02,1.166762557269111552e+18,1.170774612022148096e+18,1.361764625444008448e+18,6.345749113376904800e+16,4.862434370594653440e+17,6.192307483885512960e+17,7.303695758817796000e+15,2.070608721692012891e+13
6.588815636268029721e+02,1.170692310274484480e+18,1.174667372221874176e+18,1.365181413677795840e+18,6.261554505907871200e+16,4.836166137439792640e+17,6.264856229110177280e+17,7.441132623791753000e+15,2.120288916556048828e+13
6.592600097656250000e+02,1.173696091516426496e+18,1.177202330988892416e+18,1.367398517824481024e+18,6.206957237707929600e+16,4.819015351784024960e+17,6.312118614530622720e+17,7.530929704384646000e+15,2.152790028380673438e+13
6.597299804687500000e+02,1.183268040826371840e+18,1.180362091070881792e+18,1.370112601117265920e+18,6.140319609089998400e+16,4.797381061334114560e+17,6.371124309910150400e+17,7.644765332473131000e+15,2.194266805794815625e+13
6.602099609375000000e+02,1.189919438574945792e+18,1.183593493095188480e+18,1.372869983538737408e+18,6.072693186939029600e+16,4.775161786894283520e+17,6.431502636340930560e+17,7.761884491039056000e+15,2.237039686480070703e+13
6.609299926757810226e+02,1.197974046469949440e+18,1.188459925144862720e+18,1.376944644884021760e+18,5.973047094861337600e+16,4.741334967389381120e+17,6.522543848706091520e+17,7.941334977293055000e+15,2.303026622177039062e+13
6.611699829101560226e+02,1.206129598629362944e+18,1.190083956621846528e+18,1.378296139189701120e+18,5.940027444834629600e+16,4.730007323815310080e+17,6.552938231800047360e+17,8.001548863672394000e+15,2.325215445830717969e+13
6.618800048828129547e+02,1.209016318840253696e+18,1.194906215266379008e+18,1.382238828520714496e+18,5.843942085562317600e+16,4.696076386903173120e+17,6.643258049234892800e+17,8.183189790444818000e+15,2.392573417554479688e+13
6.621938382662269760e+02,1.212807233656462592e+18,1.197041035822857984e+18,1.383970811447437568e+18,5.801779939409496800e+16,4.680998569399269120e+17,6.683256025142992640e+17,8.264147060401584000e+15,2.422674526418049219e+13
6.628399658203129547e+02,1.214045578235319552e+18,1.201452572708230656e+18,1.387485854370422528e+18,5.716421588727421600e+16,4.649601645616204800e+17,6.765944479836398080e+17,8.434115078041792000e+15,2.486273785744071875e+13
6.631861290564910405e+02,1.215882587321478656e+18,1.203819729216274432e+18,1.389357605696004096e+18,5.671016282414750400e+16,4.632700964884920320e+17,6.810321326287025920e+17,8.525916355151364000e+15,2.520713197710340234e+13
6.637900390625000000e+02,1.220795908643892224e+18,1.207964135987273472e+18,1.392578332508486656e+18,5.593065152184885600e+16,4.602926990713224960e+17,6.888020274892198400e+17,8.689073295873152000e+15,2.582292706704164062e+13
6.645100097656250000e+02,1.220862585295407616e+18,1.212918216502508544e+18,1.396378273004042496e+18,5.501253832040431200e+16,4.567180323376810880e+17,6.980894777077881600e+17,8.886292716528506000e+15,2.657060785795484375e+13
6.652199707031250000e+02,1.228598535138730496e+18,1.217824929932226304e+18,1.400061601306064896e+18,5.412511081080293600e+16,4.531549095705308800e+17,7.072850496031298560e+17,9.085225832317448000e+15,2.733031565509485156e+13
6.654023632812500182e+02,1.232492656452492032e+18,1.219086130888041984e+18,1.401006011435066368e+18,5.389764651952017600e+16,4.522385051773197440e+17,7.096484432887823360e+17,9.136468016322752000e+15,2.752617519770103906e+13
6.659400024414060226e+02,1.237253719026574080e+18,1.222821727720357120e+18,1.403737909781711616e+18,5.324171467468007200e+16,4.495086654531607040e+17,7.166431423854146560e+17,9.291300697438286000e+15,2.812273380306663672e+13
6.661799926757810226e+02,1.243874797259869184e+18,1.224489215555613952e+18,1.404957368803836672e+18,5.294892120120704000e+16,4.482901253545990400e+17,7.197654214156407040e+17,9.360414583076832000e+15,2.838902437512721875e+13
6.666500244140629547e+02,1.252884397219369984e+18,1.227764879645966592e+18,1.407318020607657728e+18,5.238325097275533600e+16,4.458896600918057600e+17,7.258943464940956160e+17,9.497891674528886000e+15,2.892139739386731250e+13
6.671300048828129547e+02,1.256202388459563264e+18,1.231117627729227264e+18,1.409706749236468736e+18,5.181175174839024000e+16,4.434274084569434240e+17,7.321638965899375360e+17,9.639948621941584000e+15,2.947359308340790234e+13
6.673699951171879547e+02,1.261845372262631680e+18,1.232794001770857472e+18,1.410901113550874368e+18,5.152600213620769600e+16,4.421962826395122560e+17,7.352986716378584320e+17,9.710977095647934000e+15,2.974969092817819531e+13
6.683200073242189774e+02,1.263747658747884800e+18,1.239464622105281536e+18,1.415533619793910016e+18,5.042174565218556000e+16,4.372795372673763840e+17,7.477511037178735360e+17,9.999793429077520000e+15,3.088214941807646094e+13
6.687353750375599475e+02,1.262050391275252480e+18,1.242394341020905472e+18,1.417523590740134656e+18,4.994900402123004000e+16,4.351154163199813760e+17,7.532100865338238720e+17,1.012906244073554600e+16,3.139287641293853906e+13
6.687999877929689774e+02,1.261243965030413056e+18,1.242850447894588672e+18,1.417832137864929792e+18,4.987575135239512800e+16,4.347783685169888640e+17,7.540596707739175680e+17,1.014925571001507800e+16,3.147276455828515625e+13
6.697223088191110492e+02,1.261603657508806912e+18,1.249373536368296448e+18,1.422204028414461952e+18,4.883941517204043200e+16,4.299555670613370240e+17,7.661988261739635200e+17,1.044040708836787200e+16,3.262838110611983594e+13
6.705619628906249545e+02,1.264312999387766528e+18,1.255337859501622528e+18,1.426116284537960448e+18,4.791546133177040800e+16,4.255416932167429760e+17,7.772734945374592000e+17,1.071160310243852200e+16,3.371276272852489062e+13
6.709400024414060226e+02,1.271057105826056192e+18,1.258033983100780288e+18,1.427849923585867008e+18,4.750753919150405600e+16,4.235459033391085440e+17,7.822682535798090240e+17,1.083633573862665400e+16,3.421493298115830078e+13
6.711799926757810226e+02,1.272457596653382400e+18,1.259745558868788992e+18,1.428950486848544256e+18,4.724857864135260000e+16,4.222789192907275520e+17,7.854390683549921280e+17,1.091551955558748200e+16,3.453372490749682031e+13
6.717061861478370020e+02,1.275306855297974528e+18,1.263509722925936640e+18,1.431334717985618176e+18,4.668930248883280800e+16,4.194936095566132480e+17,7.923986273445195520e+17,1.109204101643293200e+16,3.524822527814226562e+13
6.721300048828129547e+02,1.281782474417921536e+18,1.266547416191940096e+18,1.433240264006564608e+18,4.624321251145314400e+16,4.172464141452704000e+17,7.980079326080033280e+17,1.123571277446791800e+16,3.583169715360384375e+13
6.726099853515629547e+02,1.286717460598228480e+18,1.269995480644778752e+18,1.435378932886243584e+18,4.574384740500843200e+16,4.146974995908247040e+17,8.043643697710379520e+17,1.140051164190841200e+16,3.650373932056714062e+13
6.730899658203129547e+02,1.289013239874902784e+18,1.273452424811455488e+18,1.437495630455158016e+18,4.525109804779351200e+16,4.121441254013055360e+17,8.107251391643087360e+17,1.156767747742302600e+16,3.718853323177205469e+13
6.735599975585939774e+02,1.293012653028218112e+18,1.276843648707403264e+18,1.439554022379612160e+18,4.477300748270378400e+16,4.096415381754449920e+17,8.169560068081208320e+17,1.173304562586091400e+16,3.786818725369925000e+13
6.740400390625000000e+02,1.287709114328977920e+18,1.280317306360391936e+18,1.441631403191630336e+18,4.429238879483296000e+16,4.070819756198753280e+17,8.233229069565511680e+17,1.190480575596545600e+16,3.857790279567722656e+13
6.745100097656250000e+02,1.292680732490779904e+18,1.283722191113630720e+18,1.443655369989956096e+18,4.382496118173925600e+16,4.045752194893849600e+17,8.295568830173493760e+17,1.207418500856764600e+16,3.927942067964153906e+13
6.749899902343750000e+02,1.295656874268637952e+18,1.287211151440736000e+18,1.445694738241654784e+18,4.335633619225357600e+16,4.020125629079013760e+17,8.359254584843783680e+17,1.225061654312631600e+16,4.001473531265831250e+13
6.752299804687500000e+02,1.307859760829027584e+18,1.288955631604288768e+18,1.446714422367503872e+18,4.312202369751073600e+16,4.007312346171596160e+17,8.391097462178928640e+17,1.233883231040565000e+16,4.038239262916670312e+13
6.759400024414060226e+02,1.319746395088454400e+18,1.294134251039612928e+18,1.449689719695025152e+18,4.244230085028524800e+16,3.969391318527016960e+17,8.485301975440957440e+17,1.260539401345144000e+16,4.150085769054961719e+13
6.766216259765629957e+02,1.331952617651427328e+18,1.299117547858518528e+18,1.452518141408742656e+18,4.179901560373903200e+16,3.932989549328691840e+17,8.575721804771988480e+17,1.286522701984138200e+16,4.259638724464666406e+13
6.770007793719960318e+02,1.337251980594985728e+18,1.301896949580505856e+18,1.454073930337269504e+18,4.144707804588519200e+16,3.912747177331873920e+17,8.626001418451077120e+17,1.301231052541063400e+16,4.321995865341977344e+13
6.776099853515629547e+02,1.345505876234659072e+18,1.306369154813943808e+18,1.456558666848805120e+18,4.088683742182912000e+16,3.880238370352894080e+17,8.706760090787528960e+17,1.325101918543258800e+16,4.423522506804185156e+13
6.780799560546879547e+02,1.343608926395348736e+18,1.309827649003594752e+18,1.458455709150513664e+18,4.046153869408644800e+16,3.855180188659516800e+17,8.769023969974042880e+17,1.343830800575525800e+16,4.503602454234746094e+13
6.783776049804689592e+02,1.345186761424428032e+18,1.312018034645773312e+18,1.459657172559849728e+18,4.019218209673496800e+16,3.839309963529600000e+17,8.808457867941710080e+17,1.355692458293583000e+16,4.554319892940635938e+13
6.790300292968750000e+02,1.341566116604021760e+18,1.316836335509839872e+18,1.462250155271651840e+18,3.961644912090756800e+16,3.804596277584655360e+17,8.894774869766485760e+17,1.382393712796379200e+16,4.669446980871186719e+13
6.797500000000000000e+02,1.346285688797736704e+18,1.322162653827506688e+18,1.465089577451557888e+18,3.898941259100082400e+16,3.766345574909208320e+17,8.989937866494426880e+17,1.412276004197126000e+16,4.798861607602338281e+13
6.797500000000000000e+02,1.343739196913729792e+18,1.322162653827506688e+18,1.465089577451557888e+18,3.898941259100082400e+16,3.766345574909208320e+17,8.989937866494426880e+17,1.412276004197126000e+16,4.798861607602338281e+13
6.804599609375000000e+02,1.357108196223567104e+18,1.327425180551469824e+18,1.467864774979061504e+18,3.838050711801506400e+16,3.728694802215351680e+17,9.083669730284416000e+17,1.442219920823997600e+16,4.929192958258394531e+13
6.809299926757810226e+02,1.364914200895444224e+18,1.330918629401489920e+18,1.469678958711030528e+18,3.798651472143696800e+16,3.703848792358809600e+17,9.145597804291604480e+17,1.462526955076956200e+16,5.018243003475945312e+13
6.814100341796879547e+02,1.370909182465300480e+18,1.334486972495221760e+18,1.471530492318063360e+18,3.758466358372865600e+16,3.678479394233577600e+17,9.208835623014302720e+17,1.483295997775480800e+16,5.109359926993230469e+13
6.818800048828129547e+02,1.374741101757231872e+18,1.337989311140428288e+18,1.473320333082904064e+18,3.720069833316477600e+16,3.653744134543507840e+17,9.270585449517543680e+17,1.504154851175428200e+16,5.201596947256323438e+13
6.825999755859379547e+02,1.379017694924082688e+18,1.343358422333976832e+18,1.476052027733116672e+18,3.661694000125500000e+16,3.615907603427351040e+17,9.365092389396258560e+17,1.536370252539298200e+16,5.344414139392796875e+13
6.828399658203129547e+02,1.378397869977191936e+18,1.345151031081245184e+18,1.476954568574732288e+18,3.642584311313617600e+16,3.603339742968993920e+17,9.396523777610611200e+17,1.547312852580538600e+16,5.393205942286426562e+13
6.830976985051080419e+02,1.381867216255007232e+18,1.347076167186986496e+18,1.477923834156944896e+18,3.622061845406153600e+16,3.589842742032693120e+17,9.430278884739942400e+17,1.559064437784046600e+16,5.445604917555221094e+13
6.835499877929689774e+02,1.385940739226589440e+18,1.350456927460820736e+18,1.479617482834040320e+18,3.586381336624274800e+16,3.566205944684121600e+17,9.489435662286284800e+17,1.579892753774653200e+16,5.538762533752742969e+13
6.845000000000000000e+02,1.394088997819436032e+18,1.357568079772608000e+18,1.483143530589420800e+18,3.512884402523895600e+16,3.516773881387980800e+17,9.613339557466472960e+17,1.624541454972140600e+16,5.739707216988075000e+13
6.849699707031250000e+02,1.401463379582560768e+18,1.361090681497972224e+18,1.484870959747453696e+18,3.477341303586706800e+16,3.492454512657753600e+17,9.674411737731755520e+17,1.647158728367327800e+16,5.842235312119089062e+13
6.852561129056490472e+02,1.414228609210309632e+18,1.363235421605405440e+18,1.485922706974880768e+18,3.455700846965068800e+16,3.477647637067019520e+17,9.711595604849118720e+17,1.660929281257868400e+16,5.904659660629128125e+13
6.859199829101560226e+02,1.419814349439623936e+18,1.368215758825634048e+18,1.488342577944071424e+18,3.406524349452806400e+16,3.443484171223854720e+17,9.797544120428136960e+17,1.693583318869930600e+16,6.053674579937360938e+13
6.863232275390630548e+02,1.428012207957243136e+18,1.371241532852525312e+18,1.489809480105587968e+18,3.376804640931367600e+16,3.422760498932459520e+17,9.849703622685440000e+17,1.713521083147814800e+16,6.144800975554635156e+13
6.866300048828129547e+02,1.428462355187576576e+18,1.373544632558232064e+18,1.490916873507138304e+18,3.354655202947173600e+16,3.407087736655276160e+17,9.889223666678978560e+17,1.729021471569041400e+16,6.216113085154895312e+13
6.875799560546879547e+02,1.432381292787426560e+18,1.380677443019083264e+18,1.494332939130559744e+18,3.286785087560823200e+16,3.358707950078437120e+17,1.001133327913745408e+18,1.777550553607022000e+16,6.440121093906370312e+13
6.878200073242189774e+02,1.431809489660623872e+18,1.382480120642968064e+18,1.495189977967298816e+18,3.269984030663679200e+16,3.346559679379846400e+17,1.004205307683819136e+18,1.790079951560621600e+16,6.498329160284085156e+13
6.880599975585939774e+02,1.432087851298971136e+18,1.384282339920141056e+18,1.496046798894342144e+18,3.253187245583681200e+16,3.334414497486405760e+17,1.007276506375896832e+18,1.802606163804100000e+16,6.556522426746682031e+13
6.890100097656250000e+02,1.432438743316165632e+18,1.391414876341806592e+18,1.499419689392506880e+18,3.187812927384408000e+16,3.286604244605529600e+17,1.019385314087980672e+18,1.853088923694492400e+16,6.792318716611435156e+13
6.892399902343750000e+02,1.437849678214969344e+18,1.393141326928266496e+18,1.500233828378354944e+18,3.172127547594623600e+16,3.275063870460210560e+17,1.022310507139293952e+18,1.865422801682936400e+16,6.850084855272629688e+13
6.895279785156250227e+02,1.440195737343551744e+18,1.395302295882189824e+18,1.501249281885529856e+18,3.152734777998911600e+16,3.260676692197720960e+17,1.025961523505048320e+18,1.881078856800729600e+16,6.923709715280560156e+13
6.901900024414060226e+02,1.448546309830075648e+18,1.400267706537496320e+18,1.503574187971639552e+18,3.108735153033633200e+16,3.227752844866323840e+17,1.034326472379772288e+18,1.917561136336355200e+16,7.095960906150660938e+13
6.909000244140629547e+02,1.457352053740620032e+18,1.405587572757306112e+18,1.506053974740410368e+18,3.062418938921694800e+16,3.192682160815285120e+17,1.043251572750419968e+18,1.957471376362608800e+16,7.285509193969106250e+13
6.911400146484379547e+02,1.460555725026512128e+18,1.407384998830058496e+18,1.506890402007687168e+18,3.046875646176687600e+16,3.180858868270849280e+17,1.046262364288197760e+18,1.971061379411572000e+16,7.350192574004775000e+13
6.913800048828129547e+02,1.452337600032956160e+18,1.409182424902810880e+18,1.507726829274963968e+18,3.031332353431680400e+16,3.169035575726413440e+17,1.049273155825975424e+18,1.984651382460535200e+16,7.414875954040443750e+13
6.920899658203129547e+02,1.453762371459379968e+18,1.414489070049025792e+18,1.510183434857273088e+18,2.986515223627141600e+16,3.134399578164228480e+17,1.058112258754822656e+18,2.025957582541304800e+16,7.613048887309865625e+13
6.927630662184500352e+02,1.457123429620191232e+18,1.419512692670133760e+18,1.512503206734720512e+18,2.944640818989835600e+16,3.101752643004369280e+17,1.066453373457499648e+18,2.065735515691691200e+16,7.804769565287935938e+13
6.929807692307699654e+02,1.460441721771322624e+18,1.421135622601996288e+18,1.513251183714523648e+18,2.931250707550322000e+16,3.091241116239700480e+17,1.069141420888433024e+18,2.078754699299562000e+16,7.867735167448618750e+13
6.935100097656250000e+02,1.479675072328584704e+18,1.425077951031933696e+18,1.515066577149009920e+18,2.898894798256948400e+16,3.065751418830417280e+17,1.075662581010308864e+18,2.110611901430177600e+16,8.022105209868510938e+13
6.937500000000000000e+02,1.470332142240709888e+18,1.426861176938097920e+18,1.515885457278364416e+18,2.884509594648984800e+16,3.054286712664296320e+17,1.078599827115505792e+18,2.125361834516931600e+16,8.094011070367343750e+13
6.946999511718750000e+02,1.487913078667275264e+18,1.433910486884403200e+18,1.519119463337328640e+18,2.828048630875076400e+16,3.009071214501029760e+17,1.090190243596057856e+18,2.184284042443007200e+16,8.382028556769990625e+13
6.954100341796879547e+02,1.493546270846190592e+18,1.439165055846746112e+18,1.521525185126725376e+18,2.786604653619507200e+16,2.975535160518427520e+17,1.098796649920568192e+18,2.229182359735224000e+16,8.602713172415551562e+13
6.956400146484379547e+02,1.496217608472651264e+18,1.440859283093741056e+18,1.522299137830177536e+18,2.773510716489611200e+16,2.964792244243823360e+17,1.101557294505631104e+18,2.244113944271352400e+16,8.676666047413328125e+13
6.960815966796880048e+02,1.494762031481759488e+18,1.444112343291389952e+18,1.523785192749273344e+18,2.748369245188562400e+16,2.944164932647003520e+17,1.106857966558598912e+18,2.272783854655842000e+16,8.818661847908015625e+13
6.963499755859379547e+02,1.492871304795811072e+18,1.446089445338180096e+18,1.524688367619603456e+18,2.733089093162926400e+16,2.931628337103113600e+17,1.110079539148267008e+18,2.290208474877574400e+16,8.904962183818357812e+13
6.970599975585939774e+02,1.502398099895223040e+18,1.451293374413069312e+18,1.527061631659566848e+18,2.693637206102230800e+16,2.898828863167479680e+17,1.118516790504278784e+18,2.337528805469295200e+16,9.141094138863154688e+13
6.975400390625000000e+02,1.506590617697672960e+18,1.454803821496367872e+18,1.528661766306428160e+18,2.667215545595815600e+16,2.876751801753690560e+17,1.124197485536292864e+18,2.369853674025949600e+16,9.302877241641439062e+13
6.980100097656250000e+02,1.526314602830438144e+18,1.458226337169521152e+18,1.530220436470001408e+18,2.641794274781483600e+16,2.855313511540066560e+17,1.129716584403517696e+18,2.402093506041855600e+16,9.465086413067282812e+13
6.980100097656250000e+02,1.517337261433916160e+18,1.458226337169521152e+18,1.530220436470001408e+18,2.641794274781483600e+16,2.855313511540066560e+17,1.129716584403517696e+18,2.402093506041855600e+16,9.465086413067282812e+13
6.990041996882509920e+02,1.533103159639260928e+18,1.465435207386547968e+18,1.533501564046954752e+18,2.588861417138228000e+16,2.810308161506198720e+17,1.141305342732640896e+18,2.471483421048947200e+16,9.815938091549585938e+13
6.991900024414060226e+02,1.535663164857295616e+18,1.466778929621361408e+18,1.534112943932021760e+18,2.579064394351871600e+16,2.801936315439950400e+17,1.143461359160475648e+18,2.484586147803097200e+16,9.882380791722710938e+13
6.999000244140629547e+02,1.535015362770573056e+18,1.471884910338417408e+18,1.536435011447709440e+18,2.542308694080698000e+16,2.770234770563849920e+17,1.151625043091692672e+18,2.535675041878754000e+16,1.014293360902705312e+14
7.006007861328130275e+02,1.538093196749589248e+18,1.476900149647826688e+18,1.538715076175485184e+18,2.506565201386658800e+16,2.739177790198859200e+17,1.159621199991377664e+18,2.586917719351242000e+16,1.040546318768201406e+14
7.013200073242189774e+02,1.539870793080082432e+18,1.482016697046624000e+18,1.541040451024825600e+18,2.470521027450379600e+16,2.707585465740110400e+17,1.167752032682838528e+18,2.640524048936808800e+16,1.068157422100625469e+14
7.015599975585939774e+02,1.547043231542128640e+18,1.483712120794979840e+18,1.541810786034446336e+18,2.458712723339445600e+16,2.697143689015086080e+17,1.170437283561979136e+18,2.658778647619096000e+16,1.077613833946699062e+14
7.020300292968750000e+02,1.557773477460235264e+18,1.487024053872782592e+18,1.543315451529290496e+18,2.435744832993088000e+16,2.676765693652732480e+17,1.175676216442179840e+18,2.694798123423498400e+16,1.096311434101003438e+14
7.025100097656250000e+02,1.557649325236759296e+18,1.490396851070523392e+18,1.544847627239568384e+18,2.412442736474877200e+16,2.656028060596765760e+17,1.181005318101314560e+18,2.731850215111730000e+16,1.115584957017790781e+14
7.029799804687500000e+02,1.558022320301178368e+18,1.493673633532955648e+18,1.546335791884315392e+18,2.390048956057266800e+16,2.635922177340056000e+17,1.186165687334605312e+18,2.768880801175746800e+16,1.134957388646187188e+14
7.034499511718750000e+02,1.555994153061998592e+18,1.496945215371494144e+18,1.547821503455741952e+18,2.367731852336394000e+16,2.615853620480718400e+17,1.191314859698197760e+18,2.806056039426479600e+16,1.154426946235388594e+14
7.039299926757810226e+02,1.559202977210620160e+18,1.500253786146523648e+18,1.549323431091430912e+18,2.345424784707649200e+16,2.595592709115403840e+17,1.196503072353198080e+18,2.844949002108856400e+16,1.174932184630020312e+14
7.041985822405140425e+02,1.563863911525433088e+18,1.502104975214808064e+18,1.550163779450161664e+18,2.332943685602419600e+16,2.584256461477596480e+17,1.199405945891027968e+18,2.866710128663618400e+16,1.186405136469282812e+14
7.048699951171879547e+02,1.573994511027420928e+18,1.506690653687461888e+18,1.552244490394821632e+18,2.302299644763302800e+16,2.556197235651286080e+17,1.206575637127880448e+18,2.922220547543158800e+16,1.215837244270729844e+14
7.055799865722659661e+02,1.585732531356632320e+18,1.511504721399485952e+18,1.554427880645290752e+18,2.270337731032056800e+16,2.526751075985995520e+17,1.214085776023986688e+18,2.981833511857851600e+16,1.247580108338856406e+14
7.058476049804689865e+02,1.589005910042684416e+18,1.513301298553226752e+18,1.555242149556154880e+18,2.258506266847342400e+16,2.515763372642184000e+17,1.216880526861630208e+18,3.004762277703791600e+16,1.259857445872684062e+14
7.062900390625000000e+02,1.590998360984059392e+18,1.516271449108827392e+18,1.556588321220965120e+18,2.238946166214520000e+16,2.497598200540643200e+17,1.221500885489651968e+18,3.042668741378206400e+16,1.280154676537935156e+14
7.067600097656250000e+02,1.590781290881550592e+18,1.519389257608168448e+18,1.557999899196242688e+18,2.218573751183350000e+16,2.478517369527562880e+17,1.226336602698667520e+18,3.083847536154346000e+16,1.302341573728604688e+14
7.072399902343750000e+02,1.585382185054476288e+18,1.522563852393369856e+18,1.559436790000381184e+18,2.197872172135310400e+16,2.459085713449822720e+17,1.231256643857036544e+18,3.126139477151684800e+16,1.325162986930641406e+14
7.077099609375000000e+02,1.585626758895785216e+18,1.525637873999010560e+18,1.560826359837793792e+18,2.177943010524101200e+16,2.440244892265442560e+17,1.236009292070189312e+18,3.168364602801962400e+16,1.348071783290102812e+14
7.084199829101560226e+02,1.598925744778116096e+18,1.530254941692657408e+18,1.562911960559151360e+18,2.148099705817646000e+16,2.411925571900680640e+17,1.243138605365117696e+18,3.232797366447033600e+16,1.383124592322356719e+14
7.086312231445319867e+02,1.588677007100720896e+18,1.531606004088814080e+18,1.563520781437389056e+18,2.139425275333421200e+16,2.403614394536760320e+17,1.245218247676518656e+18,3.252485904364261200e+16,1.393914537646174844e+14
7.086500244140629547e+02,1.621983886920042752e+18,1.531726254325888000e+18,1.563574969056815104e+18,2.138653214527659600e+16,2.402874664786884160e+17,1.245403344591129344e+18,3.254238267067067200e+16,1.394874888172469375e+14
7.095999755859379547e+02,1.639127650048486912e+18,1.537776402064507136e+18,1.566299277472229376e+18,2.099856372508722400e+16,2.365620673122868160e+17,1.254709714297492224e+18,3.343350393169448800e+16,1.443798935977669688e+14
7.100700073242189774e+02,1.650416091586458880e+18,1.540726679111549184e+18,1.567624299585664000e+18,2.081018849424274000e+16,2.347393117039579520e+17,1.259236961926130944e+18,3.388410927500031200e+16,1.468685427424839062e+14
7.107800292968750000e+02,1.656011567114384896e+18,1.545133599382444032e+18,1.569598829873734400e+18,2.052941546131334000e+16,2.320080687781365760e+17,1.265988813102505216e+18,3.457562236529189600e+16,1.507044301957843750e+14
7.112500000000000000e+02,1.655330119986860544e+18,1.548024345145302016e+18,1.570891528368870912e+18,2.034556567891553600e+16,2.302119376414024320e+17,1.270412052215254016e+18,3.503906080151913200e+16,1.532838565470092500e+14
7.112861515925479807e+02,1.652476393969970944e+18,1.548246710203982848e+18,1.570990966714650368e+18,2.033142338796190000e+16,2.300737737078078400e+17,1.270752301377772032e+18,3.507470991199805600e+16,1.534822739586414062e+14
7.121999511718750000e+02,1.650713289510521600e+18,1.553759291562067968e+18,1.573444169060344064e+18,1.998152167630357200e+16,2.266268297563783360e+17,1.279167726491980544e+18,3.599883928033802400e+16,1.586616451556466250e+14
7.124484534630410053e+02,1.652957663541137664e+18,1.555245985268151040e+18,1.574104249331002112e+18,1.988718962778921600e+16,2.256944580457992960e+17,1.281435297193603584e+18,3.625275803782324800e+16,1.600888121388120938e+14
7.133800048828129547e+02,1.663360211377934592e+18,1.560722334607190784e+18,1.576523312888821760e+18,1.953982094405832800e+16,2.222376309043301440e+17,1.289773342286611456e+18,3.722480829239915200e+16,1.655836937149530000e+14
7.142115384615390212e+02,1.667697612997612032e+18,1.565489718919422464e+18,1.578611663994019328e+18,1.923697168531181600e+16,2.191971907807778240e+17,1.297016949696009472e+18,3.811728285623230400e+16,1.706678978099106875e+14
7.143200073242189774e+02,1.669634897347369728e+18,1.566111502192861952e+18,1.578884021809773312e+18,1.919747238692782400e+16,2.188006180861702400e+17,1.297961680809394944e+18,3.823372061397446400e+16,1.713312444809673750e+14
7.145599975585939774e+02,1.675502046249384192e+18,1.567460391785031936e+18,1.579470485833905920e+18,1.911156234364944000e+16,2.179326723559957440e+17,1.300008516045465600e+18,3.849674948696363200e+16,1.728383346535483750e+14
7.157399902343750000e+02,1.665097304423040512e+18,1.573986841129416960e+18,1.582289529602062080e+18,1.869478166628482800e+16,2.137014603838954240e+17,1.309902685302131200e+18,3.981118892272616000e+16,1.804034382266123438e+14
7.159699707031250000e+02,1.658919935010240000e+18,1.575233094604155136e+18,1.582823086383352064e+18,1.861487246834749600e+16,2.128854146989070400e+17,1.311790048939072768e+18,4.007249040124839200e+16,1.819154821897135000e+14
7.162099609375000000e+02,1.670064427068242944e+18,1.576533590533738752e+18,1.583379865912022784e+18,1.853148526922606000e+16,2.120338511019393280e+17,1.313759558976348416e+18,4.034516487405874400e+16,1.834933369834804062e+14
7.167440063476559544e+02,1.660685889985994240e+18,1.579367587531272192e+18,1.584580988617001728e+18,1.834878594575110800e+16,2.101579036082040320e+17,1.318048182396774400e+18,4.096371134329503200e+16,1.870917045150124375e+14
7.171500244140629547e+02,1.668548286147401472e+18,1.581499959887386880e+18,1.585480129668719616e+18,1.821094556272692400e+16,2.087387286525616320e+17,1.321273816801025536e+18,4.143833512734436000e+16,1.898597502914723438e+14
7.176199951171879547e+02,1.678822621300774656e+18,1.583927336045911296e+18,1.586494476940067328e+18,1.805320901831879600e+16,2.071083159880636480e+17,1.324944291039204096e+18,4.199565279291564000e+16,1.931230749012779688e+14
7.178599853515629547e+02,1.679843832429161984e+18,1.585146008102848256e+18,1.586998964556993280e+18,1.797358776080991200e+16,2.062820260678519680e+17,1.326786331643101952e+18,4.228429789398389600e+16,1.948197541058462500e+14
7.185700073242189774e+02,1.683275812716476160e+18,1.588718062087379968e+18,1.588469395861533440e+18,1.773941015653691800e+16,2.038469698164444480e+17,1.332185013256740096e+18,4.314470148867804800e+16,1.998879277918892500e+14
7.192749938964849434e+02,1.681888143976564480e+18,1.592170563022762752e+18,1.589867083603229696e+18,1.751079678018481800e+16,2.014561166324518720e+17,1.337401498874821120e+18,4.401713026102584800e+16,2.050567214475777500e+14
7.195100097656250000e+02,1.679746034020810752e+18,1.593298048058656768e+18,1.590317161805431552e+18,1.743549324699208200e+16,2.006654707183966720e+17,1.339105091571808000e+18,4.431244228516430400e+16,2.068138213891182188e+14
7.196726919320909701e+02,1.685930190165484544e+18,1.594064233492777216e+18,1.590619056537314816e+18,1.738391947478492000e+16,2.001220533446851200e+17,1.340262798760371200e+18,4.451958913178484800e+16,2.080508348394614375e+14
7.204499511718750000e+02,1.691085823228835840e+18,1.597712274545182208e+18,1.592052718099513600e+18,1.713796854375511400e+16,1.975289923746641600e+17,1.345775228538017536e+18,4.551168637431161600e+16,2.139793718989300000e+14
7.206900024414060226e+02,1.697457286064389888e+18,1.598796204111801856e+18,1.592465952068311296e+18,1.706355607528226800e+16,1.967392040476702080e+17,1.347413915856945408e+18,4.582620109823569600e+16,2.158725373848779062e+14
7.216300048828129547e+02,1.707175268230658560e+18,1.602991454438964480e+18,1.594049345000939520e+18,1.677383965164438200e+16,1.936586628834605120e+17,1.353758018403924992e+18,4.706709345568436000e+16,2.233578073121992812e+14
7.220999755859379547e+02,1.712831027974234368e+18,1.605019107826042880e+18,1.594791688284061184e+18,1.663136043155922600e+16,1.921357138399342080e+17,1.356826715436718336e+18,4.770069211063561600e+16,2.272022142223898125e+14
7.223399658203129547e+02,1.718371635798870272e+18,1.606054527711496448e+18,1.595170765399546368e+18,1.655860351034171600e+16,1.913580208997854400e+17,1.358393743583853824e+18,4.802423885235877600e+16,2.291653581147105000e+14
7.232800292968750000e+02,1.712617814834711552e+18,1.609924558007375360e+18,1.596521735682970880e+18,1.627952386897398000e+16,1.883554347770471040e+17,1.364260120230440704e+18,4.932658682138306400e+16,2.371281491577140938e+14
7.237500000000000000e+02,1.714749172250167040e+18,1.611776496579720704e+18,1.597136294476499200e+18,1.614248909503836200e+16,1.868729904084401600e+17,1.367072771518484480e+18,4.999324329718455200e+16,2.412315432819033125e+14
7.237500000000000000e+02,1.708557398104163072e+18,1.611776496579720704e+18,1.597136294476499200e+18,1.614248909503836200e+16,1.868729904084401600e+17,1.367072771518484480e+18,4.999324329718455200e+16,2.412315432819033125e+14
7.247130690354570106e+02,1.712794706821505024e+18,1.615453108000909056e+18,1.598307530440546048e+18,1.586509039573555200e+16,1.838610264809981120e+17,1.372665663280068352e+18,5.138160465857616000e+16,2.498164016000853438e+14
7.247859985351559544e+02,1.710889086843534080e+18,1.615720919602234368e+18,1.598388270994155520e+18,1.584438257137267200e+16,1.836352186961299520e+17,1.373073941268205312e+18,5.148873133610522400e+16,2.504823276670922188e+14
7.254000244140629547e+02,1.706975824951876096e+18,1.617972333390675456e+18,1.599065453802313216e+18,1.567012466544492600e+16,1.817347432525446720e+17,1.376506546361252608e+18,5.239131940686697600e+16,2.560941981521751875e+14
7.256400146484379547e+02,1.710675087814806272e+18,1.618799188969684736e+18,1.599289531671559168e+18,1.560342490956121600e+16,1.810028557920192960e+17,1.377772375135446272e+18,5.275407132684814400e+16,2.583676434663691250e+14
7.261099853515629547e+02,1.722235484424014336e+18,1.620418412763776768e+18,1.599728341334121216e+18,1.547280738150817200e+16,1.795696072045205440e+17,1.380251236163241216e+18,5.346444512742164800e+16,2.628197108415708125e+14
7.267215200570919933e+02,1.730488775335068672e+18,1.622446964930713856e+18,1.600238247956835072e+18,1.530480741150158000e+16,1.777200623699844160e+17,1.383365632207848960e+18,5.440355542922444000e+16,2.687323976061231250e+14
7.273393205915180033e+02,1.735770665935868416e+18,1.624431570323924736e+18,1.600702955278290944e+18,1.513670579542164600e+16,1.758643008473507520e+17,1.386420185752235776e+18,5.536447152959345600e+16,2.748043770565269688e+14
7.277600097656250000e+02,1.735002002993684224e+18,1.625693338441702400e+18,1.600948275091231232e+18,1.502435633102847000e+16,1.746175309640643520e+17,1.388373918176343296e+18,5.603572403253590400e+16,2.790775160266759688e+14
7.282943749999999454e+02,1.733340520001926144e+18,1.627282188939448320e+18,1.601248883478520064e+18,1.488197618746260600e+16,1.730364811608847360e+17,1.390836048403091968e+18,5.689097528646663200e+16,2.845267297504978750e+14
7.286999511718750000e+02,1.729337548028985856e+18,1.628410968407878656e+18,1.601414732859178240e+18,1.477563590804466200e+16,1.718504433217051840e+17,1.392596760119253248e+18,5.755471646332491200e+16,2.887834221788316875e+14
7.294000244140629547e+02,1.724094691863252224e+18,1.630317303916956160e+18,1.601666969368210688e+18,1.459301587143991200e+16,1.698107857564770880e+17,1.395577073791345152e+18,5.870838964763885600e+16,2.961969709591709375e+14
7.298699951171879547e+02,1.722723621641821184e+18,1.631481806935053568e+18,1.601741552031725824e+18,1.447285982125965000e+16,1.684615611102983040e+17,1.397417276056766976e+18,5.950481734436366400e+16,3.013570891665074375e+14
7.301099853515629547e+02,1.725163085201435136e+18,1.632076459645074176e+18,1.601779637620419840e+18,1.441150221225850800e+16,1.677725804208470080e+17,1.398356974148668160e+18,5.991151263053533600e+16,3.039921001783576875e+14
7.308200073242189774e+02,1.735604976290763008e+18,1.633724339973883648e+18,1.601799118032951552e+18,1.423220944206311600e+16,1.657528193316378560e+17,1.400982650575272960e+18,6.113608613729772000e+16,3.119680465023101250e+14
7.310499877929689774e+02,1.740203340195086080e+18,1.634235282955855104e+18,1.601786344867166720e+18,1.417459335610485400e+16,1.651024188313683200e+17,1.401801495658859776e+18,6.153710400136345600e+16,3.145883910334565000e+14
7.326353384164659701e+02,1.742217074374906880e+18,1.637363751441988096e+18,1.601362449516388608e+18,1.378485976953375200e+16,1.606818539086985280e+17,1.406903108346105344e+18,6.437753762243160000e+16,3.333014558645346250e+14
7.331699829101560226e+02,1.730310356645409792e+18,1.638269234078242560e+18,1.601090550336577024e+18,1.365616225138007200e+16,1.592144047626512640e+17,1.408417773902346240e+18,6.536448610194264000e+16,3.398621629862863750e+14
7.332619995117189546e+02,1.706853680708377344e+18,1.638425074895731200e+18,1.601043754308956416e+18,1.363401237723033400e+16,1.589618450056925120e+17,1.408678459981852416e+18,6.553434784385549600e+16,3.409913132540216875e+14
7.336400146484379547e+02,1.697227880662857472e+18,1.638996049420267008e+18,1.600790635272888320e+18,1.354421126069992600e+16,1.579346430401262080e+17,1.409654509813451776e+18,6.624574450409256800e+16,3.457484748439334375e+14
7.338800048828129547e+02,1.688857169579159296e+18,1.639337345545937152e+18,1.600611299975218432e+18,1.348756459487918200e+16,1.572856707728804800e+17,1.410245125379308544e+18,6.670154750526568800e+16,3.488049246233155000e+14
7.343499755859379547e+02,1.693327353523923968e+18,1.640005702658770432e+18,1.600260109285478144e+18,1.337663394207660400e+16,1.560147942576739840e+17,1.411401722494541568e+18,6.759414239566067200e+16,3.547903425534380000e+14
7.345799560546879547e+02,1.692739826950921472e+18,1.640278921873436672e+18,1.600040147307651072e+18,1.332323398896641000e+16,1.554006543057781760e+17,1.411894140563753216e+18,6.804160198878727200e+16,3.578134255115576250e+14
7.350499877929689774e+02,1.695398259473461760e+18,1.640817564684462848e+18,1.599572936226924800e+18,1.321442014787430800e+16,1.541483308138017920e+17,1.412873541927907328e+18,6.896003037363232800e+16,3.640265116211243750e+14
7.357504101562500409e+02,1.690968428823343872e+18,1.641517702527658752e+18,1.598783649316267776e+18,1.305387594401654800e+16,1.522964552088459840e+17,1.414193281595041536e+18,7.034916709221735200e+16,3.734682853586702500e+14
7.362299804687500000e+02,1.688441759664253952e+18,1.641932724682293248e+18,1.598184817932496896e+18,1.294496128847578000e+16,1.510374667370448960e+17,1.415009188365553152e+18,7.131317872054912000e+16,3.800479909873620000e+14
7.366999511718750000e+02,1.685478380281239296e+18,1.642249763327329024e+18,1.597515289865282304e+18,1.283956822307703800e+16,1.498157668188547840e+17,1.415686811206925312e+18,7.227606062571108800e+16,3.866601297935451875e+14
7.369299926757810226e+02,1.688020481872188672e+18,1.642383345481904128e+18,1.597167651238771712e+18,1.278830350935184000e+16,1.492206802113567360e+17,1.415989117351689472e+18,7.275174881779475200e+16,3.899361826539895000e+14
7.378699951171879547e+02,1.695385584818057472e+18,1.642789223583564544e+18,1.595616064481288960e+18,1.258082624351437200e+16,1.468072883563690560e+17,1.417034394410126336e+18,7.472422925741635200e+16,4.035855003667194375e+14
7.381099853515629547e+02,1.696627293093404672e+18,1.642859323827856128e+18,1.595188543026858496e+18,1.252833514404930800e+16,1.461955053828381440e+17,1.417255751973734144e+18,7.523469555670539200e+16,4.071331795328859375e+14
7.385799560546879547e+02,1.699998159430066432e+18,1.642939634974487296e+18,1.594297179020518912e+18,1.242632244406787800e+16,1.450046638354263680e+17,1.417612005836520960e+18,7.624617672930960000e+16,4.141902493156805000e+14
7.390499877929689774e+02,1.700630462552729856e+18,1.642939597664698880e+18,1.593329308426607104e+18,1.232539701339513600e+16,1.438238349670443680e+17,1.417859362739800832e+18,7.727449094865318400e+16,4.214029591176242500e+14
7.397500000000000000e+02,1.697760996897484288e+18,1.642831695629552640e+18,1.591783805895976704e+18,1.217650590656932000e+16,1.420784838791542720e+17,1.418081683441474048e+18,7.882867707628876800e+16,4.323580880136111250e+14
7.402199707031250000e+02,1.693398111095569408e+18,1.642692801551021312e+18,1.590682072576604160e+18,1.207741652818835000e+16,1.409148581199141920e+17,1.418140943847806720e+18,7.988612489081348800e+16,4.398445364952772500e+14
7.404599609375000000e+02,1.683279488056319232e+18,1.642599500833059072e+18,1.590097562438179072e+18,1.202709853895955200e+16,1.403233225529193600e+17,1.418140920223124736e+18,8.043089616923035200e+16,4.437130091298901250e+14
7.409299926757810226e+02,1.683902335801483776e+18,1.642320318749623040e+18,1.588858323792869120e+18,1.192976380754606600e+16,1.391762791777602880e+17,1.418010326885966336e+18,8.151848708540936000e+16,4.514858189236400000e+14
7.418699951171879547e+02,1.692353418250830336e+18,1.641615970059320832e+18,1.586234919874309632e+18,1.173687530397306600e+16,1.368992851949344800e+17,1.417551562173006336e+18,8.372525364852864000e+16,4.673363414483871250e+14
7.420999755859379547e+02,1.696188864061308160e+18,1.641410130097205248e+18,1.585559779132063488e+18,1.169008917255953000e+16,1.363460860404587680e+17,1.417393969432836608e+18,8.427244159583272000e+16,4.712845337703295000e+14
7.425700073242189774e+02,1.699737824934564864e+18,1.640933306358355712e+18,1.584123357144612352e+18,1.159512227038264600e+16,1.352218060815693600e+17,1.416995920265930496e+18,8.540317474708596800e+16,4.794750299178200625e+14
7.430400390625000000e+02,1.697131816828776192e+18,1.640370018781234432e+18,1.582599784143360256e+18,1.150116298074966400e+16,1.341072967390343360e+17,1.416480856757755904e+18,8.655300291874115200e+16,4.878522569207529375e+14
7.435100097656250000e+02,1.694616786356560896e+18,1.639768631597915392e+18,1.581037385871617280e+18,1.140764454064375600e+16,1.329971380452511360e+17,1.415914176443002368e+18,8.771125696197739200e+16,4.963134756797593750e+14
7.441431738281249864e+02,1.690951599139939328e+18,1.638816525718500608e+18,1.578787405037633792e+18,1.128324594296939400e+16,1.315171199798523840e+17,1.414958607540566528e+18,8.930357977942497600e+16,5.080290307969938125e+14
7.442659667968749773e+02,1.691893278634923264e+18,1.638631878619238400e+18,1.578351053951717120e+18,1.125912064271710600e+16,1.312300919837649760e+17,1.414773288838313984e+18,8.961238765015396800e+16,5.103010924609474375e+14
7.451600341796879547e+02,1.694807176876866560e+18,1.637049571142901760e+18,1.574927363470243328e+18,1.108603936206730200e+16,1.291658007016171040e+17,1.413101640971612672e+18,9.191524167960857600e+16,5.273919662449884375e+14
7.458599853515629547e+02,1.692298462070620160e+18,1.635635845771852544e+18,1.572063559749268224e+18,1.095237890974995800e+16,1.275681657695965440e+17,1.411555630812374784e+18,9.375874178550694400e+16,5.411866274843935000e+14
7.460999755859379547e+02,1.692042138615996416e+18,1.635127359809178112e+18,1.571056681113582592e+18,1.090679994291422800e+16,1.270228882396187520e+17,1.410993314537150464e+18,9.439635319126283200e+16,5.459729726609209375e+14
7.464499816894540345e+02,1.687319478304143872e+18,1.634365692672743680e+18,1.569566842609131264e+18,1.084053017869770400e+16,1.262297124652482560e+17,1.410145939260441344e+18,9.533102543481113600e+16,5.530030007241555000e+14
7.472700195312500000e+02,1.683061507114478336e+18,1.632374844524043520e+18,1.565856521515487744e+18,1.068735510428083600e+16,1.243925961007956800e+17,1.407880300979099648e+18,9.756987989751576000e+16,5.699827466340473750e+14
7.474269362229570106e+02,1.682021265419612928e+18,1.631980909457214720e+18,1.565132532398971392e+18,1.065817200970853800e+16,1.240423678338237600e+17,1.407429097278695424e+18,9.800143516052142400e+16,5.732650670601012500e+14
7.479799804687500000e+02,1.682609270839279872e+18,1.630467131786102272e+18,1.562445570365520640e+18,1.055654847025812000e+16,1.228206552785800480e+17,1.405668211056586240e+18,9.955279319837355200e+16,5.851540537586875000e+14
7.482099609375000000e+02,1.675904849125049344e+18,1.629837635500707584e+18,1.561328211686414592e+18,1.051428886912018800e+16,1.223126126974121760e+17,1.404935956012154112e+18,1.001979170767220960e+17,5.900980247966337500e+14
7.486799926757810226e+02,1.671776042123607296e+18,1.628459781962995712e+18,1.558944762570205952e+18,1.042878881342015400e+16,1.212833203114107840e+17,1.403314852173958656e+18,1.015389840179216320e+17,6.004448049739723750e+14
7.496199951171879547e+02,1.667419977047932160e+18,1.625523287792549632e+18,1.553979337896280320e+18,1.025950430710777600e+16,1.192426656669653760e+17,1.399825765473869568e+18,1.042660647005414080e+17,6.216249551729590000e+14
7.498499755859379547e+02,1.670754194407115520e+18,1.624751530659239936e+18,1.552705476732495360e+18,1.021858091557418600e+16,1.187485896787333440e+17,1.398899220691060992e+18,1.049467329218978080e+17,6.269539554638380000e+14
7.503200073242189774e+02,1.662099705208428288e+18,1.623174221295222784e+18,1.550101972267977472e+18,1.013494210501154800e+16,1.177388022091545280e+17,1.397005557906452736e+18,1.063378756959591520e+17,6.378453119500482500e+14
7.507072241210939865e+02,1.661928786195148032e+18,1.621775461214245376e+18,1.547845829562941440e+18,1.006693523865346400e+16,1.169164499277649280e+17,1.395309286203008256e+18,1.075095531273515680e+17,6.471028939094836250e+14
7.507900390625000000e+02,1.667810036921212416e+18,1.621472020244869376e+18,1.547358500994240000e+18,1.005242907967227400e+16,1.167409821602336480e+17,1.394940624511762944e+18,1.077612482404672000e+17,6.490951328059351250e+14
7.518931738281249864e+02,1.674609557149603072e+18,1.617273957219069952e+18,1.540690031471010560e+18,9.860572073228272000e+15,1.144184145603032960e+17,1.389815141285290752e+18,1.111551407826181920e+17,6.760994011013231250e+14
7.524400024414060226e+02,1.677273320048832000e+18,1.615085570755282176e+18,1.537262429322290688e+18,9.766408271645958000e+15,1.132772346602135840e+17,1.387126594707756288e+18,1.128659527390820160e+17,6.898087871765415000e+14
7.526699829101560226e+02,1.667782050413102848e+18,1.614102004763255552e+18,1.535748379034437120e+18,9.727348277017132000e+15,1.128031838805179840e+17,1.385908621014696704e+18,1.136025378329724320e+17,6.957716421561187500e+14
7.531400146484379547e+02,1.664699814632463872e+18,1.612091802612350976e+18,1.532653978485929216e+18,9.647517858058260000e+15,1.118343237280654560e+17,1.383419338793289216e+18,1.151079629412681760e+17,7.079584643954475000e+14
7.543099975585939774e+02,1.662289050672317696e+18,1.606807389632357888e+18,1.524625905893691136e+18,9.451166010835570000e+15,1.094485918287563040e+17,1.376834050206569728e+18,1.189328273967039200e+17,7.392076435885488750e+14
7.545499877929689774e+02,1.649340182150421248e+18,1.605658526562704896e+18,1.522903256105082112e+18,9.411426981607392000e+15,1.089651747410749760e+17,1.375392993680247040e+18,1.197356815711973920e+17,7.458363716751252500e+14
7.549912207031250091e+02,1.640294609235922944e+18,1.603504795261259776e+18,1.519687440125282304e+18,9.338706802325654000e+15,1.080801868065339520e+17,1.372685785429696256e+18,1.212235219126039840e+17,7.581649170863342500e+14
7.552500000000000000e+02,1.637004664968501760e+18,1.602241650425466624e+18,1.517801391784423936e+18,9.296057044272710000e+15,1.075611490145379200e+17,1.371098031136110080e+18,1.220961274425842560e+17,7.653955026559280000e+14
7.558927636718749454e+02,1.637047174742469888e+18,1.598952874753139200e+18,1.512937558045255936e+18,9.191346955746870000e+15,1.062856943421845920e+17,1.366942673967472128e+18,1.243074892072893120e+17,7.838947881973080000e+14
7.564199829101560226e+02,1.635962356632668416e+18,1.596211983571973888e+18,1.508896652056392704e+18,9.105808926655050000e+15,1.052434471428217120e+17,1.363473647570255616e+18,1.261339901200323200e+17,7.992248630176413750e+14
7.566600341796879547e+02,1.633787074327064576e+18,1.594897970803697408e+18,1.506977819702521088e+18,9.067388123467726000e+15,1.047748627480247520e+17,1.361801321041041920e+18,1.269853021546539520e+17,8.064518595438516250e+14
7.573599853515629547e+02,1.634018861403842304e+18,1.591066519385809408e+18,1.501382810947337472e+18,8.955359196198218000e+15,1.034085454738024480e+17,1.356925083909852416e+18,1.294675921147386720e+17,8.275246274468121250e+14
7.578299560546879547e+02,1.631970869821404672e+18,1.588364526386197760e+18,1.497470065399275008e+18,8.881156053607589000e+15,1.025028103683060160e+17,1.353468110968025344e+18,1.311738658852624320e+17,8.421818221451130000e+14
7.585400390625000000e+02,1.623510198453071104e+18,1.584226631531282432e+18,1.491490996677439232e+18,8.769473330312797000e+15,1.011393139544104160e+17,1.348166241951225344e+18,1.337692083010221600e+17,8.645541671632608750e+14
7.587700195312500000e+02,1.603457179490168064e+18,1.582834933139483648e+18,1.489491880869364736e+18,8.733701885035695000e+15,1.007023416024012160e+17,1.346375844516565248e+18,1.346259654798622080e+17,8.720128406458095000e+14
7.587700195312500000e+02,1.613606230664284928e+18,1.582834933139483648e+18,1.489491880869364736e+18,8.733701885035695000e+15,1.007023416024012160e+17,1.346375844516565248e+18,1.346259654798622080e+17,8.720128406458095000e+14
7.592399902343750000e+02,1.605484520564132352e+18,1.579990963495945728e+18,1.485406638904881664e+18,8.660602063211468000e+15,9.980937793189408000e+16,1.342717123644250624e+18,1.363767696935215520e+17,8.872548220193826250e+14
7.601799926757810226e+02,1.606899705551418624e+18,1.574078508971759360e+18,1.476961251472283136e+18,8.516117850654065000e+15,9.804351516867862400e+16,1.335078610019783936e+18,1.399509451100610240e+17,9.187155301662266250e+14
7.608800048828129547e+02,1.612218750019755264e+18,1.569508073893503232e+18,1.470466009244756480e+18,8.409803370765598000e+15,9.674360952858376000e+16,1.329149415794585856e+18,1.426679024106230400e+17,9.429050644290970000e+14
7.613499755859379547e+02,1.613222525273328896e+18,1.566401498991115264e+18,1.466058345007296256e+18,8.338717706608114000e+15,9.587432651642260800e+16,1.325113845469528576e+18,1.445046421669335040e+17,9.593200815270846250e+14
7.618200073242189774e+02,1.612108690095270912e+18,1.563176506183898624e+18,1.461504043933953536e+18,8.268521118892285000e+15,9.501564927310422400e+16,1.320906613219440384e+18,1.463819093676135360e+17,9.763092031210357500e+14
7.625200195312500000e+02,1.603250243155035904e+18,1.558323594156156160e+18,1.454659368695388416e+18,8.164358216888991000e+15,9.374139729074867200e+16,1.314567974857617408e+18,1.491951187946197760e+17,1.001863212515779250e+15
7.629369178185099827e+02,1.593514673598909952e+18,1.555344126799893248e+18,1.450472061832573952e+18,8.103001630197962000e+15,9.299067933672209600e+16,1.310662499308975616e+18,1.509019234048400640e+17,1.017540053653724875e+15
7.632299804687500000e+02,1.580140722327612928e+18,1.553249681640454400e+18,1.447528554305474560e+18,8.059870429003698000e+15,9.246295494947224000e+16,1.307917107807717888e+18,1.521017380785835520e+17,1.028560239516021250e+15
7.636900024414060226e+02,1.578808992872090880e+18,1.549883039549401088e+18,1.442809779936514816e+18,7.992768254918361000e+15,9.164189193622128000e+16,1.303491312481138688e+18,1.540136832413230080e+17,1.046288231979527000e+15
7.641600341796879547e+02,1.575800730889516544e+18,1.546402131360719360e+18,1.437937268192695808e+18,7.924518099915031000e+15,9.080675816054416000e+16,1.298908805949691648e+18,1.559820761365390720e+17,1.064625014653273375e+15
7.648699951171879547e+02,1.577643599592435968e+18,1.541022086040466688e+18,1.430425211936485632e+18,7.822364242303088000e+15,8.955679721652372800e+16,1.291805445025810944e+18,1.590008687800024640e+17,1.093028421655083000e+15
7.650999755859379547e+02,1.569750345056268288e+18,1.539260932321523456e+18,1.427968911282827008e+18,7.789413585770162000e+15,8.915361562176931200e+16,1.289477125934649856e+18,1.599856134914145920e+17,1.102335405542425750e+15
7.655146113804410106e+02,1.564348765294449920e+18,1.536053963024927232e+18,1.423500896708901120e+18,7.730250824423179000e+15,8.842973941603128000e+16,1.285231746969510912e+18,1.617732452933808320e+17,1.119310404675740500e+15
7.660400390625000000e+02,1.554361307126454016e+18,1.531901606825832448e+18,1.417728939346197504e+18,7.655960977205086000e+15,8.752087506140043200e+16,1.279719332905276416e+18,1.640725807296790400e+17,1.141365255065363250e+15
7.666780724158650173e+02,1.549798302736906240e+18,1.526789768347954944e+18,1.410633715409401856e+18,7.566291597785182000e+15,8.642399166052993600e+16,1.272920192824699136e+18,1.668923223608148800e+17,1.168603153949144250e+15
7.672099609375000000e+02,1.542450289755116288e+18,1.522460079228106752e+18,1.404634232705011712e+18,7.492071332000618000e+15,8.551622290990932800e+16,1.267148813722049792e+18,1.692700738287691840e+17,1.191757502509025250e+15
7.676799926757810226e+02,1.537693736413432064e+18,1.518566221922008064e+18,1.399249050015821568e+18,7.427017289695258000e+15,8.472075299071028800e+16,1.261945065398117376e+18,1.713990624522200960e+17,1.212693821842048250e+15
7.679100341796879547e+02,1.540936221996541440e+18,1.516640845461432832e+18,1.396589228190193408e+18,7.395333987111799000e+15,8.433339025107414400e+16,1.259368192180801792e+18,1.724490865713045440e+17,1.223078260583399750e+15
7.683800048828129547e+02,1.537412016312420864e+18,1.512707335579133440e+18,1.391155259483035904e+18,7.330605563155334000e+15,8.354201505999177600e+16,1.254103686005882624e+18,1.745942671807304000e+17,1.244293484331919000e+15
7.688499755859379547e+02,1.532782087834792704e+18,1.508670977884978688e+18,1.385595701071718400e+18,7.266704306203183000e+15,8.276113060995643200e+16,1.248680098605409792e+18,1.767830368301099840e+17,1.266281677492012000e+15
7.695499877929689774e+02,1.531563964130446592e+18,1.502622188832593152e+18,1.377270553300043520e+18,7.171826212064169000e+15,8.160187048975689600e+16,1.240544342181331456e+18,1.800592360652095360e+17,1.299328223821949000e+15
7.703042367788459615e+02,1.525900895195967744e+18,1.495982211225319168e+18,1.368152627673499648e+18,7.070604510426008000e+15,8.036566421192849600e+16,1.231586460032120064e+18,1.836429861669493760e+17,1.335924714470348000e+15
7.707199707031250000e+02,1.503131242369932544e+18,1.492254122271190784e+18,1.363046057437499648e+18,7.015388028736062000e+15,7.969168957698035200e+16,1.226540874111726848e+18,1.856492603019338560e+17,1.356689817903736500e+15
7.708095703125000000e+02,1.515423428262510848e+18,1.491447095472653056e+18,1.361941280381131520e+18,7.003517604035501000e+15,7.954681844712025600e+16,1.225447825835572224e+18,1.860832634629095040e+17,1.361195978851568500e+15
7.714299926757810226e+02,1.502729215223938560e+18,1.485850182378924544e+18,1.354281230505975040e+18,6.921398363207514000e+15,7.854466122575651200e+16,1.217865084968783360e+18,1.890925820235336320e+17,1.392480654957589000e+15
7.719000244140629547e+02,1.500381727807371520e+18,1.481525237231432960e+18,1.348379705095067136e+18,6.859922665734210000e+15,7.779498286772259200e+16,1.211984299247471872e+18,1.914122765685547840e+17,1.416978818921371250e+15
7.723599853515629547e+02,1.502002805109586688e+18,1.477292957445502720e+18,1.342604624521565184e+18,6.799764133574992000e+15,7.706136695990081600e+16,1.206229513999356160e+18,1.936822698280345920e+17,1.440952090396607750e+15
7.728299560546879547e+02,1.491527813755542784e+18,1.472886333031083008e+18,1.336611127983170048e+18,6.739038725103931000e+15,7.632145873241195200e+16,1.200215453455100672e+18,1.960417694953684800e+17,1.466285988537439500e+15
7.732999877929689774e+02,1.487811350355819264e+18,1.468474515044192256e+18,1.330611641960378112e+18,6.678347141924276000e+15,7.558199794644150400e+16,1.194193079967700736e+18,1.984038292489233280e+17,1.491670317170057250e+15
7.739146259014420366e+02,1.484234457194279424e+18,1.462612686329666560e+18,1.322665564601507584e+18,6.599855524563022000e+15,7.462646573230691200e+16,1.186164440844264960e+18,2.015395281490127360e+17,1.525893598963377750e+15
7.744699707031250000e+02,1.480077322895672320e+18,1.457288874882409728e+18,1.315456846600877056e+18,6.529200518326343000e+15,7.376658961175486400e+16,1.178864450573540864e+18,2.043869215983275840e+17,1.557134879214019750e+15
7.749222787710340299e+02,1.474588888510585856e+18,1.452889611842206976e+18,1.309519945655238912e+18,6.472277604136954000e+15,7.307445824710180800e+16,1.172812446724568064e+18,2.067393047575985280e+17,1.583347014575225250e+15
7.751699829101560226e+02,1.476915118076879872e+18,1.450480378530976768e+18,1.306268633016509696e+18,6.441104068982516000e+15,7.269541613840523200e+16,1.169498098585028864e+18,2.080275750465766080e+17,1.597701952912302000e+15
7.758800048828129547e+02,1.467134874638128640e+18,1.443497909794515456e+18,1.296874020094990848e+18,6.352544120437029000e+15,7.161946233681864800e+16,1.159866429650459904e+18,2.117622996598959360e+17,1.639870286664105750e+15
7.763499755859379547e+02,1.459371716695849984e+18,1.438854117380544768e+18,1.290634065569208320e+18,6.294154304666877000e+15,7.091030689075176000e+16,1.153453359494006784e+18,2.142464295236466240e+17,1.668075508699065500e+15
7.768099975585939774e+02,1.447104698679048960e+18,1.434247277866812928e+18,1.284470586796296960e+18,6.237677467953587000e+15,7.022515861048911200e+16,1.147068702312056320e+18,2.167130711586368320e+17,1.696586327990673500e+15
7.775200195312500000e+02,1.445670488939859712e+18,1.427110976845051392e+18,1.274935698696998912e+18,6.150807449161070000e+15,6.917165204044682400e+16,1.137168326407956096e+18,2.205354819248803840e+17,1.741001322739434500e+15
7.779357534555290385e+02,1.445363805735834368e+18,1.422887474332627712e+18,1.269315952806964480e+18,6.100474688216827000e+15,6.856188948390265600e+16,1.131290866093942016e+18,2.228005282559087360e+17,1.767743151345325000e+15
7.784499511718750000e+02,1.436795786861449216e+18,1.417655668717339136e+18,1.262359526316608000e+18,6.038322762936014000e+15,6.780907067168641600e+16,1.124006709708047616e+18,2.256070486562950720e+17,1.800964660856121750e+15
7.789199829101560226e+02,1.425677497836740864e+18,1.412822702914365952e+18,1.255964695409238272e+18,5.982152810954178000e+15,6.712952241304457600e+16,1.117255551448493312e+18,2.282041961060412480e+17,1.832255911309806000e+15
7.793900146484379547e+02,1.415627732332755456e+18,1.407989172613877504e+18,1.249569537919769088e+18,5.925990689888816000e+15,6.645007916993799200e+16,1.110503329051037440e+18,2.308017158271972160e+17,1.863558786176665250e+15
7.796199951171879547e+02,1.406402158322760448e+18,1.405598648563217920e+18,1.246425694014407424e+18,5.898865588486957000e+15,6.612238765181647200e+16,1.107151408078884096e+18,2.320894916982770240e+17,1.879400811590809750e+15
7.801763623046880411e+02,1.399678804867639040e+18,1.399815509021213952e+18,1.238820128198003968e+18,5.833244727465007000e+15,6.532963855753104800e+16,1.099042463636185472e+18,2.352048703363734080e+17,1.917725731841119250e+15
7.807900390625000000e+02,1.401086754294646272e+18,1.393395605772875776e+18,1.230414102376725248e+18,5.761491924615778000e+15,6.446366191925303200e+16,1.090018353969879680e+18,2.386697521463342400e+17,1.960960640472955750e+15
7.814232031249999864e+02,1.401613718838944512e+18,1.386746561419517952e+18,1.221731366844123904e+18,5.687852996265400000e+15,6.357545975839829600e+16,1.080658253889946496e+18,2.422624148968535040e+17,2.006173092941509250e+15
7.817299804687500000e+02,1.395653250762033408e+18,1.383498927936819968e+18,1.217518995349944320e+18,5.652618513312044000e+15,6.315109621198902400e+16,1.076070529125964160e+18,2.440223946681636160e+17,2.028782663574090250e+15
7.824299926757810226e+02,1.384363823383264768e+18,1.376084817906612480e+18,1.207907293593948416e+18,5.572288798099635000e+15,6.218370500189764000e+16,1.065594603011899136e+18,2.480411908518593280e+17,2.080486524870604000e+15
7.829000244140629547e+02,1.378879231603630336e+18,1.371071550667605248e+18,1.201455282786708736e+18,5.519026741304289000e+15,6.154324726631301600e+16,1.058486721768496512e+18,2.507673193120132160e+17,2.116305794614359250e+15
7.831215538611789952e+02,1.370241660971473664e+18,1.368708760606317568e+18,1.198414402202476032e+18,5.493923938593000000e+15,6.124139478166196800e+16,1.055136724579428096e+18,2.520521638902807360e+17,2.133187682317174000e+15
7.833699951171879547e+02,1.363870392697676800e+18,1.366058934417728256e+18,1.195004109794152448e+18,5.465771600761040000e+15,6.090287269625789600e+16,1.051379763506696704e+18,2.534930937754795840e+17,2.152120413108907250e+15
7.841828149414069458e+02,1.365111155363977472e+18,1.357334821370711040e+18,1.183868622816662272e+18,5.374890399563042000e+15,5.981183193260618400e+16,1.038966668339318912e+18,2.582541065677047360e+17,2.216114113508559000e+15
7.843099975585939774e+02,1.364269384385591552e+18,1.355969590976630528e+18,1.182126307952001536e+18,5.360673738936265000e+15,5.964116433965344800e+16,1.037024023367161600e+18,2.589992037922045760e+17,2.226133295454044250e+15
7.852399902343750000e+02,1.365196483826810112e+18,1.345937297195666688e+18,1.169429118699536640e+18,5.258028070378318000e+15,5.841085095895588800e+16,1.022701865287174784e+18,2.644937513615351680e+17,2.301652133917637500e+15
7.857099609375000000e+02,1.355325500180584192e+18,1.340850038720121856e+18,1.163038222052377856e+18,5.206712105844291000e+15,5.779659907653690400e+16,1.015419590478372352e+18,2.672884505546050560e+17,2.340794798519625500e+15
7.864100341796879547e+02,1.349041483215880192e+18,1.333260952564416000e+18,1.153536408884544512e+18,5.130640569213593000e+15,5.688657450229958400e+16,1.004543008425715712e+18,2.714631943723821440e+17,2.399756015032329000e+15
7.866500244140629547e+02,1.338442090208660992e+18,1.330650958247447296e+18,1.150301092555984128e+18,5.104917318828238000e+15,5.657938145404128800e+16,1.000790028059071744e+18,2.729045316540182400e+17,2.420610197452937000e+15
7.873499755859379547e+02,1.327614053759316224e+18,1.323038696083918080e+18,1.140865027536673024e+18,5.029893352546640000e+15,5.568342777209161600e+16,9.898441534800605440e+17,2.771083098701430720e+17,2.481433128276827000e+15
7.875799560546879547e+02,1.323473244922323968e+18,1.320532535832726784e+18,1.137787325969952512e+18,5.005542121888747000e+15,5.539306504069850400e+16,9.862302343163904000e+17,2.784970847813409920e+17,2.501971651069474000e+15
7.881561607947719494e+02,1.319742156345982208e+18,1.314251213395559168e+18,1.130086496669660800e+18,4.944665889175984000e+15,5.466738301663256800e+16,9.771678771675622400e+17,2.819799906630343040e+17,2.553679218686005000e+15
7.883446420522840299e+02,1.313066214470912000e+18,1.312196541732109312e+18,1.127567492764567552e+18,4.924752778269214000e+15,5.443000652363474400e+16,9.742035064281168640e+17,2.831192775079882240e+17,2.570593184658992500e+15
7.892199707031250000e+02,1.311702321890511872e+18,1.302641522661763072e+18,1.115983143855612800e+18,4.833557281124594000e+15,5.334480626319951200e+16,9.603750958544564480e+17,2.884379421375498240e+17,2.651574540933969500e+15
7.896899414062500000e+02,1.303542519647786496e+18,1.297509410921184768e+18,1.109814026856357760e+18,4.785096759836436000e+15,5.276888344479140000e+16,9.529313058841420800e+17,2.913026311456609280e+17,2.696026247406608500e+15
7.899200439453129547e+02,1.290404407838218240e+18,1.294996248090445824e+18,1.106806186360587648e+18,4.761494439017491000e+15,5.248857030588945600e+16,9.492820825702903040e+17,2.927074218658913920e+17,2.718031124049187000e+15
7.906199951171879547e+02,1.285331306156493312e+18,1.287352518356245248e+18,1.097697637266476416e+18,4.690061306848421000e+15,5.164072576991154400e+16,9.381716380411430400e+17,2.969856803640033280e+17,2.785685151491710500e+15
7.910899658203129547e+02,1.280904321422947840e+18,1.282221702935065344e+18,1.091636355090275584e+18,4.642580899791369000e+15,5.107788743400111200e+16,9.306986465807456000e+17,2.998649041898557440e+17,2.832063007474107500e+15
7.910899658203129547e+02,1.275450850630221312e+18,1.282221702935065344e+18,1.091636355090275584e+18,4.642580899791369000e+15,5.107788743400111200e+16,9.306986465807456000e+17,2.998649041898557440e+17,2.832063007474107500e+15
7.920300292968750000e+02,1.270428225778798080e+18,1.271967941423997184e+18,1.079635863699198208e+18,4.548607184392095000e+15,4.996535907426788800e+16,9.157339320137584640e+17,3.056338538526169600e+17,2.926845212902744000e+15
7.925551953125000182e+02,1.266817527129722112e+18,1.266246055393847296e+18,1.072998694045299456e+18,4.496628784574971500e+15,4.935075107041872800e+16,9.073678531195347200e+17,3.088606567751806080e+17,2.980853778392480500e+15
7.930271582031250546e+02,1.262622832436626176e+18,1.261111375342725888e+18,1.067100087202160256e+18,4.450412091623049000e+15,4.880498294170034400e+16,8.998460237733497600e+17,3.117633530326627840e+17,3.030410094305404500e+15
7.936700439453129547e+02,1.255807993240183040e+18,1.254126470459215616e+18,1.059128486197450880e+18,4.387902602800010500e+15,4.806743962848898400e+16,8.896016232225795840e+17,3.157179082787956480e+17,3.098844962295044500e+15
7.940988581730780425e+02,1.252654002675857664e+18,1.249475236361791232e+18,1.053864232178587136e+18,4.346580220378845000e+15,4.758040771975204800e+16,8.827696994091563520e+17,3.183561891833553920e+17,3.145272023145709500e+15
7.948399658203129547e+02,1.243528125736722176e+18,1.241455473413154048e+18,1.044872866501771648e+18,4.275876297705522000e+15,4.674806283461586400e+16,8.709716119133882880e+17,3.229138580058337920e+17,3.227031149518725500e+15
7.949726468599769760e+02,1.232073492905932544e+18,1.240021810042143744e+18,1.043275148721553152e+18,4.263298330986173500e+15,4.660010346883131200e+16,8.688604428264563200e+17,3.237295957701868160e+17,3.241839740396923500e+15
7.950699462890629547e+02,1.222259896560792320e+18,1.238970456903413248e+18,1.042103489016071168e+18,4.254074488725410000e+15,4.649159993392372800e+16,8.673122521627216640e+17,3.243278034640396800e+17,3.252699373707494000e+15
7.959453970102169933e+02,1.216823512128849664e+18,1.229538801820577792e+18,1.031699202141517952e+18,4.171963700783694000e+15,4.552688926642911200e+16,8.534023565302679040e+17,3.297039412076060800e+17,3.352323767551122000e+15
7.961780724158660405e+02,1.212434761938341888e+18,1.227036243157982464e+18,1.028954548422928000e+18,4.150272049453404500e+15,4.527221605488755200e+16,8.497083930231328000e+17,3.311318686156123520e+17,3.379087834160135000e+15
7.969399414062500000e+02,1.211916925415580928e+18,1.218873946160621312e+18,1.020109207761926528e+18,4.080120358563796500e+15,4.444974805105196000e+16,8.376408588396023040e+17,3.357975135438593920e+17,3.468662329264656000e+15
7.971800537109379547e+02,1.208086038139949312e+18,1.216305264224961792e+18,1.017338143176659840e+18,4.058114032766373500e+15,4.419188036967052800e+16,8.338409098364199680e+17,3.372667804303442560e+17,3.497120626050177000e+15
7.978800048828129547e+02,1.206698357155040000e+18,1.208849643539795712e+18,1.009390597805459968e+18,3.994746630316301000e+15,4.345035747873355200e+16,8.227957203808541440e+17,3.415375892431376000e+17,3.581847043268173500e+15
7.983499755859379547e+02,1.209538041168179712e+18,1.203852679559440896e+18,1.004090591072920832e+18,3.952417338112306000e+15,4.295530575601988000e+16,8.153885152019134720e+17,3.444017485534624000e+17,3.639226551955352500e+15
7.988099365234379547e+02,1.198146858311514112e+18,1.198992960038422784e+18,9.990181303784345600e+17,3.911664016084580500e+15,4.247953211441710400e+16,8.081725304398508800e+17,3.471914785848403200e+17,3.696935016551624500e+15
7.994461763822120020e+02,1.194027073525748480e+18,1.192279127291216128e+18,9.920315374556803840e+17,3.855466312378658000e+15,4.182367026798320000e+16,7.982004980113573120e+17,3.510464842174704000e+17,3.777165157927950500e+15
8.000353628305290385e+02,1.186215597852040448e+18,1.186104033968060160e+18,9.857079245468840960e+17,3.804272150879891000e+15,4.122723959614968800e+16,7.890151076658127360e+17,3.545959257201437440e+17,3.853448537329901000e+15
8.002199707031250000e+02,1.174204274974948864e+18,1.184169212071314944e+18,9.837265674916637440e+17,3.788231650846977500e+15,4.104036191457253600e+16,7.861370791987662080e+17,3.557080606760376320e+17,3.877350160366293000e+15
8.008277400090149740e+02,1.168492119148155648e+18,1.177837255160685312e+18,9.773266179093437440e+17,3.736129003539450000e+15,4.043418485813284800e+16,7.767086562931097600e+17,3.593494266689246720e+17,3.957727862015176000e+15
8.011500244140629547e+02,1.162976965018997248e+18,1.174487071473826304e+18,9.739572200977365760e+17,3.708639875408216000e+15,4.011453632595122400e+16,7.717182307753093120e+17,3.612763917401596800e+17,4.000683762971548000e+15
8.018499755859379547e+02,1.160122412422020352e+18,1.167253532491865344e+18,9.667695884086557440e+17,3.649680755778005000e+15,3.942980422397883200e+16,7.609346873722092800e+17,3.654372987673240960e+17,4.095789716204014000e+15
8.025599365234379547e+02,1.155132552635163648e+18,1.159955302048823552e+18,9.595949503398648320e+17,3.590539141783826000e+15,3.874370658687930400e+16,7.500478175646913280e+17,3.696350767927648000e+17,4.193881817121396000e+15
8.030200195312500000e+02,1.151259781974075392e+18,1.155259353609727488e+18,9.550427320251018240e+17,3.552767654395317000e+15,3.830614382586187200e+16,7.430377937523102720e+17,3.723350903323733120e+17,4.258830927859710000e+15
8.032600097656250000e+02,1.144209179567175040e+18,1.152809835267654784e+18,9.526681867327609600e+17,3.533065148636261000e+15,3.807790068758617600e+16,7.393811986832853760e+17,3.737434815817433600e+17,4.292709928048527000e+15
8.039599609375000000e+02,1.140453126719022080e+18,1.145724186689278336e+18,9.459034164999237120e+17,3.476521518363598500e+15,3.742386625285553600e+16,7.287978488366215680e+17,3.778137340789804160e+17,4.393863180021800000e+15
8.041899414062500000e+02,1.127739987153033088e+18,1.143400263372049536e+18,9.436922228023334400e+17,3.458008906695617500e+15,3.720980487410928800e+16,7.253263291838334720e+17,3.791484089164542720e+17,4.427266029660326500e+15
8.046600341796879547e+02,1.120488715904394368e+18,1.138679295153654272e+18,9.392487768562737920e+17,3.420608323165679500e+15,3.677780148453926400e+16,7.182722949245600000e+17,3.818568963709646080e+17,4.496689067635881000e+15
8.051300048828129547e+02,1.113641743094548864e+18,1.133980296066776832e+18,9.348606169052236800e+17,3.383529540507514500e+15,3.634984483235569600e+16,7.112498280312512000e+17,3.845507415386500480e+17,4.566906364708429000e+15
8.058299560546879547e+02,1.108406798728059264e+18,1.127030975980538752e+18,9.284472311303590400e+17,3.329017816351482500e+15,3.572139822815343200e+16,7.008633481817501440e+17,3.885282496787846400e+17,4.673380289071783000e+15
8.062260872977119561e+02,1.104505534922445312e+18,1.123114004326933888e+18,9.248572361944544000e+17,3.298398150587135000e+15,3.536863067400148400e+16,6.950087017605143040e+17,3.907680739130847360e+17,4.734253067983411000e+15
8.067700195312500000e+02,1.104575465525957888e+18,1.117779467867756544e+18,9.200318351111833600e+17,3.256968688035049500e+15,3.489192284069450000e+16,6.870360190293748480e+17,3.938113664975762560e+17,4.819516202399838000e+15
8.072299804687500000e+02,1.099089178605047936e+18,1.113283788196903424e+18,9.159876858867713280e+17,3.222149563962163000e+15,3.449148889820310000e+16,6.803173162470743040e+17,3.963735916342451840e+17,4.892202163961807000e+15
8.075435644531249864e+02,1.095278513945847936e+18,1.110237381826992256e+18,9.132725842237442560e+17,3.198663770070481000e+15,3.422163018740010400e+16,6.757655334924968960e+17,3.981062206275144960e+17,4.942463850722694000e+15
8.084000244140629547e+02,1.089708278343981568e+18,1.101968442205038336e+18,9.059732514103362560e+17,3.135217561963401500e+15,3.349327642274396000e+16,6.634133868533191680e+17,4.027990355549831040e+17,5.081694941178523000e+15
8.086400146484379547e+02,1.086126985125795456e+18,1.099679642629307520e+18,9.039890035388864000e+17,3.117813468021595500e+15,3.329381912491066800e+16,6.599969198786270720e+17,4.040915861529572480e+17,5.121785213109776000e+15
8.088976862980780425e+02,1.073931558713147008e+18,1.097222214459740544e+18,9.018585650914101760e+17,3.099127117686737000e+15,3.307966669867006000e+16,6.563287427813281280e+17,4.054793661419665920e+17,5.164829158335081000e+15
8.095699462890629547e+02,1.071576600024869376e+18,1.090833415763799936e+18,8.963469987847367680e+17,3.050667206991001000e+15,3.252455371143910000e+16,6.467950709752779520e+17,4.090814663427969920e+17,5.277994133377145000e+15
8.102800292968750000e+02,1.063711284005453184e+18,1.084148005276733056e+18,8.906553065081405440e+17,3.000294497268850500e+15,3.194824433309184800e+16,6.368266578424007680e+17,4.128344992859074560e+17,5.399931026697713000e+15
8.106184645432699654e+02,1.055890284392882944e+18,1.080990573598402688e+18,8.879998110756623360e+17,2.976653384889739000e+15,3.167807754038141600e+16,6.321233194277447680e+17,4.145985869341000960e+17,5.459165003014446000e+15
8.114499511718750000e+02,1.049638375535016832e+18,1.073273304940243200e+18,8.815542781453914880e+17,2.919077697366903000e+15,3.102054008292230400e+16,6.206343201984280320e+17,4.188982849792523520e+17,5.606246665092767000e+15
8.116623535156260232e+02,1.039250278179571712e+18,1.071326467597948032e+18,8.799542365147586560e+17,2.904676153589275000e+15,3.085631707719436000e+16,6.177407477823964160e+17,4.199750075113432320e+17,5.644778327177360000e+15
8.121500244140629547e+02,1.034470513348184576e+18,1.066856573814946560e+18,8.762805777134137600e+17,2.871610540146011000e+15,3.047926483128676000e+16,6.110971720341340160e+17,4.224471376927669760e+17,5.733246137537719000e+15
8.123800048828129547e+02,1.031137733474014208e+18,1.064748618899506048e+18,8.745481188443920640e+17,2.856017144469620500e+15,3.030145095612011600e+16,6.079641315561012480e+17,4.236129682964735360e+17,5.774966626829111000e+15
8.133199462890629547e+02,1.029755788550511488e+18,1.056251347099506944e+18,8.676815186720898560e+17,2.793737578897352000e+15,2.959239933293881200e+16,5.953616431626785280e+17,4.282702042377420800e+17,5.950176842980412000e+15
8.135500488281250000e+02,1.026584647525713024e+18,1.054192260162266624e+18,8.660371635002231040e+17,2.778747313025934000e+15,2.942192770211638800e+16,5.923133106053168640e+17,4.293904769303640960e+17,5.993925326304152000e+15
8.139624218750000182e+02,1.021557236534629120e+18,1.050516897738104320e+18,8.631159347510945280e+17,2.752062353111396500e+15,2.911859918779408800e+16,5.868761260585378560e+17,4.313842352565005440e+17,6.072928397122592000e+15
8.147199707031250000e+02,1.019222406661900672e+18,1.043807635360752768e+18,8.578202237747384320e+17,2.703552103400183000e+15,2.856755132091814800e+16,5.769634084620669440e+17,4.350055280811645440e+17,6.219829752159865000e+15
8.147199707031250000e+02,1.013581652997251712e+18,1.043807635360752768e+18,8.578202237747384320e+17,2.703552103400183000e+15,2.856755132091814800e+16,5.769634084620669440e+17,4.350055280811645440e+17,6.219829752159865000e+15
8.154069073016829634e+02,1.005578889317529984e+18,1.037775208209992576e+18,8.531034570687667200e+17,2.660181532674167000e+15,2.807533661773591200e+16,5.680662322541259520e+17,4.382392053700945920e+17,6.355180430091944000e+15
8.158992138671879957e+02,1.000975888000459776e+18,1.033512410564982016e+18,8.498192792457757440e+17,2.629819391494659000e+15,2.773125593430635200e+16,5.617992901769681920e+17,4.404960856499330560e+17,6.454764017842547000e+15
8.163599853515629547e+02,9.928165005066339840e+17,1.029522669748776064e+18,8.467454719954124800e+17,2.601402120955656500e+15,2.740921560749098800e+16,5.559337819637644800e+17,4.426083997027244800e+17,6.547968701188905000e+15
8.170599365234379547e+02,9.865082791979004160e+17,1.023547182767699968e+18,8.422059023822248960e+17,2.559242750141197000e+15,2.693211642261590000e+16,5.471805763863274880e+17,4.457290237761529600e+17,6.693306902164286000e+15
8.172900390625000000e+02,9.825896001568020480e+17,1.021583834438262144e+18,8.407151410459146240e+17,2.545395527937565000e+15,2.677542186411548400e+16,5.443049519630058880e+17,4.467538268535879680e+17,6.741131196300996000e+15
8.179899902343750000e+02,9.765721098652152320e+17,1.015687421016242304e+18,8.362909062234549760e+17,2.504167142058617500e+15,2.630945783683051600e+16,5.356997904780740480e+17,4.497902286580556800e+17,6.890061333898066000e+15
8.186999511718750000e+02,9.717223149955660800e+17,1.009757921649798016e+18,8.318754761032523520e+17,2.462950659163486000e+15,2.584400486598366000e+16,5.270688489861201280e+17,4.528141008572496640e+17,7.043516985897501000e+15
8.189299926757820458e+02,9.679490794736924160e+17,1.007852555250506752e+18,8.304669269038638080e+17,2.449782313560686000e+15,2.569541299994670800e+16,5.243025816521656320e+17,4.537763960641356160e+17,7.093989832021781000e+15
8.191600341796879547e+02,9.641135680723930880e+17,1.005947188851225088e+18,8.290583777044820480e+17,2.436613967957951000e+15,2.554682113391048400e+16,5.215363143182248320e+17,4.547386912710168320e+17,7.144462678145810000e+15
8.198699951171879547e+02,9.596523257495207680e+17,1.000126368335179776e+18,8.247904344661425920e+17,2.396670869290657500e+15,2.509651765063558400e+16,5.131145576470819200e+17,4.576409543174623360e+17,7.303153874796053000e+15
8.203299560546879547e+02,9.568832161764102400e+17,9.963731476923782400e+17,8.220491583557813760e+17,2.371002587991741500e+15,2.480727003848424400e+16,5.076931016867282560e+17,4.595009242818648960e+17,7.406842356509468000e+15
8.205699462890629547e+02,9.523275746103508480e+17,9.944372561838359040e+17,8.206472494325889280e+17,2.357871900947133500e+15,2.465945471427162800e+16,5.049086138064430080e+17,4.604451646386025600e+17,7.462087604322405000e+15
8.212700195312500000e+02,9.484429125853960960e+17,9.888095238795508480e+17,8.165823898066504960e+17,2.319795932840303000e+15,2.423095725123520400e+16,4.968243916280640000e+17,4.631768414708243840e+17,7.624236319349896000e+15
8.217303906250000409e+02,9.428636747735544320e+17,9.851498360600212480e+17,8.139589726371120640e+17,2.295238713490079500e+15,2.395486220571521600e+16,4.915908533959692800e+17,4.649234986666818560e+17,7.733063166740933000e+15
8.224399414062500000e+02,9.367064217511288320e+17,9.795368335910028800e+17,8.099484496027504640e+17,2.257712172969522500e+15,2.353313282015089200e+16,4.835801773564200960e+17,4.675820378271324160e+17,7.902280083741291000e+15
8.226700439453129547e+02,9.258063132139285760e+17,9.777413770235979520e+17,8.086763297637940480e+17,2.245833696697410500e+15,2.339979561217974000e+16,4.810331390284375040e+17,4.684132351169346560e+17,7.958544583625374000e+15
8.229100341796879547e+02,9.286954716578635520e+17,9.758687682111252480e+17,8.073495458893203200e+17,2.233444792532462750e+15,2.326072879474167200e+16,4.783766523691251200e+17,4.692801496377557760e+17,8.017226815334598000e+15
8.232665452223559441e+02,9.192540898904369920e+17,9.730869645182269440e+17,8.053785777634063360e+17,2.215040788915974750e+15,2.305414182167386000e+16,4.744303800084540160e+17,4.705679712048577280e+17,8.104400627499179000e+15
8.243099365234379547e+02,9.205970269308488960e+17,9.650513190168624640e+17,7.997253833089190400e+17,2.162424572851353500e+15,2.246415738951756800e+16,4.631015307691832320e+17,4.742006219945608320e+17,8.365753461640443000e+15
8.247800292968750000e+02,9.181972139134213120e+17,9.614811417650947840e+17,7.972304821736517120e+17,2.139313088722311250e+15,2.220530381592360800e+16,4.581039083433444480e+17,4.757706059295404160e+17,8.486598162714679000e+15
8.250100097656250000e+02,9.133384197826584320e+17,9.597386278786772480e+17,7.960141429660469760e+17,2.128054966638045000e+15,2.207923496732031600e+16,4.556676702007768320e+17,4.765332128571333120e+17,8.545972427898801000e+15
8.254799804687500000e+02,9.136916577579215360e+17,9.561880972932413440e+17,7.935385706710068480e+17,2.105171938311318250e+15,2.182304874915703600e+16,4.507115685349731200e+17,4.780773602610040960e+17,8.667982040213115000e+15
8.259499511718750000e+02,9.089915729130999040e+17,9.526783786243590400e+17,7.911026556438944000e+17,2.082775297700076750e+15,2.157254098863649200e+16,4.458439286371080320e+17,4.795652245909506560e+17,8.792663418048178000e+15
8.267207876352169933e+02,9.042199957060899840e+17,9.469573420393050880e+17,7.871397509369683200e+17,2.046467587141753250e+15,2.116663360306878000e+16,4.379387180650492160e+17,4.819548446870365440e+17,8.999626377641956000e+15
8.270646127554090299e+02,8.971515725322101760e+17,9.444260546838635520e+17,7.853908726467719680e+17,2.030519469616884250e+15,2.098845417494662400e+16,4.344580811499161600e+17,4.829913915767213440e+17,9.093363759367194000e+15
8.275899658203129547e+02,8.877912032012271360e+17,9.405793740233454080e+17,7.827365972844067840e+17,2.006406361631328250e+15,2.071916540673985600e+16,4.291873098740257280e+17,4.845440541749872640e+17,9.238139410778924000e+15
8.280500488281250000e+02,8.823543125053016320e+17,9.372394054404697600e+17,7.804366608880392960e+17,1.985638209302007000e+15,2.048738927655120800e+16,4.246364294960659840e+17,4.858611821549232640e+17,9.367047108196188000e+15
8.287600097656250000e+02,8.797769372976144640e+17,9.321227063507432960e+17,7.769171222847258880e+17,1.954047079281084750e+15,2.013502355705265200e+16,4.176999005127415040e+17,4.878364340277706880e+17,9.568883550098952000e+15
8.292199707031250000e+02,8.803220026663310080e+17,9.288293180169699840e+17,7.746540111113358080e+17,1.933844345696270250e+15,1.990979883619999200e+16,4.132557080240470400e+17,4.890830233946821760e+17,9.701334768265720000e+15
8.296899414062500000e+02,8.769742671174446080e+17,9.254935121822320640e+17,7.723630199405318400e+17,1.913564807829123250e+15,1.968386938715609600e+16,4.087838788367377280e+17,4.903100567549952640e+17,9.839111821258302000e+15
8.301600341796879547e+02,8.750211661992880640e+17,9.221726736625930240e+17,7.700830004427937280e+17,1.893476397135157500e+15,1.946015270891864800e+16,4.043482772037148160e+17,4.915121406816650240e+17,9.978247159864778000e+15
8.306300048828129547e+02,8.712003245316669440e+17,9.188753412828398080e+17,7.678186681368019200e+17,1.873677944868410000e+15,1.923978056061508400e+16,3.999685790641421440e+17,4.926763211252844800e+17,1.011936894914412200e+16
8.308599853515629547e+02,8.642691862223907840e+17,9.172719627794640640e+17,7.667173974787578880e+17,1.864117486118544000e+15,1.913341781203702400e+16,3.978499693571024000e+17,4.932291248328526080e+17,1.018933567785530200e+16
8.318000488281250000e+02,8.573744908819728640e+17,9.107548929400517120e+17,7.622380034135379200e+17,1.825509107515156250e+15,1.870407432810406800e+16,3.892813663119918720e+17,4.954249933430774400e+17,1.047886072825654400e+16
8.320300292968750000e+02,8.511048345044184320e+17,9.091719421666343680e+17,7.611489987907215360e+17,1.816209488921101250e+15,1.860071623112337200e+16,3.872133905208712320e+17,4.959424681773433600e+17,1.055078364360529200e+16
8.325000000000000000e+02,8.450213251432289280e+17,9.059469388416153600e+17,7.589287971901344000e+17,1.797332709539629250e+15,1.839096415733226400e+16,3.830123513866960640e+17,4.969822650600828160e+17,1.069876806540454800e+16
8.329699707031250000e+02,8.408738720490954240e+17,9.027521655599586560e+17,7.567246621498607360e+17,1.778848551261168000e+15,1.818572633375100800e+16,3.788882200191889280e+17,4.979675115725457280e+17,1.084986395810710400e+16
8.335687988281259777e+02,8.371831320426831360e+17,8.986964163028380160e+17,7.539230674972998400e+17,1.755494517864580000e+15,1.792649025657129200e+16,3.736724770433980160e+17,4.991946559841829120e+17,1.104404828352871200e+16
8.341400146484379547e+02,8.369376807067151360e+17,8.948599268593164800e+17,7.512654608261562880e+17,1.733644097835928000e+15,1.768410571106163200e+16,3.687815529284106240e+17,5.003043981033559680e+17,1.123285528539070000e+16
8.346984393780049913e+02,8.344949859768112640e+17,8.911337057762214400e+17,7.486766876798388480e+17,1.712612042432195750e+15,1.745091957533165000e+16,3.640657101245477120e+17,5.013411858531265280e+17,1.142035347022908400e+16
8.350699462890629547e+02,8.312740754957143040e+17,8.886674029125492480e+17,7.469592844525359360e+17,1.698791002965505500e+15,1.729774681888519400e+16,3.609624568192801280e+17,5.020059257137425280e+17,1.154660934742886400e+16
8.353099365234379547e+02,8.233034669120794880e+17,8.870741927065619200e+17,7.458498569001303040e+17,1.689862731640831500e+15,1.719879855002320600e+16,3.589577821661618560e+17,5.024353418839379840e+17,1.162816954633366800e+16
8.360100097656250000e+02,8.170946600084431360e+17,8.824728703472040960e+17,7.426274925720633600e+17,1.664456779009306500e+15,1.691746400350747200e+16,3.532382098831381760e+17,5.035922318201692800e+17,1.187208826433558600e+16
8.362399902343750000e+02,8.093006388403468800e+17,8.809631168476349440e+17,7.415694661162007040e+17,1.656135881832195500e+15,1.682533123888351000e+16,3.513643367298856320e+17,5.039685036110957440e+17,1.195245447855718200e+16
8.369499511718750000e+02,8.049489289092796160e+17,8.763420746741429760e+17,7.383118002854750720e+17,1.631010331637683250e+15,1.654732742660381600e+16,3.456932143602876800e+17,5.050437168152493440e+17,1.220614026156350000e+16
8.376500244140629547e+02,8.012948304652224000e+17,8.718130176872280320e+17,7.351037948204506880e+17,1.606632833324276250e+15,1.627773994601667400e+16,3.401820201499283200e+17,5.060417041555672320e+17,1.246041220098511400e+16
8.381199951171879547e+02,7.964124377749030400e+17,8.687919756926208000e+17,7.329525615662412800e+17,1.590549942275710250e+15,1.609998031420567200e+16,3.365397762343614720e+17,5.066671560171589120e+17,1.263408896110453400e+16
8.383499755859379547e+02,7.946342760717213440e+17,8.673136268308441600e+17,7.318998541763891200e+17,1.582679769097659000e+15,1.601299352295062600e+16,3.347574418091853440e+17,5.069732212917663360e+17,1.271907779644609000e+16
8.388199462890629547e+02,7.965400358809047040e+17,8.643198251283545600e+17,7.297491734844870400e+17,1.567005080697890000e+15,1.583988554262506600e+16,3.311990047939805440e+17,5.075325969649740160e+17,1.289733010704415200e+16
8.395200195312500000e+02,7.916551567452864000e+17,8.598714453141464320e+17,7.265448484349004800e+17,1.543827889244159000e+15,1.558398039813822200e+16,3.259338049696960000e+17,5.083374902131616000e+17,1.316486973128589000e+16
8.397234637920670366e+02,7.872267505405438720e+17,8.585883972163649280e+17,7.256127885024032000e+17,1.537242121920967000e+15,1.551131638765948600e+16,3.244346466559901440e+17,5.085465450890823680e+17,1.324439876448747400e+16
8.399899902343750000e+02,7.829694237038630400e+17,8.569075130103500800e+17,7.243917237408381440e+17,1.528614298617084250e+15,1.541612136903891800e+16,3.224706427061919360e+17,5.088204218359738240e+17,1.334858745083470400e+16
8.406899414062500000e+02,7.803576975409785600e+17,8.525100088463600640e+17,7.211814182266808320e+17,1.506225584660878250e+15,1.516918672499413200e+16,3.173688994759603840e+17,5.094937172622705920e+17,1.362561751520116400e+16
8.413900146484379547e+02,7.760466961710608640e+17,8.481338003255713280e+17,7.179658674300020480e+17,1.484186615146936000e+15,1.492623036502977400e+16,3.123398720932694400e+17,5.101068364823671680e+17,1.390717140881195600e+16
8.416300048828129547e+02,7.708765198586219520e+17,8.466458828392917760e+17,7.168593253247045120e+17,1.476835843609176500e+15,1.484526471221263800e+16,3.106586906103425920e+17,5.102812734025876480e+17,1.400643693788782800e+16
8.423299560546879547e+02,7.658222138660867840e+17,8.423062496417703680e+17,7.136320046574734080e+17,1.455396716448692250e+15,1.460912175531871800e+16,3.057553871397919360e+17,5.107900329654281600e+17,1.429595298250687800e+16
8.428000488281250000e+02,7.645942067684770560e+17,8.394116128956232960e+17,7.114547062243472640e+17,1.441343125744837250e+15,1.445444371212082000e+16,3.025350396877676800e+17,5.110697575518510720e+17,1.449532727885188400e+16
8.432700195312500000e+02,7.617315773319252480e+17,8.365203648958310400e+17,7.092766736534030080e+17,1.427338926193417250e+15,1.430032508202218400e+16,2.993251713219685120e+17,5.113411965436990720e+17,1.469530366227855400e+16
8.437299804687500000e+02,7.612266939862081280e+17,8.337060132705784320e+17,7.071349350768257280e+17,1.413910939712919000e+15,1.415264189651560400e+16,2.962426272963285120e+17,5.115556213827997440e+17,1.489524774307201800e+16
8.441999511718750000e+02,7.590134756084331520e+17,8.308356303186581760e+17,7.049431501694081280e+17,1.400285367871774750e+15,1.400281834567944600e+16,2.931130752064176000e+17,5.117572681449795840e+17,1.510098229073891800e+16
8.446700439453129547e+02,7.563113098355816960e+17,8.279761696248094720e+17,7.027409149906309120e+17,1.386878686354373000e+15,1.385547759208268400e+16,2.900301814217795200e+17,5.119168694848755200e+17,1.531037053429177400e+16
8.451400146484379547e+02,7.515282602947802880e+17,8.251250232100744960e+17,7.005328394734650880e+17,1.373619830400756250e+15,1.370981154866120600e+16,2.869788943085837760e+17,5.120491102734389120e+17,1.552204077092338600e+16
8.453699951171879547e+02,7.463601356314059520e+17,8.237298128606301440e+17,6.994523162853246720e+17,1.367131600630207000e+15,1.363852977572456600e+16,2.854857449783861440e+17,5.121138223891930240e+17,1.562562173866727000e+16
8.458399658203129547e+02,7.458332784795357440e+17,8.208957489891747840e+17,6.972261238049300480e+17,1.354216445840216500e+15,1.349675844849979600e+16,2.825082517090128960e+17,5.121792621681732480e+17,1.584321503504927200e+16
8.467800292968750000e+02,7.398119924403107840e+17,8.152415399303088640e+17,6.927542979958329600e+17,1.328694224816991000e+15,1.321670693459573400e+16,2.766197267738057920e+17,5.122481086430103040e+17,1.628414895244754200e+16
8.470100097656250000e+02,7.334353027245248000e+17,8.138628404596700160e+17,6.916543311036925440e+17,1.322547851342264750e+15,1.314929826567493000e+16,2.752001888684784640e+17,5.122454941972677760e+17,1.639380960767676400e+16
8.474799804687500000e+02,7.327285913053089280e+17,8.110483831932024320e+17,6.894018313580067840e+17,1.310054763772668500e+15,1.301230774965221800e+16,2.723139217801716160e+17,5.122263773581509120e+17,1.661921734810904400e+16
8.480650024414070458e+02,7.289273106322380800e+17,8.075594214290003200e+17,6.865748601735851520e+17,1.294833387745543250e+15,1.284551929425766200e+16,2.687927881160441920e+17,5.121348989306199680e+17,1.690626025171361200e+16
8.484200439453129547e+02,7.288957223053757440e+17,8.054429995915584000e+17,6.848573266641305600e+17,1.285619724559255500e+15,1.274456920004659000e+16,2.666611002502195840e+17,5.120743322093207040e+17,1.708096200740104000e+16
8.487330979567309441e+02,7.259740551114402560e+17,8.035847493251719680e+17,6.833277401954269440e+17,1.277688608923892000e+15,1.265774208640892800e+16,2.648236622194576000e+17,5.119802883956040960e+17,1.723902333698137600e+16
8.495899658203129547e+02,7.243460747255994880e+17,7.985035979359325440e+17,6.791292053820896000e+17,1.256115647857453500e+15,1.242161953863145200e+16,2.598241394522006080e+17,5.116935562818437760e+17,1.767466590435557800e+16
8.500599365234379547e+02,7.227416667026259200e+17,7.957256283988188160e+17,6.768057158932857600e+17,1.244519751598094750e+15,1.229478809070997200e+16,2.571339604840377280e+17,5.114851439798145280e+17,1.791885357962382800e+16
8.507600097656250000e+02,7.209547594186163200e+17,7.915958040222935040e+17,6.733214700397162240e+17,1.227485922228474000e+15,1.210857100339109000e+16,2.531795812639544320e+17,5.111214258439789440e+17,1.828826913944067600e+16
8.512299804687500000e+02,7.176951876895886080e+17,7.888281956242817280e+17,6.709689673205537280e+17,1.216190209323802750e+15,1.198513861239560800e+16,2.505557445516876160e+17,5.108462631461043840e+17,1.853956364989905600e+16
8.514599609375000000e+02,7.089823884519996160e+17,7.874753096665655040e+17,6.698128729892990720e+17,1.210708905164260000e+15,1.192526080928988400e+16,2.492820503828730560e+17,5.107010419744115200e+17,1.866370252336048800e+16
8.519300537109379547e+02,7.040141310785680640e+17,7.847160426009169920e+17,6.674290638807200000e+17,1.199700309824873250e+15,1.180508131580958400e+16,2.467220003785976320e+17,5.103595332183895040e+17,1.892238403298423600e+16
8.525034743088949654e+02,7.015054562110663680e+17,7.813522495617817600e+17,6.645131619522049280e+17,1.186342592619086000e+15,1.165928583485221000e+16,2.436150249813233280e+17,5.099263828923573120e+17,1.923982496669734400e+16
8.530999755859379547e+02,6.980922553920149760e+17,7.778609264707723520e+17,6.614474438688421120e+17,1.172729196334555000e+15,1.151081649152612800e+16,2.404460221465440640e+17,5.094095896114224640e+17,1.957763354502106000e+16
8.531553579477169933e+02,6.968597119141710080e+17,7.775367734036200960e+17,6.611628062418330880e+17,1.171465255975854000e+15,1.149703180538774800e+16,2.401517950120363840e+17,5.093616077653623680e+17,1.960899749614205200e+16
8.538960449218750455e+02,6.934875101724120320e+17,7.732087333634970880e+17,6.573194874119749120e+17,1.154855226575818500e+15,1.131600652664096800e+16,2.362828723340124160e+17,5.086489637102005760e+17,2.003690029117989600e+16
8.542700195312500000e+02,6.955751942174286080e+17,7.710251295900350720e+17,6.553706929210085120e+17,1.146535476938972500e+15,1.122536232064999200e+16,2.343444370194430080e+17,5.082730562833999360e+17,2.025486401721420000e+16
8.542700195312500000e+02,6.938377472719388160e+17,7.710251295900350720e+17,6.553706929210085120e+17,1.146535476938972500e+15,1.122536232064999200e+16,2.343444370194430080e+17,5.082730562833999360e+17,2.025486401721420000e+16
8.554399414062500000e+02,6.943939979959997440e+17,7.642069162240947200e+17,6.491917157938599680e+17,1.121123576766335750e+15,1.094877189489083800e+16,2.284194577948375040e+17,5.069443684387616640e+17,2.095562437451116800e+16
8.560023381159860492e+02,6.899948622921288960e+17,7.609350108098871040e+17,6.461762841865852160e+17,1.109225562086614125e+15,1.081941744668132600e+16,2.256434701923858240e+17,5.062248917981827200e+17,2.130280513319896000e+16
8.563800048828129547e+02,6.847068596729598720e+17,7.587378252329529600e+17,6.441513286952175360e+17,1.101235677619014000e+15,1.073255193807461200e+16,2.237793087483020480e+17,5.057417410045330560e+17,2.153594773942023200e+16
8.563800048828129547e+02,6.781964613191699200e+17,7.587378252329529600e+17,6.441513286952175360e+17,1.101235677619014000e+15,1.073255193807461200e+16,2.237793087483020480e+17,5.057417410045330560e+17,2.153594773942023200e+16
8.571471533203130093e+02,6.709895645249497600e+17,7.542802775168524800e+17,6.399782177168426240e+17,1.085399836499589250e+15,1.056057650484600200e+16,2.200827483814893440e+17,5.046572212171781760e+17,2.202324575131664800e+16
8.573199462890629547e+02,6.709123601660917760e+17,7.532762650118088960e+17,6.390381756242279680e+17,1.081833542063264750e+15,1.052184724079615800e+16,2.192502655342724160e+17,5.044127915673475840e+17,2.213302523923893200e+16
8.582600097656250000e+02,6.698473891174639360e+17,7.478186710931600640e+17,6.338538035846910720e+17,1.062867592818353500e+15,1.031610180358091400e+16,2.148215471215992960e+17,5.029657109176803840e+17,2.274647182664948800e+16
8.589599609375000000e+02,6.676432908498408960e+17,7.437573034159548160e+17,6.299428958886056960e+17,1.049046423675866250e+15,1.016632678204273800e+16,2.115935099606558080e+17,5.018054215593383680e+17,2.321507596393958400e+16
8.594300537109379547e+02,6.649563987153026560e+17,7.410300245462854400e+17,6.273057453970086400e+17,1.039825236967420125e+15,1.006643356071855400e+16,2.094397287521160320e+17,5.010090950219553280e+17,2.353227469777627200e+16
8.596600341796879547e+02,6.615342675277621760e+17,7.396961372792121600e+17,6.259984521901492480e+17,1.035410355429014625e+15,1.001866092972266800e+16,2.084084725045799040e+17,5.005921820041447680e+17,2.369152625030434800e+16
8.600680870643039952e+02,6.565811561282969600e+17,7.373294295755523840e+17,6.236789301585725440e+17,1.027577059163570625e+15,9.933898254050590000e+15,2.065787210962424320e+17,4.998524558853302400e+17,2.397408526821514800e+16
8.606827685546879820e+02,6.540497999311819520e+17,7.337643279072264960e+17,6.201601497864451840e+17,1.015910147940120250e+15,9.807730616362128000e+15,2.038535659815958080e+17,4.986994117309395200e+17,2.440571686618762400e+16
8.610699462890629547e+02,6.494502884832899840e+17,7.315187643092163840e+17,6.179271673760144640e+17,1.008650496184207625e+15,9.729276515067196000e+15,2.021579096914155520e+17,4.979471616039415680e+17,2.468161049654290800e+16
8.617700195312500000e+02,6.463596984112866560e+17,7.274579832067093760e+17,6.138576089236716800e+17,9.956897092932915000e+14,9.589313055126164000e+15,1.991309583908219520e+17,4.965374353158903680e+17,2.518842509864488400e+16
8.622399902343750000e+02,6.456277802321811200e+17,7.247316514302425600e+17,6.111080681920634880e+17,9.870799415498786250e+14,9.496393000368180000e+15,1.971203600408384000e+17,4.955638463061987200e+17,2.553302985922934800e+16
8.627099609375000000e+02,6.442543061697112320e+17,7.220045038247654400e+17,6.083315981201098240e+17,9.786049407271655000e+14,9.405014748170460000e+15,1.951417079192847040e+17,4.945489057335079680e+17,2.588453409326640000e+16
8.631800537109379547e+02,6.438757202959950080e+17,7.192762837724142080e+17,6.055423885747925760e+17,9.701878838196461250e+14,9.314300853399642000e+15,1.931767991645665280e+17,4.935152467247324160e+17,2.623920879746759600e+16
8.634100341796879547e+02,6.399299496947175680e+17,7.179414832641271040e+17,6.041757827561835520e+17,9.660800687072793750e+14,9.270036162300200000e+15,1.922179066474068480e+17,4.930064064135567360e+17,2.641327001766270000e+16
8.641199951171879547e+02,6.370528167986954240e+17,7.138185922789704960e+17,5.999050068930229760e+17,9.536518008949685000e+14,9.136285459885026000e+15,1.893180506426277760e+17,4.913560343104581760e+17,2.696439543574219200e+16
8.645799560546879547e+02,6.342575258485418240e+17,7.111466064784337920e+17,5.971222994664328960e+17,9.456749628293885000e+14,9.050494157338108000e+15,1.874573404162172160e+17,4.902625927192877440e+17,2.732581358068966800e+16
8.650500488281250000e+02,6.325359383907991040e+17,7.084145174257498880e+17,5.942563363347700480e+17,9.376266479140043750e+14,8.964009752398655000e+15,1.855806653386969280e+17,4.891114240968344960e+17,2.770125155250192800e+16
8.655477107121399740e+02,6.290794565286856960e+17,7.055213201804160000e+17,5.912093545878629120e+17,9.291666539804887500e+14,8.873147279665909000e+15,1.836085055093592960e+17,4.878727897332014080e+17,2.810244199908478800e+16
8.659899902343750000e+02,6.259801745564906240e+17,7.029484796895137280e+17,5.884777842380736000e+17,9.217584775853925000e+14,8.793665771611592000e+15,1.818824788437452480e+17,4.867354958513302400e+17,2.846581723390076800e+16
8.662299804687500000e+02,6.253502787245681920e+17,7.015524019572668160e+17,5.869955763231673600e+17,9.177386441995598750e+14,8.750537422259036000e+15,1.809459002250361280e+17,4.861183761079511040e+17,2.866299233106300400e+16
8.669300537109379547e+02,6.264298862199150080e+17,6.974765989859891200e+17,5.826295913915975680e+17,9.062070331565353750e+14,8.626971380871108000e+15,1.782611450238830080e+17,4.842522390039929600e+17,2.925099728022314400e+16
8.676300048828129547e+02,6.245601520484405760e+17,6.933989452764505600e+17,5.782339707682534400e+17,8.948170115701922500e+14,8.505037984102078000e+15,1.756109414636948800e+17,4.823384516602259840e+17,2.984845696453690800e+16
8.680822847806499567e+02,6.222284678731095040e+17,6.907621905021392640e+17,5.753716439945073280e+17,8.875583178086790000e+14,8.427417272823702000e+15,1.739232342897211520e+17,4.810667765907769600e+17,3.024160159709356400e+16
8.687043408203129502e+02,6.177182083874447360e+17,6.871334288103347200e+17,5.714118457639774720e+17,8.776806079381360000e+14,8.321883893527697000e+15,1.716280635256248000e+17,4.792802103937207680e+17,3.079021585682614400e+16
8.690577298677890212e+02,6.114305698133248000e+17,6.850707364675078400e+17,5.691498974157975040e+17,8.721260355217321250e+14,8.262589896231546000e+15,1.703382161604301440e+17,4.782450551843779200e+17,3.110613215513425600e+16
8.695100097656250000e+02,6.046638002550041600e+17,6.824299309003699200e+17,5.662463963032467200e+17,8.650569585967882500e+14,8.187166080877556000e+15,1.686973177752824640e+17,4.769057607066050560e+17,3.151361652187283600e+16
8.697399902343750000e+02,6.047785563975366400e+17,6.810859080429635840e+17,5.647585721057004800e+17,8.615154507521917500e+14,8.149429642557389000e+15,1.678761041954980160e+17,4.762054867027107200e+17,3.172502937208452800e+16
8.704499511718750000e+02,6.039621793281175040e+17,6.769363727275607040e+17,5.601613845986149760e+17,8.506025889993322500e+14,8.033167566136600000e+15,1.653459633106503040e+17,4.740363119503927680e+17,3.237935339330345200e+16
8.709200439453129547e+02,6.035805419125720320e+17,6.741857067403256320e+17,5.570897870943240960e+17,8.435078812535535000e+14,7.957712065151289000e+15,1.637034330791377280e+17,4.725514046792572800e+17,3.282366564112254000e+16
8.711692236328129866e+02,6.036361553870842880e+17,6.727276751987991040e+17,5.554616410144608000e+17,8.397472255726157500e+14,7.917715751193572000e+15,1.628327854263256640e+17,4.717643074280443520e+17,3.305917997641919200e+16
8.716199951171879547e+02,6.017765629192414720e+17,6.700883794321441280e+17,5.525021349392371200e+17,8.330135972004762500e+14,7.846172442148467000e+15,1.612752555560240640e+17,4.703141381632049280e+17,3.349145466958078400e+16
8.723199462890629547e+02,5.999872929154496000e+17,6.659877186464705280e+17,5.478864798582007040e+17,8.226567716960908750e+14,7.736237091639105000e+15,1.588816816214529600e+17,4.680248532414804480e+17,3.417155750615058400e+16
8.730300292968750000e+02,5.991011072251118080e+17,6.618232238331951360e+17,5.431683540501050880e+17,8.123336744158428750e+14,7.626859857640261000e+15,1.565000259072088960e+17,4.656315588311355520e+17,3.487896750822336400e+16
8.732600097656250000e+02,5.923098828587681280e+17,6.604742881894714880e+17,5.416390910459688320e+17,8.089962445270520000e+14,7.591505139657687000e+15,1.557301799977080640e+17,4.648541082994848000e+17,3.510865251849779600e+16
8.737299804687500000e+02,5.898199560678625280e+17,6.577154403640840960e+17,5.384968132290200320e+17,8.022707138796712500e+14,7.520367314494728000e+15,1.541811416303904000e+17,4.632281808040733440e+17,3.558756020446902000e+16
8.744399414062500000e+02,5.874559791544414720e+17,6.535462169662277120e+17,5.337381138121383040e+17,7.921770698756268750e+14,7.413681546872820000e+15,1.518580437238138560e+17,4.607458176147603840e+17,3.631779433624312800e+16
8.749100341796879547e+02,5.891335771312488960e+17,6.507829895679594240e+17,5.305681617881466880e+17,7.856082000014853750e+14,7.344389344432477000e+15,1.503493006640007360e+17,4.590563286789348480e+17,3.681355473529388800e+16
8.753699951171879547e+02,5.830608821851281920e+17,6.480793175771351040e+17,5.274665312437713920e+17,7.791809079511760000e+14,7.276590585981436000e+15,1.488730753071141440e+17,4.574032530335999360e+17,3.729863008809093600e+16
8.758399658203129547e+02,5.844383564056819200e+17,6.453143572432660480e+17,5.242803675770963200e+17,7.727294686695675000e+14,7.208683465655334000e+15,1.473947275733438400e+17,4.556671445368296960e+17,3.780736466466076000e+16
8.761595646784860492e+02,5.832589505667280640e+17,6.434340188228203520e+17,5.221132672812596480e+17,7.683448251004978750e+14,7.162534541390483000e+15,1.463900643019971840e+17,4.544854669916565760e+17,3.815361809095669600e+16
8.767800292968750000e+02,5.798137331487308800e+17,6.397817451004574720e+17,5.178940340902483840e+17,7.599293409726563750e+14,7.074088975000596000e+15,1.444649132310487680e+17,4.521514208152480000e+17,3.883742640987684800e+16
8.770200195312500000e+02,5.758626760864623360e+17,6.383686779942620160e+17,5.162594110712643840e+17,7.566956709267966250e+14,7.040132232140480000e+15,1.437258631124312960e+17,4.512398139381422720e+17,3.910447700783300000e+16
8.777199707031250000e+02,5.731260401917610880e+17,6.342461292310599680e+17,5.114841513508104320e+17,7.473434991719060000e+14,6.942035193278396000e+15,1.415911830016124000e+17,4.485479494577433600e+17,3.989336807347158400e+16
8.781899414062500000e+02,5.687889501563678720e+17,6.314772171293140480e+17,5.082722139975197440e+17,7.411219950518477500e+14,6.876857611930626000e+15,1.401731176142294400e+17,4.467163362638583680e+17,4.043038307993454400e+16
8.789000244140629547e+02,5.691187473359639040e+17,6.272923132909877760e+17,5.034113918226920320e+17,7.318390662797963750e+14,6.779778788108288000e+15,1.380616387621480480e+17,4.438993177181978240e+17,4.125743608147285600e+16
8.791300048828129547e+02,5.656347625785159040e+17,6.259367507507645440e+17,5.018361109481888640e+17,7.288469018555297500e+14,6.748508603516099000e+15,1.373815897491674880e+17,4.429808608706424320e+17,4.152722281674722400e+16
8.795999755859379547e+02,5.663676480150835840e+17,6.231663285561064960e+17,4.986154730401870080e+17,7.227795028792158750e+14,6.685172002613102000e+15,1.360045003300186240e+17,4.410838007666183680e+17,4.208519036352043200e+16
8.801923452524040385e+02,5.675505585062619520e+17,6.196739347685294080e+17,4.945537918588615680e+17,7.152024157889282500e+14,6.606184342169416000e+15,1.342876090682931840e+17,4.386625173640258560e+17,4.279841845979068000e+16
8.805400390625000000e+02,5.667004610988651520e+17,6.176240512332414720e+17,4.921700209055902720e+17,7.107878144075162500e+14,6.560216415644322000e+15,1.332887088531165120e+17,4.372271891091760000e+17,4.322192395201550400e+16
8.810100097656250000e+02,5.642436630604610560e+17,6.148532505203713280e+17,4.889483448473616640e+17,7.048757712352288750e+14,6.498744506051229000e+15,1.319533546118600640e+17,4.352633287896989440e+17,4.380255179958523200e+16
8.817099609375000000e+02,5.591381933235859200e+17,6.107270092811891200e+17,4.841535874721057280e+17,6.961369864259440000e+14,6.407991185831764000e+15,1.299825475457132320e+17,4.323096704487713920e+17,4.467767584780156800e+16
8.821800537109379547e+02,5.554843645338946560e+17,6.079561435910524160e+17,4.809360622541304960e+17,6.903193436429488750e+14,6.347660417084852000e+15,1.286728896315920480e+17,4.303036658584936320e+17,4.527344885066863200e+16
8.826500244140629547e+02,5.494177024178224640e+17,6.051867818438213120e+17,4.777246527979511680e+17,6.845554128613837500e+14,6.287977193689363000e+15,1.273778511106485440e+17,4.282754363308270720e+17,4.587763753901464800e+16
8.829392371544480511e+02,5.499139837177657600e+17,6.034829324793482240e+17,4.757509133067751680e+17,6.810332172570482500e+14,6.251549720455996000e+15,1.265876987899202560e+17,4.270164720292399360e+17,4.625352397421354400e+16
8.832284498948320106e+02,5.477784120992528000e+17,6.017790831148817920e+17,4.737771738156069120e+17,6.775110216527266250e+14,6.215122247222772000e+15,1.257975464691950720e+17,4.257575077276576640e+17,4.662941040941096000e+16
8.835899658203129547e+02,5.446693507157787520e+17,5.996502226206951680e+17,4.713160462093898240e+17,6.731472593913692500e+14,6.170061463673360000e+15,1.248206001591532160e+17,4.241667894140301440e+17,4.710598080630988800e+16
8.847028222656249454e+02,5.471798710509746560e+17,5.931012196851806720e+17,4.637666449043514880e+17,6.598643007168672500e+14,6.033175747619533000e+15,1.218547327295675360e+17,4.192046208082045440e+17,4.859931718396904800e+16
8.850000000000000000e+02,5.445363577984911360e+17,5.913537359118959360e+17,4.617589895902328960e+17,6.563562186835828750e+14,5.997097242037551000e+15,1.210735567470747040e+17,4.178625159952914560e+17,4.900513061239390400e+16
8.854699707031250000e+02,5.419196547501006080e+17,5.885908911857931520e+17,4.585881732845082240e+17,6.508234682349167500e+14,5.940225663306864000e+15,1.198423903363728480e+17,4.157334950497379840e+17,4.964974674568113600e+16
8.859399414062500000e+02,5.401373579953703680e+17,5.858312512946634240e+17,4.554363074085689600e+17,6.453590934627863750e+14,5.884190556989492000e+15,1.186303482456503200e+17,4.135747844944416640e+17,5.030724584178861600e+16
8.859399414062500000e+02,5.372509296311117440e+17,5.858312512946634240e+17,4.554363074085689600e+17,6.453590934627863750e+14,5.884190556989492000e+15,1.186303482456503200e+17,4.135747844944416640e+17,5.030724584178861600e+16
8.868800048828129547e+02,5.330346902772750720e+17,5.803163619504569600e+17,4.491610856757312000e+17,6.345139710274952500e+14,5.773149718659820000e+15,1.162299049686349280e+17,4.092201402875884160e+17,5.163912842542322400e+16
8.875253530649040385e+02,5.331646501586835840e+17,5.765353151630280960e+17,4.448810091787419520e+17,6.271446919963565000e+14,5.697852615027638000e+15,1.146034205670622240e+17,4.061981182080906880e+17,5.256854892139782400e+16
8.878845590444719846e+02,5.290334166015366400e+17,5.744342403535653760e+17,4.425181596579379200e+17,6.230896400852146250e+14,5.656517328963533000e+15,1.137113642599965760e+17,4.044960998275594240e+17,5.309543403220630400e+16
8.882900390625000000e+02,5.287067004008202880e+17,5.720624985116174720e+17,4.398509204670828800e+17,6.185122036961766250e+14,5.609857101985613000e+15,1.127043904676725920e+17,4.025748221126062080e+17,5.369019413193037600e+16
8.890000000000000000e+02,5.278105597264952960e+17,5.679187451041136640e+17,4.352295667542461440e+17,6.105966059892442500e+14,5.529383208843314000e+15,1.109695552550493280e+17,3.991691796965461760e+17,5.475261954536084800e+16
8.892392108623799913e+02,5.283479452333093760e+17,5.665230348283921920e+17,4.336750058610826880e+17,6.079347171419992500e+14,5.502332395904899000e+15,1.103864996787823680e+17,3.980195322983182080e+17,5.511168312338527200e+16
8.899399414062500000e+02,5.266736820104141440e+17,5.624438610064690560e+17,4.291706266763322240e+17,6.002238529824300000e+14,5.424165606560386000e+15,1.087034385590925920e+17,3.946160622185475200e+17,5.618258626047691200e+16
8.904100341796879547e+02,5.281269388610800640e+17,5.597094281860456320e+17,4.261600048332926080e+17,5.950700165442361250e+14,5.371963067038304000e+15,1.075798255487735040e+17,3.923249755770853120e+17,5.690524008448340800e+16
8.906400146484379547e+02,5.232952716735103360e+17,5.583758502491644160e+17,4.247086431316737920e+17,5.925816645947945000e+14,5.346834571500455000e+15,1.070396684921526080e+17,3.911908237302659200e+17,5.726628854454118400e+16
8.913499755859379547e+02,5.222902251413038080e+17,5.542590300363717120e+17,4.202282186854874240e+17,5.849000006149896250e+14,5.269261678693593000e+15,1.053721772812677600e+17,3.876896415959232000e+17,5.838086277155604800e+16
8.918199462890629547e+02,5.160051735868128640e+17,5.515432056508773760e+17,4.173093584168212480e+17,5.798791069865070000e+14,5.218709220394197000e+15,1.042869734743136960e+17,3.853469002811713920e+17,5.913369453220108800e+16
8.922900390625000000e+02,5.154712367319399680e+17,5.488274306285911040e+17,4.143935266935421440e+17,5.748620711837431250e+14,5.168207898909994000e+15,1.032029869503292640e+17,3.830015316858238080e+17,5.988793115281576000e+16
8.927600097656250000e+02,5.110142159871635200e+17,5.461213647763626880e+17,4.115223770270787200e+17,5.699001184548008750e+14,5.118390627824832000e+15,1.021349758134877280e+17,3.806364658676211200e+17,6.065491551249368800e+16
8.927865459735579634e+02,5.104792254570185600e+17,5.459686994416279680e+17,4.113608896774626560e+17,5.696207178548208750e+14,5.115587359681467000e+15,1.020748964749183520e+17,3.805026356060394240e+17,6.069840719285574400e+16
8.939300537109379547e+02,5.080750965516120960e+17,5.394044446884424960e+17,4.044705242300725760e+17,5.576568275628714375e+14,4.995739399445424000e+15,9.950824847392147200e+16,3.747080060506072960e+17,6.259133232954198400e+16
8.940385084885820106e+02,5.052753229463998720e+17,5.387833700533021440e+17,4.038241483217860480e+17,5.565300536148840625e+14,4.984471624334015000e+15,9.926714086676937600e+16,3.741555498607692800e+17,6.277281893925002400e+16
8.946400146484379547e+02,5.043061458445738240e+17,5.353462132859512960e+17,4.002733571144730880e+17,5.503155470655348125e+14,4.922413650412621000e+15,9.794014141090321600e+16,3.710795747480748800e+17,6.378811125632115200e+16
8.951284461388230511e+02,5.039153795823354240e+17,5.325633731490481280e+17,3.974276884433437440e+17,5.453076131784880625e+14,4.872501327472261000e+15,9.687387240171017600e+16,3.685686324406049280e+17,6.462218576150161600e+16
8.957143505859379502e+02,5.036262898576050560e+17,5.292356103884800000e+17,3.940606360837775360e+17,5.393441123544500625e+14,4.813177223180533000e+15,9.560774276428420800e+16,3.655423549580863360e+17,6.563392432685103200e+16
8.960500488281250000e+02,5.010861600245633920e+17,5.273335989243198080e+17,3.921522136098156160e+17,5.359468420991810625e+14,4.779431994193972000e+15,9.488807367730067200e+16,3.638020706567792640e+17,6.621861160670173600e+16
8.962900390625000000e+02,5.020001238848042880e+17,5.259738534156929920e+17,3.907878848786647680e+17,5.335181380360155625e+14,4.755307574117294000e+15,9.437358318806723200e+16,3.625579436853991040e+17,6.663660377852034400e+16
8.969899902343750000e+02,4.992158649381363840e+17,5.220287899246005760e+17,3.868982757721514880e+17,5.265133829570214375e+14,4.685933296711694000e+15,9.289630678777492800e+16,3.589054550240376960e+17,6.787612555303631200e+16
8.976999511718750000e+02,4.960885617510348160e+17,5.180422451341651840e+17,3.830158690665505280e+17,5.194611620762070625e+14,4.616227051055447000e+15,9.141349722723910400e+16,3.551856941204705280e+17,6.914712879534239200e+16
8.981700439453129547e+02,4.940936739134313600e+17,5.154122588540904320e+17,3.804855073977725440e+17,5.148249685685408125e+14,4.570489588129638000e+15,9.044154256204964800e+16,3.527133651477379200e+17,6.999743359710434400e+16
8.986400146484379547e+02,4.909509816017545600e+17,5.127930533829482880e+17,3.779965163300885120e+17,5.102218958670646250e+14,4.525163430555419000e+15,8.947928971205918400e+16,3.502335658013117440e+17,7.085590532259098400e+16
8.991099853515629547e+02,4.891394025157885440e+17,5.101823585460638080e+17,3.755418392219393280e+17,5.056457232039819375e+14,4.480173917195573000e+15,8.852500097491907200e+16,3.477469292311730560e+17,7.172144634452754400e+16
8.995799560546879547e+02,4.847690172550797440e+17,5.075799031616490240e+17,3.731192014472351360e+17,5.010935340610319375e+14,4.435484150459256500e+15,8.757780964779796800e+16,3.452548536275275520e+17,7.259329220464846400e+16
9.002900390625000000e+02,4.847036645019866880e+17,5.036653887556399360e+17,3.695270950167381760e+17,4.942667013690258750e+14,4.368600765504415000e+15,8.616181494771900800e+16,3.414779628211969280e+17,7.392400827803793600e+16
9.007600097656250000e+02,4.826099934004702720e+17,5.010914018553976320e+17,3.672127436536821760e+17,4.897937611158338125e+14,4.324900357422293000e+15,8.523805702981748800e+16,3.389692371258491520e+17,7.481663468862424000e+16
9.009899902343750000e+02,4.827247896496707840e+17,4.998339068883145600e+17,3.660880313400721920e+17,4.876105521440156250e+14,4.303585728029219000e+15,8.478767845082283200e+16,3.377404782210249600e+17,7.525491479215356800e+16
9.014599609375000000e+02,4.840544655947494400e+17,4.972677520276723840e+17,3.638025034895013120e+17,4.831580672645123750e+14,4.260140193334262000e+15,8.386995929428238400e+16,3.352279838063876480e+17,7.615287294678819200e+16
9.021196768624449760e+02,4.827621233151801600e+17,4.936919198737765120e+17,3.606892454384621440e+17,4.769741761642017500e+14,4.199978103966535500e+15,8.260124897722054400e+16,3.316900384089049600e+17,7.743054387478700800e+16
9.026400146484379547e+02,4.808903804115331200e+17,4.908843571094557440e+17,3.582780334360024320e+17,4.721268535452642500e+14,4.152899750108207000e+15,8.160942342857515200e+16,3.288954937179267840e+17,7.844597144719168000e+16
9.028800048828129547e+02,4.792981696474010880e+17,4.895955960985876480e+17,3.571871936669133440e+17,4.699056125167713125e+14,4.131365379443199000e+15,8.115621723258696000e+16,3.276046451865189760e+17,7.891799683133513600e+16
9.032155810546879593e+02,4.744661186671866880e+17,4.877935332454255360e+17,3.556618822941683200e+17,4.667996712975606250e+14,4.101254063912713500e+15,8.052250311202776000e+16,3.257996633722863360e+17,7.957802565230449600e+16
9.040500488281250000e+02,4.719884454448602240e+17,4.833475146952396160e+17,3.519855404803005440e+17,4.591538983559315000e+14,4.027336909396245000e+15,7.896939365516913600e+16,3.213033704173969920e+17,8.123875110731417600e+16
9.040500488281250000e+02,4.743775924757208960e+17,4.833475146952396160e+17,3.519855404803005440e+17,4.591538983559315000e+14,4.027336909396245000e+15,7.896939365516913600e+16,3.213033704173969920e+17,8.123875110731417600e+16
9.047600097656250000e+02,4.699117300400051200e+17,4.795932421381906560e+17,3.489490712235716480e+17,4.527091783492843125e+14,3.965190782734167000e+15,7.766558218792499200e+16,3.174733099930949120e+17,8.266649660776019200e+16
9.049899902343750000e+02,4.666549973745917440e+17,4.783831135846105600e+17,3.479845712080401920e+17,4.506340791321710000e+14,3.945214092073185500e+15,7.724689031176108800e+16,3.162317767422022400e+17,8.313205667992808000e+16
9.059399414062500000e+02,4.678211251457664640e+17,4.734167178216984960e+17,3.440984863328642560e+17,4.421265540430123750e+14,3.863480023005586000e+15,7.553591357363086400e+16,3.111014677608255360e+17,8.507015873317011200e+16
9.064100341796879547e+02,4.661374295090885120e+17,4.709718760090805120e+17,3.422142880370077440e+17,4.379418666884988750e+14,3.823343106633153500e+15,7.469654495187377600e+16,3.085619652244872960e+17,8.603520729257288000e+16
9.068800048828129547e+02,4.628943623002003200e+17,4.685545259426886400e+17,3.404087959158268160e+17,4.338091680594073750e+14,3.783836069507542000e+15,7.387201204302446400e+16,3.060232845426888320e+17,8.701156516309510400e+16
9.068988037109379547e+02,4.631267726268765440e+17,4.684578319400329600e+17,3.403365762309795840e+17,4.336438601142437500e+14,3.782255788022518000e+15,7.383903072667049600e+16,3.059217373154168960e+17,8.705061947791600000e+16
9.078199462890629547e+02,4.618541929527323520e+17,4.637471276170153600e+17,3.368737733524182400e+17,4.255933504347618125e+14,3.705421618848633500e+15,7.223706952213304000e+16,3.009478576265205760e+17,8.897503165043582400e+16
9.082900390625000000e+02,4.598411992369610880e+17,4.613586566807699200e+17,3.351499094850956800e+17,4.215131626291972500e+14,3.666552376205946000e+15,7.142758650466504000e+16,2.984106082426704000e+17,8.996326221991747200e+16
9.087600097656250000e+02,4.569891337575579520e+17,4.589952221007060480e+17,3.334913379091724160e+17,4.174766903290484375e+14,3.628205644023213000e+15,7.063035641526274400e+16,2.958772120987320320e+17,9.095999933001169600e+16
9.090000000000000000e+02,4.544308792659658240e+17,4.577914923794695040e+17,3.326527727781264640e+17,4.154209831015999375e+14,3.608690157408342500e+15,7.022480831814895200e+16,2.945839479853672960e+17,9.147011542290124800e+16
9.097099609375000000e+02,4.551582276404126080e+17,4.542524017958689280e+17,3.302275109488135040e+17,4.093765398155413125e+14,3.551398180729967000e+15,6.903540577823401600e+16,2.907621805891306240e+17,9.298631575995409600e+16
9.100599975585939774e+02,4.523609594477474560e+17,4.525202879464411520e+17,3.290641603698237440e+17,4.064179830645770000e+14,3.523408442232611000e+15,6.845501862463073600e+16,2.888802954166250880e+17,9.373802143251548800e+16
9.106500244140629547e+02,4.517065400800160000e+17,4.496190426634654080e+17,3.271477072641879040e+17,4.014611392433115000e+14,3.476585258181376000e+15,6.748504859637479200e+16,2.857125584826915520e+17,9.501052131260819200e+16
9.111199951171879547e+02,4.515725133665587200e+17,4.473261320212906240e+17,3.256646761761286400e+17,3.975423331115508750e+14,3.439637870854309500e+15,6.672058863420655200e+16,2.831936729821821440e+17,9.602938594057299200e+16
9.115899658203129547e+02,4.531878463587300480e+17,4.450479033346207360e+17,3.242154244944959360e+17,3.936468819526271250e+14,3.402964652359204000e+15,6.596251782849750400e+16,2.806790034780824640e+17,9.705211320648339200e+16
9.120599365234379547e+02,4.491756891491640960e+17,4.427886549587669120e+17,3.228098416302048000e+17,3.897816232734038750e+14,3.366645869596108000e+15,6.521270669742156800e+16,2.781697842644588160e+17,9.807983395359275200e+16
9.125300292968750000e+02,4.498264180508028800e+17,4.405394968703020160e+17,3.214272894824779520e+17,3.859319349867335000e+14,3.330510586078441500e+15,6.446718166622775200e+16,2.756634667845281920e+17,9.911031544431731200e+16
9.127700195312500000e+02,4.451338787737498880e+17,4.394034795966251520e+17,3.207482404296188800e+17,3.839855672430766250e+14,3.312283651565466000e+15,6.409170516714712000e+16,2.743880152434001280e+17,9.963924664753528000e+16
9.132399902343750000e+02,4.463391933082639360e+17,4.371788272549893760e+17,3.194184648174584960e+17,3.801740129129245625e+14,3.276590010733851000e+15,6.335641293853040800e+16,2.718903100382408640e+17,1.006750478338980480e+17
9.139499511718750000e+02,4.456873920327484160e+17,4.338608103138570880e+17,3.174986268539130880e+17,3.744809024392593750e+14,3.223417298483914500e+15,6.226295028481667200e+16,2.681331825566760320e+17,1.022485263646349920e+17
9.144846567007219846e+02,4.458452718904103680e+17,4.313777990076480640e+17,3.160852013855857280e+17,3.702171645701063750e+14,3.183646318735139500e+15,6.144578482081190400e+16,2.653098155305419840e+17,1.034366455793795680e+17
9.148900146484379547e+02,4.410003505576287360e+17,4.295209221264373760e+17,3.150643018224025600e+17,3.670228566317685625e+14,3.153930819054179000e+15,6.083631587918602400e+16,2.631800447631674880e+17,1.043418759820159840e+17
9.153599853515629547e+02,4.402302453822993280e+17,4.273680650321178240e+17,3.138806741465850880e+17,3.633193862638204375e+14,3.119478764129732500e+15,6.012969954504802400e+16,2.607107953733926080e+17,1.053913972044671520e+17
9.158399658203129547e+02,4.370316609521798400e+17,4.252052652720211840e+17,3.127397282921394560e+17,3.595897648243118125e+14,3.084890389292654500e+15,5.942174971362481600e+16,2.582052883065448000e+17,1.064686841460619040e+17
9.163099365234379547e+02,4.344942452325868800e+17,4.230895017553427840e+17,3.116262290751992320e+17,3.559407597884100625e+14,3.051055483855831500e+15,5.872930182698855200e+16,2.557529112251700800e+17,1.075237959735766880e+17
9.166456347656250045e+02,4.337022672709653120e+17,4.215991934756843520e+17,3.108686074913219840e+17,3.533646784464963125e+14,3.027228479407855500e+15,5.824248755948148800e+16,2.540114929801466240e+17,1.082800745717361600e+17
9.172500000000000000e+02,4.363857645226410880e+17,4.189270293477232000e+17,3.095242107678398080e+17,3.487426528762523750e+14,2.984509013284618500e+15,5.737010723922727200e+16,2.508817197291673920e+17,1.096429764868124960e+17
9.177199707031250000e+02,4.356936438209768320e+17,4.168765111791383040e+17,3.085257709123358720e+17,3.451877486473179375e+14,2.951726319095986500e+15,5.670166948522904000e+16,2.484623525236629120e+17,1.107055348598983360e+17
9.183769531250010232e+02,4.342342742726616320e+17,4.140254973844842880e+17,3.071565048889411840e+17,3.402404117793178125e+14,2.906144897447728500e+15,5.577284978141732000e+16,2.450883935959530880e+17,1.121924459896700160e+17
9.186700439453129547e+02,4.341049014777547520e+17,4.127773201545392640e+17,3.065843382367098240e+17,3.380669969562833750e+14,2.886181207502951000e+15,5.536689218069102400e+16,2.435964697093868160e+17,1.128575581996944800e+17
9.191400146484379547e+02,4.340492000214290560e+17,4.107769410285209600e+17,3.056686178849221120e+17,3.345834510685828125e+14,2.854186221063932000e+15,5.471631951635661600e+16,2.412047708896748160e+17,1.139241449242233120e+17
9.196099853515629547e+02,4.320120417412948480e+17,4.087955348005027200e+17,3.047823902573199360e+17,3.311266685813079375e+14,2.822483263161940500e+15,5.407233254671298400e+16,2.388242793770541120e+17,1.149916992078679200e+17
9.203199462890629547e+02,4.302001325888233600e+17,4.058335302561955200e+17,3.034921189352513280e+17,3.259487012012502500e+14,2.775071521458331000e+15,5.311032580577833600e+16,2.352466245274220160e+17,1.166059907765800320e+17
9.203199462890629547e+02,4.311421226201395840e+17,4.058335302561955200e+17,3.034921189352513280e+17,3.259487012012502500e+14,2.775071521458331000e+15,5.311032580577833600e+16,2.352466245274220160e+17,1.166059907765800320e+17
9.207900390625000000e+02,4.315262226872451840e+17,4.039068421798048640e+17,3.026889927025706880e+17,3.225686822513795625e+14,2.744202751348058000e+15,5.248511351846379200e+16,2.328991846071833920e+17,1.176758328220906400e+17
9.215000000000000000e+02,4.315149350488277120e+17,4.010153497682254080e+17,3.015024939969653760e+17,3.174896196596106250e+14,2.697858657630278000e+15,5.154705392697466400e+16,2.293655971884706560e+17,1.192918503376951360e+17
9.221715625000000500e+02,4.295693839186024320e+17,3.983287760021795200e+17,3.004487148466309120e+17,3.127531259428613750e+14,2.654747806230811500e+15,5.067596209767019200e+16,2.260546609955031360e+17,1.208207047493665280e+17
9.224399414062500000e+02,4.309796330502606720e+17,3.972599115746942080e+17,3.000340306887212160e+17,3.108669353711041250e+14,2.637590039093283500e+15,5.032941783113410400e+16,2.247347387915123200e+17,1.214316038692252000e+17
9.226800537109379547e+02,4.289120872025870720e+17,3.963202339872614400e+17,2.996854031955533440e+17,3.092025843863426250e+14,2.622485299678008500e+15,5.002483914145432800e+16,2.235650893526261760e+17,1.219778746743052480e+17
9.231500244140629547e+02,4.289691257031500800e+17,3.944810073926455040e+17,2.990030362160446720e+17,3.059449579037195000e+14,2.592920863100124500e+15,4.942868868122813600e+16,2.212757399170882240e+17,1.230470879938549440e+17
9.236199951171879547e+02,4.305906970124957440e+17,3.926623692300518400e+17,2.983471482823475840e+17,3.027160398794030000e+14,2.563658223218058000e+15,4.883921410357197600e+16,2.190008874605379200e+17,1.241155011910104480e+17
9.240999755859379547e+02,4.309301848366894080e+17,3.908260191031899520e+17,2.977043283080863360e+17,2.994476640486659375e+14,2.534080489059746000e+15,4.824400116789712800e+16,2.166923863386649920e+17,1.252058532037813600e+17
9.245699462890629547e+02,4.311329636514221440e+17,3.890442578722944640e+17,2.970949279380683520e+17,2.962701760174935000e+14,2.505356366685233000e+15,4.766641327131385600e+16,2.144439164963795200e+17,1.262724895959483680e+17
9.252800292968750000e+02,4.296897568950471040e+17,3.863901112427129600e+17,2.962207757210915200e+17,2.915221943057346250e+14,2.462508105041277000e+15,4.680586540273288000e+16,2.110743619559216960e+17,1.278818059273829600e+17
9.255868066406250136e+02,4.296323851907515520e+17,3.852612870678797440e+17,2.958640696142649600e+17,2.894958544240073125e+14,2.444253829450384500e+15,4.643972259828689600e+16,2.096320740185886400e+17,1.285756420787888960e+17
9.259899902343750000e+02,4.256883857350843520e+17,3.837899228139076480e+17,2.954095885356478720e+17,2.868497678721715625e+14,2.420439034861388000e+15,4.596237240958756000e+16,2.077457408544319360e+17,1.294865372757315040e+17
9.264599609375000000e+02,4.243820888602893440e+17,3.820814739927390080e+17,2.948872859303967360e+17,2.837746646662063125e+14,2.392774611193595500e+15,4.540802638325546400e+16,2.055521076444182720e+17,1.305476532154242240e+17
9.271700439453129547e+02,4.220817995871808640e+17,3.795530653882257280e+17,2.941575396040229760e+17,2.792025385700116562e+14,2.351734586030585500e+15,4.458699226127858400e+16,2.022788794465901760e+17,1.321455818623244000e+17
9.271700439453129547e+02,4.255593859818811520e+17,3.795530653882257280e+17,2.941575396040229760e+17,2.792025385700116562e+14,2.351734586030585500e+15,4.458699226127858400e+16,2.022788794465901760e+17,1.321455818623244000e+17
9.278800048828129547e+02,4.230465276564035200e+17,3.770690098994689920e+17,2.934751223060245120e+17,2.746928889547161250e+14,2.311327929080930000e+15,4.377968643163611200e+16,1.990413767363584000e+17,1.337379597385103840e+17
9.284295654296879547e+02,4.245628789774451840e+17,3.751648874741551360e+17,2.929668174672214400e+17,2.712284061662746562e+14,2.280316922559060000e+15,4.316055253862390400e+16,1.965503879515239360e+17,1.349682506095687200e+17
9.287513776506699514e+02,4.221976622942054400e+17,3.740760894664244480e+17,2.926961571852910720e+17,2.692366434734540312e+14,2.262529767463866000e+15,4.280603764467759200e+16,1.951132792059018240e+17,1.356850361874860960e+17
9.297700195312500000e+02,4.177119500526263680e+17,3.706637556823059840e+17,2.918730510436620160e+17,2.629803164051560938e+14,2.206709647810627250e+15,4.169424069491157600e+16,1.905930996552562240e+17,1.379485246359236800e+17
9.297700195312500000e+02,4.216478067627338880e+17,3.706637556823059840e+17,2.918730510436620160e+17,2.629803164051560938e+14,2.206709647810627250e+15,4.169424069491157600e+16,1.905930996552562240e+17,1.379485246359236800e+17
9.299172070312499727e+02,4.200283210255978240e+17,3.701787957783456640e+17,2.917621120583963520e+17,2.620877905031075625e+14,2.198758614934213750e+15,4.153605616311313600e+16,1.899467961145193280e+17,1.382743068988888800e+17
9.307099609375000000e+02,4.150079171205360000e+17,3.675954530904471040e+17,2.911917226135787520e+17,2.573214289043645312e+14,2.156338635725438500e+15,4.069272174008896000e+16,1.864905560868380800e+17,1.400239362069234240e+17
9.311800537109379547e+02,4.143802080515027840e+17,3.660880258773306240e+17,2.908766457922458240e+17,2.545298596726359062e+14,2.131529314378317250e+15,4.020001839972011200e+16,1.844621846511202240e+17,1.410571430281229920e+17
9.318104060246399740e+02,4.129756667050353920e+17,3.641040364711576960e+17,2.904880858602388480e+17,2.508400532744383750e+14,2.098787997436979000e+15,3.955054167339557600e+16,1.817753087095437760e+17,1.424353599729182240e+17
9.319572119140630093e+02,4.115405832310524800e+17,3.636461639498266880e+17,2.904013987782932480e+17,2.499867110665537188e+14,2.091221693997799250e+15,3.940053769099951200e+16,1.811532497569091520e+17,1.427555296733850880e+17
9.325999755859379547e+02,4.100891200926981120e+17,3.616602016665628160e+17,2.900382257997387520e+17,2.462774987519354375e+14,2.058357654328482750e+15,3.874936088922412800e+16,1.784465972019741440e+17,1.441533884546622080e+17
9.330799560546879547e+02,4.083162232221562880e+17,3.602050564032224640e+17,2.897913529177007360e+17,2.435477748302298750e+14,2.034208391487235250e+15,3.827140249100325600e+16,1.764505626514837120e+17,1.451913666562043520e+17
9.333099365234379547e+02,4.086272212394836480e+17,3.595078301376748800e+17,2.896730648938554240e+17,2.422398399704910000e+14,2.022637381519557250e+15,3.804239088819345600e+16,1.754941717325813440e+17,1.456887092125892480e+17
9.340200195312500000e+02,4.065403333787884800e+17,3.574100632926281600e+17,2.893539811102883200e+17,2.382811186381380312e+14,1.987683333841018000e+15,3.735159895602700800e+16,1.725918531966100480e+17,1.472118044435105600e+17
9.344899902343750000e+02,4.090991404481368320e+17,3.560349602464632960e+17,2.891536783959855360e+17,2.356803907080119688e+14,1.964735844839023250e+15,3.689833014494093600e+16,1.706833577671299200e+17,1.482166998328098880e+17
9.351999511718750000e+02,4.071146507473091200e+17,3.540049726122896640e+17,2.888892887969342080e+17,2.318205731117066250e+14,1.930734674162246750e+15,3.622756175126136800e+16,1.678446807238721600e+17,1.497232291432964160e+17
9.354399414062500000e+02,4.020880835449260160e+17,3.533234383002796160e+17,2.888035445043911680e+17,2.305226783149227500e+14,1.919306725459589000e+15,3.600219192998216400e+16,1.668895737265970240e+17,1.502312758562868480e+17
9.359100341796879547e+02,4.019757841329214720e+17,3.520192392928565760e+17,2.886595170159042560e+17,2.280255464634375938e+14,1.897354111764004000e+15,3.556978657328530000e+16,1.650481224546717760e+17,1.512184577601775360e+17
9.362238675631019760e+02,4.005107058144256640e+17,3.511485575673082240e+17,2.885633644337534720e+17,2.263584641723163125e+14,1.882698572644605750e+15,3.528111326502302400e+16,1.638187717483550080e+17,1.518774992397504960e+17
9.368599853515629547e+02,3.972004956823745280e+17,3.494236451630536960e+17,2.883983317705253120e+17,2.230383545161680625e+14,1.853553462143466500e+15,3.470767613272510800e+16,1.613657310128901440e+17,1.532023767075063680e+17
9.373299560546879547e+02,3.966674860604153600e+17,3.481592595223991040e+17,2.882838872732461440e+17,2.206001937763217500e+14,1.832161231286125000e+15,3.428694235973896000e+16,1.595631126033970560e+17,1.541784658142168000e+17
9.375699462890629547e+02,3.959015306807594240e+17,3.475289434988725120e+17,2.882365108903803520e+17,2.193779728453625312e+14,1.821453057196203000e+15,3.407657325428730800e+16,1.586577560378875840e+17,1.546724642721052800e+17
9.381600341796879547e+02,3.962451520382616960e+17,3.459903458884443520e+17,2.881281161599293440e+17,2.163894735565601562e+14,1.795281637945427500e+15,3.356259388963381600e+16,1.564427481576017600e+17,1.558838588148515840e+17
9.387787988281249909e+02,3.958936267425123840e+17,3.444091949559608320e+17,2.880368537418080640e+17,2.133040114441980625e+14,1.768291982155876000e+15,3.303301570811020800e+16,1.541524047244600960e+17,1.571443289519569280e+17
9.394599609375000000e+02,3.952839760078086400e+17,3.426949000319244800e+17,2.879545252461526080e+17,2.099468766716206250e+14,1.738951090243675750e+15,3.245768674278612400e+16,1.516575636426515520e+17,1.585238251767560000e+17
9.396999511718750000e+02,3.939289316254138240e+17,3.421081252623692160e+17,2.879370600083370560e+17,2.087900491748003438e+14,1.728856288035310500e+15,3.225998372366216000e+16,1.507960862862350080e+17,1.590043781028952960e+17
9.399399414062500000e+02,3.923231470361398400e+17,3.415213504928140160e+17,2.879195947705215040e+17,2.076332216779800312e+14,1.718761485826945500e+15,3.206228070453820000e+16,1.499346089298184640e+17,1.594849310290345920e+17
9.406500244140629547e+02,3.913701835754033280e+17,3.398062215986033280e+17,2.878815129404691840e+17,2.042423470453755938e+14,1.689189897032076750e+15,3.148341050779480000e+16,1.474073623991894720e+17,1.608998105786795520e+17
9.411199951171879547e+02,3.880573827839240960e+17,3.386944189904086400e+17,2.878714165766266880e+17,2.020335895762573125e+14,1.669947819226204250e+15,3.110705542135842400e+16,1.457588042751539200e+17,1.618284955232640320e+17
9.415899658203129547e+02,3.867604556212448000e+17,3.375985950107070080e+17,2.878712899507634240e+17,1.998492926299040938e+14,1.650931892391124750e+15,3.073532513486290400e+16,1.441269587721698240e+17,1.627516578113913920e+17
9.420699462890629547e+02,3.848597083988428160e+17,3.365005279658348800e+17,2.878843236600407040e+17,1.976507681917842500e+14,1.631809537843517750e+15,3.036178359338763600e+16,1.424824227311227520e+17,1.636871907011952960e+17
9.423000488281250000e+02,3.853192778257989120e+17,3.359741148479356160e+17,2.878905720176163840e+17,1.965967960234608125e+14,1.622642284964024500e+15,3.018270785440506000e+16,1.416940324876416640e+17,1.641356849782240000e+17
9.432500000000000000e+02,3.853240738495347200e+17,3.338670813283301760e+17,2.879562199100268800e+17,1.923476793221918125e+14,1.585735440868485500e+15,2.946255287123823600e+16,1.385093967857249920e+17,1.659634808999460480e+17
9.434899902343750000e+02,3.850128462990551680e+17,3.333442955602668160e+17,2.879783704108766080e+17,1.912889809972300000e+14,1.576546873696745750e+15,2.928336814431463600e+16,1.377150427066100320e+17,1.664217241891920640e+17
9.437759765624999773e+02,3.844639369346109440e+17,3.327333864685434240e+17,2.880117777738910400e+17,1.900461279464150938e+14,1.565768925971059750e+15,2.907332837595041200e+16,1.367813951346376480e+17,1.669633031852099200e+17
9.446700439453129547e+02,3.822907562182757760e+17,3.308444845340831360e+17,2.881279581627359680e+17,1.861934438224012188e+14,1.532373119937147000e+15,2.842274019184218000e+16,1.338853243544925760e+17,1.686483553050415360e+17
9.446700439453129547e+02,3.837081453886996480e+17,3.308444845340831360e+17,2.881279581627359680e+17,1.861934438224012188e+14,1.532373119937147000e+15,2.842274019184218000e+16,1.338853243544925760e+17,1.686483553050415360e+17
9.453800048828129547e+02,3.794188127514814720e+17,3.293801011751232000e+17,2.882401321607499520e+17,1.831897444103530625e+14,1.506361185107326500e+15,2.791638600567296000e+16,1.316242141760093760e+17,1.699727403999983680e+17
9.456199951171879547e+02,3.792840841079724160e+17,3.289019989817844480e+17,2.882871827784254080e+17,1.822010502730631562e+14,1.497810100298955250e+15,2.775010192186964800e+16,1.308784544902568960e+17,1.704137062951852800e+17
9.460991962139429461e+02,3.810884295992320640e+17,3.279480627923515520e+17,2.883815176965367680e+17,1.802280008839748438e+14,1.480745934030202500e+15,2.741828030589943600e+16,1.293901428955345920e+17,1.712939216449246400e+17
9.465699462890629547e+02,3.802716981302313600e+17,3.270239572818004480e+17,2.884809590642328960e+17,1.783104081307067812e+14,1.464169326958525250e+15,2.709606572624688800e+16,1.279425269875838240e+17,1.721532805898000960e+17
9.472800292968750000e+02,3.787386255641880960e+17,3.256603458218795520e+17,2.886467362757224960e+17,1.754660503300292500e+14,1.439600005318466000e+15,2.661878691839285600e+16,1.257926068737900800e+17,1.734371140042294720e+17
9.472800292968750000e+02,3.769451266670614400e+17,3.256603458218795520e+17,2.886467362757224960e+17,1.754660503300292500e+14,1.439600005318466000e+15,2.661878691839285600e+16,1.257926068737900800e+17,1.734371140042294720e+17
9.482299804687500000e+02,3.768609878485178880e+17,3.238941270231452800e+17,2.888975944582341120e+17,1.717537249685213438e+14,1.407566458568638500e+15,2.599704176144826400e+16,1.229816030041067520e+17,1.751301135808346880e+17
9.484699707031250000e+02,3.775133879705095680e+17,3.234554326688222080e+17,2.889646267386524160e+17,1.708279585856638438e+14,1.399582153071178250e+15,2.584213911656324400e+16,1.222799540591303200e+17,1.755545777421789120e+17
9.488846059945919933e+02,3.785511187896807680e+17,3.227154304084899840e+17,2.890890876251466240e+17,1.692574247640567188e+14,1.386046727568193250e+15,2.557969670656122800e+16,1.210880665733934080e+17,1.762801286296724160e+17
9.489399414062500000e+02,3.773172950665330560e+17,3.226166729448923520e+17,2.891056976304481920e+17,1.690478281924914375e+14,1.384240348908229250e+15,2.554467229090524000e+16,1.209290024849509280e+17,1.763769574762865920e+17
9.496500244140629547e+02,3.775841565808764160e+17,3.213666805843937920e+17,2.893268549514545280e+17,1.663863270626279062e+14,1.361311216088929750e+15,2.510023361797071200e+16,1.189076838449012320e+17,1.776117566454114240e+17
9.505999755859379547e+02,3.751793175481728640e+17,3.197469506876488320e+17,2.896467859932978560e+17,1.629112919542022188e+14,1.331399232469184000e+15,2.452086855046438800e+16,1.162639756584705120e+17,1.792399977929635520e+17
9.508399658203129547e+02,3.752028393382277760e+17,3.193495462416504960e+17,2.897328521172040320e+17,1.620527020605735000e+14,1.324014281879703500e+15,2.437792059663535600e+16,1.156097603558091360e+17,1.796459187456754560e+17
9.513099365234379547e+02,3.769783247822344960e+17,3.185713127131186560e+17,2.899013946284139520e+17,1.603713332454816250e+14,1.309552400003050000e+15,2.409798691289080800e+16,1.143286164518181600e+17,1.804408300721966720e+17
9.517800292968750000e+02,3.767572381837395840e+17,3.178172768219848960e+17,2.900803597277541760e+17,1.587298258222713750e+14,1.295443876528479750e+15,2.382506880135021600e+16,1.130757285209862240e+17,1.812244039297251520e+17
9.522600097656250000e+02,3.745573799949685760e+17,3.170521138264974080e+17,2.902651023025134720e+17,1.570616085185611562e+14,1.281107872221637750e+15,2.354778520563546800e+16,1.118020334297608800e+17,1.820222198688832960e+17
9.529699707031250000e+02,3.726931292622396800e+17,3.159554200544631040e+17,2.905526204251310080e+17,1.546525151511387188e+14,1.260418996556204500e+15,2.314786250892986800e+16,1.099596040822368640e+17,1.831852414048908800e+17
9.532099609375000000e+02,3.725383272528775040e+17,3.155872357226863360e+17,2.906508406435944960e+17,1.538423826407010000e+14,1.253462749317603000e+15,2.301341350210020400e+16,1.093398028417573440e+17,1.835771487396362880e+17
9.536800537109379547e+02,3.714052864238114560e+17,3.148832107820935680e+17,2.908498787063372160e+17,1.522843418391507188e+14,1.240090797564920500e+15,2.275507110805646400e+16,1.081462861744277120e+17,1.843362340064338560e+17
9.539200439453129547e+02,3.702806862133130880e+17,3.145289950463209600e+17,2.909535030262218880e+17,1.514976712622061562e+14,1.233341091731162000e+15,2.262470202703350400e+16,1.075431988521413440e+17,1.847211607262271040e+17
9.543900146484379547e+02,3.723848329010870400e+17,3.138356212547283840e+17,2.911565337343701120e+17,1.499576220855181562e+14,1.220127422377968250e+15,2.236948457669830800e+16,1.063625214741757280e+17,1.854748135221901760e+17
9.550638333834140212e+02,3.720562053504950400e+17,3.128791031834630400e+17,2.914614330789259520e+17,1.478133025292150000e+14,1.201741571083364000e+15,2.201458858857973600e+16,1.047152061776187520e+17,1.865360445994056320e+17
9.555991552734379866e+02,3.698254391489064960e+17,3.121308842659772800e+17,2.917077201069763840e+17,1.461297283875889688e+14,1.187309756439707500e+15,2.173607959019986800e+16,1.034207794923483680e+17,1.873729728912495040e+17
9.558199462890629547e+02,3.721383970757073920e+17,3.118295186588492160e+17,2.918118090360463360e+17,1.454477164774116562e+14,1.181465657531544500e+15,2.162333838399320400e+16,1.028957428310622560e+17,1.877143396780446400e+17
9.561703857421880457e+02,3.706462716421821440e+17,3.113511912311966720e+17,2.919770189621676800e+17,1.443652273183722188e+14,1.172189904985235250e+15,2.144439556543741600e+16,1.020624047537364320e+17,1.882561569695722880e+17
9.569842965262280359e+02,3.703611219479592960e+17,3.102719053806852480e+17,2.923710425025681280e+17,1.419057423500573438e+14,1.151123297883091500e+15,2.103814866042164800e+16,1.001660666907203840e+17,1.894973572228916800e+17
9.572399902343750000e+02,3.685104801428928640e+17,3.099364033109460480e+17,2.924959872627530240e+17,1.411392310474740000e+14,1.144558757355318500e+15,2.091157680200940000e+16,9.957472493802760000e+16,1.898853516589017600e+17
9.579599609375000000e+02,3.699866207088854400e+17,3.090210419706162560e+17,2.928567258248857600e+17,1.390320676078281875e+14,1.126519597619289000e+15,2.056389626701796000e+16,9.794632601501784000e+16,1.909614495735864640e+17
9.579599609375000000e+02,3.704493531272737280e+17,3.090210419706162560e+17,2.928567258248857600e+17,1.390320676078281875e+14,1.126519597619289000e+15,2.056389626701796000e+16,9.794632601501784000e+16,1.909614495735864640e+17
9.586700439453129547e+02,3.680911522316675840e+17,3.081395754759412480e+17,2.932186821092002560e+17,1.369912830749304531e+14,1.109053353938999625e+15,2.022735095627636000e+16,9.636716258509302400e+16,1.920106109891707520e+17
9.593615440955539952e+02,3.666841886062684800e+17,3.073015468637392640e+17,2.935769045574527360e+17,1.350397990260860312e+14,1.092355660168726125e+15,1.990570106665374800e+16,9.485509944941448000e+16,1.930205848765947520e+17
9.598499755859379547e+02,3.669159594639748480e+17,3.067316683627928320e+17,2.938356208887244800e+17,1.337006816043286250e+14,1.080901512059665000e+15,1.968514240898114000e+16,9.381532142902488000e+16,1.937208737513623360e+17
9.600899658203129547e+02,3.645237034100805760e+17,3.064522054619843840e+17,2.939628818190035840e+17,1.330436809880963438e+14,1.075281952842331625e+15,1.957693550862550800e+16,9.330512741915640000e+16,1.940646355607915840e+17
9.608099365234379547e+02,3.615934661976792960e+17,3.056332115049395200e+17,2.943491871931950720e+17,1.311076367835166406e+14,1.058725109178314750e+15,1.925819324427398800e+16,9.179971103396451200e+16,1.950840374650268480e+17
9.608099365234379547e+02,3.638193781163820800e+17,3.056332115049395200e+17,2.943491871931950720e+17,1.311076367835166406e+14,1.058725109178314750e+15,1.925819324427398800e+16,9.179971103396451200e+16,1.950840374650268480e+17
9.617600097656250000e+02,3.637267812328535040e+17,3.045866861804448640e+17,2.948665019294097920e+17,1.286148785971246719e+14,1.037411813571582625e+15,1.884799411272812400e+16,8.985785531913558400e+16,1.964079381509699200e+17
9.617600097656250000e+02,3.642636183410378240e+17,3.045866861804448640e+17,2.948665019294097920e+17,1.286148785971246719e+14,1.037411813571582625e+15,1.884799411272812400e+16,8.985785531913558400e+16,1.964079381509699200e+17
9.622299804687500000e+02,3.627815208608414720e+17,3.040814819045820160e+17,2.951249820763217920e+17,1.274045615206755625e+14,1.027064957377874625e+15,1.864889535256361600e+16,8.891369324764670400e+16,1.970549293307856320e+17
9.631800537109379547e+02,3.634143151521582080e+17,3.030936577780915200e+17,2.956535023906115200e+17,1.250197290725269219e+14,1.006680155945683750e+15,1.825673155017090400e+16,8.704967546667748800e+16,1.983409313091646400e+17
9.634200439453129547e+02,3.623555471624887040e+17,3.028471949655210880e+17,2.957875132107823360e+17,1.244230168704702344e+14,1.001579866953902625e+15,1.815861970463393600e+16,8.658293685319276800e+16,1.986637374852910720e+17
9.638900146484379547e+02,3.602378199514871680e+17,3.023807443688078720e+17,2.960523579313124480e+17,1.232848470415383906e+14,9.918524526289758750e+14,1.797153551158322400e+16,8.569086268265732800e+16,1.992848924752616320e+17
9.643699951171879547e+02,3.581333753178316800e+17,3.019043589801647360e+17,2.963228435004357120e+17,1.221224356733929375e+14,9.819178570119337500e+14,1.778046666818701800e+16,8.477978849082737600e+16,1.999192772598237120e+17
9.653199462890629547e+02,3.592086543444389120e+17,3.009976320009389440e+17,2.968623943762328320e+17,1.198905815947383594e+14,9.628440757070950000e+14,1.741369675885229000e+16,8.302634122699160000e+16,2.011493746173961280e+17
9.655599365234379547e+02,3.584537814072856320e+17,3.007751640045932160e+17,2.969992518669287040e+17,1.193395043214288906e+14,9.581344346835273750e+14,1.732314546039524400e+16,8.259260175002224000e+16,2.014553057491837760e+17
9.655599365234379547e+02,3.578592299805157120e+17,3.007751640045932160e+17,2.969992518669287040e+17,1.193395043214288906e+14,9.581344346835273750e+14,1.732314546039524400e+16,8.259260175002224000e+16,2.014553057491837760e+17
9.662700195312500000e+02,3.592301101068280960e+17,3.001240272126918400e+17,2.974047702146814720e+17,1.177227125576999844e+14,9.443168808496067500e+14,1.705748960903978200e+16,8.131919732995177600e+16,2.023552912011001600e+17
9.667500000000000000e+02,3.603215864758872320e+17,2.996967400621881600e+17,2.976794565465248640e+17,1.166551277653591406e+14,9.351924943945717500e+14,1.688207996269792000e+16,8.047676490537592000e+16,2.029538257814250560e+17
9.675891864483170366e+02,3.598050563663304320e+17,2.989636008651868160e+17,2.981600570841994240e+17,1.148162342113237344e+14,9.194751420891566250e+14,1.657993983753615800e+16,7.902392303899462400e+16,2.039894296421714880e+17
9.676999511718750000e+02,3.559452468865141760e+17,2.988696424662703360e+17,2.982235033856300800e+17,1.145791497497154531e+14,9.174485346609510000e+14,1.654098404776052400e+16,7.883624783639963200e+16,2.041238796700360640e+17
9.680815429687500000e+02,3.546902888785187840e+17,2.985459495690883840e+17,2.984420800893882880e+17,1.137623781024779375e+14,9.104667380631876250e+14,1.640677877606687600e+16,7.818969435360574400e+16,2.045870689064167360e+17
9.688900146484379547e+02,3.534838865502482560e+17,2.978762330386598400e+17,2.989045244866227840e+17,1.120648077007163125e+14,8.959541412387362500e+14,1.612782290399739000e+16,7.684375544770310400e+16,2.055549919406058880e+17
9.691300048828129547e+02,3.529790058628274560e+17,2.976803004938750080e+17,2.990416825279844480e+17,1.115667630959332031e+14,8.916960295154633750e+14,1.604597642690623200e+16,7.644848425822646400e+16,2.058399194886852160e+17
9.695999755859379547e+02,3.517385532408341120e+17,2.973031014548090880e+17,2.993096978789423360e+17,1.106050258405367500e+14,8.834725944491828750e+14,1.588791197471883400e+16,7.568430194228387200e+16,2.063922009581359360e+17
9.700799560546879547e+02,3.507062063390961920e+17,2.969257344559569920e+17,2.995827190694065280e+17,1.096392527238168906e+14,8.752135335771332500e+14,1.572916364322257800e+16,7.491580327795643200e+16,2.069493536703958720e+17
9.705500488281250000e+02,3.522813493478142720e+17,2.965608588072115200e+17,2.998494400573370240e+17,1.087034761637795469e+14,8.672101667730251250e+14,1.557532880846137800e+16,7.417048931649460800e+16,2.074906785038232000e+17
9.708092382812500318e+02,3.549069052568200320e+17,2.963644882850516480e+17,2.999958101543368960e+17,1.081978204193349688e+14,8.628846174698725000e+14,1.549218501469093600e+16,7.376704680258616000e+16,2.077847097384837440e+17
9.719799804687500000e+02,3.556193805446542720e+17,2.954935453624510080e+17,3.006536941647236480e+17,1.059490730129365938e+14,8.436446539826880000e+14,1.512235270166232600e+16,7.197042637923346400e+16,2.090972030815873920e+17
9.719799804687500000e+02,3.512048125516327680e+17,2.954935453624510080e+17,3.006536941647236480e+17,1.059490730129365938e+14,8.436446539826880000e+14,1.512235270166232600e+16,7.197042637923346400e+16,2.090972030815873920e+17
9.724599609375000000e+02,3.482126543983703040e+17,2.951447476245319040e+17,3.009216059585024000e+17,1.050454262799607344e+14,8.359113278001405000e+14,1.497369594363794800e+16,7.124718546177984800e+16,2.096271356581899520e+17
9.729300537109379547e+02,3.465853109499987840e+17,2.948132071490673280e+17,3.011812803099297920e+17,1.041831591679302500e+14,8.285295688853051250e+14,1.483178693396489200e+16,7.055545491930457600e+16,2.101357634545206720e+17
9.734100341796879547e+02,3.469980586705603200e+17,2.944752901137439360e+17,3.014462107117633280e+17,1.033041469383972969e+14,8.210042815130283750e+14,1.468711784195348200e+16,6.985019146223813600e+16,2.106544349447169920e+17
9.741199951171879547e+02,3.471562676420487680e+17,2.939914970004167040e+17,3.018325523378684800e+17,1.020413386593369219e+14,8.101885624169617500e+14,1.447916929817830600e+16,6.883431466225000000e+16,2.114040419405120320e+17
9.748399658203129547e+02,3.471666774760949760e+17,2.935110242889875200e+17,3.022199866270127360e+17,1.007851803756476719e+14,7.994263630821105000e+14,1.427223109143819400e+16,6.782200605041846400e+16,2.121523471441952000e+17
9.752087451171879593e+02,3.481051269738679680e+17,2.932679447334730240e+17,3.024171369913761920e+17,1.001490534886190781e+14,7.939752688851775000e+14,1.416741044240702400e+16,6.730882445474104800e+16,2.125320984974809920e+17
9.757900390625000000e+02,3.466706790445876480e+17,2.928932006777857280e+17,3.027234766775491840e+17,9.916740829403743750e+13,7.855601062156723750e+14,1.400557373800329600e+16,6.651534283502954400e+16,2.131201285264374080e+17
9.760300292968750000e+02,3.461427573337744640e+17,2.927399970534346240e+17,3.028491563445780480e+17,9.876591398181062500e+13,7.821176951255413750e+14,1.393936729340928400e+16,6.619052134362704800e+16,2.133610030553760960e+17
9.762700195312500000e+02,3.435865788976706560e+17,2.925867934290835200e+17,3.029748360116069760e+17,9.836441966958381250e+13,7.786752840354102500e+14,1.387316084881527200e+16,6.586569985222455200e+16,2.136018775843148160e+17
9.769799804687500000e+02,3.410739916362311040e+17,2.921450420265144960e+17,3.033393420905878400e+17,9.720659824045662500e+13,7.687430880350993750e+14,1.368210774919237200e+16,6.492673201155851200e+16,2.142989471714629120e+17
9.773122746394229807e+02,3.399422656027845760e+17,2.919393194441217280e+17,3.035092882261503360e+17,9.666739036106439062e+13,7.641171073736828750e+14,1.359312069958109000e+16,6.448923711078276800e+16,2.146238051629526720e+17
9.779399414062500000e+02,3.391804940490558080e+17,2.915606126817149440e+17,3.038227587358506240e+17,9.567586257423014062e+13,7.556056662273750000e+14,1.342935965544440200e+16,6.368267990637515200e+16,2.152229546451289280e+17
9.782715782752410405e+02,3.405789545886974080e+17,2.913612014421765120e+17,3.039878635463160320e+17,9.515384191450321875e+13,7.511242039729535000e+14,1.334313357478090400e+16,6.325789589811002400e+16,2.155385221925446720e+17
9.788900146484379547e+02,3.415989932929564160e+17,2.909975985275495680e+17,3.042882214374346880e+17,9.420410592244306250e+13,7.429662387457377500e+14,1.318613829416996000e+16,6.248322211849168800e+16,2.161138075683726400e+17
9.795999755859379547e+02,3.428670483180695040e+17,2.905855229115469440e+17,3.046276004832745600e+17,9.312969286026504688e+13,7.337340830038095000e+14,1.300844878639486200e+16,6.160559941403490400e+16,2.167652092683616000e+17
9.795999755859379547e+02,3.396366306092086400e+17,2.905855229115469440e+17,3.046276004832745600e+17,9.312969286026504688e+13,7.337340830038095000e+14,1.300844878639486200e+16,6.160559941403490400e+16,2.167652092683616000e+17
9.800799560546879547e+02,3.418228526670481280e+17,2.903119274990929280e+17,3.048516127387934720e+17,9.241851152202728125e+13,7.276198873105136250e+14,1.289074816726654000e+16,6.102346897659395200e+16,2.171968472157417280e+17
9.810300292968750000e+02,3.372033502804382080e+17,2.897790951485022720e+17,3.052837075536684160e+17,9.103909270998668750e+13,7.157544305876260000e+14,1.266228996749018200e+16,5.989209555995960000e+16,2.180343172195003200e+17
9.814546274038459615e+02,3.348205377125776000e+17,2.895436553955671680e+17,3.054731114090477440e+17,9.043154531789546875e+13,7.105264069711462500e+14,1.256161508267915600e+16,5.939307150786408800e+16,2.184031852913870400e+17
9.816540039062499545e+02,3.384025905430005120e+17,2.894351246207096320e+17,3.055589069894698880e+17,9.015332375956171875e+13,7.081306143033142500e+14,1.251546815412605600e+16,5.916397208359368000e+16,2.185720086560414080e+17
9.819899902343750000e+02,3.381615783495111040e+17,2.892522301667831040e+17,3.057034884305516160e+17,8.968446891125885938e+13,7.040932599927111250e+14,1.243770203378662000e+16,5.877789712787896800e+16,2.188565072890698240e+17
9.828343457031249955e+02,3.366651226132919040e+17,2.887974495550462720e+17,3.060577741804125440e+17,8.852459148465656250e+13,6.941009158001512500e+14,1.224520087277197400e+16,5.782129591291628000e+16,2.195596063622979200e+17
9.833738919771640212e+02,3.372987190793411840e+17,2.885095644945559680e+17,3.062790769156074880e+17,8.779375244302264062e+13,6.878021537790216250e+14,1.212383777213225600e+16,5.721768023842417600e+16,2.200022250468877120e+17
9.836600341796879547e+02,3.347560819563975680e+17,2.883594861730715520e+17,3.063905409734171520e+17,8.741702573255517188e+13,6.845525153075540000e+14,1.206120453277884200e+16,5.690563156908699200e+16,2.202296691429486400e+17
9.841300048828129547e+02,3.328683607165130880e+17,2.881131640242241280e+17,3.065732227860253440e+17,8.679899542995282812e+13,6.792212047256018750e+14,1.195844797391367800e+16,5.639364585609681600e+16,2.206027486889755840e+17
9.846099853515629547e+02,3.313104988672792960e+17,2.878634256160386560e+17,3.067546761489836160e+17,8.617638216759814062e+13,6.738480443704051250e+14,1.185486832909760000e+16,5.587714383688459200e+16,2.209777786284186560e+17
9.853299560546879547e+02,3.318603682788861440e+17,2.874919289198301440e+17,3.070181539511697920e+17,8.525704770393226562e+13,6.659101854235172500e+14,1.170182003657616000e+16,5.511325017704596800e+16,2.215301315543575680e+17
9.855699462890629547e+02,3.326575730668247680e+17,2.873693625337438080e+17,3.071015322530460800e+17,8.495741065402282812e+13,6.633210988941708750e+14,1.165188679758473200e+16,5.486369929293997600e+16,2.217092937025631680e+17
9.862800292968750000e+02,3.328178606689168640e+17,2.870078274957794560e+17,3.073443166491156480e+17,8.407683761343100000e+13,6.557105707616192500e+14,1.150509760021763200e+16,5.412980050276024800e+16,2.222350362291683840e+17
9.865296191406249591e+02,3.316544280754748800e+17,2.868815567432552960e+17,3.074259893053847680e+17,8.377245877457985938e+13,6.530784154237012500e+14,1.145431893127718400e+16,5.387568256366110400e+16,2.224159335703940480e+17
9.870000000000000000e+02,3.260179762376124800e+17,2.866446880693596800e+17,3.075748991136538880e+17,8.320584746642435938e+13,6.481764841598481250e+14,1.135973779182997000e+16,5.340202374552396800e+16,2.227515245843210560e+17
9.874699707031250000e+02,3.259929475406865280e+17,2.864083941546466240e+17,3.077214163822110720e+17,8.264264270805003125e+13,6.433031427774560000e+14,1.126570212133686000e+16,5.293096228270974400e+16,2.230845180068606720e+17
9.879499511718750000e+02,3.270150945692982400e+17,2.861687710601057280e+17,3.078605858286622080e+17,8.208091714133362500e+13,6.384385024648070000e+14,1.117180568891609000e+16,5.245997376160413600e+16,2.234139397343104640e+17
9.881253286508419933e+02,3.256787624185863680e+17,2.860812164678693440e+17,3.079114362033272320e+17,8.187567126118650000e+13,6.366610377351786250e+14,1.113749737706991400e+16,5.228788180196876000e+16,2.235343053654944960e+17
9.889100341796879547e+02,3.263845741884812160e+17,2.856910975815945600e+17,3.081243062679764480e+17,8.097468183620743750e+13,6.288528872653933750e+14,1.098674827615811400e+16,5.153093102098440000e+16,2.240585299749745280e+17
9.896199951171879547e+02,3.264473322221136640e+17,2.853393186965211200e+17,3.083034831693550720e+17,8.017477444638062500e+13,6.219158670852326250e+14,1.085278431608705200e+16,5.085757392003392800e+16,2.245199432751411200e+17
9.900999755859379547e+02,3.224276814240032000e+17,2.851021071542998720e+17,3.084152452153857920e+17,7.964422391958687500e+13,6.173114548819331250e+14,1.076384367666837800e+16,5.041006243768905600e+16,2.248230584032248320e+17
9.905799560546879547e+02,3.196648488219403520e+17,2.848650393100582080e+17,3.085210663666712320e+17,7.911966968986770312e+13,6.127570957310938750e+14,1.067585652671472600e+16,4.996708668975530400e+16,2.251207713095788800e+17
9.912400207519530113e+02,3.185653942056300800e+17,2.845393146776576320e+17,3.086546478054850560e+17,7.841036177184765625e+13,6.065946035598650000e+14,1.055677418812103600e+16,4.936702861290564800e+16,2.255193233941390720e+17
9.915300292968750000e+02,3.175068544212474880e+17,2.843961427086028480e+17,3.087087339352771200e+17,7.810301902389104688e+13,6.039229376276460000e+14,1.050513798739617400e+16,4.910664881205488800e+16,2.256903825320215680e+17
9.920100097656250000e+02,3.200049766237454720e+17,2.841590852087175360e+17,3.087906325647806720e+17,7.760146483386421875e+13,5.995605813515393750e+14,1.042080906263186800e+16,4.868110478193245600e+16,2.259667952984436160e+17
9.922500000000000000e+02,3.168779575423996160e+17,2.840405564587749120e+17,3.088315818795324800e+17,7.735068773885079688e+13,5.973794032134861250e+14,1.037864460024971600e+16,4.846833276687124800e+16,2.261050016816546560e+17
9.922595996093749591e+02,3.192954255043856640e+17,2.840358153087772160e+17,3.088332198521224960e+17,7.734065665505029688e+13,5.972921560879643750e+14,1.037695802175443600e+16,4.845982188626883200e+16,2.261105299369830720e+17
9.934499511718750000e+02,3.182599389296085120e+17,2.834460933519689920e+17,3.089989348623629440e+17,7.612904400808632812e+13,5.867427373572232500e+14,1.017295435686717000e+16,4.742902396019284800e+16,2.267642112693115200e+17
9.936800537109379547e+02,3.139332975385229440e+17,2.833314814604360960e+17,3.090227084502900480e+17,7.590152114848182812e+13,5.847593410116205000e+14,1.013458462021863200e+16,4.723487304461709600e+16,2.268837151196342080e+17
9.944000244140629547e+02,3.139685045128796160e+17,2.829728146531847680e+17,3.090965591836663680e+17,7.519002160059715625e+13,5.785568061740946250e+14,1.001459277530647200e+16,4.662769820410615200e+16,2.272572017396945280e+17
9.951199951171879547e+02,3.141591039371441920e+17,2.826115120130755840e+17,3.091453438219604480e+17,7.449725165448682812e+13,5.725107739173841250e+14,9.897586988209824000e+15,4.603488494049591200e+16,2.276105101756294400e+17
9.955999755859379547e+02,3.160983270214071680e+17,2.823696113431356160e+17,3.091699506202846080e+17,7.404091018332032812e+13,5.685261090959821250e+14,9.820461767224510000e+15,4.564391363243303200e+16,2.278398420029030720e+17
9.958399658203129547e+02,3.148628050963598720e+17,2.822480248499398720e+17,3.091773753092147200e+17,7.381613220687100000e+13,5.665621402845750000e+14,9.782440649478004000e+15,4.545103951638848000e+16,2.279506825420387200e+17
9.965500488281250000e+02,3.128380411985760640e+17,2.818873106727928000e+17,3.091930576377336320e+17,7.315513223427570312e+13,5.607852210547338750e+14,9.670594665441086000e+15,4.488351149672712000e+16,2.282738300605574080e+17
9.970300292968750000e+02,3.095024708279541120e+17,2.816413341846222080e+17,3.091896286572627200e+17,7.271742004573054688e+13,5.569563569258075625e+14,9.596445110766086000e+15,4.450691674285495200e+16,2.284815318078653440e+17
9.972700195312500000e+02,3.067088338916167680e+17,2.815183459405368960e+17,3.091879141670272640e+17,7.249856395145798438e+13,5.550419248613443750e+14,9.559370333428586000e+15,4.431861936591886400e+16,2.285853826815192960e+17
9.979899902343750000e+02,3.095751130690243840e+17,2.811452323552641920e+17,3.091589716510567040e+17,7.185637973040756250e+13,5.494190363280260625e+14,9.450447959107878000e+15,4.376489117992848800e+16,2.288791587644695360e+17
9.984699707031250000e+02,3.093445955146696960e+17,2.808952971185246400e+17,3.091332123339826560e+17,7.143202568658870312e+13,5.457020052062518750e+14,9.378436689296638000e+15,4.339867085108846400e+16,2.290702382001918400e+17
9.989399414062500000e+02,3.093549261308887680e+17,2.806475375494688960e+17,3.090922925196830720e+17,7.102537988637862500e+13,5.421367051334924375e+14,9.309347181210036000e+15,4.304699389942223200e+16,2.292458677162847040e+17
9.996600341796879547e+02,3.082946450529479680e+17,2.802654918169197760e+17,3.090180885788841600e+17,7.040838241289264062e+13,5.367248105670963125e+14,9.204462228696666000e+15,4.251290468062184000e+16,2.295067424010976960e+17
9.996600341796879547e+02,3.057406099077847040e+17,2.802654918169197760e+17,3.090180885788841600e+17,7.040838241289264062e+13,5.367248105670963125e+14,9.204462228696666000e+15,4.251290468062184000e+16,2.295067424010976960e+17
1.000380004882809999e+03,3.013802971437006720e+17,2.798795851471497280e+17,3.089252825240219520e+17,6.980130688475010156e+13,5.313961560209940625e+14,9.101171636709958000e+15,4.198659524774176800e+16,2.297542645922477120e+17
1.001099975585940001e+03,2.995894639699003520e+17,2.794866927295716480e+17,3.088016791033376640e+17,6.920942450839880469e+13,5.261950346354866875e+14,9.000325895440011000e+15,4.147224380152742400e+16,2.299802122522684160e+17
1.001607647235579975e+03,2.972826068897047680e+17,2.792072374403478080e+17,3.087045059185092480e+17,6.879670253507885156e+13,5.225664945786062500e+14,8.929963571344229000e+15,4.111322336440825600e+16,2.301326500906045440e+17
1.002059936523440001e+03,2.990726590686905600e+17,2.789555524300620800e+17,3.086066828776556160e+17,6.843420074293960938e+13,5.193774613259518750e+14,8.868115136036289000e+15,4.079747932683552000e+16,2.302607285753752000e+17
1.002770019531250000e+03,2.984275601662974080e+17,2.785559478772439680e+17,3.084355706364679680e+17,6.787266826881005469e+13,5.144345944176673125e+14,8.772241148500884000e+15,4.030780282185804800e+16,2.304499844442879680e+17
1.002770019531250000e+03,2.985297249942778240e+17,2.785559478772439680e+17,3.084355706364679680e+17,6.787266826881005469e+13,5.144345944176673125e+14,8.772241148500884000e+15,4.030780282185804800e+16,2.304499844442879680e+17
1.003489990234380002e+03,2.959459471684515200e+17,2.781456467932812800e+17,3.082421590787782400e+17,6.731180210375892969e+13,5.094943252886720000e+14,8.676404895890199000e+15,3.981806555718365600e+16,2.306285019001697600e+17
1.003729980468750000e+03,2.961360099947557760e+17,2.780063223751116160e+17,3.081681044129706240e+17,6.712873509066452344e+13,5.078803342771773125e+14,8.645089814246244000e+15,3.965792981455897600e+16,2.306816579251726720e+17
1.004449951171880002e+03,2.931681510737011840e+17,2.775874830751643520e+17,3.079428243093815040e+17,6.658072025116595312e+13,5.030483721931012500e+14,8.551337420289870000e+15,3.917847692009688800e+16,2.308390963877330880e+17
1.004948514498199984e+03,2.924470320877720960e+17,2.772913998128452480e+17,3.077650668506002560e+17,6.620951428871080469e+13,4.997722431438656250e+14,8.487762473323896000e+15,3.885312969328388800e+16,2.309339485369357440e+17
1.005170043945309999e+03,2.894189526952099840e+17,2.771598394714855360e+17,3.076860828790872320e+17,6.604457425544840625e+13,4.983165422958003750e+14,8.459513859541217000e+15,3.870856632997624800e+16,2.309760947259167040e+17
1.005890014648440001e+03,2.899713836611552640e+17,2.767251158423883200e+17,3.074045538279614080e+17,6.551739409433400000e+13,4.936605409715702500e+14,8.369153276477530000e+15,3.824591951932989600e+16,2.310971593090637760e+17
1.006609985351559999e+03,2.878103917394248000e+17,2.762839796956745920e+17,3.071011256311097600e+17,6.499779598476041406e+13,4.890686951386940625e+14,8.280031348322243000e+15,3.778943008066569600e+16,2.312043055302191040e+17
1.006839965820309999e+03,2.881040105023869120e+17,2.761407004503853440e+17,3.069962391384794880e+17,6.483449428943919531e+13,4.876245644160969375e+14,8.252000630621025000e+15,3.764579175846950400e+16,2.312335091807874880e+17
1.007540737304689969e+03,2.840003472568906880e+17,2.757016616707704000e+17,3.066686128673194880e+17,6.433943321312968750e+13,4.832456705535062500e+14,8.167004667861969000e+15,3.721019108793469600e+16,2.313175084088642560e+17
1.007800048828130002e+03,2.845802704653541760e+17,2.755360235867265920e+17,3.065369843263615360e+17,6.415952352011665625e+13,4.816531621391266875e+14,8.136091914800077000e+15,3.705169390200106400e+16,2.313421337860972800e+17
1.008520019531250000e+03,2.846533557903032000e+17,2.750739042951480000e+17,3.061644040205399680e+17,6.366212310395630469e+13,4.772495833090106875e+14,8.050612043709002000e+15,3.661337681394700800e+16,2.314061480348157120e+17
1.009163193359379989e+03,2.840216339649797440e+17,2.746524478564825920e+17,3.058040224535951360e+17,6.322595731177784375e+13,4.733852711401023125e+14,7.975598490698082000e+15,3.622856861487689600e+16,2.314464722268275840e+17
1.009719970703130002e+03,2.825883578665146880e+17,2.742818260543186560e+17,3.054740061933370240e+17,6.285342372434580469e+13,4.700830286799140000e+14,7.911496292724493000e+15,3.589964672788482400e+16,2.314704883686832640e+17
1.009719970703130002e+03,2.834109411607549120e+17,2.742818260543186560e+17,3.054740061933370240e+17,6.285342372434580469e+13,4.700830286799140000e+14,7.911496292724493000e+15,3.589964672788482400e+16,2.314704883686832640e+17
1.010439941406250000e+03,2.803140524212728640e+17,2.737966388748424320e+17,3.050287893931012480e+17,6.237681222491403906e+13,4.658564856705037500e+14,7.829452635548941000e+15,3.547857584396459200e+16,2.314904191475475200e+17
1.010680053710940001e+03,2.814990690340597760e+17,2.736308436140988800e+17,3.048681085786791040e+17,6.222107151554937500e+13,4.644743552031910000e+14,7.802624769115306000e+15,3.534083925314065600e+16,2.314898025667122240e+17
1.011400024414059999e+03,2.785163936920378880e+17,2.731334302213126720e+17,3.043854670409191040e+17,6.175429622779067188e+13,4.603318650235786250e+14,7.722217060505260000e+15,3.492801644276914000e+16,2.314874577873049920e+17
1.011640014648440001e+03,2.807704315617588800e+17,2.729632433148096640e+17,3.042113965124581760e+17,6.160197494082837500e+13,4.589790544728495000e+14,7.695960957090850000e+15,3.479317276736273600e+16,2.314789265332080960e+17
1.012359985351559999e+03,2.779382594202540160e+17,2.724526825953147520e+17,3.036891849270897920e+17,6.114501107995417188e+13,4.549206228207748125e+14,7.617192646849810000e+15,3.438864174115476800e+16,2.314533327709180800e+17
1.012858426607569982e+03,2.764917835489078080e+17,2.720900738550425280e+17,3.033005530073528960e+17,6.083498574362221094e+13,4.521653615182773125e+14,7.563724473210586000e+15,3.411397973498071600e+16,2.314198947977168320e+17
1.013559936523440001e+03,2.748844388419014720e+17,2.715755656389372480e+17,3.027413700148148480e+17,6.040137413775136719e+13,4.483110173959946875e+14,7.488931830119450000e+15,3.372975334603595600e+16,2.313658197971515840e+17
1.014040039062500000e+03,2.743046755540297920e+17,2.712162544533532160e+17,3.023376523501066880e+17,6.010925083665560938e+13,4.457130966381401875e+14,7.438527234928161000e+15,3.347077801093239600e+16,2.313167701208568640e+17
1.014520019531250000e+03,2.740379837743597760e+17,2.708542578314804800e+17,3.019260157441251200e+17,5.981887019159975781e+13,4.431302606249428750e+14,7.388418732788722000e+15,3.321331573826244400e+16,2.312631934610513600e+17
1.015000000000000000e+03,2.744908903801672000e+17,2.704851678186456960e+17,3.014938877845818240e+17,5.953275146805700000e+13,4.405842715943883750e+14,7.339033869480157000e+15,3.295955041441784800e+16,2.311980206497164800e+17
1.015479980468750000e+03,2.723917108126870720e+17,2.701140685549283200e+17,3.010560169905308160e+17,5.924776025851767188e+13,4.380480642246817500e+14,7.289841600485065000e+15,3.270677241876356800e+16,2.311296361469823680e+17
1.015959960937500000e+03,2.714090866829788160e+17,2.697348263712106240e+17,3.005948721283306880e+17,5.896733854122467969e+13,4.355514991328225000e+14,7.241429861238991000e+15,3.245799578229109200e+16,2.310482355762419840e+17
1.016199951171880002e+03,2.697811422692294080e+17,2.695452052793478400e+17,3.003642996972257920e+17,5.882712768257525781e+13,4.343032165868669375e+14,7.217223991615450000e+15,3.233360746405226400e+16,2.310075352908709440e+17
1.016920043945309999e+03,2.702720644516624960e+17,2.689646277246765760e+17,2.996395689915658880e+17,5.841252328429843750e+13,4.306108438326025625e+14,7.145642577500013000e+15,3.196577321107192800e+16,2.308672272006894080e+17
1.017400024414059999e+03,2.694363113397726720e+17,2.685746290233825600e+17,2.991479745794140160e+17,5.813773780799020312e+13,4.281633604785213125e+14,7.098199901917684000e+15,3.172198237676317600e+16,2.307689984844143680e+17
1.017880004882809999e+03,2.688660991815323840e+17,2.681742855856544960e+17,2.986273287652150400e+17,5.786804162255091406e+13,4.257603636933894375e+14,7.051637965088306000e+15,3.148273856191180400e+16,2.306548881138888640e+17
1.018599975585940001e+03,2.683612230349563840e+17,2.675688772712440640e+17,2.978327167821331840e+17,5.746575643059462500e+13,4.221756974930941250e+14,6.982188788945181000e+15,3.112591290051375600e+16,2.304763453808806080e+17
1.019347637469949973e+03,2.681748318388116800e+17,2.669282486199170880e+17,2.969742641243144960e+17,5.705350909951074219e+13,4.185015264031001250e+14,6.911028875570235000e+15,3.076033929639838000e+16,2.302729411921021760e+17
1.019559997558600003e+03,2.647793173024584000e+17,2.667422213927680000e+17,2.967191637369252480e+17,5.693818248194289844e+13,4.174735029175512500e+14,6.891127073525450000e+15,3.065811624471534400e+16,2.302091375776845120e+17
1.020049269456129991e+03,2.629087843199772160e+17,2.663116195268485440e+17,2.961258770580316160e+17,5.667334085210173438e+13,4.151126149736348750e+14,6.845426235973514000e+15,3.042338951238470000e+16,2.300591708156033600e+17
1.020520019531250000e+03,2.629283694253034880e+17,2.658941178652975040e+17,2.955462286127267840e+17,5.641983158240746875e+13,4.128526728199542500e+14,6.801686678018842000e+15,3.019875554983022400e+16,2.299102111105616960e+17
1.021046151968149957e+03,2.608397943216028160e+17,2.654186049510961600e+17,2.948738752316948480e+17,5.614012813605054688e+13,4.103590105412838125e+14,6.753443809638707000e+15,2.995104785066437200e+16,2.297307502062167680e+17
1.021479980468750000e+03,2.616265957139885120e+17,2.650242227624380480e+17,2.943131888905158400e+17,5.591037709027623438e+13,4.083106801326379375e+14,6.713821931511973000e+15,2.974762196313030400e+16,2.295794775668484160e+17
1.021719970703130002e+03,2.589826472341890880e+17,2.648015302267214080e+17,2.939906113704757120e+17,5.578502035046043750e+13,4.071930451269870000e+14,6.692213882192176000e+15,2.963671501447354000e+16,2.294892910703615680e+17
1.022403019831730035e+03,2.600758770832627200e+17,2.641672704788431680e+17,2.930712967270877440e+17,5.542839627216679688e+13,4.040135199404463750e+14,6.630742940457463000e+15,2.932120872954690000e+16,2.292319789221777280e+17
1.023160034179690001e+03,2.591078783499308800e+17,2.634462430025495360e+17,2.920030057990183680e+17,5.503971351156928125e+13,4.005483811556456250e+14,6.563796247294781000e+15,2.897774744841337600e+16,2.289211578374417280e+17
1.023640014648440001e+03,2.579206907954402880e+17,2.629827253145062720e+17,2.913083517947599360e+17,5.479544711262232031e+13,3.983709046651503125e+14,6.521744352205797000e+15,2.876206483368780000e+16,2.287151887608710720e+17
1.023880004882809999e+03,2.562366237049482560e+17,2.627481639400904640e+17,2.909533903243121280e+17,5.467427342509577344e+13,3.972907992941666250e+14,6.500892726835053000e+15,2.865514395079262400e+16,2.286082813277627520e+17
1.024359985351559999e+03,2.559594303817053760e+17,2.622790411912490240e+17,2.902434673834017920e+17,5.443192605003764062e+13,3.951305885521543125e+14,6.459189476092697000e+15,2.844130218499781600e+16,2.283944664615416960e+17
1.024839965820309999e+03,2.573798446603217920e+17,2.617984221405371520e+17,2.895023091811542400e+17,5.419329813473698438e+13,3.930040385896939375e+14,6.418168518718990000e+15,2.823107715835735600e+16,2.281647532359917120e+17
1.025569946289059999e+03,2.565816065916276800e+17,2.610617763636383680e+17,2.883596714081466240e+17,5.383213911520434375e+13,3.897858684784646250e+14,6.356107044626276000e+15,2.791308625089252400e+16,2.278075922469471680e+17
1.025848354492190083e+03,2.542412921711585920e+17,2.607755065027795200e+17,2.879094563057361600e+17,5.369602408184628125e+13,3.885733098678912500e+14,6.332738994859826000e+15,2.779341272209598000e+16,2.276641006792837120e+17
1.026530029296880002e+03,2.522567709053140800e+17,2.600708278130874240e+17,2.867969529508713280e+17,5.336383794128573438e+13,3.856143636845339375e+14,6.275726695533485000e+15,2.750148402939316400e+16,2.273076858714858880e+17
1.027010009765630002e+03,2.524915072016670080e+17,2.595648681464711360e+17,2.859871392425325120e+17,5.313277296115601562e+13,3.835568853792145000e+14,6.236113954586878000e+15,2.729876738617563600e+16,2.270434942528153600e+17
1.027369995117190001e+03,2.508844317380700800e+17,2.591853983965115840e+17,2.853797789612826240e+17,5.295947422605992188e+13,3.820137766502356875e+14,6.206404398877130000e+15,2.714672990376354800e+16,2.268453505388138560e+17
1.027758779296879993e+03,2.489897662188614080e+17,2.587657939980868480e+17,2.846973951945527680e+17,5.277499513392586719e+13,3.803719860952170000e+14,6.174826317473756000e+15,2.698525643839273200e+16,2.266182598541532480e+17
1.028449951171880002e+03,2.497429930368886720e+17,2.580174186354424960e+17,2.834777508215435520e+17,5.244766993850894531e+13,3.774591622955281875e+14,6.118809263807776000e+15,2.669884771555860400e+16,2.262113338367671360e+17
1.028930053710940001e+03,2.501898777871169920e+17,2.574860991082476800e+17,2.825995400147882560e+17,5.222329122315280469e+13,3.754636343708379375e+14,6.080471252463515000e+15,2.650298740157906400e+16,2.259134382690504960e+17
1.029410034179690001e+03,2.494264047756246080e+17,2.569542481248959360e+17,2.817197526012615040e+17,5.199913416025680469e+13,3.734701558905388125e+14,6.042174919625192000e+15,2.630734965297393200e+16,2.256147417003886720e+17
1.029900024414059999e+03,2.486139627354432640e+17,2.563989471783977920e+17,2.807882457512237760e+17,5.177335429224172656e+13,3.714636957191926875e+14,6.003671961574223000e+15,2.611083522398014800e+16,2.252935602801029440e+17
1.030600795898440083e+03,2.486519665971460800e+17,2.555989871872946560e+17,2.794404157363944000e+17,5.145180569864620312e+13,3.686069147652185625e+14,5.948872466097957000e+15,2.583123312972790400e+16,2.248266707515612480e+17
1.031238431490379980e+03,2.484308996565789760e+17,2.548592753123122880e+17,2.781820946459803520e+17,5.116199958259219531e+13,3.660337016238454375e+14,5.899554933353683000e+15,2.557978209112675600e+16,2.243864200865342720e+17
1.031579956054690001e+03,2.473230465759442880e+17,2.544578225564437120e+17,2.774939352076553920e+17,5.100794711182341406e+13,3.646666139774278125e+14,5.873373112066586000e+15,2.544637470619712800e+16,2.241438141292291840e+17
1.031819946289059999e+03,2.461015000823619840e+17,2.541729448914994240e+17,2.770028690315938240e+17,5.090031246745171875e+13,3.637118490326253125e+14,5.855098245511813000e+15,2.535330113196536400e+16,2.239697409384619840e+17
1.032475426307089947e+03,2.446755422914667840e+17,2.533924155194418880e+17,2.756550156530231360e+17,5.060685119873984375e+13,3.611091080207470000e+14,5.805289309392448000e+15,2.509966575035955600e+16,2.234911507530906880e+17
1.032780029296880002e+03,2.442405588150019840e+17,2.530225907615090560e+17,2.750094593988088960e+17,5.047198549581709375e+13,3.599140883869770625e+14,5.782447261305363000e+15,2.498346852603037600e+16,2.232596094854671360e+17
1.033510009765630002e+03,2.452038180138080640e+17,2.521329079499933120e+17,2.734532021620030720e+17,5.014946501107097656e+13,3.570568725942525000e+14,5.727846736760311000e+15,2.470577500127456800e+16,2.227003828862631040e+17
1.033750000000000000e+03,2.451769165291690880e+17,2.518350072535387520e+17,2.729269549273953600e+17,5.004452190385453906e+13,3.561281001446973750e+14,5.710119475202700000e+15,2.461570928937577600e+16,2.225096286256411200e+17
1.034340745192309896e+03,2.431723024730896000e+17,2.511017132314787520e+17,2.716315771190984000e+17,4.978620040916158594e+13,3.538418910380440000e+14,5.666483139059816000e+15,2.439400907546560800e+16,2.220400796764063040e+17
1.034931490384620020e+03,2.435021970308344000e+17,2.503535240194832000e+17,2.702959287525201600e+17,4.953073641369667969e+13,3.515836906472599375e+14,5.623441664451272000e+15,2.417559809625802400e+16,2.215516361387179200e+17
1.035430053710940001e+03,2.414109500651621760e+17,2.497198367903817280e+17,2.691626196726524160e+17,4.931555590630793750e+13,3.496820078529608750e+14,5.587204726293979000e+15,2.399175757060857200e+16,2.211365686268845440e+17
1.035727736253000103e+03,2.412898958091799040e+17,2.493340823478345600e+17,2.684659446976360640e+17,4.918842642190882031e+13,3.485599290036790625e+14,5.565854090806046000e+15,2.388357698363961600e+16,2.208794184107606080e+17
1.036160034179690001e+03,2.389742724478768000e+17,2.487738854193533120e+17,2.674542254843020800e+17,4.900380755865078906e+13,3.469304335123742500e+14,5.534848458460022000e+15,2.372647592177978800e+16,2.205059819824470080e+17
1.036160034179690001e+03,2.396863018393746880e+17,2.487738854193533120e+17,2.674542254843020800e+17,4.900380755865078906e+13,3.469304335123742500e+14,5.534848458460022000e+15,2.372647592177978800e+16,2.205059819824470080e+17
1.037313833383409929e+03,2.393789287708721920e+17,2.472533528920848320e+17,2.646852690388652800e+17,4.851547929771088281e+13,3.426255759389030000e+14,5.453045211214176000e+15,2.331247760398919600e+16,2.194774657240265600e+17
1.037599975585940001e+03,2.392255488748303040e+17,2.468688670076029440e+17,2.639785406314152000e+17,4.839561372732918750e+13,3.415705049957543125e+14,5.433028481867348000e+15,2.321132043550834800e+16,2.192131593688424320e+17
1.038319956054690010e+03,2.384484662701248000e+17,2.458965496398930240e+17,2.621870545631468160e+17,4.809482390267881250e+13,3.389239984952501250e+14,5.382840821893352000e+15,2.295778838072722000e+16,2.185420230282060800e+17
1.038685141601559963e+03,2.375929028625744000e+17,2.453951917386551360e+17,2.612562025879328320e+17,4.794355445520478125e+13,3.375949444881545625e+14,5.357673874379453000e+15,2.283082011463905200e+16,2.181914518069333440e+17
1.039290039062500000e+03,2.384822954321835200e+17,2.445618002163854400e+17,2.597063685628632320e+17,4.769345510491464062e+13,3.353982560038894375e+14,5.316090782721530000e+15,2.262109240423013600e+16,2.176071155158172800e+17
1.039770019531250000e+03,2.380199399385503040e+17,2.438900412582271680e+17,2.584481927723219840e+17,4.749658622333960938e+13,3.336716532984166250e+14,5.283454784757710000e+15,2.245671030438182000e+16,2.171305076710818240e+17
1.040134142645470092e+03,2.367563162155052160e+17,2.433784722699318400e+17,2.574884023292683840e+17,4.734753347707232812e+13,3.323648938995600000e+14,5.258763748822648000e+15,2.233238730829074400e+16,2.167665219380757120e+17
1.040739990234380002e+03,2.374662681225737920e+17,2.425176767427952000e+17,2.558653532095285120e+17,4.710091988759079688e+13,3.302052654297773125e+14,5.218003483115861000e+15,2.212736152064649200e+16,2.161490615043317120e+17
1.041219970703130002e+03,2.350279547165846080e+17,2.418303297415343680e+17,2.545648889979133120e+17,4.690631840502277344e+13,3.285024965853645625e+14,5.185891573365206000e+15,2.196595475161033600e+16,2.156532520326927360e+17
1.041921480618990017e+03,2.356756987571506880e+17,2.408112752458950400e+17,2.526249461398396480e+17,4.662389606656398438e+13,3.260351590206448125e+14,5.139431266257938000e+15,2.173274930044642800e+16,2.149108627494253760e+17
1.041939941406250000e+03,2.333084570700696640e+17,2.407843408956247040e+17,2.525735771974452480e+17,4.661648004944989844e+13,3.259704016906168750e+14,5.138212450985940000e+15,2.172663414296793600e+16,2.148911825601150400e+17
1.042910034179690001e+03,2.336281416002016960e+17,2.393548908366886400e+17,2.498359951549176000e+17,4.622863279416115625e+13,3.225876143060548750e+14,5.074614228339749000e+15,2.140786477402686000e+16,2.138398046278682560e+17
1.043390014648440001e+03,2.326380291228030720e+17,2.386415909973383360e+17,2.484651144374645440e+17,4.603752970870562500e+13,3.209225160953088750e+14,5.043339755779851000e+15,2.125124872486796400e+16,2.133122265043918720e+17
1.043630004882809999e+03,2.309013068328981120e+17,2.382786149955187520e+17,2.477625186899881920e+17,4.594277540772471875e+13,3.200987543980630000e+14,5.027899854241728000e+15,2.117407735223557600e+16,2.130407321091416000e+17
1.044359985351559999e+03,2.313570328947853760e+17,2.371745476044066560e+17,2.456254268436015360e+17,4.565456039252755469e+13,3.175931109852282500e+14,4.980936165940660000e+15,2.093934448939158800e+16,2.122149251490039360e+17
1.044599975585940001e+03,2.311057877028100800e+17,2.368058892537823360e+17,2.449074345738685760e+17,4.556049122731148438e+13,3.167770271092038750e+14,4.965669877727240000e+15,2.086317769560901200e+16,2.119365298175786880e+17
1.045099155273439919e+03,2.294060859705332800e+17,2.360377054534115840e+17,2.434102865838859520e+17,4.536499308244464062e+13,3.150814297376561875e+14,4.933957991363483000e+15,2.070499374934846800e+16,2.113557983485344320e+17
1.045661522498500062e+03,2.309886808774504320e+17,2.351650388416712960e+17,2.417040236413703360e+17,4.514558431019012500e+13,3.131807322642510625e+14,4.898449017476963000e+15,2.052804829611436000e+16,2.106927821728180160e+17
1.046290039062500000e+03,2.311566674638553920e+17,2.341813552546016000e+17,2.397744149846663360e+17,4.490133304537339062e+13,3.110674749594259375e+14,4.859014024245904000e+15,2.033174702943242400e+16,2.099416419026957440e+17
1.046668485201319982e+03,2.303038234530258240e+17,2.335817018458771840e+17,2.385926908157881600e+17,4.475507567576283594e+13,3.098044643906766875e+14,4.835485616858252000e+15,2.021481260175280400e+16,2.094804771280417600e+17
1.047277691180890088e+03,2.316382947618403840e+17,2.326124424840558080e+17,2.366796979056317120e+17,4.452007510622003125e+13,3.077764128751713750e+14,4.797727299869728000e+15,2.002725796342585200e+16,2.087333248952324480e+17
1.047739990234380002e+03,2.274238150910772800e+17,2.318678114563285760e+17,2.352034877395081280e+17,4.434270799568175000e+13,3.062488280316962500e+14,4.769337849979904000e+15,1.988647739029060800e+16,2.081553675168934400e+17
1.048219970703130002e+03,2.259390655938283840e+17,2.310918440758394240e+17,2.336631213483685120e+17,4.415885975894214062e+13,3.046663992355623125e+14,4.739945326213648000e+15,1.974079761853091200e+16,2.075518606178659840e+17
1.048459960937500000e+03,2.256832581088078080e+17,2.307019614186578880e+17,2.328878388805074240e+17,4.406712849492074219e+13,3.038775132762536875e+14,4.725303249087041000e+15,1.966827692309556800e+16,2.072478216228338880e+17
1.048939941406250000e+03,2.258709852454970880e+17,2.299138370993748800e+17,2.313148276129018560e+17,4.388451488656291406e+13,3.023099908413623750e+14,4.696257609065440000e+15,1.952464056693565200e+16,2.066296829593480960e+17
1.049670043945309999e+03,2.227337551440871680e+17,2.287078917446322560e+17,2.289030588976934080e+17,4.360743368216346875e+13,2.999341736946028125e+14,4.652276587289684000e+15,1.930734063040427200e+16,2.056808678402088640e+17
1.050150024414059999e+03,2.239281959945014080e+17,2.279077746049115840e+17,2.272979757139513920e+17,4.342598858230813281e+13,2.983810563323901250e+14,4.623568647182538000e+15,1.916570226353296800e+16,2.050483176633997120e+17
1.050630004882809999e+03,2.227027306981772160e+17,2.271016255065870400e+17,2.256768434681737280e+17,4.324510771255110156e+13,2.968350476122298750e+14,4.595028597652169000e+15,1.902506147767329600e+16,2.044085284860048640e+17
1.051359985351559999e+03,2.224566193217071680e+17,2.258667928318133760e+17,2.231879307735942080e+17,4.297083711115343750e+13,2.944941606844765000e+14,4.551868190215858000e+15,1.881262220055718800e+16,2.034249446678868160e+17
1.051839965820309999e+03,2.225861361300616000e+17,2.250438373909208000e+17,2.215222640901943040e+17,4.279148782074585938e+13,2.929677343756050625e+14,4.523792890105302000e+15,1.867475048885274400e+16,2.027649998046361600e+17
1.052272358398440019e+03,2.216936185818932800e+17,2.243019286600190400e+17,2.200202980603383680e+17,4.262996923155124219e+13,2.915932782302219375e+14,4.498516164778496000e+15,1.855063785045623600e+16,2.021698313924256960e+17
1.052329956054690001e+03,2.215305341581306880e+17,2.242031013299197440e+17,2.198202258864335360e+17,4.260845384796476562e+13,2.914101912472426875e+14,4.495149131646718500e+15,1.853410519600236800e+16,2.020905508789497280e+17
1.053003873384920098e+03,2.201776578865467200e+17,2.230320451968471360e+17,2.174406274202518720e+17,4.235798771370436719e+13,2.892847945726739375e+14,4.456156132611730500e+15,1.834307901338578400e+16,2.011452844083341440e+17
1.053616835937499900e+03,2.187722475972306880e+17,2.219603006318179840e+17,2.152590430459250240e+17,4.213072925016195312e+13,2.873590870855202500e+14,4.420869687805432500e+15,1.817041105239434000e+16,2.002776022006837120e+17
1.054020019531250000e+03,2.206160710781103680e+17,2.212494905506437120e+17,2.138088453065542720e+17,4.198173424514607031e+13,2.860990159604932500e+14,4.397818675094799500e+15,1.805779353118358000e+16,1.996998606790768640e+17
1.054500000000000000e+03,2.164718010627456960e+17,2.204006545130807360e+17,2.120756422636964800e+17,4.180457018054597656e+13,2.846018576992075000e+14,4.370448198359516500e+15,1.792415506622808200e+16,1.990089204725954240e+17
1.055229980468750000e+03,2.184764638352288320e+17,2.190969887614988160e+17,2.094069858264689600e+17,4.153614741880935156e+13,2.823390207087343750e+14,4.329165322189184500e+15,1.772298565292349000e+16,1.979428860216172160e+17
1.055709960937500000e+03,2.170473480413165120e+17,2.182325139579140480e+17,2.076337731878664320e+17,4.136021516759278906e+13,2.808591602614810938e+14,4.302217172907858500e+15,1.759190214308303000e+16,1.972332235788749440e+17
1.056199951171880002e+03,2.162646149460448000e+17,2.173464652269587520e+17,2.058145709613866560e+17,4.118088780147228125e+13,2.793523390775613750e+14,4.274802653455158000e+15,1.745866459478728800e+16,1.965045164375420160e+17
1.056439941406250000e+03,2.156153293598488960e+17,2.169112879744038080e+17,2.049205392787741120e+17,4.109314554178083594e+13,2.786156330035813750e+14,4.261407842506465000e+15,1.739360404810374800e+16,1.961461649765571200e+17
1.056920043945309999e+03,2.141362807571655680e+17,2.160326076596840320e+17,2.031117308575246720e+17,4.091822077830276562e+13,2.771506932614649062e+14,4.234829846074834500e+15,1.726477885359176200e+16,1.954195730561520000e+17
1.057650024414059999e+03,2.162098932107885120e+17,2.146909416362586240e+17,2.003475691399796480e+17,4.065266145415821875e+13,2.749294445469214375e+14,4.194571670001337000e+15,1.706983726397894000e+16,1.943080285273440640e+17
1.057890014648440001e+03,2.147904290066481920e+17,2.142465873162296320e+17,1.994307843761838720e+17,4.056559088927261719e+13,2.742027252016042812e+14,4.181424421249518500e+15,1.700628584562512600e+16,1.939386812810928000e+17
1.058591148963339947e+03,2.121529265475823680e+17,2.129441124613752960e+17,1.967420512745252480e+17,4.031151261163316406e+13,2.720842460788257812e+14,4.143130777073741500e+15,1.682133143006698400e+16,1.928544835496390720e+17
1.058859985351559999e+03,2.134005337940469120e+17,2.124407558753162560e+17,1.957015940121140480e+17,4.021436683894148438e+13,2.712762277366166875e+14,4.128554789097164500e+15,1.675106950416366400e+16,1.924340322394008000e+17
1.059339965820309999e+03,2.118189408916357760e+17,2.115420630617256320e+17,1.938439616884805440e+17,4.004092278316333594e+13,2.698335918448762500e+14,4.102530821181909000e+15,1.662562386656363400e+16,1.916833584994696640e+17
1.059829956054690001e+03,2.150692625532127680e+17,2.106156299535525440e+17,1.919264202627598400e+17,3.986447107200943750e+13,2.683705990425040938e+14,4.076209434870278000e+15,1.649906952847411600e+16,1.909062180025989120e+17
1.060162273700419973e+03,2.143493563738188160e+17,2.099866937047729920e+17,1.906244665462388160e+17,3.974484108279052344e+13,2.673790461674193750e+14,4.058374765987675000e+15,1.641334219343861200e+16,1.903784094847992000e+17
1.061040039062500000e+03,2.123008287513655040e+17,2.083126019581914560e+17,1.871561668749150080e+17,3.942970329556153125e+13,2.647739364175860625e+14,4.011620653333713000e+15,1.618908491627533200e+16,1.889688128191586880e+17
1.061356826171879902e+03,2.104335964783704960e+17,2.077068419247143040e+17,1.859008448069692800e+17,3.931607333106871094e+13,2.638354559776326562e+14,3.994790371597502500e+15,1.610841732399276800e+16,1.884581882913560000e+17
1.062010009765630002e+03,2.106475918098919680e+17,2.064459464228756160e+17,1.832862337306006080e+17,3.908254142260991406e+13,2.619133275349536250e+14,3.960418167496738500e+15,1.594412944062409000e+16,1.873910019392617280e+17
1.062250000000000000e+03,2.106269285732421120e+17,2.059824763588543680e+17,1.823251485426667840e+17,3.899675062662559375e+13,2.612073203614648750e+14,3.947794728282560000e+15,1.588380119126649000e+16,1.869986631853234560e+17
1.063219970703130002e+03,2.088014823748334720e+17,2.040939292243769280e+17,1.784081422810536640e+17,3.865096988495519531e+13,2.583706587837346875e+14,3.897206601527888000e+15,1.564264984542978000e+16,1.853943947983165760e+17
1.063219970703130002e+03,2.070257375997899840e+17,2.040939292243769280e+17,1.784081422810536640e+17,3.865096988495519531e+13,2.583706587837346875e+14,3.897206601527888000e+15,1.564264984542978000e+16,1.853943947983165760e+17
1.063699951171880002e+03,2.088583299162560960e+17,2.031525951981609920e+17,1.764559450121426560e+17,3.848028286259622656e+13,2.569744913411499062e+14,3.872367934707058500e+15,1.552452529135466800e+16,1.845922862703195840e+17
1.064189941406250000e+03,2.078102519782501760e+17,2.021886466413824960e+17,1.744569924469644800e+17,3.830621933333890625e+13,2.555525136549853750e+14,3.847096737097423000e+15,1.540446818701965800e+16,1.837698302377108480e+17
1.064910034179690001e+03,2.078404493642706880e+17,2.007630765963302080e+17,1.715022105210415040e+17,3.805095405028217188e+13,2.534728190604536250e+14,3.810219326573676000e+15,1.522965805677355600e+16,1.825502502762478720e+17
1.065160034179690001e+03,2.088168176884635200e+17,2.002669971274284800e+17,1.704741702874436480e+17,3.796240128105531250e+13,2.527520924280095625e+14,3.797450019827644500e+15,1.516917769054110600e+16,1.821254346651071040e+17
1.065880004882809999e+03,2.066049227827378880e+17,1.988302547303358720e+17,1.674991035798315200e+17,3.770786130674313281e+13,2.506857396115820312e+14,3.760917716533398000e+15,1.499650937335722800e+16,1.808921192516809600e+17
1.066369995117190001e+03,2.060660407768568000e+17,1.978499488892823360e+17,1.654699001749936320e+17,3.753477806925228906e+13,2.492823049669827188e+14,3.736129721427708000e+15,1.487946294822578200e+16,1.800497015448132800e+17
1.066974975585940001e+03,2.047211400113462080e+17,1.966303589672867840e+17,1.629493932119655360e+17,3.732162016858537500e+13,2.475602974557617812e+14,3.705807557433808000e+15,1.473671641001462400e+16,1.789982453614364480e+17
1.067339965820309999e+03,2.062396726993258880e+17,1.958944277979417600e+17,1.614285170115083200e+17,3.719302840632976562e+13,2.465215599176503750e+14,3.687518258184707500e+15,1.465062322643066600e+16,1.783637184072588480e+17
1.067912449428009950e+03,2.042663895219528960e+17,1.947322581900389760e+17,1.590314999831691840e+17,3.699179571546700781e+13,2.449017442022039375e+14,3.659080353684555000e+15,1.451714261677677400e+16,1.773587423916210560e+17
1.068377167968749973e+03,2.029404736578049280e+17,1.937883117269991040e+17,1.570849012060209920e+17,3.682847535651939062e+13,2.435874983592792500e+14,3.636012867721588500e+15,1.440889635999299600e+16,1.765422704655387200e+17
1.068790039062500000e+03,2.049875878843156800e+17,1.929439343153749440e+17,1.553481748629233920e+17,3.668371415738842969e+13,2.424269767707417188e+14,3.615706757530553500e+15,1.431390301097425600e+16,1.758097423767403840e+17
1.069280029296880002e+03,2.036243161790361600e+17,1.919417062093021440e+17,1.532868825075935040e+17,3.651192112302707031e+13,2.410498468793507500e+14,3.591612022390795000e+15,1.420119303723821600e+16,1.749402235016509760e+17
1.069750410156249927e+03,2.047403513775239680e+17,1.909746783307280000e+17,1.513029428203438080e+17,3.634729422313848438e+13,2.397341094643412812e+14,3.568648271963794500e+15,1.409403873974837600e+16,1.740993483786397760e+17
1.070010009765630002e+03,2.034110636558984640e+17,1.904402048953854720e+17,1.502072068580921600e+17,3.625648401822952344e+13,2.390089594578116562e+14,3.556001179836581500e+15,1.403506675177344200e+16,1.736343002644662400e+17
1.070979980468750000e+03,2.025373940277515840e+17,1.884356530598734720e+17,1.461071511128104960e+17,3.591763338045887500e+13,2.363095416740790312e+14,3.509013738991665500e+15,1.381639963624721000e+16,1.718871540664306240e+17
1.071219970703130002e+03,2.026120816123894720e+17,1.879385110210395520e+17,1.450917893147023040e+17,3.583386565026495312e+13,2.356432170650631562e+14,3.497429779995231000e+15,1.376255840443879000e+16,1.714533881408477120e+17
1.071699951171880002e+03,2.022294327729076800e+17,1.869404791904905600e+17,1.430592472243158240e+17,3.566656080126955469e+13,2.343157930285450938e+14,3.474401273783128500e+15,1.365575060655929600e+16,1.705810683479442880e+17
1.071977642352770090e+03,2.017993358332224000e+17,1.863619350539852800e+17,1.418827752284869440e+17,3.556983701099804688e+13,2.335493998568925000e+14,3.461120461462867500e+15,1.359422241280220800e+16,1.700749392216201280e+17
1.072776049804690047e+03,2.010174267656365760e+17,1.846941794064604800e+17,1.384996541736528960e+17,3.529201636910762500e+13,2.313522803550936562e+14,3.423106623621434000e+15,1.341838957793215200e+16,1.686141165490194240e+17
1.073169264573320106e+03,2.007163142475586880e+17,1.838705816876791360e+17,1.368331773762192160e+17,3.515533162351642578e+13,2.302734774591967812e+14,3.404472402444708500e+15,1.333234140681763200e+16,1.678917805522471680e+17
1.073650024414059999e+03,2.008436718671351040e+17,1.828608828796166720e+17,1.347964581344752320e+17,3.498839656547675391e+13,2.289587560071145938e+14,3.381803587464747500e+15,1.322785130636587600e+16,1.670050389568081600e+17
1.074083852914659929e+03,1.978752913457757760e+17,1.819477405581209600e+17,1.329591350769697440e+17,3.483789055992032422e+13,2.277755092771099375e+14,3.361431496933555500e+15,1.313408715199929600e+16,1.662022270533979840e+17
1.074859985351559999e+03,2.003311503276744000e+17,1.803095786739047040e+17,1.296756439242489280e+17,3.456894624461484375e+13,2.256661880825594375e+14,3.325187117786286000e+15,1.296760595509869800e+16,1.647599494035394560e+17
1.075099975585940001e+03,2.010710538876881920e+17,1.798021512097954560e+17,1.286610389399268800e+17,3.448584702017393750e+13,2.250154372839104062e+14,3.314019465841537500e+15,1.291637592881398000e+16,1.643127977950772800e+17
1.075589965820309999e+03,2.017042705549768960e+17,1.787643462659016640e+17,1.265919746594323040e+17,3.431631557528365234e+13,2.236900097417368438e+14,3.291304448987333500e+15,1.281231825789534800e+16,1.633974203064568960e+17
1.076069946289059999e+03,2.006743823889163840e+17,1.777453099560074880e+17,1.245685341575424480e+17,3.415042854485452344e+13,2.223960393193600312e+14,3.269170708003614500e+15,1.271112064847577600e+16,1.624974410546880640e+17
1.076319946289059999e+03,1.987179470636570880e+17,1.772145402808642240e+17,1.235146160121023680e+17,3.406402553409184375e+13,2.217220689671149062e+14,3.257642248813722500e+15,1.265841141549223400e+16,1.620286827872357440e+17
1.077050048828130002e+03,1.974380484297117120e+17,1.756592239841912000e+17,1.204478247441992480e+17,3.381211682508563281e+13,2.197641224275596250e+14,3.224250508325163500e+15,1.250620603164381400e+16,1.606524226877431040e+17
1.077530029296880002e+03,1.982892718043830080e+17,1.746353718169153280e+17,1.184354803171065920e+17,3.364662656500901953e+13,2.184798324947240312e+14,3.202375583758656000e+15,1.240662701529732200e+16,1.597457139652915200e+17
1.078020019531250000e+03,1.969737489249087680e+17,1.735877488656498240e+17,1.163884728560478880e+17,3.347789986975398047e+13,2.171740164363680312e+14,3.180184876276618000e+15,1.230584842152509200e+16,1.588166413799061440e+17
1.078925377478969949e+03,1.967055628064653760e+17,1.716486731023858560e+17,1.126203075184513920e+17,3.316647908142820312e+13,2.147694923656550312e+14,3.139402620582006000e+15,1.212100887454536800e+16,1.570949958196293120e+17
1.078989990234380002e+03,1.970421190579432000e+17,1.715101241796914240e+17,1.123520643012899840e+17,3.314427011016469531e+13,2.145982856725696562e+14,3.136502696984880500e+15,1.210788343298390000e+16,1.569718863643162560e+17
1.079297288161059896e+03,1.963328158227021120e+17,1.708511862282370240e+17,1.110763009639038080e+17,3.303864435903154688e+13,2.137840275359994375e+14,3.122710675529189000e+15,1.204545890158913800e+16,1.563863784389490560e+17
1.080209960937500000e+03,1.969109058727816960e+17,1.688896748755096320e+17,1.073127518672629440e+17,3.272544857745061719e+13,2.113781779488154375e+14,3.082080583623478500e+15,1.186212519653113000e+16,1.546405181017453120e+17
1.080305957031250045e+03,1.961470058344435200e+17,1.686833106140248960e+17,1.069171816094667680e+17,3.269251196787926953e+13,2.111252672724505625e+14,3.077810771890588000e+15,1.184286503061573600e+16,1.544568090572488960e+17
1.080939941406250000e+03,1.944315077644708800e+17,1.673178796644296320e+17,1.043245034635934240e+17,3.247533453048658203e+13,2.094633305317532188e+14,3.049833187841985500e+15,1.171704024967192600e+16,1.532393812107927680e+17
1.081290818434499897e+03,1.964391093883614080e+17,1.665619848130969600e+17,1.028911509881637600e+17,3.235516541803064453e+13,2.085441943381279375e+14,3.034366516382181500e+15,1.164751118530450000e+16,1.525652707665665920e+17
1.081670043945309999e+03,1.957168630030085120e+17,1.657439491718999360e+17,1.013535104555184160e+17,3.222546573587064844e+13,2.075550696711049688e+14,3.017763027069083000e+15,1.157306298635206400e+16,1.518348060380887680e+17
1.082297710712140088e+03,1.927178824480710080e+17,1.643894106387017280e+17,9.881481565477990400e+16,3.201089363480285547e+13,2.059202772190513438e+14,2.990343793010064000e+15,1.145022351415419600e+16,1.506247596180833280e+17
1.082908803710939992e+03,1.934232048713552000e+17,1.630691107588749440e+17,9.636680499487081600e+16,3.180231855626799609e+13,2.043364741893541562e+14,2.963854217640898000e+15,1.133189725641578400e+16,1.494436453817212160e+17
1.083369995117190001e+03,1.923400945105043520e+17,1.620724892873221440e+17,9.452226697080441600e+16,3.164494875049513281e+13,2.031421628668969688e+14,2.943888414228241500e+15,1.124275616536742600e+16,1.485518797099428160e+17
1.083849975585940001e+03,1.945754912857626880e+17,1.610342962042978880e+17,9.262576210180254400e+16,3.148146610688993750e+13,2.019061224922557500e+14,2.923290437126101500e+15,1.115109878552509400e+16,1.476215058164446720e+17
1.084099975585940001e+03,1.931000148274910080e+17,1.604935323661743360e+17,9.163834819147180800e+16,3.139632044341062109e+13,2.012624415930280000e+14,2.912564930827032000e+15,1.110337735292438600e+16,1.471368781198188160e+17
1.084829956054690001e+03,1.927346136006359040e+17,1.589139873921465920e+17,8.877942510460960000e+16,3.114799285171195312e+13,1.993895647134593438e+14,2.881419577913545000e+15,1.096509108160407800e+16,1.457200081443369600e+17
1.085319936523439992e+03,1.934777043700328000e+17,1.578535193790241600e+17,8.687087218202644800e+16,3.098143454210619141e+13,1.981352912406427188e+14,2.860588138542102500e+15,1.087272426275192000e+16,1.447681991907734720e+17
1.085938504732569982e+03,1.909512036142865920e+17,1.565145148731816320e+17,8.449413939687464000e+16,3.077153598986000000e+13,1.965600879123880625e+14,2.834502826235766000e+15,1.075741868651852600e+16,1.435648461811918240e+17
1.086040039062500000e+03,1.908783874733380800e+17,1.562947206682942080e+17,8.410464330018075200e+16,3.073708952311208594e+13,1.963016864077855625e+14,2.830225184860074500e+15,1.073851706067387800e+16,1.433672889833921120e+17
1.086933623046880030e+03,1.882071029329952960e+17,1.543605768219920640e+17,8.071161515979076800e+16,3.043430956254867578e+13,1.940357134700836250e+14,2.792788453366839500e+15,1.057344523575217600e+16,1.416273547092375520e+17
1.087298471304090071e+03,1.895543739871169920e+17,1.535709274936678080e+17,7.933519646140499200e+16,3.031078192014841797e+13,1.931126189920831875e+14,2.777557022733555500e+15,1.050637480024486400e+16,1.409166171648085440e+17
1.087750000000000000e+03,1.894573742474753920e+17,1.525941218362741760e+17,7.765654251351678400e+16,3.015816456782293750e+13,1.919756605829265625e+14,2.758845902054467000e+15,1.042421202748364800e+16,1.400364873607564480e+17
1.088239990234380002e+03,1.891976013472531840e+17,1.515342264267707200e+17,7.584127152281894400e+16,2.999261349755061719e+13,1.907432555549313438e+14,2.738576702376572500e+15,1.033526719464984600e+16,1.390812496972462080e+17
1.088479980468750000e+03,1.882994832400131200e+17,1.510152989718349440e+17,7.495902453148233600e+16,2.991159818063333203e+13,1.901410618014973438e+14,2.728685142554935500e+15,1.029192049580272000e+16,1.386133286697679040e+17
1.089080735426689898e+03,1.897478828775977920e+17,1.497170371681688000e+17,7.277670281253592000e+16,2.970906133851681250e+13,1.886390499409522812e+14,2.704061691011958000e+15,1.018424291710186600e+16,1.374417802030693440e+17
1.089680720402649968e+03,1.898397418529501120e+17,1.484212836725174400e+17,7.061969031239623200e+16,2.950700688516452344e+13,1.871434015721911562e+14,2.679581429709363000e+15,1.007737364030396000e+16,1.362717963233754240e+17
1.090430053710940001e+03,1.880276222506256960e+17,1.468042408098692480e+17,6.795828443755711200e+16,2.925497843822775781e+13,1.852818383338517812e+14,2.649167920521663500e+15,9.944864973815866000e+15,1.348107078368108160e+17
1.090890043945310026e+03,1.871285220840839680e+17,1.458131747707238400e+17,6.635911906055896000e+16,2.910060397060249219e+13,1.841456043529588438e+14,2.630660692459480500e+15,9.864493919938794000e+15,1.339142456083382400e+17
1.090920043945309999e+03,1.867648019163931840e+17,1.457485386568397120e+17,6.625482345224978400e+16,2.909053585679764844e+13,1.840715005636176562e+14,2.629453673700429000e+15,9.859252218189164000e+15,1.338557794391792800e+17
1.091650024414059999e+03,1.868935308447221120e+17,1.441769489834392640e+17,6.373920323700791200e+16,2.884576598390377344e+13,1.822723717508227188e+14,2.600183023043863000e+15,9.732298184553938000e+15,1.324336339659482720e+17
1.091984243539669933e+03,1.848411187463255680e+17,1.434583499143871360e+17,6.260524263030307200e+16,2.873387106673033594e+13,1.814518714829149062e+14,2.586861351195071000e+15,9.674647081796442000e+15,1.317829055613325920e+17
1.092869995117190001e+03,1.866037414068547840e+17,1.415564511905044640e+17,5.964225093084032000e+16,2.843773289367000000e+13,1.792847615939694062e+14,2.551737388595935500e+15,9.522931478034166000e+15,1.300596325239716960e+17
1.093109985351559999e+03,1.857580968704162880e+17,1.410417095625000800e+17,5.884889951600982400e+16,2.835758678106270703e+13,1.786992477096680312e+14,2.542261302005015000e+15,9.482064846795888000e+15,1.295930097515448160e+17
1.093599975585940001e+03,1.862644043143462720e+17,1.399920502454594080e+17,5.724852186061544800e+16,2.819413916981294141e+13,1.775070953495819688e+14,2.522994052628406500e+15,9.399098511967992000e+15,1.286410477134392960e+17
1.094569946289059999e+03,1.840706564613042880e+17,1.379187036986135360e+17,5.414687046944959200e+16,2.787122512098548047e+13,1.751583479917037500e+14,2.485124955315755000e+15,9.236456902851582000e+15,1.267592468648547040e+17
1.094569946289059999e+03,1.832936495750624960e+17,1.379187036986135360e+17,5.414687046944959200e+16,2.787122512098548047e+13,1.751583479917037500e+14,2.485124955315755000e+15,9.236456902851582000e+15,1.267592468648547040e+17
1.094984553410459966e+03,1.840948848580386880e+17,1.370347417689216800e+17,5.285238369803284000e+16,2.773350180846374219e+13,1.741595736537547812e+14,2.469062924433536000e+15,9.167666989409116000e+15,1.259563127639046240e+17
1.095550048828130002e+03,1.842290487704839040e+17,1.358303226240452000e+17,5.110262841172988000e+16,2.754581221047577734e+13,1.727998823855541250e+14,2.447216729755202000e+15,9.074198731924078000e+15,1.248619968091042400e+17
1.096040039062500000e+03,1.834665072797444800e+17,1.347893324108665120e+17,4.961978691777903200e+16,2.738350980371562109e+13,1.716271352456606875e+14,2.428416310154706500e+15,8.993959606141287000e+15,1.239155402888274880e+17
1.096730019531250036e+03,1.856334579819180800e+17,1.333263161563941760e+17,4.756564539202144800e+16,2.715530130452028125e+13,1.699811398806283438e+14,2.402070422031705500e+15,8.881710261483832000e+15,1.225847852731542240e+17
1.097010009765630002e+03,1.850854225545149760e+17,1.327337908152450400e+17,4.674584886015528800e+16,2.706283263822777734e+13,1.693153990161426875e+14,2.391431315735236000e+15,8.836460110880305000e+15,1.220455833231328000e+17
1.097739990234380002e+03,1.835989986817912960e+17,1.311921767769283520e+17,4.464414873835388000e+16,2.682211307075766016e+13,1.675853165902355000e+14,2.363824905355574500e+15,8.719240864298530000e+15,1.206421179414079680e+17
1.097989990234380002e+03,1.837496355483593600e+17,1.306653690253469280e+17,4.393726305802736800e+16,2.673980339539103906e+13,1.669948372894189062e+14,2.354417965857227000e+15,8.679369442942317000e+15,1.201623064152725280e+17
1.098479980468750000e+03,1.823021021484682880e+17,1.296337696771248640e+17,4.256150051672366400e+16,2.657858016889833984e+13,1.658390360741183438e+14,2.336015880829981500e+15,8.601423679826887000e+15,1.192225857642288320e+17
1.099209960937500000e+03,1.825190239877320960e+17,1.281026269882242400e+17,4.057203306981860800e+16,2.633901480292830859e+13,1.641265257215567188e+14,2.308818452387239000e+15,8.486544245325548000e+15,1.178268850616450400e+17
1.099449951171880002e+03,1.802390016482250560e+17,1.275999214995461280e+17,3.992470196915668000e+16,2.626032611645018359e+13,1.635645620302009375e+14,2.299900976193821500e+15,8.448912454756958000e+15,1.173685503443119680e+17
1.100160844726570076e+03,1.817536753474435840e+17,1.261162206429575360e+17,3.806091154360087200e+16,2.602780636233216797e+13,1.619082702270215938e+14,2.273677520757564000e+15,8.338527886229622000e+15,1.160150267958586880e+17
1.100324284480170036e+03,1.794936473063621120e+17,1.257751067014721440e+17,3.763241216291988000e+16,2.597434832903105078e+13,1.615274763340184688e+14,2.267648551910167500e+15,8.313149647023034000e+15,1.157038415926852160e+17
1.100920043945309999e+03,1.800449905579085760e+17,1.245376424445558080e+17,3.612650675163272800e+16,2.578009779272197656e+13,1.601481239097667500e+14,2.245869880865919500e+15,8.221757101828971000e+15,1.145741843792483680e+17
1.101548490084129980e+03,1.803883696368719040e+17,1.232349198259793760e+17,3.456193183013826400e+16,2.557545655589764844e+13,1.586968139927373750e+14,2.222980367683520000e+15,8.125821858922344000e+15,1.133846392660406880e+17
1.101918860802290055e+03,1.802393889117208000e+17,1.224703943023150720e+17,3.366876387034964400e+16,2.545517739451676172e+13,1.578459872558258750e+14,2.209591793930277250e+15,8.069849865937938000e+15,1.126861599356991680e+17
1.102630004882809999e+03,1.794714741796194880e+17,1.210054828571911520e+17,3.197975273822195200e+16,2.522453227092850000e+13,1.562163827699264062e+14,2.183975050173950500e+15,7.962882178510974000e+15,1.113474822169999360e+17
1.102869995117190001e+03,1.790331664399347840e+17,1.205130726995755520e+17,3.142642066082149200e+16,2.514688979027522656e+13,1.556690437825539375e+14,2.175388243953110000e+15,7.927106925424068000e+15,1.108972994048540960e+17
1.103359985351559999e+03,1.782560330150009920e+17,1.195077144225625280e+17,3.029667754860558800e+16,2.498836643456182422e+13,1.545515368165087188e+14,2.157856483948337250e+15,7.854064267292642000e+15,1.099781570814068480e+17
1.103849975585940001e+03,1.775082058618328000e+17,1.185084287392666720e+17,2.921621501222409200e+16,2.483043601347899219e+13,1.534418049126910625e+14,2.140496429305443750e+15,7.781970571991385000e+15,1.090639932566884000e+17
1.104339965820309999e+03,1.800933773512389760e+17,1.175094695538138080e+17,2.813840208514325600e+16,2.467253747200062891e+13,1.523324910412895625e+14,2.123145606538000750e+15,7.709927898431507000e+15,1.081500971049255680e+17
1.104579956054690001e+03,1.794152257656226240e+17,1.170228602211351520e+17,2.763111539466934400e+16,2.459545859052063281e+13,1.517924573412996562e+14,2.114719418396053500e+15,7.675037673468112000e+15,1.077046949595498240e+17
1.105107637845550016e+03,1.780141432828053760e+17,1.159542752177169120e+17,2.652617617681321600e+16,2.442611112504914844e+13,1.506067225019455312e+14,2.096228776624343500e+15,7.598522989678303000e+15,1.067264835701079840e+17
1.105800048828130002e+03,1.797730539511807680e+17,1.145580301240297280e+17,2.511992591040812800e+16,2.420446523181491797e+13,1.490579095732240312e+14,2.072119103541129500e+15,7.498958175231928000e+15,1.054478617124205280e+17
1.106050048828130002e+03,1.775513768576830080e+17,1.140553353598424480e+17,2.462271374778776800e+16,2.412457533070888672e+13,1.485004073286603125e+14,2.063451114197586500e+15,7.463211238205466000e+15,1.049874033874408640e+17
1.107030029296880002e+03,1.776108822035974080e+17,1.120943948845118720e+17,2.274086581849942000e+16,2.381232570651743359e+13,1.463261532304036875e+14,2.029711540361664750e+15,7.324376473784973000e+15,1.031905406842242720e+17
1.107270019531250000e+03,1.767333140464062080e+17,1.116153932004114560e+17,2.228855789925483600e+16,2.373597403776982031e+13,1.457951067863905625e+14,2.021479257176628500e+15,7.290540920988345000e+15,1.027515315469980800e+17
1.107539218749999918e+03,1.767065577311437120e+17,1.110804708547306400e+17,2.179706817876682400e+16,2.365055519585627344e+13,1.452021103669335938e+14,2.012302014231694250e+15,7.252893795989340000e+15,1.022611164121205760e+17
1.108000000000000000e+03,1.777078147616117760e+17,1.101678925978879840e+17,2.097604421387343600e+16,2.350463373699521484e+13,1.441905173933161875e+14,1.996666273046515500e+15,7.188845286898480000e+15,1.014242698576071040e+17
1.108729990234380011e+03,1.758749403809403200e+17,1.087276523128327680e+17,1.971029011140078000e+16,2.327397939100340625e+13,1.425939681003739375e+14,1.972022932805112250e+15,7.088057933217380000e+15,1.001032233972239200e+17
1.109229980468750000e+03,1.772964896790150720e+17,1.077454014006939840e+17,1.887005194849381600e+16,2.311639609415525000e+13,1.415050807096181875e+14,1.955241484360422750e+15,7.019546531632099000e+15,9.920201259003291200e+16
1.109817968750000091e+03,1.781879915824940800e+17,1.065974124202536640e+17,1.792497701042128800e+16,2.293175278802525781e+13,1.402322315211079688e+14,1.935666562932052000e+15,6.939826389432505000e+15,9.814834990638257600e+16
1.110209960937500000e+03,1.753052924533366080e+17,1.058337899212644800e+17,1.730520023639815400e+16,2.280881824713757031e+13,1.393854987734976406e+14,1.922654814284600750e+15,6.886882308611120000e+15,9.744737847248822400e+16
1.110699951171880002e+03,1.766977902493567040e+17,1.048846123045747200e+17,1.656110839960860200e+16,2.265565593905123828e+13,1.383327250895834219e+14,1.906506585846860000e+15,6.821315894986672000e+15,9.657580896736456000e+16
1.110939941406250000e+03,1.749813722404968000e+17,1.044211748920082240e+17,1.620499921295124800e+16,2.258077690624387109e+13,1.378186272039733906e+14,1.898629110107648250e+15,6.789369428448126000e+15,9.615019082475065600e+16
1.111670043945309999e+03,1.749716954594168000e+17,1.030162773984500480e+17,1.514866470380161000e+16,2.235345014960738672e+13,1.362597848312857812e+14,1.874769536459539750e+15,6.692733061139321000e+15,9.485971342962835200e+16
1.112160034179690001e+03,1.747690469142574080e+17,1.020786332389244640e+17,1.446805071603380600e+16,2.220137952551067188e+13,1.352190080658246562e+14,1.858867235088459500e+15,6.628456062416038000e+15,9.399819481601980800e+16
1.112566950871389963e+03,1.752425949256701760e+17,1.013032214411060640e+17,1.391959426210198800e+16,2.207540091184826953e+13,1.343580076375326719e+14,1.845728336769923250e+15,6.575426518321596000e+15,9.328559997120532800e+16
1.113140014648440001e+03,1.743983515279432000e+17,1.002168842196037920e+17,1.317638757981133400e+16,2.189852361315138281e+13,1.331512375961641094e+14,1.827341911729661250e+15,6.501353716056262000e+15,9.228702814098316800e+16
1.113630004882809999e+03,1.735846439425740800e+17,9.929252849362105600e+16,1.256278350982004000e+16,2.174771599222614844e+13,1.321239195968552812e+14,1.811711494694137000e+15,6.438486718191073000e+15,9.143717715838956800e+16
1.114119995117190001e+03,1.761752236876640960e+17,9.837267373846224000e+16,1.197103967465230000e+16,2.159733714782219922e+13,1.311011147049416406e+14,1.796171700676471000e+15,6.376087553485411000e+15,9.059128941428318400e+16
1.114406916691709966e+03,1.751688124128822080e+17,9.783445032295044800e+16,1.162642374397780000e+16,2.150931985590075781e+13,1.305026026976547188e+14,1.787080240333859000e+15,6.339590329076396000e+15,9.009633074785753600e+16
1.114859985351559999e+03,1.744551858655603200e+17,9.699242308082468800e+16,1.111829537498421800e+16,2.137108693303523047e+13,1.295652897773502656e+14,1.772879005953112250e+15,6.282752436331137000e+15,8.932170926035620800e+16
1.115589965820309999e+03,1.708856665396143040e+17,9.563969002292982400e+16,1.031658936762648000e+16,2.114874546414995703e+13,1.280589426420151406e+14,1.750073921365655500e+15,6.191561847827239000e+15,8.807713600168425600e+16
1.115749965820310081e+03,1.741295371434626240e+17,9.534540126543180800e+16,1.015040400342852800e+16,2.110022413711269531e+13,1.277309332934515781e+14,1.745117980437102250e+15,6.171791113488990000e+15,8.780630499872846400e+16
1.116366877629209966e+03,1.720687481218804160e+17,9.421071245463865600e+16,9.509643293178582000e+15,2.091314051440791797e+13,1.264662280399620625e+14,1.726009364918145000e+15,6.095561116714725000e+15,8.676206222410628800e+16
1.117309936523440001e+03,1.727235767643191040e+17,9.249424267731625600e+16,8.603614252000640000e+15,2.062890043634980859e+13,1.245503939391005781e+14,1.697140564316545250e+15,5.980760501417977000e+15,8.518186649740136000e+16
1.117309936523440001e+03,1.738285674694617920e+17,9.249424267731625600e+16,8.603614252000640000e+15,2.062890043634980859e+13,1.245503939391005781e+14,1.697140564316545250e+15,5.980760501417977000e+15,8.518186649740136000e+16
1.118040039062500000e+03,1.729507208776821760e+17,9.117870560261227200e+16,7.953019381469595000e+15,2.041014246792966797e+13,1.230799378264570469e+14,1.675038147363805000e+15,5.893126668672502000e+15,8.397040206186417600e+16
1.118530029296880002e+03,1.734051085088652800e+17,9.029975859444816000e+16,7.530695763521540000e+15,2.026371400924446875e+13,1.220968255040396250e+14,1.660276887618329250e+15,5.834674501025521000e+15,8.316088577917691200e+16
1.118780029296880002e+03,1.720735906479234880e+17,8.985487391926033600e+16,7.327941061769562000e+15,2.018935343607917188e+13,1.215986099922339844e+14,1.652810529168790000e+15,5.805176006160691000e+15,8.275105251710278400e+16
1.119270019531250000e+03,1.718099321722966080e+17,8.898291733420875200e+16,6.930549766445280000e+15,2.004360961738656641e+13,1.206221270506483125e+14,1.638176758262469750e+15,5.747360108511170000e+15,8.194779533255748800e+16
1.120000000000000000e+03,1.718009067599802880e+17,8.769654600851920000e+16,6.380699016722676000e+15,1.982773105461998828e+13,1.191792869077310938e+14,1.616602746187442500e+15,5.662353057145553000e+15,8.076247675434724800e+16
1.120250000000000000e+03,1.695554098595734720e+17,8.725680640605012800e+16,6.195089100189588000e+15,1.975387799072935938e+13,1.186859128411481094e+14,1.609228731671669000e+15,5.633312376603333000e+15,8.035726230047076800e+16
1.120739990234380002e+03,1.703181125129554880e+17,8.640234444693288000e+16,5.854318965459768000e+15,1.960986535734125000e+13,1.177258444115478281e+14,1.594906984267792500e+15,5.577039124453820000e+15,7.956972633748560000e+16
1.121229980468750000e+03,1.720976265576120960e+17,8.555070023038851200e+16,5.522301152331873000e+15,1.946613276376429297e+13,1.167684093033822812e+14,1.580635060497790750e+15,5.521011257422799000e+15,7.878472600135144000e+16
1.121969970703130002e+03,1.703077787880568000e+17,8.427690594586916800e+16,5.056615981445764000e+15,1.925030495236100391e+13,1.153339693205445312e+14,1.559297120464807750e+15,5.437452682962203000e+15,7.761036453168041600e+16
1.122449960937500009e+03,1.720925505264164800e+17,8.345418359864444800e+16,4.764419135389224000e+15,1.911066294749237500e+13,1.144067886084661562e+14,1.545517404824484750e+15,5.383550677478608000e+15,7.685179626001051200e+16
1.122575156249999964e+03,1.703861309065924800e+17,8.324191033562356800e+16,4.694412453543415000e+15,1.907447423109266406e+13,1.141670939011337031e+14,1.541963131644194500e+15,5.369685315613102000e+15,7.665603329308083200e+16
1.123189941406250000e+03,1.717662267894003840e+17,8.219951946197128000e+16,4.350637051911363500e+15,1.889676561547423047e+13,1.129900470520375156e+14,1.524509487822660250e+15,5.301597952829836000e+15,7.569471801850233600e+16
1.123930053710940001e+03,1.702266464074778880e+17,8.095642238637577600e+16,3.966010696961716000e+15,1.868403108319095312e+13,1.115839012494624062e+14,1.503698352758816250e+15,5.220599150977435000e+15,7.454811001577355200e+16
1.124170043945309999e+03,1.696053179247261760e+17,8.055470143647729600e+16,3.844682579482747500e+15,1.861518872021141406e+13,1.111292004543502500e+14,1.496973361573755750e+15,5.194446704319414000e+15,7.417754751335875200e+16
1.124660034179690001e+03,1.700255790995909760e+17,7.974051191006998400e+16,3.610709551701506500e+15,1.847524991401858203e+13,1.102063407041600156e+14,1.483343923126484000e+15,5.141535911866329000e+15,7.342641648451907200e+16
1.124910034179690001e+03,1.710090670007567040e+17,7.932749621343593600e+16,3.496813021684729000e+15,1.840409725687245703e+13,1.097376802356259844e+14,1.476430274562189250e+15,5.114733407348298000e+15,7.304535165309336000e+16
1.125684308733259968e+03,1.694523368394630080e+17,7.805494118595131200e+16,3.157948947924444500e+15,1.818441419553330469e+13,1.082922195587348906e+14,1.455127793387894500e+15,5.032246888220269000e+15,7.187114903022159200e+16
1.126140014648440001e+03,1.703091544397728960e+17,7.731212722738817600e+16,2.971474453879069500e+15,1.805575636107593750e+13,1.074471097423412969e+14,1.442692547334932500e+15,4.984187608587552000e+15,7.118565848901516800e+16
1.126630004882809999e+03,1.677850821661540800e+17,7.651886935452787200e+16,2.781482116464931000e+15,1.791798834317148828e+13,1.065433788768525312e+14,1.429411436174181750e+15,4.932937671856043000e+15,7.045354728039091200e+16
1.127119995117190001e+03,1.699501318366398080e+17,7.573105094928062400e+16,2.601999003136694000e+15,1.778078940111321875e+13,1.056446065062106875e+14,1.416219988645482500e+15,4.882112659664075000e+15,6.972638624430816800e+16
1.127639985351559972e+03,1.705728845147903680e+17,7.490069850041104000e+16,2.421605385389611500e+15,1.763579234282950391e+13,1.046959929607195156e+14,1.402314019692172250e+15,4.828614491820309000e+15,6.895989968085014400e+16
1.128099975585940001e+03,1.686813198705244800e+17,7.417139825117769600e+16,2.271291687006061500e+15,1.750807941893109180e+13,1.038616049711865781e+14,1.390098231695330750e+15,4.781692537376593000e+15,6.828663155259547200e+16
1.128589965820309999e+03,1.693163832944217920e+17,7.339914342178724800e+16,2.118609836151067750e+15,1.737252860083550391e+13,1.029769874864089531e+14,1.377160432764781000e+15,4.732059999613689000e+15,6.757366031267418400e+16
1.128839965820309999e+03,1.685798837605479680e+17,7.300839805483761600e+16,2.045983985370454000e+15,1.730371723983931055e+13,1.025286142697909688e+14,1.370612368210717000e+15,4.706984790348041000e+15,6.721287646933216800e+16
1.129925715519829964e+03,1.691432778569468800e+17,7.132361198942129600e+16,1.748499985030432250e+15,1.700618490731110742e+13,1.005924242606279219e+14,1.342370640612037250e+15,4.598997460811292000e+15,6.565715923789940000e+16
1.130069946289059999e+03,1.683512576575751040e+17,7.110144161315404000e+16,1.711382984757304000e+15,1.696683688674479688e+13,1.003367066361038125e+14,1.338645326588348000e+15,4.584774861581885000e+15,6.545199321157879200e+16
1.130309936523440001e+03,1.655692320897510720e+17,7.073176514982162400e+16,1.649622809431443250e+15,1.690136444470965234e+13,9.991120982309881250e+13,1.332446656287572000e+15,4.561109419452027000e+15,6.511061083522215200e+16
1.131022343562199922e+03,1.678932270403894720e+17,6.964885094253344000e+16,1.485532412462855000e+15,1.670858261006105078e+13,9.866125566702860938e+13,1.314276968902950500e+15,4.491927081769864500e+15,6.411045519734328000e+16
1.131540039062500000e+03,1.663145296463143040e+17,6.886668161603378400e+16,1.372182744107359000e+15,1.656901295592734570e+13,9.775725994168450000e+13,1.301149105573499000e+15,4.442002221442007000e+15,6.338802272163981600e+16
1.132030029296880002e+03,1.686127370896480960e+17,6.813418659691214400e+16,1.274297743586104500e+15,1.643777037022537500e+13,9.690873555174148438e+13,1.288847793116243750e+15,4.395319201315256000e+15,6.271140987041953600e+16
1.132280029296880002e+03,1.675426391770094720e+17,6.776045720001483200e+16,1.224355421447220000e+15,1.637080853277771875e+13,9.647580631641871875e+13,1.282571488205381500e+15,4.371500859207979000e+15,6.236619235191306400e+16
1.132770019531250000e+03,1.667505554890224000e+17,6.703675137675903200e+16,1.135993502381489000e+15,1.624054023690561719e+13,9.563526201662271875e+13,1.270408800565848250e+15,4.325451407388479000e+15,6.169763724145139200e+16
1.133510009765630002e+03,1.676046299411711680e+17,6.595027769453764800e+16,1.009250077014767750e+15,1.604452838271635156e+13,9.437174311739073438e+13,1.252142453541500000e+15,4.256371482829975500e+15,6.069391643212306400e+16
1.133846406249999973e+03,1.672821063615047040e+17,6.546276398308105600e+16,9.578529478714366250e+14,1.595613796388528906e+13,9.380316177424309375e+13,1.243938934247783750e+15,4.225423728954477000e+15,6.024349546124986400e+16
1.134250000000000000e+03,1.655734763605276800e+17,6.487786641094471200e+16,8.961889262362437500e+14,1.585009101554421094e+13,9.312100281265110938e+13,1.234096711546944750e+15,4.188293971002091500e+15,5.970310013264280800e+16
1.134864990234380002e+03,1.668011287378551040e+17,6.399759519645519200e+16,8.117932723626456250e+14,1.568974085056494727e+13,9.209153512392587500e+13,1.219270798267817500e+15,4.132491110819075000e+15,5.888974518257949600e+16
1.135259980468749973e+03,1.663059797435591040e+17,6.343420722386425600e+16,7.593164007873605000e+14,1.558697707057438281e+13,9.143214362920853125e+13,1.209779527789859000e+15,4.096790531022406000e+15,5.836917380698272000e+16
1.135563054011420036e+03,1.676770463021333760e+17,6.300600011248673600e+16,7.222173266656162500e+14,1.550859284684479102e+13,9.092991158669065625e+13,1.202560299848741500e+15,4.069682357930033500e+15,5.797349042643499200e+16
1.136219970703130002e+03,1.668016940527603840e+17,6.208405800769276800e+16,6.466220876940651250e+14,1.533940254712518750e+13,8.984696840745629688e+13,1.187008925929657750e+15,4.011358106171313000e+15,5.712154314127354400e+16
1.136756112905650070e+03,1.657665438968471040e+17,6.134010875023636800e+16,5.907867438981495000e+14,1.520229823548395508e+13,8.897087841067701562e+13,1.174448159209180000e+15,3.964344155434407000e+15,5.643404050677681600e+16
1.137279951171879929e+03,1.652098290484283840e+17,6.061692212725676800e+16,5.387792442412943750e+14,1.506876618608062305e+13,8.811826215819278125e+13,1.162232767857713000e+15,3.918664292881031000e+15,5.576570986960786400e+16
1.137939941406250000e+03,1.661565109770883840e+17,5.971845612619102400e+16,4.810070067002755000e+14,1.490200667772045508e+13,8.705564617755910938e+13,1.147038125124954500e+15,3.861981009142743000e+15,5.493535110801224800e+16
1.138430053710940001e+03,1.655011381481333760e+17,5.905406173501836800e+16,4.397491203745978750e+14,1.477849920152130469e+13,8.626911607371042188e+13,1.135797816019618250e+15,3.820079746475413500e+15,5.432131111995614400e+16
1.138920043945309999e+03,1.676813173487551040e+17,5.839998499497953600e+16,4.039753289867855000e+14,1.465621842110558203e+13,8.549209233281792188e+13,1.124716408899975875e+15,3.778878654167377500e+15,5.371677718334768000e+16
1.139420043945309999e+03,1.655300981347112960e+17,5.773334439581813600e+16,3.678488908801640625e+14,1.453153459691574805e+13,8.469992892634707812e+13,1.113420860428983625e+15,3.736889655360359000e+15,5.310062914027433600e+16
1.139660034179690001e+03,1.641761574274352960e+17,5.741844928786048000e+16,3.529160830468498125e+14,1.447229332559399609e+13,8.432437675983003125e+13,1.108077101150621875e+15,3.717078030682798000e+15,5.280957269363235200e+16
1.140150024414059999e+03,1.633432942053960000e+17,5.677552509492924000e+16,3.224276340941225000e+14,1.435133988557460547e+13,8.355760850125803125e+13,1.097166699450378750e+15,3.676628457207081500e+15,5.221532011134106400e+16
1.140650024414059999e+03,1.640115784028736960e+17,5.612548060800872000e+16,2.938118019299863750e+14,1.422863867902787695e+13,8.278072255452060938e+13,1.086125399504717500e+15,3.635754659544421500e+15,5.161447508257400800e+16
1.141140014648440001e+03,1.645324415264304960e+17,5.549367421764246400e+16,2.679368188084456250e+14,1.410902212789699805e+13,8.202420790789834375e+13,1.075385054977737750e+15,3.596048468726737000e+15,5.103047797051169600e+16
1.141630004882809999e+03,1.654195025220816000e+17,5.486740649120823200e+16,2.440664628057068750e+14,1.399007848417282031e+13,8.127281760980662500e+13,1.064729251690638125e+15,3.556709901193817000e+15,5.045159278506078400e+16
1.142130004882809999e+03,1.637747442949432960e+17,5.423399576348136800e+16,2.217536512407350938e+14,1.386939152027355859e+13,8.051130554707743750e+13,1.053942017802179125e+15,3.516942765896016500e+15,4.986609718250424800e+16
1.142619995117190001e+03,1.611101873654009920e+17,5.361855493494404800e+16,2.015506696887150000e+14,1.375176992566993164e+13,7.976994883637423438e+13,1.043451331060586875e+15,3.478320385278308000e+15,4.929720726479956800e+16
1.142889985351559972e+03,1.626658320510482880e+17,5.328260213833312000e+16,1.914128825046268438e+14,1.368734723913208984e+13,7.936438831974667188e+13,1.037719023277484000e+15,3.457247438382942000e+15,4.898666244346618400e+16
1.143599975585940001e+03,1.637218530870406080e+17,5.240396576465446400e+16,1.660636297264782188e+14,1.351853279575336523e+13,7.830237630317571875e+13,1.022718093720618625e+15,3.402147427052683000e+15,4.817447464418230400e+16
1.144099975585940001e+03,1.623223071193640960e+17,5.179300633175511200e+16,1.503358593998161562e+14,1.340061601837012109e+13,7.756174383030693750e+13,1.012272692960900500e+15,3.363855275744417500e+15,4.760971638098523200e+16
1.144589965820309999e+03,1.616670921359136000e+17,5.119884339097600000e+16,1.359932911759473281e+14,1.328563196635349023e+13,7.684020796900512500e+13,1.002105781348361625e+15,3.326626797089019000e+15,4.706048410073635200e+16
1.145185725285459966e+03,1.637204972488064960e+17,5.048414258348744000e+16,1.203642201483573438e+14,1.314679462303641797e+13,7.597013934298878125e+13,9.898615282337341250e+14,3.281864420677808500e+15,4.639982844814554400e+16
1.145329956054690001e+03,1.635893536503791040e+17,5.031111663381586400e+16,1.165804901893331562e+14,1.311318270749692188e+13,7.575949952179573438e+13,9.868972479349302500e+14,3.271027644495447500e+15,4.623988659485856800e+16
1.146069946289059999e+03,1.639353587817862080e+17,4.943855283759827200e+16,1.002182710251670312e+14,1.294265320452698047e+13,7.469302751830420312e+13,9.719189286125818750e+14,3.216409390183643500e+15,4.543331015814476000e+16
1.146319946289059999e+03,1.616124242630589760e+17,4.914417543880264000e+16,9.477322116369859375e+13,1.288509323226769141e+13,7.433311457768028125e+13,9.668648673602810000e+14,3.197983657572264000e+15,4.516119508682999200e+16
1.146809936523440001e+03,1.628296784676000960e+17,4.857655204343338400e+16,8.570762444137637500e+13,1.277347331285737891e+13,7.363650931007323438e+13,9.571008931797043750e+14,3.162471106116029500e+15,4.463650462958967200e+16
1.147300048828130002e+03,1.616305196872812160e+17,4.801021783617964800e+16,7.688570694885379688e+13,1.266200858649851172e+13,7.294107922946173438e+13,9.473561929509482500e+14,3.127041739952779000e+15,4.411300683886589600e+16
1.147800048828130002e+03,1.639753280947254080e+17,4.744152022417913600e+16,6.921125854465678906e+13,1.254946632145057031e+13,7.224019935393529688e+13,9.375523440435658750e+14,3.091477528939897500e+15,4.358733372004025600e+16
1.148340039062499955e+03,1.614550807804544000e+17,4.682934064838155200e+16,6.121593228085879688e+13,1.242818171024539648e+13,7.148515899918265625e+13,9.269947543740845000e+14,3.053197039898792500e+15,4.302147033163820000e+16
1.148780029296880002e+03,1.622090509241400960e+17,4.633908836586444000e+16,5.576165107302846875e+13,1.233047517292787109e+13,7.087808285723665625e+13,9.185220995861303750e+14,3.022550661928702500e+15,4.256832110917015200e+16
1.149520019531250000e+03,1.603224802435423040e+17,4.551910501614300000e+16,4.709453234246265625e+13,1.216674568797723242e+13,6.986141150349673438e+13,9.043413470610740000e+14,2.971296758230823000e+15,4.181040249260512800e+16
1.150020019531250000e+03,1.613979953341892800e+17,4.497383814242498400e+16,4.215599150497193750e+13,1.205727489821618359e+13,6.918285351094077344e+13,8.948928374923897500e+14,2.937221990179563500e+15,4.130642174200018400e+16
1.150510009765630002e+03,1.578778212497743040e+17,4.444215035184054400e+16,3.754990083031749219e+13,1.195035059608246875e+13,6.852043611472391406e+13,8.856738829199123750e+14,2.903997438992453000e+15,4.081499715155460000e+16
1.151010009765630002e+03,1.607594212148485760e+17,4.390753382767059200e+16,3.354551313769291406e+13,1.184229927014195703e+13,6.785210090333012500e+13,8.763869435474456250e+14,2.870594766498637500e+15,4.032088132393717600e+16
1.151500000000000000e+03,1.603500216686930880e+17,4.338604745762107200e+16,2.979920011646737500e+13,1.173673791936648438e+13,6.719948662029498438e+13,8.673227670860431250e+14,2.838013351854333000e+15,3.983890642699274400e+16
1.151989990234380002e+03,1.613438271493834880e+17,4.287247498851241600e+16,2.663291608958697266e+13,1.163224214696972266e+13,6.655450516709729688e+13,8.583787076027071250e+14,2.805929296707327000e+15,3.936426373997937600e+16
1.152239990234380002e+03,1.570562761814141760e+17,4.261044299630420000e+16,2.501743285914729688e+13,1.157892691481566602e+13,6.622542643861314844e+13,8.538153210003940000e+14,2.789559554569709500e+15,3.912209427735020800e+16
1.152729980468750000e+03,1.591743503225362880e+17,4.210408132517303200e+16,2.229070018214044922e+13,1.147541198983464062e+13,6.558743401733875781e+13,8.449807827241468750e+14,2.757926925370883000e+15,3.865413399027362400e+16
1.153229980468750000e+03,1.590630269278599040e+17,4.159046793685884800e+16,1.969677467623869922e+13,1.137020306586151172e+13,6.493940575133831250e+13,8.360127384012956250e+14,2.725841691883042000e+15,3.817947985481960000e+16
1.153719970703130002e+03,1.582513106445194880e+17,4.109406752196379200e+16,1.750448086138691406e+13,1.126805274455274219e+13,6.431110210998338281e+13,8.273295892999721250e+14,2.694831112985340500e+15,3.772075229642860800e+16
1.154219970703130002e+03,1.605545345877221120e+17,4.059079889243787200e+16,1.543252307803501758e+13,1.116426533178147461e+13,6.367315102106242969e+13,8.185188046116042500e+14,2.663391167345002500e+15,3.725568698940584000e+16
1.154844576322120020e+03,1.595586469919091840e+17,3.997151814045532800e+16,1.323524677491694922e+13,1.103591888906812109e+13,6.288542720109642188e+13,8.076554447535512500e+14,2.624700912413701000e+15,3.668344452577080000e+16
1.154959960937500000e+03,1.569263555682605120e+17,3.985774121421367200e+16,1.285527619651750586e+13,1.101229582144865039e+13,6.274052044283400000e+13,8.056581313085630000e+14,2.617592379734146000e+15,3.657831159137333600e+16
1.155619951171880075e+03,1.577090468639801920e+17,3.921170365110094400e+16,1.084394221940024805e+13,1.087784088355441016e+13,6.191634804450265625e+13,7.943061451285628750e+14,2.577226963752626500e+15,3.598137102050354800e+16
1.156266864483169911e+03,1.580361536035744000e+17,3.858690061243196000e+16,9.159809696489945312e+12,1.074723264739028320e+13,6.111680702280060938e+13,7.833075911409230000e+14,2.538184014759447000e+15,3.540407886293606400e+16
1.156439941406250000e+03,1.570972058796158080e+17,3.842083893885672000e+16,8.739794070280794922e+12,1.071244514663289258e+13,6.090398394054542969e+13,7.803817890100918750e+14,2.527806316581473000e+15,3.525064856968936000e+16
1.157180053710940001e+03,1.563258029089242880e+17,3.772083391231072000e+16,7.224622473805247070e+12,1.056511847299775195e+13,6.000391150526561719e+13,7.680246953171040000e+14,2.484053770636864000e+15,3.460392436770479200e+16
1.157920043945309999e+03,1.580659702466697920e+17,3.703152497270830400e+16,5.948292737548041992e+12,1.041932985483658008e+13,5.911451369486084375e+13,7.558313237429275000e+14,2.440960434889146000e+15,3.396712111467459200e+16
1.157920043945309999e+03,1.573703387441626880e+17,3.703152497270830400e+16,5.948292737548041992e+12,1.041932985483658008e+13,5.911451369486084375e+13,7.558313237429275000e+14,2.440960434889146000e+15,3.396712111467459200e+16
1.158670043945309999e+03,1.571942666997948800e+17,3.634256669268372000e+16,4.848674894172759766e+12,1.027296134446803711e+13,5.822274051030515625e+13,7.436209998332012500e+14,2.397879492081835000e+15,3.333067869262083600e+16
1.158996572641229932e+03,1.579211734960010240e+17,3.604656741214198400e+16,4.441907553620863281e+12,1.020980797081461133e+13,5.783844257938877344e+13,7.383654885527151250e+14,2.379366282894374500e+15,3.305725745060358400e+16
1.159256188025839947e+03,1.575033858580003840e+17,3.581122525685106800e+16,4.118496285687253418e+12,1.015959618975119531e+13,5.753289621734971875e+13,7.341869535588405000e+14,2.364646860118905000e+15,3.283986656951464400e+16
1.159900024414059999e+03,1.579290236933296960e+17,3.523751704888512000e+16,3.461653176762324707e+12,1.003652239469134766e+13,5.678514234665740625e+13,7.239766404444952500e+14,2.328752263085225000e+15,3.230995979032906800e+16
1.160650024414059999e+03,1.570958161381920000e+17,3.457714566974454400e+16,2.797710994144086914e+12,9.894320441429187500e+12,5.592210146096116406e+13,7.122045863986106250e+14,2.287424962541647500e+15,3.170003978288831600e+16
1.160880415039059926e+03,1.552185265967192000e+17,3.437712283077643200e+16,2.626868519883454102e+12,9.851055683459705078e+12,5.565985368295748438e+13,7.086319172181877500e+14,2.274903205028141500e+15,3.151531055193109600e+16
1.161640014648440001e+03,1.554760342169544960e+17,3.372243372330624000e+16,2.108031357383588379e+12,9.709124216812257812e+12,5.480009102042879688e+13,6.969265141167682500e+14,2.233911254642782000e+15,3.091069974473391600e+16
1.162130004882809999e+03,1.573986233546754880e+17,3.330622774117937200e+16,1.830054282358098389e+12,9.618479024974503906e+12,5.425170483807328906e+13,6.894698592185387500e+14,2.207841976869685500e+15,3.052635736158594400e+16
1.162514620267430018e+03,1.560209620236416960e+17,3.298192878444831600e+16,1.629457408697428955e+12,9.547688347069484375e+12,5.382370705238867188e+13,6.836538257287955000e+14,2.187525317799936500e+15,3.022689688771956400e+16
1.163119995117190001e+03,1.556135430644205120e+17,3.247892012364252800e+16,1.368210178087313232e+12,9.437382652041259766e+12,5.315765045107171094e+13,6.746141789769303750e+14,2.156000310422776250e+15,2.976244873970006400e+16
1.163369995117190001e+03,1.544133579077186880e+17,3.227119400939892400e+16,1.260323622049473877e+12,9.391830010123628906e+12,5.288259087369538281e+13,6.708811007215943750e+14,2.142981514139094000e+15,2.957064685521326800e+16
1.163909985351559953e+03,1.558622710741375040e+17,3.183209415024416400e+16,1.082508107530453613e+12,9.294892682267664062e+12,5.229833103194899219e+13,6.629659680976235000e+14,2.115444464947410250e+15,2.916525384800941200e+16
1.164609985351559999e+03,1.573310043392474880e+17,3.126728079956789200e+16,8.722678361794356689e+11,9.169905065965666016e+12,5.154549574243803125e+13,6.527736339993742500e+14,2.080015078824970000e+15,2.864381912962403600e+16
1.164849975585940001e+03,1.561939929820410880e+17,3.107656669989065200e+16,8.133769406162878418e+11,9.127502884671333984e+12,5.129042204104415625e+13,6.493246602103873750e+14,2.068046299147974750e+15,2.846776667552324400e+16
1.165599975585940001e+03,1.550435790550544960e+17,3.048436882336136000e+16,6.426613130545729980e+11,8.995580221667078125e+12,5.049724858858407031e+13,6.386053627972616250e+14,2.030873425889728750e+15,2.792111480088389600e+16
1.165839965820309999e+03,1.540184976860075840e+17,3.029790547428268800e+16,5.986459593697207031e+11,8.953836142413947266e+12,5.024660018436821094e+13,6.352224556318287500e+14,2.019162603656652500e+15,2.774900778733404000e+16
1.166339965820309999e+03,1.556633899743336960e+17,2.990942435635687200e+16,5.069435744781069336e+11,8.866865771801341797e+12,4.972439476031450000e+13,6.281744455861005000e+14,1.994764064558138250e+15,2.739043691881171200e+16
1.167079956054690001e+03,1.555552432238106880e+17,2.934660060605722400e+16,4.039938343330832520e+11,8.740046123892013672e+12,4.896423399931731250e+13,6.179324051452733750e+14,1.959389368172663250e+15,2.687100946012440000e+16
1.167329956054690001e+03,1.538983657049086080e+17,2.915672020431974800e+16,3.699301977323129883e+11,8.697242551286054688e+12,4.870769733485500000e+13,6.144763443236498750e+14,1.947454377935525500e+15,2.669577111449710800e+16
1.168079956054690001e+03,1.557839244010801920e+17,2.859900973819156800e+16,2.925109561977935791e+11,8.570715018085374023e+12,4.795065584235411719e+13,6.042945813875587500e+14,1.912371789435352250e+15,2.618113032173766800e+16
1.168569946289059999e+03,1.533118959414739840e+17,2.823838779889871600e+16,2.481655763681573181e+11,8.488647361672319336e+12,4.746002661009314844e+13,5.977012288068685000e+14,1.889677994311867000e+15,2.584837807511846400e+16
1.168819946289059999e+03,1.555219407438984960e+17,2.805702233064840000e+16,2.297072630316778259e+11,8.447194245738130859e+12,4.721248668189917969e+13,5.943783993468767500e+14,1.878258328243758250e+15,2.568104339624988800e+16
1.169185141601559963e+03,1.554857479308589120e+17,2.779208705523090000e+16,2.027437050031263428e+11,8.386640311227396484e+12,4.685088499616712500e+13,5.895244723747737500e+14,1.861576694170205250e+15,2.543660403488392000e+16
1.169809936523440001e+03,1.553197356192733760e+17,2.734588336375300000e+16,1.651070586255160522e+11,8.284177657710648438e+12,4.623976646935946094e+13,5.813310831880995000e+14,1.833463697635137500e+15,2.502495886724128800e+16
1.170309936523440001e+03,1.548427504083146880e+17,2.699146068974385600e+16,1.381845286098318176e+11,8.202608206782466797e+12,4.575354438728744531e+13,5.748159790861477500e+14,1.811126542585635500e+15,2.469800130272432800e+16
1.170800048828130002e+03,1.530141171138984960e+17,2.665082889301386800e+16,1.179476127930776825e+11,8.123753476010740234e+12,4.528421186170985156e+13,5.685366005355785000e+14,1.789640761549506750e+15,2.438380448705842000e+16
1.171050048828130002e+03,1.538481244209632000e+17,2.647770249702593600e+16,1.081925391296760559e+11,8.083632295942223633e+12,4.504548227963631250e+13,5.653434283734238750e+14,1.778718922537674000e+15,2.422411731972276800e+16
1.171550048828130002e+03,1.543157606351920960e+17,2.613410102991320000e+16,9.048550453936793518e+10,8.003824709829142578e+12,4.457088416434124219e+13,5.589989963146592500e+14,1.757035299472149000e+15,2.390720386453355600e+16
1.172540039062500000e+03,1.538529067465081920e+17,2.546687651192930000e+16,6.391011330597035980e+10,7.847959185326783203e+12,4.364534114647013281e+13,5.466443449883880000e+14,1.714892882734941500e+15,2.329188005773591600e+16
1.172790039062500000e+03,1.532338604172040960e+17,2.530171200323462800e+16,5.888509910703226471e+10,7.809149758448019531e+12,4.341522920824821875e+13,5.435772281165863125e+14,1.704451578695648750e+15,2.313958274755792400e+16
1.173040039062500000e+03,1.535823817538865920e+17,2.513654749453996000e+16,5.386008490809416962e+10,7.770340331569255859e+12,4.318511727002630469e+13,5.405101112447846250e+14,1.694010274656356000e+15,2.298728543737992800e+16
1.173433875450730056e+03,1.522430018183906880e+17,2.487711448131025200e+16,4.622822861042237091e+10,7.709328762086866211e+12,4.282343960678307031e+13,5.356904026118898125e+14,1.677607345016355000e+15,2.274806819545114800e+16
1.174280029296880002e+03,1.543233017367254080e+17,2.433121798233957600e+16,3.414060784011979675e+10,7.580166435402176758e+12,4.205893246125173438e+13,5.255181246119347500e+14,1.643059055502921500e+15,2.224477873911059200e+16
1.174532421874999955e+03,1.513213804098693760e+17,2.417063233935966400e+16,3.115428680751994324e+10,7.542018371922048828e+12,4.183336152625458594e+13,5.225197515426171875e+14,1.632889335746189750e+15,2.209674045380045600e+16
1.174770019531250000e+03,1.517933125210129920e+17,2.402096485850516400e+16,2.875797689934544373e+10,7.506360318043027344e+12,4.162266711975963281e+13,5.197211544917801875e+14,1.623406501881478500e+15,2.195877655018448000e+16
1.175270019531250000e+03,1.518836313101669760e+17,2.370600493167619200e+16,2.371518745016702271e+10,7.431321585671243164e+12,4.117928226104449219e+13,5.138317928393828750e+14,1.603450846564046000e+15,2.166844560628244400e+16
1.176010009765630002e+03,1.539389204604702720e+17,2.324921703540796000e+16,1.813501922831797028e+10,7.321856950995936523e+12,4.053341670343239062e+13,5.052653039382720000e+14,1.574480441638239250e+15,2.124743514686297200e+16
1.176510009765630002e+03,1.537402054532768960e+17,2.294356928871203200e+16,1.486697465780200195e+10,7.248406481160563477e+12,4.010034162152337500e+13,4.995251401935075000e+14,1.555086278488894750e+15,2.096574577545984800e+16
1.176865778996399968e+03,1.533361229535886720e+17,2.273000550465734000e+16,1.311432002570022011e+10,7.196816588551114258e+12,3.979654937895805469e+13,4.955037083968503750e+14,1.541522718914912000e+15,2.076894707289394000e+16
1.177481163611779948e+03,1.521815944228658880e+17,2.236198320332041200e+16,1.022875259942531395e+10,7.107820260390446289e+12,3.927262174510690625e+13,4.885700490359721875e+14,1.518144957893575500e+15,2.042982390654035200e+16
1.178000000000000000e+03,1.529425575111430080e+17,2.205800547862512000e+16,8.460649968619681358e+09,7.033880096746408203e+12,3.883795214259871094e+13,4.828258549165553125e+14,1.498815142254543250e+15,2.014975650329900800e+16
1.178384615384620020e+03,1.515830789953917120e+17,2.183266563709879200e+16,7.149948774881214142e+09,6.979067972684752930e+12,3.851572991580992188e+13,4.785676620050077500e+14,1.484485876525619000e+15,1.994214147385447600e+16
1.179000000000000000e+03,1.520705462455409920e+17,2.148081233488953600e+16,5.708930040101261139e+09,6.892889555724874023e+12,3.800996332370391406e+13,4.718951230348398750e+14,1.462083131722513750e+15,1.961802037965150000e+16
1.179239990234380002e+03,1.511103456403433920e+17,2.134359717237245600e+16,5.147109746577530861e+09,6.859281698027424805e+12,3.781272467868560938e+13,4.692929717493982500e+14,1.453346539889160500e+15,1.949162019074762800e+16
1.179989990234380002e+03,1.536827308642085760e+17,2.092316687950670000e+16,3.841550235784299850e+09,6.755733767350307617e+12,3.720583176786237500e+13,4.612970147148477500e+14,1.426549323209098750e+15,1.910438199126762400e+16
1.180489990234380002e+03,1.517136376784417920e+17,2.064564649696022000e+16,3.097218381607377529e+09,6.687192735633608398e+12,3.680438202327462500e+13,4.560113639537825000e+14,1.408851408149611500e+15,1.884878957336032000e+16
1.180979980468750000e+03,1.536436753896689920e+17,2.037894188535352800e+16,2.567262450278020382e+09,6.620961364580712891e+12,3.641696766242906250e+13,4.509172109789786250e+14,1.391825164842435500e+15,1.860319327052383200e+16
1.181306903545669911e+03,1.529627679011121920e+17,2.020099570165601600e+16,2.213674130451785564e+09,6.576771578551453125e+12,3.615848354171299219e+13,4.475183755573606875e+14,1.380465199969817500e+15,1.843933061904325200e+16
1.181922288161059896e+03,1.527246409781939840e+17,1.987319515490911600e+16,1.738451131305492401e+09,6.494878005802936523e+12,3.568013785468602344e+13,4.412375695176628125e+14,1.359513728754586750e+15,1.813752163576770000e+16
1.182479980468750000e+03,1.507788993562746880e+17,1.957830852973168400e+16,1.355817378064007044e+09,6.421056521013633789e+12,3.524915048576883594e+13,4.355813440237423125e+14,1.340658233979957750e+15,1.786603158597239000e+16
1.182617177734379993e+03,1.530275053989237760e+17,1.950724970011613600e+16,1.289207050518148661e+09,6.403165437895148438e+12,3.514483943758576953e+13,4.342142419313408750e+14,1.336109343740920500e+15,1.780062070527844600e+16
1.183239970703129984e+03,1.506260465201207040e+17,1.918468540374365600e+16,9.868362747508404255e+08,6.321950694158459961e+12,3.467133009267975391e+13,4.280084216709925000e+14,1.315460121298483250e+15,1.750369469593802000e+16
1.183969970703130002e+03,1.516340639029551040e+17,1.881407707327753600e+16,7.282229979636111259e+08,6.228125725851899414e+12,3.412500385442440625e+13,4.208575454110138750e+14,1.291708406300073000e+15,1.716259435281426400e+16
1.184219970703130002e+03,1.513517305799530880e+17,1.868779159371718800e+16,6.477904448978462219e+08,6.196110195413791016e+12,3.393864379147244922e+13,4.184190750582567500e+14,1.283612634150496500e+15,1.704636819463646600e+16
1.184719970703130002e+03,1.493840919752954880e+17,1.843941739490308800e+16,5.238105334070720673e+08,6.132854479369731445e+12,3.357082985094739062e+13,4.136115007595149375e+14,1.267674803020524250e+15,1.681780724046941200e+16
1.185209960937500000e+03,1.484383743983189120e+17,1.819804148890005600e+16,4.201187209289116859e+08,6.071239405606331055e+12,3.321274780105206641e+13,4.089336580104330000e+14,1.252178518122792750e+15,1.659570049835814600e+16
1.185709960937500000e+03,1.485561416825186880e+17,1.795572175681277600e+16,3.381839944293498397e+08,6.009108802228727539e+12,3.285204077213463672e+13,4.042264018208617500e+14,1.236606866010471750e+15,1.637275298029616800e+16
1.186209960937500000e+03,1.505950321246838080e+17,1.771554940741437600e+16,2.691080483941382170e+08,5.947378457226905273e+12,3.249385973586549609e+13,3.995547715302210625e+14,1.221165118585837750e+15,1.615179633906332200e+16
1.186459960937500000e+03,1.506393339513928000e+17,1.759636386558036200e+16,2.450023289943750203e+08,5.916682644465192383e+12,3.231583523147619531e+13,3.972339545897306875e+14,1.213498767544827250e+15,1.604215290592397600e+16
1.187209960937500000e+03,1.500935111726854080e+17,1.724511466772712200e+16,2.457456679763941765e+08,5.825781288037490234e+12,3.178922736255779688e+13,3.903765411208631875e+14,1.190881554589723000e+15,1.571906959761640600e+16
1.187680720402649968e+03,1.501641701875548800e+17,1.702812024859841200e+16,2.197278883607221246e+08,5.769384069074880859e+12,3.146282807607423047e+13,3.861304143547128750e+14,1.176895880597564500e+15,1.551950005253953000e+16
1.187969181941110037e+03,1.500519979920336960e+17,1.689641631011195800e+16,1.941807573420009017e+08,5.735065465083408203e+12,3.126432630002297266e+13,3.835496476888387500e+14,1.168402453358001250e+15,1.539838113035580400e+16
1.188449951171880002e+03,1.484291406356075840e+17,1.667765734365970200e+16,1.573969783203378320e+08,5.678010857929983398e+12,3.093438591678407422e+13,3.792609148244770000e+14,1.154292073105311500e+15,1.519720909879322400e+16
1.189199951171880002e+03,1.501308241636490880e+17,1.634385784092494200e+16,1.578729331016454101e+08,5.590434133231628906e+12,3.042862424890419922e+13,3.726957478380902500e+14,1.132732501208134500e+15,1.489029846675259400e+16
1.189449951171880002e+03,1.503494248217925760e+17,1.623332282643493600e+16,1.580316812765150368e+08,5.561383096876126953e+12,3.026091907209479688e+13,3.705196807389305625e+14,1.125590371954847000e+15,1.478867273526868600e+16
1.189949951171880002e+03,1.489604890739185920e+17,1.601641965040630200e+16,1.583497277926434875e+08,5.504085388171408203e+12,2.993053322078843750e+13,3.662377372214775000e+14,1.111559004319641625e+15,1.458928237628895000e+16
1.190439941406250000e+03,1.486379536542770880e+17,1.580446409350019200e+16,1.554451132372809350e+08,5.448052618026394531e+12,2.960749597802207031e+13,3.620517523886385000e+14,1.097845310535455375e+15,1.439444454081671600e+16
1.190939941406250000e+03,1.492878470430249920e+17,1.559306827386014000e+16,1.265004556503089964e+08,5.391827279309189453e+12,2.928379224648381250e+13,3.578629404028808750e+14,1.084148508487029750e+15,1.420015669053258200e+16
1.191439941406250000e+03,1.488896581288914880e+17,1.538226448578067600e+16,1.007593493009672463e+08,5.335718215185769531e+12,2.896081128381324609e+13,3.536841789831720625e+14,1.070487707740522375e+15,1.400641726965228800e+16
1.191939941406250000e+03,1.498454133931970880e+17,1.517625512793733600e+16,1.009614593933174163e+08,5.280550773883236328e+12,2.864368349712800781e+13,3.495868097407765000e+14,1.057118455184934000e+15,1.381711917705783600e+16
1.192439941406250000e+03,1.497860716105616960e+17,1.497082469129432200e+16,1.011636211696756333e+08,5.225498010438993164e+12,2.832726684952128125e+13,3.454993070733216875e+14,1.043784443721074000e+15,1.362835728692652000e+16
1.192968787560100054e+03,1.500287803817816960e+17,1.475850123419706400e+16,1.013778888235588819e+08,5.168251396441615234e+12,2.799868663985736719e+13,3.412604988527270625e+14,1.029983019081869875e+15,1.343329811694741800e+16
1.193189941406250000e+03,1.506451442114200000e+17,1.466971142486770400e+16,1.014674916606350988e+08,5.144311903316038086e+12,2.786128037036498438e+13,3.394879063241590625e+14,1.024211514232892625e+15,1.335172791859456200e+16
1.193930053710940001e+03,1.483146192654396160e+17,1.437818161160648600e+16,1.017678686864589155e+08,5.065317652564040039e+12,2.740837570729075391e+13,3.336518094313499375e+14,1.005238728915013875e+15,1.308394416990459800e+16
1.194064669095560021e+03,1.480259180262232000e+17,1.432552205559762200e+16,1.018225361504917294e+08,5.051022771840283203e+12,2.732645069471769531e+13,3.325965620237074375e+14,1.001810128081451875e+15,1.303557665537427000e+16
1.194930053710940001e+03,1.475377612359303040e+17,1.399248363210472400e+16,8.108868868792498112e+07,4.960232726200364258e+12,2.680661398434573047e+13,3.259070899503123750e+14,9.801039046232296250e+14,1.272972340537026800e+16
1.195430053710940001e+03,1.481870146067817920e+17,1.380236799087110400e+16,6.368638076188038290e+07,4.908241753525802734e+12,2.650913575886807422e+13,3.220817142623853750e+14,9.677032872725786250e+14,1.255514380656944400e+16
1.196045438326319982e+03,1.478594471888585920e+17,1.357388834257101600e+16,6.384256156722997874e+07,4.845372230076615234e+12,2.614990183481431641e+13,3.174685676260483750e+14,9.527774844629042500e+14,1.234537648978481800e+16
1.196430053710940001e+03,1.487495210874440000e+17,1.343152182789782600e+16,6.394020094045731425e+07,4.806167557804173828e+12,2.592592610874814844e+13,3.145928531512318750e+14,9.434753553382010000e+14,1.221467295114265400e+16
1.196680053710940001e+03,1.474891785372426240e+17,1.334110537925662200e+16,6.400379567151868343e+07,4.781119293266789062e+12,2.578301319167257812e+13,3.127603783494465625e+14,9.375587354862910000e+14,1.213167959460203000e+16
1.197370053710940056e+03,1.482992031087053760e+17,1.309155598100688200e+16,6.417931712924806029e+07,4.711986083143600586e+12,2.538857354054396484e+13,3.077027478965186875e+14,9.212288646950180000e+14,1.190261793054988800e+16
1.198093515249400070e+03,1.473293644295981120e+17,1.283655926458607200e+16,6.436376507789937407e+07,4.640875286467539062e+12,2.498343508038460938e+13,3.025155367389107500e+14,9.045145738543388750e+14,1.166860640590855200e+16
1.198360053710940065e+03,1.478518153128787840e+17,1.274266477492055200e+16,6.443172280428291112e+07,4.614687248211840820e+12,2.483423899300336719e+13,3.006053572036336875e+14,8.983598412106443750e+14,1.158243945079306400e+16
1.198930053710940001e+03,1.463366652334552960e+17,1.254686927171146600e+16,6.457737125488463044e+07,4.559725271484912109e+12,2.452155210681288281e+13,2.966076676069498750e+14,8.855043813441355000e+14,1.140279590694040800e+16
1.199430053710940001e+03,1.481126122685683840e+17,1.237572326359834400e+16,6.470517222215469927e+07,4.511639647231978516e+12,2.424803886664678516e+13,2.931115010957106875e+14,8.742647566260560000e+14,1.124577306027699400e+16
1.199680053710940001e+03,1.489501134337935040e+17,1.229218828037920400e+16,6.476920580693811178e+07,4.488024996661332031e+12,2.411389561196550391e+13,2.913991348084043750e+14,8.687700746484743750e+14,1.116914706100738200e+16
1.200420043945309999e+03,1.466739130574339840e+17,1.204523471002516400e+16,6.406682916984814405e+07,4.418191523705748047e+12,2.371723252701058203e+13,2.863359945620370625e+14,8.525248883932226250e+14,1.094262079669052800e+16
1.200420043945309999e+03,1.457384222857278720e+17,1.204523471002516400e+16,6.406682916984814405e+07,4.418191523705748047e+12,2.371723252701058203e+13,2.863359945620370625e+14,8.525248883932226250e+14,1.094262079669052800e+16
1.201170043945309999e+03,1.465025788496092800e+17,1.180119138148671000e+16,4.517814565728043020e+07,4.348737486981724121e+12,2.332326819856552344e+13,2.813143557900811875e+14,8.364442682127380000e+14,1.071881202448850000e+16
1.201420043945309999e+03,1.455816580756774080e+17,1.172014305725715000e+16,3.977035282525328547e+07,4.325650094971501465e+12,2.319233544840419141e+13,2.796457668222618125e+14,8.311024985656611250e+14,1.064448603005819800e+16
1.202141197791459945e+03,1.471294663797144000e+17,1.149164581988729200e+16,3.988351053517608345e+07,4.260182909833491211e+12,2.282151910935180078e+13,2.749260975757155938e+14,8.160196195985080000e+14,1.043498180666253800e+16
1.202620043945310044e+03,1.459700879503605120e+17,1.134188356636453200e+16,3.995873113410136104e+07,4.217134704238002930e+12,2.257785653943182422e+13,2.718270051782868438e+14,8.061254328527827500e+14,1.029768316903750000e+16
1.203170043945309999e+03,1.453141618781173120e+17,1.117220223541217200e+16,4.004522901285795867e+07,4.168192492505767090e+12,2.230103606922705859e+13,2.683088225428404688e+14,7.949049824379076250e+14,1.014214147508137200e+16
1.203420043945309999e+03,1.461773903632167040e+17,1.109535966060977400e+16,4.008455874076683819e+07,4.146007964495737305e+12,2.217558342731893359e+13,2.667147303968308750e+14,7.898223949375523750e+14,1.007170445099418200e+16
1.203937901088170065e+03,1.475840563631672960e+17,1.093980909932830200e+16,4.016618634343533218e+07,4.100840833363314941e+12,2.192047776206576562e+13,2.634772209187709062e+14,7.795179166423722500e+14,9.929148756690610000e+15
1.204420043945309999e+03,1.460940702704128960e+17,1.079526458255443400e+16,4.024219696646883339e+07,4.058849604842354980e+12,2.168333360859738672e+13,2.604679673792233750e+14,7.699413100551791250e+14,9.796681822784728000e+15
1.204920043945309999e+03,1.478997021912104960e+17,1.064904867010631600e+16,4.032118824548957497e+07,4.016108920382671387e+12,2.144227337920456641e+13,2.574131129757114062e+14,7.602377231758980000e+14,9.662711943173868000e+15
1.205480043945309944e+03,1.458395420098888000e+17,1.048602344886237000e+16,4.040969239837429672e+07,3.968401849835672852e+12,2.117326545544631250e+13,2.540049037387888750e+14,7.494153285276287500e+14,9.513346359554900000e+15
1.205990043945309935e+03,1.459420559636902720e+17,1.034083518584402000e+16,4.049044549065439403e+07,3.925678166132257324e+12,2.093263935641991406e+13,2.509599207153232812e+14,7.397624419623078750e+14,9.380349035809934000e+15
1.206420043945309999e+03,1.463274382355808960e+17,1.021868658648937200e+16,4.055854394108035415e+07,3.889715173888924316e+12,2.073011309693724219e+13,2.483973610018607188e+14,7.316401746200843750e+14,9.268458903346238000e+15
1.206930053710940001e+03,1.455927026390205760e+17,1.007735114859174400e+16,4.063948056804031879e+07,3.847848064930647949e+12,2.049464051203410547e+13,2.454218412979904062e+14,7.222262790487822500e+14,9.139021239950094000e+15
1.207680053710940001e+03,1.460333602254309760e+17,9.871684843395498000e+15,4.075860802832915634e+07,3.786767713932121094e+12,2.015129248004621875e+13,2.410855568763260312e+14,7.085177748828722500e+14,8.950685343891299000e+15
1.207930053710940001e+03,1.442554437856548800e+17,9.804247691801788000e+15,4.079837129234278947e+07,3.766658265001920410e+12,2.003834820457716797e+13,2.396603755346202188e+14,7.040177541052575000e+14,8.888939691758430000e+15
1.208430053710940001e+03,1.466422436965081920e+17,9.669697540239070000e+15,4.087791390137542784e+07,3.726512605550568848e+12,1.981289853945191797e+13,2.368159057862079375e+14,6.950378849486885000e+14,8.765747752195268000e+15
1.209090053710940083e+03,1.456034384415444800e+17,9.496410529566838000e+15,4.098312441819575429e+07,3.674496207275457520e+12,1.952115295756335938e+13,2.331397266954916250e+14,6.834532467213250000e+14,8.607123305642951000e+15
1.209180053710940001e+03,1.469239889997144000e+17,9.472780482657012000e+15,4.099747130685306340e+07,3.667403062056131348e+12,1.948136946912405078e+13,2.326384295467580938e+14,6.818735233266862500e+14,8.585492699294930000e+15
1.209910822941709966e+03,1.450216610289081920e+17,9.284600928175472000e+15,3.219479929756654054e+07,3.610649092087950684e+12,1.916336489475813672e+13,2.286353961669353125e+14,6.692766149321480000e+14,8.413265190667511000e+15
1.209930053710940001e+03,1.464936514452157120e+17,9.279686662102374000e+15,3.187167564387341961e+07,3.609164180978130859e+12,1.915504787660155469e+13,2.285307436959097500e+14,6.689474752392917500e+14,8.408767815634596000e+15
1.210180053710940001e+03,1.461976611815641920e+17,9.215801203149678000e+15,2.767106814570239186e+07,3.589860336549734863e+12,1.904692664056183203e+13,2.271702615725254375e+14,6.646686592319975000e+14,8.350301940204475000e+15
1.211430053710940001e+03,1.448798557131320960e+17,8.903822205083666000e+15,2.432614752602550760e+07,3.495051225937979492e+12,1.851652852122434375e+13,2.205043957388667812e+14,6.437396521355263750e+14,8.064848440419666000e+15
1.211699284480170036e+03,1.453851303811154880e+17,8.838659216880959000e+15,2.435156122461321205e+07,3.475100426708914551e+12,1.840508795180419531e+13,2.191060553645824688e+14,6.393589472363721250e+14,8.005242118137597000e+15
1.211930053710940001e+03,1.448937453006551040e+17,8.782805226992594000e+15,2.437334439483137429e+07,3.457999741655329590e+12,1.830956746372921875e+13,2.179074779009030938e+14,6.356040573227891250e+14,7.954150984752663000e+15
1.213189941406250000e+03,1.423044857222283840e+17,8.483102391553201000e+15,2.449243882362350449e+07,3.365858259427734863e+12,1.779532754302056641e+13,2.114605321141781250e+14,6.154320003370542500e+14,7.680046901920512000e+15
1.213401479867789931e+03,1.432752618297911840e+17,8.433382561655302000e+15,2.451245458221069723e+07,3.350527780181540527e+12,1.770981956782957031e+13,2.103891888445968125e+14,6.120827247156533750e+14,7.634578729343795000e+15
1.213536095252399946e+03,1.446937703804294720e+17,8.402529154244509000e+15,2.452521792846200243e+07,3.340956802763413574e+12,1.765650235663217188e+13,2.097220193465361562e+14,6.100007224317807500e+14,7.606370028124279000e+15
1.214689941406250000e+03,1.435957268617988960e+17,8.139954724856680000e+15,2.463468202838616446e+07,3.259365765456031250e+12,1.720214002176394531e+13,2.040385158584845000e+14,5.922733806309097500e+14,7.366318317813003000e+15
1.214689941406250000e+03,1.428891457478252800e+17,8.139954724856680000e+15,2.463468202838616446e+07,3.259365765456031250e+12,1.720214002176394531e+13,2.040385158584845000e+14,5.922733806309097500e+14,7.366318317813003000e+15
1.215439941406250000e+03,1.419696031558148800e+17,7.973019780344788000e+15,2.470596100457798690e+07,3.207217327138045898e+12,1.691205225178016992e+13,2.004139217768236875e+14,5.809856523432646250e+14,7.213732886768229000e+15
1.215439941406250000e+03,1.434164447755671040e+17,7.973019780344788000e+15,2.470596100457798690e+07,3.207217327138045898e+12,1.691205225178016992e+13,2.004139217768236875e+14,5.809856523432646250e+14,7.213732886768229000e+15
1.215939941406250000e+03,1.429003954142188000e+17,7.864518576483049000e+15,2.475357754503839090e+07,3.173117071894222168e+12,1.672259608217427930e+13,1.980497022822087500e+14,5.736361155187817500e+14,7.114581001431230000e+15
1.216659951171880039e+03,1.433423162770600000e+17,7.709887291644164000e+15,2.482220398341535404e+07,3.124399731749328613e+12,1.645206462646127734e+13,1.946754746765533125e+14,5.631543657939587500e+14,6.973287102142327000e+15
1.217039951171879920e+03,1.435411341175392960e+17,7.629654933698306000e+15,2.485847228146426007e+07,3.099019327235931641e+12,1.631124149681890039e+13,1.929205348346960312e+14,5.577093035651404375e+14,6.899986349860030000e+15
1.217449951171880002e+03,1.430884830940482720e+17,7.543459658448068000e+15,2.489761749566659331e+07,3.071725135825596680e+12,1.615983080109546484e+13,1.910340496939475938e+14,5.518578274641831875e+14,6.821240874541034000e+15
1.218199951171880002e+03,1.434658935331167840e+17,7.389391873572372000e+15,2.496935700997678936e+07,3.022670431913578613e+12,1.588800963703451758e+13,1.876511948582479062e+14,5.413818248786183750e+14,6.680518660195808000e+15
1.218709566556500022e+03,1.419584626006977120e+17,7.286511676713203000e+15,2.501817118164533377e+07,2.989779445135750977e+12,1.570590571648071484e+13,1.853868134750539688e+14,5.343779090395695625e+14,6.586564898163558000e+15
1.218949951171880002e+03,1.420211031115940960e+17,7.238469158465227000e+15,2.504121504426967725e+07,2.974383429658814941e+12,1.562070546285816406e+13,1.843279122635462188e+14,5.311049358725910000e+14,6.542694856419490000e+15
1.219709960937500000e+03,1.429156922642356960e+17,7.088338277736374000e+15,2.511413962605032697e+07,2.926140187911976562e+12,1.535387865790636133e+13,1.810135649125553750e+14,5.208687436757215000e+14,6.405617274960887000e+15
1.219959960937500000e+03,1.436532425369050880e+17,7.039729775692791000e+15,2.513815768532184884e+07,2.910461762223797852e+12,1.526722883540595312e+13,1.799380925071550000e+14,5.175508372091405625e+14,6.361241546487490000e+15
1.220709960937500000e+03,1.409327951013737760e+17,6.895620829903340000e+15,2.521028002779989690e+07,2.863851843039536133e+12,1.500977347916451953e+13,1.767444572989733125e+14,5.077061884531200000e+14,6.229695592281791000e+15
1.220989960937499973e+03,1.423915653543487040e+17,6.842658303930090000e+15,2.523723898517277464e+07,2.846658496582333008e+12,1.491487461574101562e+13,1.755681733343916562e+14,5.040841089807685625e+14,6.181357172506668000e+15
1.221209960937500000e+03,1.419847336463328000e+17,6.801044890665383000e+15,2.525842102310860902e+07,2.833149438651670898e+12,1.484031122305110352e+13,1.746439502193630312e+14,5.012381893953490000e+14,6.143376985540491000e+15
1.221859970703130102e+03,1.413563810434165920e+17,6.680537920932250000e+15,2.532110487947075441e+07,2.793845769178412109e+12,1.462357801493355664e+13,1.719601081826909375e+14,4.929852163586035000e+14,6.033411553878757000e+15
1.222469970703130002e+03,1.402156328249208960e+17,6.568719258849915000e+15,2.537998265682241321e+07,2.757279394823569824e+12,1.442204600263179297e+13,1.694658656298281875e+14,4.853211800514166875e+14,5.931385031693484000e+15
1.222864201472360037e+03,1.409218324645158880e+17,6.498153085135030000e+15,2.541810534355111048e+07,2.734074858274624512e+12,1.429429857938407227e+13,1.678866191708919688e+14,4.804764831866845625e+14,5.867012590574070000e+15
1.223479980468750000e+03,1.408032663260442880e+17,6.388393880938180000e+15,2.438697059540357441e+07,2.697947365882174805e+12,1.409544530404964844e+13,1.654288345209961875e+14,4.729387953921303125e+14,5.766891019278150000e+15
1.223979980468750000e+03,1.410219844453644800e+17,6.301334747410458000e+15,1.869456483675462753e+07,2.669135344490871582e+12,1.393703034915620312e+13,1.634730504983825938e+14,4.669501653945630625e+14,5.687493505116507000e+15
1.224479980468750000e+03,1.417194369089487040e+17,6.214726894320826000e+15,1.408873689928707294e+07,2.640438518521931641e+12,1.377928634394757031e+13,1.615260270420858438e+14,4.609904232760188125e+14,5.608511315630408000e+15
1.224979980468750000e+03,1.396745134485878080e+17,6.130043056581226000e+15,1.411548824180038646e+07,2.612232823437851074e+12,1.362440290477219727e+13,1.596163538953658125e+14,4.551538434263850625e+14,5.531299845598439000e+15
1.225229980468750000e+03,1.426532292196480000e+17,6.087701137711426000e+15,1.412886391305704229e+07,2.598129975895811035e+12,1.354696118518451172e+13,1.586615173220057812e+14,4.522355535015681875e+14,5.492694110582455000e+15
1.225989990234380002e+03,1.403806221655617120e+17,5.961778396224558000e+15,1.416959635563707352e+07,2.555976346867253418e+12,1.331571963186945312e+13,1.558133224733728750e+14,4.435433062356328125e+14,5.377905959968532000e+15
1.226489990234380002e+03,1.398106863239463040e+17,5.879880061388108000e+15,1.419641757646767981e+07,2.528487819706142090e+12,1.316500532205196289e+13,1.539579822903133438e+14,4.378854282217831250e+14,5.303257363941702000e+15
1.226989990234380002e+03,1.398326677639172000e+17,5.799760401098797000e+15,1.422328441591187753e+07,2.501460023907139160e+12,1.301696579558862695e+13,1.521374538991642188e+14,4.323418390001766875e+14,5.230244968294852000e+15
1.227384615384620020e+03,1.407814097290171040e+17,5.736525935141099000e+15,1.424448907701615803e+07,2.480128327951462891e+12,1.290012555484451953e+13,1.507006013194173438e+14,4.279665595412859375e+14,5.172619913091808000e+15
1.227750000000000000e+03,1.395468135976956960e+17,5.679577035099225000e+15,1.426416468843249977e+07,2.460794744774163574e+12,1.279436272716618164e+13,1.494016594692435938e+14,4.240184840650536875e+14,5.120736272045076000e+15
1.228059999999999945e+03,1.379422290753374880e+17,5.631261767351304000e+15,1.428085792768239044e+07,2.444392085328272949e+12,1.270463340156940430e+13,1.482996369368480000e+14,4.206689424237120000e+14,5.076718365993265000e+15
1.228375000000000000e+03,1.392211373503139840e+17,5.582167221091303000e+15,1.429782041272664070e+07,2.427724866859055664e+12,1.261345682878554883e+13,1.471798398474779062e+14,4.172653759171861250e+14,5.031990493714796000e+15
1.229260009765630002e+03,1.383868510343325920e+17,5.447967196503143000e+15,1.434557848153067753e+07,2.381878720989143555e+12,1.236297011268627930e+13,1.441073828868804688e+14,4.079436997892028750e+14,4.909758188952904000e+15
1.229760009765630002e+03,1.395758573938145120e+17,5.373730483592119000e+15,1.437260409367035329e+07,2.356395891022968750e+12,1.222387277493971289e+13,1.424028850203920312e+14,4.027794853480530000e+14,4.842155113231397000e+15
1.230270019531250000e+03,1.402715908330955040e+17,5.298537045736101000e+15,1.440018546397439949e+07,2.330543067473544922e+12,1.208280060067768359e+13,1.406747536160655938e+14,3.975461015468823750e+14,4.773685362073383000e+15
1.230520019531250000e+03,1.390843760358096960e+17,5.262224077119145000e+15,1.441372107333322614e+07,2.318015900338959473e+12,1.201448850713339062e+13,1.398385050967451094e+14,3.950161096941249375e+14,4.740624059671343000e+15
1.231020019531250000e+03,1.402685410997645760e+17,5.190527609657662000e+15,1.444081883616480045e+07,2.293209393802520020e+12,1.187929399018849023e+13,1.381844977016376719e+14,3.900163077903838125e+14,4.675355669334529000e+15
1.231270019531250000e+03,1.380685275708645120e+17,5.154679375926920000e+15,1.445436771758058667e+07,2.280806140534300293e+12,1.181169673171604102e+13,1.373574940040839688e+14,3.875164068385131875e+14,4.642721474166123000e+15
1.232280029296880002e+03,1.375368224983933920e+17,5.013372287816583000e+15,1.450920904237398133e+07,2.231642118510810059e+12,1.154404771936641992e+13,1.340866967854437500e+14,3.776451411535105000e+14,4.514113361196668000e+15
1.232530029296880002e+03,1.378653147609804960e+17,4.979062869577856000e+15,1.452280352156130597e+07,2.219653177902706055e+12,1.147883551086094727e+13,1.332904735045804375e+14,3.752451387980212500e+14,4.482892931120227500e+15
1.233290039062500000e+03,1.374351496973617920e+17,4.875982456097809000e+15,1.456416809537551738e+07,2.183536723532792725e+12,1.128248793950924219e+13,1.308944212806458281e+14,3.680284387060548125e+14,4.389103722159050500e+15
1.233790039062500000e+03,1.390680408107945760e+17,4.809676276473877000e+15,1.459142802503001317e+07,2.160187250825304443e+12,1.115567388642404102e+13,1.293484762579776875e+14,3.633789468260663750e+14,4.328786926347887000e+15
1.234040039062500000e+03,1.392554884481907680e+17,4.776700047097614000e+15,1.460506346838192642e+07,2.148560690406752686e+12,1.109254349638075195e+13,1.285790649420968125e+14,3.610657191345083125e+14,4.298790952736947000e+15
1.234482741135820106e+03,1.378479655155672960e+17,4.718659831074524000e+15,1.462922050427567959e+07,2.128069492549308105e+12,1.098130904341078320e+13,1.272237491897713281e+14,3.569925598223595000e+14,4.245999194904401500e+15
1.235226548414970011e+03,1.385828136010175840e+17,4.623244307426720000e+15,1.466987489834330790e+07,2.094217483397246338e+12,1.079772259064861523e+13,1.249890856304590625e+14,3.502861209844023750e+14,4.159229931520583500e+15
1.235559936523440001e+03,1.385222173289037760e+17,4.581094378403524000e+15,1.468811713027665764e+07,2.079214863226809082e+12,1.071641170698390039e+13,1.239999938444495625e+14,3.473205160906924375e+14,4.120904774065886500e+15
1.236059936523440001e+03,1.378226544580433920e+17,4.518717966611916000e+15,1.471550339688850194e+07,2.056946166276942139e+12,1.059579094101815430e+13,1.225336120556986719e+14,3.429276351884765625e+14,4.064195796135655000e+15
1.236309936523440001e+03,1.377592066482728960e+17,4.487529760716112000e+15,1.472919653019442409e+07,2.045811817802008545e+12,1.053548055803527930e+13,1.218004211613232188e+14,3.407311947373686250e+14,4.035841307170539000e+15
1.236819946289059999e+03,1.380286514289772960e+17,4.425397211142526500e+15,1.475718123274879344e+07,2.023512568172910889e+12,1.041481877741166602e+13,1.203351030178947344e+14,3.363481505568885000e+14,3.979366822032765000e+15
1.237550715519829964e+03,1.369051569269296960e+17,4.337292684405495000e+15,1.479731072950231284e+07,1.991818684770487305e+12,1.024339977265546094e+13,1.182543592661838594e+14,3.301283821397562500e+14,3.899293450231203000e+15
1.237945340670069982e+03,1.347914198788800000e+17,4.290733743663767500e+15,1.481901638793610223e+07,1.974988955348630615e+12,1.015246020574388477e+13,1.171515744289727188e+14,3.268364887723251250e+14,3.856987383635414000e+15
1.238079956054690001e+03,1.362047855178473760e+17,4.274851457115036000e+15,1.482642066907915100e+07,1.969247961654244629e+12,1.012143870402374805e+13,1.167753900805498906e+14,3.257135509881638750e+14,3.842555846712112500e+15
1.239089965820309999e+03,1.363950199558152800e+17,4.157977422280204000e+15,1.488205577157689072e+07,1.926819627122030518e+12,9.892368094722203125e+12,1.139999449546441875e+14,3.174388131121581250e+14,3.736377239720425500e+15
1.239339965820309999e+03,1.358126764877776160e+17,4.129293701021051500e+15,1.489583541062338836e+07,1.916386844059377930e+12,9.836062281093195312e+12,1.133179980595179219e+14,3.154067578120866250e+14,3.710320586920225500e+15
1.239819965820310017e+03,1.375927518776346080e+17,4.075595238841122000e+15,1.492234247430813685e+07,1.896746297582640137e+12,9.730176952704289062e+12,1.120370071131349062e+14,3.115957741421811250e+14,3.661552078412194500e+15
1.240099975585940001e+03,1.350383044424515040e+17,4.044353017964795500e+15,1.493780849570578523e+07,1.885312483406930908e+12,9.668542503746488281e+12,1.112914478345995781e+14,3.093780906593749375e+14,3.633178880135506000e+15
1.240849975585940001e+03,1.356161517318220000e+17,3.962100459948018500e+15,1.497928750303879008e+07,1.855096026913489014e+12,9.505778981475923828e+12,1.093240782515931406e+14,3.035324318685680625e+14,3.558492051615714500e+15
1.241359985351559999e+03,1.347355878647859840e+17,3.906763284138043000e+15,1.500751611273975112e+07,1.834718818270363525e+12,9.396065905957613281e+12,1.079985765187270312e+14,2.995966366567096250e+14,3.508250118567091500e+15
1.242017993164060044e+03,1.336660822536863040e+17,3.837260280324555500e+15,1.504400925819873251e+07,1.808973416091236084e+12,9.257608336935128906e+12,1.063277762819315781e+14,2.946439187891173125e+14,3.445163079001773000e+15
1.242369995117190001e+03,1.327619977251008000e+17,3.800119557098041500e+15,1.506353284540634789e+07,1.795212401519620850e+12,9.183605662322519531e+12,1.054348112469798594e+14,2.919971023438040625e+14,3.411451247390208000e+15
1.242706533578729932e+03,1.347422607291394880e+17,3.765545363291691000e+15,1.508223581898215413e+07,1.782327031668127441e+12,9.114390304418914062e+12,1.046005909127532500e+14,2.895285385509074375e+14,3.380077110473031000e+15
1.243130004882809999e+03,1.345424346921497760e+17,3.722094992292256000e+15,1.510577222024176829e+07,1.766129085894426758e+12,9.027385728694929688e+12,1.035520240901922031e+14,2.864259441895946875e+14,3.340648830535115000e+15
1.243630004882809999e+03,1.333698268682903840e+17,3.671485282136944500e+15,1.513359029746987112e+07,1.747206197796803223e+12,8.925802713131113281e+12,1.023284847140243594e+14,2.828086814206242500e+14,3.294729957241816500e+15
1.244140014648440001e+03,1.348368456379512000e+17,3.620597902560885000e+15,1.516199525102830678e+07,1.728119233492790283e+12,8.823401263471380859e+12,1.010958654986565781e+14,2.791678577282932812e+14,3.248565632560276500e+15
1.244900024414059999e+03,1.349025155802565920e+17,3.546182769732873500e+15,1.520438327654675581e+07,1.700092512623644043e+12,8.673157058692399414e+12,9.928883887342664062e+13,2.738366305895389688e+14,3.181069597042015500e+15
1.245150024414059999e+03,1.328660015017485920e+17,3.521926053980394000e+15,1.521833581128577329e+07,1.690938466914090576e+12,8.624103413703274414e+12,9.869909324851681250e+13,2.720977107739345625e+14,3.159070231144533000e+15
1.245400024414059999e+03,1.315969227671377920e+17,3.497709564274382000e+15,1.523229007844389416e+07,1.681796326514939209e+12,8.575116948386182617e+12,9.811019737957103125e+13,2.703614735580265000e+14,3.137107698944684500e+15
1.246410034179690001e+03,1.326020356436328800e+17,3.402478285172532000e+15,1.509022112933161668e+07,1.645632617527142090e+12,8.381559596150234375e+12,9.578605478840807812e+13,2.635206909728099688e+14,3.050762856310946500e+15
1.246410034179690001e+03,1.307245193407862080e+17,3.402478285172532000e+15,1.509022112933161668e+07,1.645632617527142090e+12,8.381559596150234375e+12,9.578605478840807812e+13,2.635206909728099688e+14,3.050762856310946500e+15
1.246920043945309999e+03,1.319166640922349920e+17,3.355684538910189000e+15,1.107597138897322118e+07,1.627757062519207520e+12,8.285994086023808594e+12,9.463990553082681250e+13,2.601528545742436250e+14,3.008346958326611500e+15
1.247680053710940001e+03,1.329712329124015040e+17,3.286699551642617000e+15,7.424456378615040332e+06,1.601343054832200439e+12,8.144843607867179688e+12,9.294782197910296875e+13,2.551841267794085000e+14,2.945822490400484500e+15
1.248180053710940001e+03,1.309031113567028800e+17,3.242089054232971000e+15,7.438028181398876011e+06,1.584197751790438721e+12,8.053288782344681641e+12,9.185109854286606250e+13,2.519670772399842188e+14,2.905396669167982500e+15
1.248180053710940001e+03,1.320833086522684960e+17,3.242089054232971000e+15,7.438028181398876011e+06,1.584197751790438721e+12,8.053288782344681641e+12,9.185109854286606250e+13,2.519670772399842188e+14,2.905396669167982500e+15
1.249189941406250000e+03,1.316264595913190880e+17,3.153966031238841500e+15,7.465484973403026350e+06,1.550166066038727539e+12,7.871728933795908203e+12,8.967829069748568750e+13,2.456022064940852812e+14,2.825557390727464000e+15
1.249603797325730056e+03,1.325388485108688960e+17,3.118582879931605500e+15,7.476753723289778456e+06,1.536441255509701416e+12,7.798568545869922852e+12,8.880351389951829688e+13,2.430429033024644375e+14,2.793506761274313500e+15
1.249949951171880002e+03,1.296499741433932960e+17,3.089378243682018000e+15,7.486188112714961171e+06,1.525080299796225586e+12,7.738042112783288086e+12,8.808021490343967188e+13,2.409285057607718750e+14,2.767056214908673500e+15
1.250459960937500000e+03,1.311087563360967840e+17,3.046523648184513500e+15,7.500092550397411920e+06,1.508394873548020508e+12,7.649163888762037109e+12,8.701829105250756250e+13,2.378249804274299375e+14,2.728244481099765500e+15
1.250969970703130002e+03,1.298065555554905920e+17,3.004680946552349000e+15,7.514021190452401526e+06,1.492019115331935059e+12,7.562021131353523438e+12,8.597816723221537500e+13,2.347896140450655938e+14,2.690358136530826000e+15
1.251469970703130002e+03,1.287940602768350880e+17,2.963851685037160500e+15,7.527681185523767024e+06,1.476023969833894775e+12,7.476920086022887695e+12,8.496261465165820312e+13,2.318267943900076562e+14,2.653391105899901500e+15
1.251979980468750000e+03,1.301586310130884960e+17,2.923162468576718500e+15,7.541638193675265647e+06,1.460003553953058594e+12,7.391766090104501953e+12,8.394743854277773438e+13,2.288692799577332500e+14,2.616559369263647000e+15
1.252143442007210069e+03,1.298742460708577920e+17,2.910121302760465500e+15,7.546111508067530580e+06,1.454868903593044189e+12,7.364473665297850586e+12,8.362206781509417188e+13,2.279213768160556875e+14,2.604754551511972500e+15
1.253038067157460091e+03,1.285722804384620960e+17,2.840183179746478000e+15,7.570630280945274048e+06,1.427212315910270020e+12,7.217591428587062500e+12,8.187249691625046875e+13,2.228306288405924688e+14,2.541459516931896000e+15
1.253500000000000000e+03,1.275184345770550880e+17,2.804591356994409000e+15,7.583303692256564274e+06,1.413093861134396973e+12,7.142653754687788086e+12,8.098043489155900000e+13,2.202372730171465625e+14,2.509253032033760000e+15
1.253750000000000000e+03,1.273473430846080800e+17,2.785730364859271500e+15,7.590173035134678707e+06,1.405578203492674561e+12,7.102796629096623047e+12,8.050639769882496875e+13,2.188609418035022812e+14,2.492189598622539500e+15
1.254260009765630002e+03,1.292733642361451840e+17,2.747253204145709000e+15,7.604186762939875945e+06,1.390245968323033691e+12,7.021486535970880859e+12,7.953934330856020312e+13,2.160531723647023438e+14,2.457379527922940500e+15
1.254510009765630002e+03,1.286491049139143840e+17,2.728652124530546000e+15,7.611063055873077363e+06,1.382811972762824951e+12,6.982084634306391602e+12,7.907099351894665625e+13,2.146944891268177812e+14,2.440553545116519500e+15
1.255270019531250000e+03,1.269763364805208960e+17,2.672893958344277000e+15,7.631988375364813954e+06,1.360460496975341553e+12,6.863684684102408203e+12,7.766447518803960938e+13,2.106176690560210000e+14,2.390123483547850000e+15
1.255780029296880002e+03,1.287842758613882880e+17,2.636275530409351000e+15,7.646052410435386933e+06,1.345713899439514404e+12,6.785637371497749023e+12,7.673816135411760938e+13,2.079362156646069062e+14,2.357011323904697500e+15
1.256540039062500000e+03,1.271770825626056000e+17,2.582358211601559000e+15,7.667028585946134292e+06,1.323945212521901367e+12,6.670481201614890625e+12,7.537210661307926562e+13,2.039846806897237500e+14,2.308262516292884500e+15
1.256790039062500000e+03,1.256047911074269920e+17,2.565013528452172000e+15,7.673939612635726109e+06,1.316909026161167725e+12,6.633293432798187500e+12,7.493137565925617188e+13,2.027115090437464062e+14,2.292584000247139000e+15
1.257300048828130002e+03,1.277689422018755040e+17,2.529629697300389000e+15,7.688038377044611610e+06,1.302554931134100342e+12,6.557428931764147461e+12,7.403226729739535938e+13,2.001141891526597500e+14,2.260599215071471500e+15
1.257550048828130002e+03,1.272103428089481760e+17,2.512600367678450000e+15,7.694958573839182034e+06,1.295619776489820557e+12,6.520802161544372070e+12,7.359851737403267188e+13,1.988625590059697500e+14,2.245208576871673000e+15
1.258309936523440001e+03,1.258290906497320960e+17,2.461332091527110000e+15,7.716007206128014252e+06,1.274698042774184814e+12,6.410350676386739258e+12,7.229103129835754688e+13,1.950918580977854062e+14,2.198878212535256500e+15
1.258319936899039931e+03,1.247595525274650880e+17,2.460657383907762500e+15,7.716284213151620701e+06,1.274422705778140137e+12,6.408897097990926758e+12,7.227382434537076562e+13,1.950422344157735000e+14,2.198268489482882500e+15
1.258569946289059999e+03,1.262129718305508960e+17,2.444133237061841500e+15,7.723219662047387101e+06,1.267650056462529297e+12,6.373171948281729492e+12,7.185128491100893750e+13,1.938251565399891562e+14,2.183338943642805750e+15
1.259329956054690001e+03,1.260356742251031040e+17,2.394268359772309000e+15,7.744313889069195837e+06,1.247180143196244873e+12,6.265226945364864258e+12,7.057495881657998438e+13,1.901504705927188125e+14,2.138289446081344000e+15
1.260089965820309999e+03,1.241768957547474880e+17,2.345676479984076500e+15,7.765447264427905902e+06,1.227123355525634521e+12,6.159570008305472656e+12,6.932703066839909375e+13,1.865630907824056562e+14,2.094401430469565750e+15
1.260339965820309999e+03,1.243575888103564000e+17,2.329725200995469500e+15,7.772399948519699275e+06,1.220536420555277832e+12,6.124873633890541016e+12,6.891726243351717188e+13,1.853852885467494375e+14,2.079994591969318000e+15
1.261109985351559999e+03,1.232450792384598720e+17,2.281866721403731500e+15,7.793855009808454663e+06,1.200663833406349609e+12,6.020305407130975586e+12,6.768364471778550781e+13,1.818450268809986562e+14,2.036781320468794000e+15
1.261609985351559999e+03,1.236323005769128000e+17,2.251225870479658750e+15,7.807800626282220706e+06,1.187902861572032715e+12,5.953195662667610352e+12,6.689239532044227344e+13,1.795761806218195625e+14,2.009118435710473500e+15
1.262369995117190001e+03,1.240109034807370080e+17,2.205364537069715500e+15,7.829021437670131214e+06,1.168740422487348145e+12,5.852482930262727539e+12,6.570571659277213281e+13,1.761766106209531250e+14,1.967720840318319000e+15
1.262369995117190001e+03,1.216353762275325920e+17,2.205364537069715500e+15,7.829021437670131214e+06,1.168740422487348145e+12,5.852482930262727539e+12,6.570571659277213281e+13,1.761766106209531250e+14,1.967720840318319000e+15
1.262880004882809999e+03,1.222913608478716000e+17,2.175410223767212250e+15,7.843289279063411057e+06,1.156153012200496094e+12,5.786397899670520508e+12,6.492791936322342969e+13,1.739519689268023750e+14,1.940689423341709750e+15
1.262950007512019965e+03,1.234816840850388960e+17,2.171302185337253500e+15,7.845247760474188253e+06,1.154426425873902100e+12,5.777333468762297852e+12,6.482123794389483594e+13,1.736468558529748125e+14,1.936982272686623000e+15
1.264022426757810081e+03,1.222498082705269120e+17,2.109396325122585750e+15,7.875286472863354720e+06,1.128317894975422363e+12,5.640355080588679688e+12,6.321019735997844531e+13,1.690436890268132500e+14,1.881126858765494000e+15
1.264410034179690001e+03,1.230236989217267840e+17,2.087314346238299250e+15,7.886153558644010685e+06,1.118978985625853027e+12,5.591384163049583008e+12,6.263455079941967188e+13,1.674002035586688438e+14,1.861205770208087000e+15
1.264660034179690001e+03,1.227823550652947040e+17,2.073438480985124000e+15,7.893175609459011815e+06,1.113078380752367432e+12,5.560474773127985352e+12,6.227160492764790625e+13,1.663655812052549062e+14,1.848691089148881000e+15
1.264920043945309999e+03,1.217922542929353120e+17,2.059007039096112500e+15,7.900478816605333239e+06,1.106941521191682373e+12,5.528327800212097656e+12,6.189412704343942188e+13,1.652895335427894375e+14,1.835675331992828250e+15
1.265930053710940001e+03,1.206660745998096800e+17,2.003778728929957750e+15,7.928878402531396598e+06,1.083382920547903687e+12,5.404992150562603516e+12,6.044677181559289062e+13,1.611672804949630938e+14,1.785872302120602750e+15
1.266189941406250000e+03,2.489502262171867200e+16,1.989750152252629000e+15,7.936192592822763138e+06,1.077382480875264648e+12,5.373594298589484375e+12,6.007851138629147656e+13,1.601192310379803750e+14,1.773223482914885500e+15
1.266189941406250000e+03,2.563794210854763600e+16,1.989750152252629000e+15,7.936192592822763138e+06,1.077382480875264648e+12,5.373594298589484375e+12,6.007851138629147656e+13,1.601192310379803750e+14,1.773223482914885500e+15
1.266439941406250000e+03,1.197644002232372000e+17,1.976336726965275000e+15,7.943231553980003111e+06,1.071637957088748657e+12,5.343542659146583984e+12,5.972612713883296094e+13,1.591167184178625312e+14,1.761130052737130500e+15
1.266439941406250000e+03,2.458705706458684000e+16,1.976336726965275000e+15,7.943231553980003111e+06,1.071637957088748657e+12,5.343542659146583984e+12,5.972612713883296094e+13,1.591167184178625312e+14,1.761130052737130500e+15
1.266439941406250000e+03,2.472385003210770000e+16,1.976336726965275000e+15,7.943231553980003111e+06,1.071637957088748657e+12,5.343542659146583984e+12,5.972612713883296094e+13,1.591167184178625312e+14,1.761130052737130500e+15
1.266478402944710069e+03,2.584983516250972000e+16,1.974317579924342250e+15,7.944316134683783166e+06,1.070769266910904297e+12,5.339002133416907227e+12,5.967293268857946875e+13,1.589655776660661562e+14,1.759310013352767000e+15
1.266539941406249909e+03,1.226422634337082880e+17,1.971086944658654000e+15,7.946051463809937239e+06,1.069379362626269287e+12,5.331737292248983398e+12,5.958782156816872656e+13,1.587237524631773125e+14,1.756397950337609000e+15
1.266689941406250000e+03,2.463660715429680400e+16,1.963212271198710750e+15,7.950281328554845415e+06,1.065991470932545288e+12,5.314029241902556641e+12,5.938036321217207031e+13,1.581343035311485938e+14,1.749299796738316000e+15
1.266689941406250000e+03,2.480788785174398800e+16,1.963212271198710750e+15,7.950281328554845415e+06,1.065991470932545288e+12,5.314029241902556641e+12,5.938036321217207031e+13,1.581343035311485938e+14,1.749299796738316000e+15
1.266689941406250000e+03,2.417308446052322800e+16,1.963212271198710750e+15,7.950281328554845415e+06,1.065991470932545288e+12,5.314029241902556641e+12,5.938036321217207031e+13,1.581343035311485938e+14,1.749299796738316000e+15
1.266729942908649946e+03,2.405304326042173600e+16,1.961112279403334000e+15,7.951409334853143431e+06,1.065087999214430664e+12,5.309306917779685547e+12,5.932503890600350781e+13,1.579771112453540938e+14,1.747406884683401750e+15
1.266753793569710069e+03,2.576071674655104000e+16,1.959860171618986250e+15,7.952081901988882571e+06,1.064549309504461548e+12,5.306491259734032227e+12,5.929205211311707812e+13,1.578833862674203438e+14,1.746278246979073000e+15
1.266819946289070003e+03,2.591001602225866000e+16,1.956387297862676750e+15,7.953947349024884403e+06,1.063055187848217285e+12,5.298681688500845703e+12,5.920055921709633594e+13,1.576234286022371250e+14,1.743147832558890000e+15
1.266949951171880002e+03,2.806248739548120000e+16,1.949562324527168000e+15,7.957613369494641200e+06,1.060118904764115234e+12,5.283334135100315430e+12,5.902075522203443750e+13,1.571125536733649688e+14,1.736995868379937250e+15
1.266949951171880002e+03,2.500988480943648000e+16,1.949562324527168000e+15,7.957613369494641200e+06,1.060118904764115234e+12,5.283334135100315430e+12,5.902075522203443750e+13,1.571125536733649688e+14,1.736995868379937250e+15
1.266949951171880002e+03,2.651549851396169600e+16,1.949562324527168000e+15,7.957613369494641200e+06,1.060118904764115234e+12,5.283334135100315430e+12,5.902075522203443750e+13,1.571125536733649688e+14,1.736995868379937250e+15
1.267190335787259983e+03,2.601237735949057200e+16,1.936942655521099750e+15,7.964391998893397860e+06,1.054689591152485962e+12,5.254955849289297852e+12,5.868828990794382812e+13,1.561679239746197812e+14,1.725620622227450250e+15
1.267199951171880002e+03,2.670492955424718000e+16,1.936437868760604000e+15,7.964663144069483504e+06,1.054472418607911865e+12,5.253820717856288086e+12,5.867499129537353906e+13,1.561301387866510312e+14,1.725165612381122750e+15
1.267199951171880002e+03,2.739140650254850400e+16,1.936437868760604000e+15,7.964663144069483504e+06,1.054472418607911865e+12,5.253820717856288086e+12,5.867499129537353906e+13,1.561301387866510312e+14,1.725165612381122750e+15
1.267199951171880002e+03,2.572421710404697200e+16,1.936437868760604000e+15,7.964663144069483504e+06,1.054472418607911865e+12,5.253820717856288086e+12,5.867499129537353906e+13,1.561301387866510312e+14,1.725165612381122750e+15
1.267199951171880002e+03,2.626452889804471200e+16,1.936437868760604000e+15,7.964663144069483504e+06,1.054472418607911865e+12,5.253820717856288086e+12,5.867499129537353906e+13,1.561301387866510312e+14,1.725165612381122750e+15
1.267449560546880093e+03,2.784253318846655600e+16,1.923426920779118750e+15,7.971705482557244599e+06,1.048866505288843384e+12,5.224527508264891602e+12,5.833190633382999219e+13,1.551557400148421562e+14,1.713438517888205750e+15
1.267459960937500000e+03,1.212365131461857920e+17,1.922895901620236500e+15,7.971999340658147819e+06,1.048636716328190063e+12,5.223327743392988281e+12,5.831786647458910156e+13,1.551159138648345000e+14,1.712959998783991500e+15
1.267459960937500000e+03,2.741563652717010800e+16,1.922895901620236500e+15,7.971999340658147819e+06,1.048636716328190063e+12,5.223327743392988281e+12,5.831786647458910156e+13,1.551159138648345000e+14,1.712959998783991500e+15
1.267459960937500000e+03,2.626119254259098000e+16,1.922895901620236500e+15,7.971999340658147819e+06,1.048636716328190063e+12,5.223327743392988281e+12,5.831786647458910156e+13,1.551159138648345000e+14,1.712959998783991500e+15
1.267459960937500000e+03,2.765437242377350000e+16,1.922895901620236500e+15,7.971999340658147819e+06,1.048636716328190063e+12,5.223327743392988281e+12,5.831786647458910156e+13,1.551159138648345000e+14,1.712959998783991500e+15
1.267594576322120020e+03,2.713223677476008800e+16,1.916022760896397000e+15,7.975802834461648948e+06,1.045662488681338745e+12,5.207798825721787109e+12,5.813614435271935156e+13,1.546004320240893438e+14,1.706766382061698500e+15
1.267649960937500055e+03,2.861019224347903200e+16,1.913194954427491250e+15,7.977367700483477674e+06,1.044438806449634644e+12,5.201409785309242188e+12,5.806137867973026562e+13,1.543883480667790625e+14,1.704218151181967750e+15
1.267709960937500000e+03,1.211279106339436800e+17,1.910131497419259500e+15,7.979062972007263452e+06,1.043113150698513550e+12,5.194488324861750977e+12,5.798038253398546875e+13,1.541585904463407812e+14,1.701457567728700250e+15
1.267709960937500000e+03,2.721678467946922800e+16,1.910131497419259500e+15,7.979062972007263452e+06,1.043113150698513550e+12,5.194488324861750977e+12,5.798038253398546875e+13,1.541585904463407812e+14,1.701457567728700250e+15
1.267709960937500000e+03,2.598063360603759600e+16,1.910131497419259500e+15,7.979062972007263452e+06,1.043113150698513550e+12,5.194488324861750977e+12,5.798038253398546875e+13,1.541585904463407812e+14,1.701457567728700250e+15
1.267969970703130002e+03,2.754329202190600000e+16,1.896856018440449000e+15,7.986409424533585086e+06,1.037368426679256958e+12,5.164494203048901367e+12,5.762938605278450781e+13,1.531629366956421250e+14,1.689494590117254250e+15
1.267969970703130002e+03,2.634471758091044000e+16,1.896856018440449000e+15,7.986409424533585086e+06,1.037368426679256958e+12,5.164494203048901367e+12,5.762938605278450781e+13,1.531629366956421250e+14,1.689494590117254250e+15
1.267969970703130002e+03,2.778013431453190000e+16,1.896856018440449000e+15,7.986409424533585086e+06,1.037368426679256958e+12,5.164494203048901367e+12,5.762938605278450781e+13,1.531629366956421250e+14,1.689494590117254250e+15
1.268023813100960069e+03,1.190213882889490880e+17,1.894106953924237750e+15,7.987930715930481441e+06,1.036178818606962769e+12,5.158283069265915039e+12,5.755670227441955469e+13,1.529567583422398125e+14,1.687017316241686500e+15
1.268046893780049913e+03,2.720878999138780800e+16,1.892928509455694500e+15,7.988582849563992582e+06,1.035668868024041748e+12,5.155620535808885742e+12,5.752554484029535938e+13,1.528683756438100312e+14,1.685955380561925750e+15
1.268066124549279948e+03,2.709675775838661200e+16,1.891946632209503000e+15,7.989126205821596086e+06,1.035243978360236694e+12,5.153402118998875977e+12,5.749958453717299219e+13,1.527947353808517812e+14,1.685070578173091000e+15
1.268200739933899968e+03,2.643006729812414000e+16,1.885073491485663500e+15,7.992929699625097215e+06,1.032269750713385376e+12,5.137873201327674805e+12,5.731786241530324219e+13,1.522792535401066562e+14,1.678876961450797750e+15
1.268219970703130002e+03,1.188757841113726880e+17,1.884091614239472000e+15,7.993473055882700719e+06,1.031844861049580322e+12,5.135654784517665039e+12,5.729190211218088281e+13,1.522056132771484062e+14,1.677992159061963000e+15
1.268219970703130002e+03,2.647905424109671600e+16,1.884091614239472000e+15,7.993473055882700719e+06,1.031844861049580322e+12,5.135654784517665039e+12,5.729190211218088281e+13,1.522056132771484062e+14,1.677992159061963000e+15
1.268219970703130002e+03,2.506438851171756800e+16,1.884091614239472000e+15,7.993473055882700719e+06,1.031844861049580322e+12,5.135654784517665039e+12,5.729190211218088281e+13,1.522056132771484062e+14,1.677992159061963000e+15
1.268219970703130002e+03,2.842316898729473200e+16,1.884091614239472000e+15,7.993473055882700719e+06,1.031844861049580322e+12,5.135654784517665039e+12,5.729190211218088281e+13,1.522056132771484062e+14,1.677992159061963000e+15
1.268219970703130002e+03,2.718989482155256800e+16,1.884091614239472000e+15,7.993473055882700719e+06,1.031844861049580322e+12,5.135654784517665039e+12,5.729190211218088281e+13,1.522056132771484062e+14,1.677992159061963000e+15
1.268389970703130075e+03,2.785454085920733600e+16,1.875418798127016750e+15,7.998276601424599066e+06,1.028091233855322998e+12,5.116057109465547852e+12,5.706257412529534375e+13,1.515551206609152188e+14,1.670176858375805750e+15
1.268469970703130002e+03,2.675666885109286000e+16,1.871446188911847000e+15,8.000541396514528431e+06,1.026362168674252441e+12,5.107039208402165039e+12,5.695716460135674219e+13,1.512565978573193438e+14,1.666598029029492750e+15
1.268729980468750000e+03,2.771191154904315600e+16,1.858534724025133750e+15,8.007902257020907477e+06,1.020742495768349365e+12,5.077729929128708984e+12,5.661457078118903906e+13,1.502863623048786250e+14,1.654966396785372000e+15
1.268729980468750000e+03,2.863857617706197200e+16,1.858534724025133750e+15,8.007902257020907477e+06,1.020742495768349365e+12,5.077729929128708984e+12,5.661457078118903906e+13,1.502863623048786250e+14,1.654966396785372000e+15
1.268729980468750000e+03,2.757131126006640800e+16,1.858534724025133750e+15,8.007902257020907477e+06,1.020742495768349365e+12,5.077729929128708984e+12,5.661457078118903906e+13,1.502863623048786250e+14,1.654966396785372000e+15
1.268729980468750000e+03,2.880700924510730000e+16,1.858534724025133750e+15,8.007902257020907477e+06,1.020742495768349365e+12,5.077729929128708984e+12,5.661457078118903906e+13,1.502863623048786250e+14,1.654966396785372000e+15
1.268729980468750000e+03,2.834636197330007600e+16,1.858534724025133750e+15,8.007902257020907477e+06,1.020742495768349365e+12,5.077729929128708984e+12,5.661457078118903906e+13,1.502863623048786250e+14,1.654966396785372000e+15
1.268845365084129980e+03,2.976770867813786800e+16,1.852804999195787000e+15,8.011168788400485180e+06,1.018248651757287842e+12,5.064723341057033203e+12,5.646253781397586719e+13,1.498558005689399688e+14,1.649804623689930750e+15
1.268979980468750000e+03,2.966825071437799600e+16,1.846120320227717000e+15,8.014979741676942445e+06,1.015339167077499023e+12,5.049548988305612305e+12,5.628516601888060156e+13,1.493534785436407188e+14,1.643782555078133500e+15
1.268979980468750000e+03,2.892444474272029600e+16,1.846120320227717000e+15,8.014979741676942445e+06,1.015339167077499023e+12,5.049548988305612305e+12,5.628516601888060156e+13,1.493534785436407188e+14,1.643782555078133500e+15
1.268979980468750000e+03,1.196518420378756000e+17,1.846120320227717000e+15,8.014979741676942445e+06,1.015339167077499023e+12,5.049548988305612305e+12,5.628516601888060156e+13,1.493534785436407188e+14,1.643782555078133500e+15
1.268979980468750000e+03,2.869990076332652800e+16,1.846120320227717000e+15,8.014979741676942445e+06,1.015339167077499023e+12,5.049548988305612305e+12,5.628516601888060156e+13,1.493534785436407188e+14,1.643782555078133500e+15
1.269239990234380002e+03,2.896855285504549600e+16,1.833208855340507000e+15,8.022340602183605544e+06,1.009719494171379761e+12,5.020239709031028320e+12,5.594257219869971094e+13,1.483832429911626875e+14,1.632150922833565250e+15
1.269239990234380002e+03,2.957861190060960000e+16,1.833208855340507000e+15,8.022340602183605544e+06,1.009719494171379761e+12,5.020239709031028320e+12,5.594257219869971094e+13,1.483832429911626875e+14,1.632150922833565250e+15
1.269239990234380002e+03,2.861997616229660000e+16,1.833208855340507000e+15,8.022340602183605544e+06,1.009719494171379761e+12,5.020239709031028320e+12,5.594257219869971094e+13,1.483832429911626875e+14,1.632150922833565250e+15
1.269239990234380002e+03,2.882132366098152800e+16,1.833208855340507000e+15,8.022340602183605544e+06,1.009719494171379761e+12,5.020239709031028320e+12,5.594257219869971094e+13,1.483832429911626875e+14,1.632150922833565250e+15
1.269239990234380002e+03,2.781936458953540000e+16,1.833208855340507000e+15,8.022340602183605544e+06,1.009719494171379761e+12,5.020239709031028320e+12,5.594257219869971094e+13,1.483832429911626875e+14,1.632150922833565250e+15
1.269451528695919933e+03,3.047991835199129600e+16,1.822794918680577000e+15,8.028332929462459870e+06,1.005178750919692993e+12,4.996565525862709961e+12,5.566594335385394531e+13,1.476002159083579062e+14,1.622770081967781500e+15
1.269489990234380002e+03,2.957770564431639600e+16,1.820937353150289750e+15,8.029423903992895968e+06,1.004365563258470459e+12,4.992328965940520508e+12,5.561647848700942969e+13,1.474603575761114375e+14,1.621097123555215000e+15
1.269489990234380002e+03,2.991500677695629600e+16,1.820937353150289750e+15,8.029423903992895968e+06,1.004365563258470459e+12,4.992328965940520508e+12,5.561647848700942969e+13,1.474603575761114375e+14,1.621097123555215000e+15
1.269750000000000000e+03,3.060891660518000000e+16,1.808379738517812750e+15,8.036799168824031018e+06,9.988682081950721436e+11,4.963688745176928711e+12,5.528208342769530469e+13,1.465148797392026250e+14,1.609787499911455000e+15
1.269750000000000000e+03,3.008220402709890000e+16,1.808379738517812750e+15,8.036799168824031018e+06,9.988682081950721436e+11,4.963688745176928711e+12,5.528208342769530469e+13,1.465148797392026250e+14,1.609787499911455000e+15
1.269750000000000000e+03,2.948278614462062000e+16,1.808379738517812750e+15,8.036799168824031018e+06,9.988682081950721436e+11,4.963688745176928711e+12,5.528208342769530469e+13,1.465148797392026250e+14,1.609787499911455000e+15
1.269750000000000000e+03,2.983736629152990000e+16,1.808379738517812750e+15,8.036799168824031018e+06,9.988682081950721436e+11,4.963688745176928711e+12,5.528208342769530469e+13,1.465148797392026250e+14,1.609787499911455000e+15
1.269829999999999927e+03,2.946210956232070000e+16,1.804516002214671500e+15,8.039068395847421139e+06,9.971767778596661377e+11,4.954876700538444336e+12,5.517919650465486719e+13,1.462239744081191250e+14,1.606307746413187000e+15
1.269990384615379980e+03,3.165285039009990000e+16,1.796769953953298500e+15,8.043617759639381431e+06,9.937857853123349609e+11,4.937210245662738281e+12,5.497292800991121875e+13,1.456407651626456250e+14,1.599331509832717250e+15
1.270000000000000000e+03,3.120044486300319600e+16,1.796305562570485250e+15,8.043890503272132017e+06,9.935824883969235840e+11,4.936151105681640625e+12,5.496056179319365625e+13,1.456058005795658125e+14,1.598913270229358000e+15
1.270000000000000000e+03,2.938794114717850000e+16,1.796305562570485250e+15,8.043890503272132017e+06,9.935824883969235840e+11,4.936151105681640625e+12,5.496056179319365625e+13,1.456058005795658125e+14,1.598913270229358000e+15
1.270000000000000000e+03,1.194466797420247040e+17,1.796305562570485250e+15,8.043890503272132017e+06,9.935824883969235840e+11,4.936151105681640625e+12,5.496056179319365625e+13,1.456058005795658125e+14,1.598913270229358000e+15
1.270110004131609912e+03,1.192559925028204960e+17,1.790992725610521000e+15,8.047010807623807341e+06,9.912566843316088867e+11,4.924034089204576172e+12,5.481908696040503906e+13,1.452057907254837188e+14,1.594128429456934750e+15
1.270260009765630002e+03,3.116286957297549600e+16,1.783747947937525000e+15,8.051265768103551120e+06,9.880851333333137207e+11,4.907510884916946289e+12,5.462616673386665625e+13,1.446603227426206250e+14,1.587603646585162750e+15
1.270260009765630002e+03,2.889074279988370000e+16,1.783747947937525000e+15,8.051265768103551120e+06,9.880851333333137207e+11,4.907510884916946289e+12,5.462616673386665625e+13,1.446603227426206250e+14,1.587603646585162750e+15
1.270260009765630002e+03,3.080974416274259600e+16,1.783747947937525000e+15,8.051265768103551120e+06,9.880851333333137207e+11,4.907510884916946289e+12,5.462616673386665625e+13,1.446603227426206250e+14,1.587603646585162750e+15
1.270304652622769936e+03,1.182836008786616000e+17,1.781591845089929000e+15,8.052532077826343477e+06,9.871412547979918213e+11,4.902593449293110352e+12,5.456875215628083594e+13,1.444979871784104062e+14,1.585661819856344000e+15
1.270510009765630002e+03,3.068239907882620000e+16,1.771839166650567250e+15,8.058364026988852769e+06,9.828569422449544678e+11,4.880287536898550781e+12,5.430849170013182031e+13,1.437628387452887500e+14,1.576879888691245250e+15
1.270510009765630002e+03,3.207932773941110000e+16,1.771839166650567250e+15,8.058364026988852769e+06,9.828569422449544678e+11,4.880287536898550781e+12,5.430849170013182031e+13,1.437628387452887500e+14,1.576879888691245250e+15
1.270510009765630002e+03,3.098935517919759600e+16,1.771839166650567250e+15,8.058364026988852769e+06,9.828569422449544678e+11,4.880287536898550781e+12,5.430849170013182031e+13,1.437628387452887500e+14,1.576879888691245250e+15
1.270721548227169933e+03,2.939026051650330000e+16,1.761902401441238250e+15,8.064376102947182022e+06,9.784817477953779297e+11,4.857518233644204102e+12,5.404294332148895312e+13,1.430132367532127188e+14,1.567933213360444000e+15
1.270760009765630002e+03,2.854885506665720400e+16,1.760095716857805250e+15,8.065469207666829228e+06,9.776862578954908447e+11,4.853378360325418945e+12,5.399466179810152344e+13,1.428769454819323125e+14,1.566306545118553750e+15
1.270760009765630002e+03,3.088524607188509600e+16,1.760095716857805250e+15,8.065469207666829228e+06,9.776862578954908447e+11,4.853378360325418945e+12,5.399466179810152344e+13,1.428769454819323125e+14,1.566306545118553750e+15
1.270760009765630002e+03,3.006367714511470000e+16,1.760095716857805250e+15,8.065469207666829228e+06,9.776862578954908447e+11,4.853378360325418945e+12,5.399466179810152344e+13,1.428769454819323125e+14,1.566306545118553750e+15
1.270760009765630002e+03,3.105320218953109600e+16,1.760095716857805250e+15,8.065469207666829228e+06,9.776862578954908447e+11,4.853378360325418945e+12,5.399466179810152344e+13,1.428769454819323125e+14,1.566306545118553750e+15
1.271020019531250000e+03,3.367952943403480000e+16,1.747882070345060250e+15,8.072858873117902316e+06,9.723085441922947998e+11,4.825391765550191406e+12,5.366826644101575000e+13,1.419555818828537812e+14,1.555309854781933000e+15
1.271020019531250000e+03,1.174719085071316960e+17,1.747882070345060250e+15,8.072858873117902316e+06,9.723085441922947998e+11,4.825391765550191406e+12,5.366826644101575000e+13,1.419555818828537812e+14,1.555309854781933000e+15
1.271020019531250000e+03,3.082789979055390000e+16,1.747882070345060250e+15,8.072858873117902316e+06,9.723085441922947998e+11,4.825391765550191406e+12,5.366826644101575000e+13,1.419555818828537812e+14,1.555309854781933000e+15
1.271183481069710069e+03,3.006843316973261600e+16,1.740203660865246500e+15,8.077504568176537752e+06,9.689277121176759033e+11,4.807797303944839844e+12,5.346306996661316406e+13,1.413763439798951875e+14,1.548396514753696750e+15
1.271270019531250000e+03,3.157738154089360400e+16,1.736138620552298250e+15,8.079964053795878775e+06,9.671378598428311768e+11,4.798482588977059570e+12,5.335443653898545312e+13,1.410696886194973750e+14,1.544736511209241500e+15
1.271270019531250000e+03,3.198067177787449600e+16,1.736138620552298250e+15,8.079964053795878775e+06,9.671378598428311768e+11,4.798482588977059570e+12,5.335443653898545312e+13,1.410696886194973750e+14,1.544736511209241500e+15
1.271480027418869895e+03,3.172451082967309600e+16,1.726395971566163000e+15,8.085937892232415266e+06,9.628370964949661865e+11,4.776111436880107422e+12,5.309366262520108594e+13,1.403340956738489062e+14,1.535965731442354250e+15
1.271530029296880002e+03,3.018336081872960000e+16,1.724111493673243750e+15,8.087361750370503403e+06,9.618254247612606201e+11,4.770852195212726562e+12,5.303239532197119531e+13,1.401614271647262969e+14,1.533909466474413750e+15
1.271530029296880002e+03,3.118651352656569600e+16,1.724111493673243750e+15,8.087361750370503403e+06,9.618254247612606201e+11,4.770852195212726562e+12,5.303239532197119531e+13,1.401614271647262969e+14,1.533909466474413750e+15
1.271530029296880002e+03,3.183705840436780000e+16,1.724111493673243750e+15,8.087361750370503403e+06,9.618254247612606201e+11,4.770852195212726562e+12,5.303239532197119531e+13,1.401614271647262969e+14,1.533909466474413750e+15
1.271530029296880002e+03,3.132948043064710000e+16,1.724111493673243750e+15,8.087361750370503403e+06,9.618254247612606201e+11,4.770852195212726562e+12,5.303239532197119531e+13,1.401614271647262969e+14,1.533909466474413750e+15
1.271530029296880002e+03,3.142260714279929600e+16,1.724111493673243750e+15,8.087361750370503403e+06,9.618254247612606201e+11,4.770852195212726562e+12,5.303239532197119531e+13,1.401614271647262969e+14,1.533909466474413750e+15
1.271530029296880002e+03,3.353888260184370000e+16,1.724111493673243750e+15,8.087361750370503403e+06,9.618254247612606201e+11,4.770852195212726562e+12,5.303239532197119531e+13,1.401614271647262969e+14,1.533909466474413750e+15
1.271530029296880002e+03,1.156220499946365920e+17,1.724111493673243750e+15,8.087361750370503403e+06,9.618254247612606201e+11,4.770852195212726562e+12,5.303239532197119531e+13,1.401614271647262969e+14,1.533909466474413750e+15
1.271780029296880002e+03,3.406697206259120000e+16,1.712689533219790500e+15,8.094480773668986745e+06,9.567672560785704346e+11,4.744556974529630859e+12,5.272607031145107031e+13,1.392981170452157812e+14,1.523628527788846750e+15
1.271780029296880002e+03,3.235327584003839600e+16,1.712689533219790500e+15,8.094480773668986745e+06,9.567672560785704346e+11,4.744556974529630859e+12,5.272607031145107031e+13,1.392981170452157812e+14,1.523628527788846750e+15
1.271780029296880002e+03,3.313169229948530000e+16,1.712689533219790500e+15,8.094480773668986745e+06,9.567672560785704346e+11,4.744556974529630859e+12,5.272607031145107031e+13,1.392981170452157812e+14,1.523628527788846750e+15
1.271780029296880002e+03,3.187499373431040000e+16,1.712689533219790500e+15,8.094480773668986745e+06,9.567672560785704346e+11,4.744556974529630859e+12,5.272607031145107031e+13,1.392981170452157812e+14,1.523628527788846750e+15
1.271780029296880002e+03,3.278390597068799600e+16,1.712689533219790500e+15,8.094480773668986745e+06,9.567672560785704346e+11,4.744556974529630859e+12,5.272607031145107031e+13,1.392981170452157812e+14,1.523628527788846750e+15
1.271790029672479932e+03,3.443054009888019200e+16,1.712232637641302250e+15,8.094765545296545140e+06,9.565649217318715820e+11,4.743505126196375000e+12,5.271381685080765625e+13,1.392635833433984844e+14,1.523217274795344750e+15
1.272040039062500000e+03,1.150833800989562880e+17,1.700810248178097500e+15,8.101884835986115038e+06,9.515065630639597168e+11,4.717208917862679688e+12,5.240748033469553906e+13,1.384002407978905938e+14,1.512935949956895500e+15
1.272040039062500000e+03,3.482319932227330000e+16,1.700810248178097500e+15,8.101884835986115038e+06,9.515065630639597168e+11,4.717208917862679688e+12,5.240748033469553906e+13,1.384002407978905938e+14,1.512935949956895500e+15
1.272290039062500000e+03,3.282161893767910000e+16,1.689388287724644250e+15,8.109003859284599312e+06,9.464483943812696533e+11,4.690913697179583008e+12,5.210115532417541406e+13,1.375369306783800938e+14,1.502655011271328500e+15
1.272290039062500000e+03,1.180882102086284000e+17,1.689388287724644250e+15,8.109003859284599312e+06,9.464483943812696533e+11,4.690913697179583008e+12,5.210115532417541406e+13,1.375369306783800938e+14,1.502655011271328500e+15
1.272290039062500000e+03,3.406564264008259600e+16,1.689388287724644250e+15,8.109003859284599312e+06,9.464483943812696533e+11,4.690913697179583008e+12,5.210115532417541406e+13,1.375369306783800938e+14,1.502655011271328500e+15
1.272290039062500000e+03,3.271793322896929600e+16,1.689388287724644250e+15,8.109003859284599312e+06,9.464483943812696533e+11,4.690913697179583008e+12,5.210115532417541406e+13,1.375369306783800938e+14,1.502655011271328500e+15
1.272550048828130002e+03,3.579996274359980000e+16,1.677715337202551500e+15,8.116417058802230284e+06,9.412603611582615967e+11,4.663961642163151367e+12,5.178740004476166406e+13,1.366535772990433281e+14,1.492150051766711250e+15
1.272550048828130002e+03,3.306407008514730000e+16,1.677715337202551500e+15,8.116417058802230284e+06,9.412603611582615967e+11,4.663961642163151367e+12,5.178740004476166406e+13,1.366535772990433281e+14,1.492150051766711250e+15
1.272746159480170036e+03,3.333618986903820000e+16,1.669000610018811250e+15,8.122012379879145883e+06,9.373788449487570801e+11,4.643805038736260742e+12,5.155284974024697656e+13,1.359936146219389375e+14,1.484308154037079750e+15
1.272800048828130002e+03,3.423559274661319600e+16,1.666605885608406000e+15,8.123549921064822935e+06,9.363122410929730225e+11,4.638266195208572266e+12,5.148839754021285156e+13,1.358122631350252656e+14,1.482153274885832500e+15
1.272800048828130002e+03,1.146644553750532000e+17,1.666605885608406000e+15,8.123549921064822935e+06,9.363122410929730225e+11,4.638266195208572266e+12,5.148839754021285156e+13,1.358122631350252656e+14,1.482153274885832500e+15
1.272800048828130002e+03,3.620418178460230400e+16,1.666605885608406000e+15,8.123549921064822935e+06,9.363122410929730225e+11,4.638266195208572266e+12,5.148839754021285156e+13,1.358122631350252656e+14,1.482153274885832500e+15
1.272800048828130002e+03,3.505467496087969600e+16,1.666605885608406000e+15,8.123549921064822935e+06,9.363122410929730225e+11,4.638266195208572266e+12,5.148839754021285156e+13,1.358122631350252656e+14,1.482153274885832500e+15
1.272800048828130002e+03,3.347960521794919600e+16,1.666605885608406000e+15,8.123549921064822935e+06,9.363122410929730225e+11,4.638266195208572266e+12,5.148839754021285156e+13,1.358122631350252656e+14,1.482153274885832500e+15
1.272800048828130002e+03,3.380009183982270000e+16,1.666605885608406000e+15,8.123549921064822935e+06,9.363122410929730225e+11,4.638266195208572266e+12,5.148839754021285156e+13,1.358122631350252656e+14,1.482153274885832500e+15
1.273004003906250091e+03,3.476457481678350000e+16,1.657542569337385000e+15,8.129369054984770715e+06,9.322754642351188965e+11,4.617303327644765625e+12,5.124446522351942188e+13,1.351259019508418906e+14,1.473997701247077750e+15
1.273059936523440001e+03,3.293986275853179600e+16,1.655057046524564250e+15,8.130964893602378666e+06,9.311684190134329834e+11,4.611554473252628906e+12,5.117756925301641406e+13,1.349376743385520156e+14,1.471761117669433250e+15
1.273059936523440001e+03,3.438162528987450000e+16,1.655057046524564250e+15,8.130964893602378666e+06,9.311684190134329834e+11,4.611554473252628906e+12,5.117756925301641406e+13,1.349376743385520156e+14,1.471761117669433250e+15
1.273059936523440001e+03,3.521666487930549600e+16,1.655057046524564250e+15,8.130964893602378666e+06,9.311684190134329834e+11,4.611554473252628906e+12,5.117756925301641406e+13,1.349376743385520156e+14,1.471761117669433250e+15
1.273214608999400070e+03,3.629463913106160000e+16,1.648183740986064250e+15,8.135377923469727859e+06,9.281070670860494385e+11,4.595656959647167969e+12,5.099257942222910156e+13,1.344171617593162188e+14,1.465576212742289500e+15
1.273309936523440001e+03,3.577944602194230000e+16,1.643947594930418750e+15,8.138097755864971317e+06,9.262202989481444092e+11,4.585859026298049805e+12,5.087856674846760156e+13,1.340963601745339531e+14,1.461764340788554500e+15
1.273309936523440001e+03,3.512447624726060000e+16,1.643947594930418750e+15,8.138097755864971317e+06,9.262202989481444092e+11,4.585859026298049805e+12,5.087856674846760156e+13,1.340963601745339531e+14,1.461764340788554500e+15
1.273309936523440001e+03,3.588152968965939600e+16,1.643947594930418750e+15,8.138097755864971317e+06,9.262202989481444092e+11,4.585859026298049805e+12,5.087856674846760156e+13,1.340963601745339531e+14,1.461764340788554500e+15
1.273309936523440001e+03,1.165154445664104960e+17,1.643947594930418750e+15,8.138097755864971317e+06,9.262202989481444092e+11,4.585859026298049805e+12,5.087856674846760156e+13,1.340963601745339531e+14,1.461764340788554500e+15
1.273569946289059999e+03,3.570418598510290000e+16,1.632618079737545500e+15,8.145526447146738879e+06,9.211536924407781982e+11,4.559568238322477539e+12,5.057287824616906250e+13,1.332372109094439219e+14,1.451571609927988750e+15
1.273569946289059999e+03,3.643126331509309600e+16,1.632618079737545500e+15,8.145526447146738879e+06,9.211536924407781982e+11,4.559568238322477539e+12,5.057287824616906250e+13,1.332372109094439219e+14,1.451571609927988750e+15
1.273569946289059999e+03,3.839860882113530400e+16,1.632618079737545500e+15,8.145526447146738879e+06,9.211536924407781982e+11,4.559568238322477539e+12,5.057287824616906250e+13,1.332372109094439219e+14,1.451571609927988750e+15
1.273723792442910053e+03,3.674476230535320000e+16,1.625968435138440750e+15,8.149924414853581227e+06,9.181749313997662354e+11,4.544116215580082031e+12,5.039327330695696094e+13,1.327326630854835156e+14,1.445589685975749250e+15
1.273799545898440101e+03,3.594031569006000000e+16,1.622694167021735750e+15,8.152089962985695340e+06,9.167081970264462891e+11,4.536507678815450195e+12,5.030483629091792969e+13,1.324842250180462188e+14,1.442644201810173250e+15
1.273819946289059999e+03,3.708678571424080000e+16,1.621812407264274250e+15,8.152673144670177251e+06,9.163132057492564697e+11,4.534458701366721680e+12,5.028102021995679688e+13,1.324173206955290312e+14,1.441850983505846000e+15
1.273819946289059999e+03,3.545665821875350000e+16,1.621812407264274250e+15,8.152673144670177251e+06,9.163132057492564697e+11,4.534458701366721680e+12,5.028102021995679688e+13,1.324173206955290312e+14,1.441850983505846000e+15
1.273879948542670036e+03,3.844200021543110400e+16,1.619218948463601250e+15,8.154388416499279439e+06,9.151514453090137939e+11,4.528432186148921875e+12,5.021097166272914062e+13,1.322205396533382031e+14,1.439517945538526500e+15
1.273965551757810090e+03,3.735465147590409600e+16,1.615518947241751500e+15,8.156835537641839124e+06,9.134940004144661865e+11,4.519834357772558594e+12,5.011103572109634375e+13,1.319397986998462812e+14,1.436189478038883500e+15
1.274019953801079964e+03,3.600962984363049600e+16,1.613167544595947500e+15,8.158390717433466576e+06,9.124406709487084961e+11,4.514370317308744141e+12,5.004752502921370312e+13,1.317613838882705000e+14,1.434074190281972500e+15
1.274059955303489915e+03,3.787252751270580000e+16,1.611438572062024750e+15,8.159534231986294501e+06,9.116661639884835205e+11,4.510352640496550781e+12,5.000082599105813281e+13,1.316301965267992500e+14,1.432518831636966250e+15
1.274079956054690001e+03,3.841215674500329600e+16,1.610574085795274750e+15,8.160105989262568764e+06,9.112789105084656982e+11,4.508343802090944336e+12,4.997747647198604688e+13,1.315646028460796719e+14,1.431741152314653250e+15
1.274079956054690001e+03,3.648489044631320000e+16,1.610574085795274750e+15,8.160105989262568764e+06,9.112789105084656982e+11,4.508343802090944336e+12,4.997747647198604688e+13,1.315646028460796719e+14,1.431741152314653250e+15
1.274079956054690001e+03,1.151076526170153120e+17,1.610574085795274750e+15,8.160105989262568764e+06,9.112789105084656982e+11,4.508343802090944336e+12,4.997747647198604688e+13,1.315646028460796719e+14,1.431741152314653250e+15
1.274329956054690001e+03,1.149825997415440960e+17,1.599768413322003500e+15,8.167252686786007136e+06,9.064384238169440918e+11,4.483234265135188477e+12,4.968561844577378125e+13,1.307447126321647812e+14,1.422020525892510250e+15
1.274329956054690001e+03,3.940978518021070400e+16,1.599768413322003500e+15,8.167252686786007136e+06,9.064384238169440918e+11,4.483234265135188477e+12,4.968561844577378125e+13,1.307447126321647812e+14,1.422020525892510250e+15
1.274329956054690001e+03,3.840778381799149600e+16,1.599768413322003500e+15,8.167252686786007136e+06,9.064384238169440918e+11,4.483234265135188477e+12,4.968561844577378125e+13,1.307447126321647812e+14,1.422020525892510250e+15
1.274329956054690001e+03,3.703692858225400000e+16,1.599768413322003500e+15,8.167252686786007136e+06,9.064384238169440918e+11,4.483234265135188477e+12,4.968561844577378125e+13,1.307447126321647812e+14,1.422020525892510250e+15
1.274329956054690001e+03,3.916552278264260000e+16,1.599768413322003500e+15,8.167252686786007136e+06,9.064384238169440918e+11,4.483234265135188477e+12,4.968561844577378125e+13,1.307447126321647812e+14,1.422020525892510250e+15
1.274329956054690001e+03,3.812478511037320000e+16,1.599768413322003500e+15,8.167252686786007136e+06,9.064384238169440918e+11,4.483234265135188477e+12,4.968561844577378125e+13,1.307447126321647812e+14,1.422020525892510250e+15
1.274579956054690001e+03,3.880731157848759200e+16,1.589193034025268500e+15,8.174410171237176284e+06,9.016800343938255615e+11,4.458571099374203125e+12,4.939919674352938281e+13,1.299410959963021719e+14,1.412509191826314250e+15
1.274579956054690001e+03,3.824753275153950400e+16,1.589193034025268500e+15,8.174410171237176284e+06,9.016800343938255615e+11,4.458571099374203125e+12,4.939919674352938281e+13,1.299410959963021719e+14,1.412509191826314250e+15
1.274579956054690001e+03,3.983484436086719200e+16,1.589193034025268500e+15,8.174410171237176284e+06,9.016800343938255615e+11,4.458571099374203125e+12,4.939919674352938281e+13,1.299410959963021719e+14,1.412509191826314250e+15
1.274579956054690001e+03,3.891503613795600000e+16,1.589193034025268500e+15,8.174410171237176284e+06,9.016800343938255615e+11,4.458571099374203125e+12,4.939919674352938281e+13,1.299410959963021719e+14,1.412509191826314250e+15
1.274579956054690001e+03,4.124152923463109600e+16,1.589193034025268500e+15,8.174410171237176284e+06,9.016800343938255615e+11,4.458571099374203125e+12,4.939919674352938281e+13,1.299410959963021719e+14,1.412509191826314250e+15
1.274669959435100054e+03,3.868076173631960000e+16,1.585409155241482250e+15,8.176988058511627838e+06,8.999752920025086670e+11,4.449737383289236328e+12,4.929663345852098438e+13,1.296534367467768125e+14,1.409106249758694750e+15
1.274839965820309999e+03,1.154781545915387040e+17,1.578261828650266250e+15,8.181857401140890084e+06,8.967552230413034668e+11,4.433051475129632812e+12,4.910290280907097656e+13,1.291100803865911562e+14,1.402678470297977250e+15
1.274839965820309999e+03,4.103101434031529600e+16,1.578261828650266250e+15,8.181857401140890084e+06,8.967552230413034668e+11,4.433051475129632812e+12,4.910290280907097656e+13,1.291100803865911562e+14,1.402678470297977250e+15
1.274839965820309999e+03,4.103883563282110400e+16,1.578261828650266250e+15,8.181857401140890084e+06,8.967552230413034668e+11,4.433051475129632812e+12,4.910290280907097656e+13,1.291100803865911562e+14,1.402678470297977250e+15
1.275022658128000103e+03,4.027529920285089600e+16,1.570581166614240000e+15,8.187090095435136929e+06,8.932948716626339111e+11,4.415120459986768555e+12,4.889471592612175000e+13,1.285261786277376406e+14,1.395771048194087500e+15
1.275089965820309999e+03,4.245180389135629600e+16,1.567751449021893000e+15,8.189017930175209418e+06,8.920200053651722412e+11,4.408514296512785156e+12,4.881801549555807031e+13,1.283110569270977500e+14,1.393226208471488000e+15
1.275089965820309999e+03,4.333871224797220000e+16,1.567751449021893000e+15,8.189017930175209418e+06,8.920200053651722412e+11,4.408514296512785156e+12,4.881801549555807031e+13,1.283110569270977500e+14,1.393226208471488000e+15
1.275277172851559953e+03,4.130737801077769600e+16,1.559880981151741750e+15,8.194379935705985874e+06,8.884741411912889404e+11,4.390140167056346191e+12,4.860468386274396875e+13,1.277127256880944531e+14,1.386148088970950750e+15
1.275318774414060044e+03,3.958208476741980000e+16,1.558131988291704000e+15,8.195571492490605451e+06,8.876861713748685303e+11,4.386057027177127441e+12,4.855727683322960156e+13,1.275797631905378281e+14,1.384575173526383000e+15
1.275349975585940001e+03,1.132346624934930880e+17,1.556820243646470250e+15,8.196465160079210065e+06,8.870951940124606934e+11,4.382994672267233887e+12,4.852172156108826562e+13,1.274800413173547500e+14,1.383395486942772500e+15
1.275349975585940001e+03,4.154033104658820000e+16,1.556820243646470250e+15,8.196465160079210065e+06,8.870951940124606934e+11,4.382994672267233887e+12,4.852172156108826562e+13,1.274800413173547500e+14,1.383395486942772500e+15
1.275349975585940001e+03,4.195808065344970400e+16,1.556820243646470250e+15,8.196465160079210065e+06,8.870951940124606934e+11,4.382994672267233887e+12,4.852172156108826562e+13,1.274800413173547500e+14,1.383395486942772500e+15
1.275349975585940001e+03,4.226442726208000000e+16,1.556820243646470250e+15,8.196465160079210065e+06,8.870951940124606934e+11,4.382994672267233887e+12,4.852172156108826562e+13,1.274800413173547500e+14,1.383395486942772500e+15
1.275599975585940001e+03,4.259863597655309600e+16,1.546556709631544750e+15,8.203637580377860926e+06,8.824485130741430664e+11,4.358938307332249512e+12,4.824268292594795312e+13,1.266984956628410469e+14,1.374167500742626500e+15
1.275599975585940001e+03,4.122353807657400000e+16,1.546556709631544750e+15,8.203637580377860926e+06,8.824485130741430664e+11,4.358938307332249512e+12,4.824268292594795312e+13,1.266984956628410469e+14,1.374167500742626500e+15
1.275599975585940001e+03,4.559621861495480000e+16,1.546556709631544750e+15,8.203637580377860926e+06,8.824485130741430664e+11,4.358938307332249512e+12,4.824268292594795312e+13,1.266984956628410469e+14,1.374167500742626500e+15
1.275599975585940001e+03,4.245030409133389600e+16,1.546556709631544750e+15,8.203637580377860926e+06,8.824485130741430664e+11,4.358938307332249512e+12,4.824268292594795312e+13,1.266984956628410469e+14,1.374167500742626500e+15
1.275859985351559999e+03,4.393507745544190400e+16,1.535924040752856750e+15,8.211099191644648090e+06,8.776307785585667725e+11,4.334000181903713379e+12,4.795346241655485156e+13,1.258886178104067969e+14,1.364608019439148500e+15
1.275859985351559999e+03,4.433306047428799200e+16,1.535924040752856750e+15,8.211099191644648090e+06,8.776307785585667725e+11,4.334000181903713379e+12,4.795346241655485156e+13,1.258886178104067969e+14,1.364608019439148500e+15
1.275859985351559999e+03,4.269514875624829600e+16,1.535924040752856750e+15,8.211099191644648090e+06,8.776307785585667725e+11,4.334000181903713379e+12,4.795346241655485156e+13,1.258886178104067969e+14,1.364608019439148500e+15
1.275859985351559999e+03,1.156398533358673920e+17,1.535924040752856750e+15,8.211099191644648090e+06,8.776307785585667725e+11,4.334000181903713379e+12,4.795346241655485156e+13,1.258886178104067969e+14,1.364608019439148500e+15
1.275979985351559890e+03,1.136067576240087840e+17,1.531016839431402500e+15,8.214542882884008810e+06,8.754072922964638672e+11,4.322490710156427734e+12,4.781998104117503125e+13,1.255148420714060469e+14,1.360196116856640000e+15
1.275982387695310081e+03,4.779265674817009600e+16,1.530918599561189750e+15,8.214611823968395591e+06,8.753627791437521973e+11,4.322260295927093750e+12,4.781730880660910938e+13,1.255073592563180312e+14,1.360107792635010250e+15
1.276071523813099930e+03,4.347951818634620000e+16,1.527273525602789500e+15,8.217169801201260649e+06,8.737111713657264404e+11,4.313711049015711426e+12,4.771815870995396094e+13,1.252297182704964688e+14,1.356830627066075500e+15
1.276109985351559999e+03,4.209928829531219200e+16,1.525700704666484750e+15,8.218273548393322155e+06,8.729985155125150146e+11,4.310022115763513672e+12,4.767537621784664062e+13,1.251099183541545469e+14,1.355416555725580500e+15
1.276109985351559999e+03,4.487582313227709600e+16,1.525700704666484750e+15,8.218273548393322155e+06,8.729985155125150146e+11,4.310022115763513672e+12,4.767537621784664062e+13,1.251099183541545469e+14,1.355416555725580500e+15
1.276369995117190001e+03,4.426845104914880000e+16,1.515068035787387250e+15,8.225735159660397097e+06,8.681807809967532959e+11,4.285083990334018066e+12,4.738615570844240625e+13,1.243000405016891094e+14,1.345857074421734750e+15
1.276369995117190001e+03,4.493492226429530400e+16,1.515068035787387250e+15,8.225735159660397097e+06,8.681807809967532959e+11,4.285083990334018066e+12,4.738615570844240625e+13,1.243000405016891094e+14,1.345857074421734750e+15
1.276369995117190001e+03,4.536077376689519200e+16,1.515068035787387250e+15,8.225735159660397097e+06,8.681807809967532959e+11,4.285083990334018066e+12,4.738615570844240625e+13,1.243000405016891094e+14,1.345857074421734750e+15
1.276369995117190001e+03,4.598608018795789600e+16,1.515068035787387250e+15,8.225735159660397097e+06,8.681807809967532959e+11,4.285083990334018066e+12,4.738615570844240625e+13,1.243000405016891094e+14,1.345857074421734750e+15
1.276619995117190001e+03,4.550557674356209600e+16,1.505106993304221250e+15,8.232922511358355172e+06,8.636431696200111084e+11,4.261619340591588379e+12,4.711430721105950781e+13,1.235399493945410781e+14,1.336903858410162500e+15
1.276776000976559999e+03,4.633280849221429600e+16,1.498901509988286000e+15,8.237408104538143612e+06,8.608153614015262451e+11,4.246997285854116699e+12,4.694491567033938281e+13,1.230663754385412031e+14,1.331326325280961750e+15
1.276880004882809999e+03,4.660982004968869600e+16,1.494764521110863250e+15,8.240398499991431832e+06,8.589301559224758301e+11,4.237249249362155762e+12,4.683198797652235156e+13,1.227506594678644844e+14,1.327607969861375250e+15
1.276880004882809999e+03,4.818689163294840000e+16,1.494764521110863250e+15,8.240398499991431832e+06,8.589301559224758301e+11,4.237249249362155762e+12,4.683198797652235156e+13,1.227506594678644844e+14,1.327607969861375250e+15
1.276880004882809999e+03,1.142371267256795840e+17,1.494764521110863250e+15,8.240398499991431832e+06,8.589301559224758301e+11,4.237249249362155762e+12,4.683198797652235156e+13,1.227506594678644844e+14,1.327607969861375250e+15
1.276889620267430018e+03,4.745760708997139200e+16,1.494382047599440000e+15,8.240674968476953916e+06,8.587558646249426270e+11,4.236348022441554688e+12,4.682154756856601562e+13,1.227214708479539688e+14,1.327264199912703000e+15
1.277109604492190101e+03,4.796572051150280000e+16,1.485631681157882000e+15,8.247000113841556013e+06,8.547683656859556885e+11,4.215729429083510254e+12,4.658268816343396875e+13,1.220536831123015469e+14,1.319399307488432250e+15
1.277130004882809999e+03,4.702670179511369600e+16,1.484820209818654500e+15,8.247586680611542426e+06,8.543985821887960205e+11,4.213817349437818848e+12,4.656053736978845312e+13,1.219917553505570781e+14,1.318669951200209500e+15
1.277130004882809999e+03,4.674653286517500000e+16,1.484820209818654500e+15,8.247586680611542426e+06,8.543985821887960205e+11,4.213817349437818848e+12,4.656053736978845312e+13,1.219917553505570781e+14,1.318669951200209500e+15
1.277130004882809999e+03,4.541110748134759200e+16,1.484820209818654500e+15,8.247586680611542426e+06,8.543985821887960205e+11,4.213817349437818848e+12,4.656053736978845312e+13,1.219917553505570781e+14,1.318669951200209500e+15
1.277130004882809999e+03,4.592657988317179200e+16,1.484820209818654500e+15,8.247586680611542426e+06,8.543985821887960205e+11,4.213817349437818848e+12,4.656053736978845312e+13,1.219917553505570781e+14,1.318669951200209500e+15
1.277330012394829964e+03,4.876661649395840000e+16,1.476864461977427500e+15,8.253337441098655574e+06,8.507731870367626953e+11,4.195071125414749023e+12,4.634336872783182031e+13,1.213846092530996250e+14,1.311519267700978250e+15
1.277390014648440001e+03,4.805227003623110400e+16,1.474483193443992250e+15,8.255062947234229185e+06,8.496875492613713379e+11,4.189457989845043945e+12,4.627834836099652344e+13,1.212028532498588125e+14,1.309379016974289000e+15
1.277543860802290055e+03,4.945742450763759200e+16,1.468530528651377250e+15,8.259494947605045512e+06,8.469594867572639160e+11,4.175366675088674316e+12,4.611528586646107031e+13,1.207477002001989688e+14,1.304030266783142500e+15
1.277640014648440001e+03,5.082222523063929600e+16,1.464810113156238250e+15,8.262264947836623527e+06,8.452544476923090820e+11,4.166559603366523926e+12,4.601337180738314062e+13,1.204632295441803125e+14,1.300687297913896000e+15
1.277640014648440001e+03,1.132264742839859840e+17,1.464810113156238250e+15,8.262264947836623527e+06,8.452544476923090820e+11,4.166559603366523926e+12,4.601337180738314062e+13,1.204632295441803125e+14,1.300687297913896000e+15
1.277640014648440001e+03,4.850000313224490400e+16,1.464810113156238250e+15,8.262264947836623527e+06,8.452544476923090820e+11,4.166559603366523926e+12,4.601337180738314062e+13,1.204632295441803125e+14,1.300687297913896000e+15
1.277640014648440001e+03,1.132508200208310880e+17,1.464810113156238250e+15,8.262264947836623527e+06,8.452544476923090820e+11,4.166559603366523926e+12,4.601337180738314062e+13,1.204632295441803125e+14,1.300687297913896000e+15
1.277900024414059999e+03,5.078095074627589600e+16,1.454749731802468750e+15,8.269755309791117907e+06,8.406438488925428467e+11,4.142744386961099609e+12,4.573778584098389844e+13,1.196939919987384531e+14,1.291647570570985500e+15
1.277900024414059999e+03,5.191660048254429600e+16,1.454749731802468750e+15,8.269755309791117907e+06,8.406438488925428467e+11,4.142744386961099609e+12,4.573778584098389844e+13,1.196939919987384531e+14,1.291647570570985500e+15
1.277900024414059999e+03,5.025493002572639200e+16,1.454749731802468750e+15,8.269755309791117907e+06,8.406438488925428467e+11,4.142744386961099609e+12,4.573778584098389844e+13,1.196939919987384531e+14,1.291647570570985500e+15
1.277900024414059999e+03,5.066696709289440000e+16,1.454749731802468750e+15,8.269755309791117907e+06,8.406438488925428467e+11,4.142744386961099609e+12,4.573778584098389844e+13,1.196939919987384531e+14,1.291647570570985500e+15
1.277900024414059999e+03,5.221232010915580000e+16,1.454749731802468750e+15,8.269755309791117907e+06,8.406438488925428467e+11,4.142744386961099609e+12,4.573778584098389844e+13,1.196939919987384531e+14,1.291647570570985500e+15
1.277900024414059999e+03,5.016575457710530400e+16,1.454749731802468750e+15,8.269755309791117907e+06,8.406438488925428467e+11,4.142744386961099609e+12,4.573778584098389844e+13,1.196939919987384531e+14,1.291647570570985500e+15
1.277925620117189965e+03,5.036909132693709600e+16,1.453759374636878000e+15,8.270492670868560672e+06,8.401899754857160645e+11,4.140399985751261719e+12,4.571065679617314062e+13,1.196182672435447344e+14,1.290757687927950000e+15
1.278092332106369895e+03,5.018714770553520000e+16,1.447308900811803500e+15,8.275295310254560784e+06,8.372337707624559326e+11,4.125130243515882324e+12,4.553395772281742188e+13,1.191250506866715469e+14,1.284961632832145000e+15
1.278150024414059999e+03,5.199786479971800800e+16,1.445076651514714750e+15,8.276957310393511318e+06,8.362107473234805908e+11,4.119846000482579590e+12,4.547280928737051562e+13,1.189543682930599531e+14,1.282955851510592500e+15
1.278160424804689910e+03,5.264921705241409600e+16,1.444674236260366250e+15,8.277256924871838652e+06,8.360263233713992920e+11,4.118893391825894531e+12,4.546178584870912500e+13,1.189235987912271562e+14,1.282594262416698250e+15
1.278284512223870024e+03,5.207623839416469600e+16,1.439873005986648500e+15,8.280831635542577133e+06,8.338259548407263184e+11,4.107527785099860840e+12,4.533026482198462500e+13,1.185564868040188438e+14,1.278280130470927250e+15
1.278330031174880105e+03,1.126051162939169920e+17,1.438111772115709250e+15,8.282142945592957549e+06,8.330187943081468506e+11,4.103358542970558594e+12,4.528201900293363281e+13,1.184218192231201406e+14,1.276697578734513500e+15
1.278410034179690001e+03,5.325109865026150400e+16,1.435042686544340750e+15,8.284449056621600874e+06,8.316097973542990723e+11,4.096082999551267090e+12,4.519785618186714844e+13,1.181870122626642812e+14,1.273940106008149750e+15
1.278410034179690001e+03,5.272924759321089600e+16,1.435042686544340750e+15,8.284449056621600874e+06,8.316097973542990723e+11,4.096082999551267090e+12,4.519785618186714844e+13,1.181870122626642812e+14,1.273940106008149750e+15
1.278602341871999897e+03,5.334559070164188800e+16,1.427804666771061000e+15,8.289999684813538566e+06,8.282737979145175781e+11,4.078869739290670898e+12,4.499888683967610938e+13,1.176325162420571250e+14,1.267438288335517250e+15
1.278660034179690001e+03,5.314429327199259200e+16,1.425633260839184750e+15,8.291664873271036893e+06,8.272729980826328125e+11,4.073705761212748535e+12,4.493919603702175781e+13,1.174661674358832344e+14,1.265487743033824250e+15
1.278660034179690001e+03,1.117872277171135840e+17,1.425633260839184750e+15,8.291664873271036893e+06,8.272729980826328125e+11,4.073705761212748535e+12,4.493919603702175781e+13,1.174661674358832344e+14,1.265487743033824250e+15
1.278660034179690001e+03,5.292016430467120000e+16,1.425633260839184750e+15,8.291664873271036893e+06,8.272729980826328125e+11,4.073705761212748535e+12,4.493919603702175781e+13,1.174661674358832344e+14,1.265487743033824250e+15
1.278920043945309999e+03,5.501905644896849600e+16,1.415847090550319250e+15,8.299169604454143904e+06,8.227625574339650879e+11,4.050432559230264160e+12,4.467017938247582031e+13,1.167164606580443281e+14,1.256696955370266250e+15
1.278920043945309999e+03,5.445681515292769600e+16,1.415847090550319250e+15,8.299169604454143904e+06,8.227625574339650879e+11,4.050432559230264160e+12,4.467017938247582031e+13,1.167164606580443281e+14,1.256696955370266250e+15
1.279170043945309999e+03,5.563506650126400000e+16,1.406437664845163250e+15,8.306385421103579924e+06,8.184257581622988281e+11,4.028055320891745605e+12,4.441151923763042188e+13,1.159956158312632812e+14,1.248244592395940750e+15
1.279170043945309999e+03,1.144488410046448000e+17,1.406437664845163250e+15,8.306385421103579924e+06,8.184257581622988281e+11,4.028055320891745605e+12,4.441151923763042188e+13,1.159956158312632812e+14,1.248244592395940750e+15
1.279170043945309999e+03,5.487797156672089600e+16,1.406437664845163250e+15,8.306385421103579924e+06,8.184257581622988281e+11,4.028055320891745605e+12,4.441151923763042188e+13,1.159956158312632812e+14,1.248244592395940750e+15
1.279170043945309999e+03,5.579211789847420000e+16,1.406437664845163250e+15,8.306385421103579924e+06,8.184257581622988281e+11,4.028055320891745605e+12,4.441151923763042188e+13,1.159956158312632812e+14,1.248244592395940750e+15
1.279320049579330089e+03,5.741308345020108800e+16,1.400791797370496000e+15,8.310715073709465563e+06,8.158235808648421631e+11,4.014628473593392578e+12,4.425631732153737500e+13,1.155630926901777188e+14,1.243172984128214250e+15
1.279400052584139985e+03,5.675421466306199200e+16,1.397796113908374750e+15,8.313025054174515419e+06,8.144414288268522949e+11,4.007498168032652832e+12,4.417391436454355469e+13,1.153335159852961406e+14,1.240482144977184000e+15
1.279430053710940001e+03,5.568926932184709600e+16,1.396697696542235250e+15,8.313892642205736600e+06,8.139322952516427002e+11,4.004873888591314453e+12,4.414361351763396875e+13,1.152492062882476406e+14,1.239495737449349250e+15
1.279430053710940001e+03,5.947761293195359200e+16,1.396697696542235250e+15,8.313892642205736600e+06,8.139322952516427002e+11,4.004873888591314453e+12,4.414361351763396875e+13,1.152492062882476406e+14,1.239495737449349250e+15
1.279430053710940001e+03,5.732950039314560000e+16,1.396697696542235250e+15,8.313892642205736600e+06,8.139322952516427002e+11,4.004873888591314453e+12,4.414361351763396875e+13,1.152492062882476406e+14,1.239495737449349250e+15
1.279430053710940001e+03,5.631594254160829600e+16,1.396697696542235250e+15,8.313892642205736600e+06,8.139322952516427002e+11,4.004873888591314453e+12,4.414361351763396875e+13,1.152492062882476406e+14,1.239495737449349250e+15
1.279680053710940001e+03,5.800299412787190400e+16,1.387544562282802500e+15,8.321122270921057090e+06,8.096896748110554199e+11,3.983005714615454102e+12,4.389111594386306250e+13,1.145466518674545625e+14,1.231275983451358000e+15
1.279680053710940001e+03,5.976810371479040000e+16,1.387544562282802500e+15,8.321122270921057090e+06,8.096896748110554199e+11,3.983005714615454102e+12,4.389111594386306250e+13,1.145466518674545625e+14,1.231275983451358000e+15
1.279939941406250000e+03,1.144066187687449920e+17,1.378029414412614500e+15,8.328637837100143544e+06,8.052792554175380859e+11,3.960272637274556152e+12,4.362863189378832031e+13,1.138163108704555000e+14,1.222731131761145500e+15
1.279995657784600098e+03,5.822526291147120000e+16,1.375989496446663500e+15,8.330249072015477344e+06,8.043337216348835449e+11,3.955398975454296875e+12,4.357235889237751562e+13,1.136597357187737500e+14,1.220899232066358250e+15
1.280043945312500000e+03,5.811685055558259200e+16,1.374221567542967750e+15,8.331645475608665496e+06,8.035142590233093262e+11,3.951175135210379883e+12,4.352358895782503125e+13,1.135240372539927656e+14,1.219311585664325000e+15
1.280190985317889954e+03,5.858340815117440000e+16,1.368838059899599750e+15,8.335897654189737514e+06,8.010189192935032959e+11,3.938313149533264160e+12,4.337507997939214062e+13,1.131108228307121562e+14,1.214477054975650000e+15
1.280199951171880002e+03,5.884762020492040000e+16,1.368509797238314250e+15,8.336156933371593244e+06,8.008667644318813477e+11,3.937528882113677734e+12,4.336602455387505469e+13,1.130856268292845938e+14,1.214182266518929500e+15
1.280449951171880002e+03,6.085742491020489600e+16,1.359421403463884750e+15,8.343390150259396061e+06,7.966480774327454834e+11,3.915789925706576172e+12,4.311508938306978125e+13,1.123877017473835938e+14,1.206021254874624000e+15
1.280449951171880002e+03,6.001593302970349600e+16,1.359421403463884750e+15,8.343390150259396061e+06,7.966480774327454834e+11,3.915789925706576172e+12,4.311508938306978125e+13,1.123877017473835938e+14,1.206021254874624000e+15
1.280449951171880002e+03,1.129876993478474880e+17,1.359421403463884750e+15,8.343390150259396061e+06,7.966480774327454834e+11,3.915789925706576172e+12,4.311508938306978125e+13,1.123877017473835938e+14,1.206021254874624000e+15
1.280469951923080089e+03,6.156899395964070400e+16,1.358709056763641500e+15,8.343969646964819171e+06,7.963160233974971924e+11,3.914080188073818359e+12,4.309536983282739844e+13,1.123329205094359375e+14,1.205381734765352000e+15
1.280591125488280113e+03,6.256827129251629600e+16,1.354393339395657500e+15,8.347480499188082293e+06,7.943042903936931152e+11,3.903721826908010742e+12,4.297589990976771094e+13,1.120010310797949531e+14,1.201507233708749250e+15
1.280599956805890088e+03,6.395177692789099200e+16,1.354078803211724750e+15,8.347736375550340861e+06,7.941576721682268066e+11,3.902966893460083496e+12,4.296719275624262500e+13,1.119768424627503438e+14,1.201224854054783000e+15
1.280709960937500000e+03,6.306179307554249600e+16,1.350160896360051250e+15,8.350923607430440374e+06,7.923313749742045898e+11,3.893563336479106934e+12,4.285873522990022656e+13,1.116755456540124062e+14,1.197707493453485750e+15
1.280709960937500000e+03,6.151237866349920000e+16,1.350160896360051250e+15,8.350923607430440374e+06,7.923313749742045898e+11,3.893563336479106934e+12,4.285873522990022656e+13,1.116755456540124062e+14,1.197707493453485750e+15
1.280709960937500000e+03,6.124351058194309600e+16,1.350160896360051250e+15,8.350923607430440374e+06,7.923313749742045898e+11,3.893563336479106934e+12,4.285873522990022656e+13,1.116755456540124062e+14,1.197707493453485750e+15
1.280709960937500000e+03,1.123345382712292000e+17,1.350160896360051250e+15,8.350923607430440374e+06,7.923313749742045898e+11,3.893563336479106934e+12,4.285873522990022656e+13,1.116755456540124062e+14,1.197707493453485750e+15
1.280911962890630093e+03,6.729120047521350400e+16,1.342966395347795500e+15,8.356776360917388462e+06,7.889777227541525879e+11,3.876295468002462891e+12,4.265957332723175781e+13,1.111222705820109844e+14,1.191248520495593250e+15
1.280959960937500000e+03,6.288272170963800800e+16,1.341256897041264500e+15,8.358167044184710830e+06,7.881808554271334229e+11,3.872192418761391602e+12,4.261225010985264844e+13,1.109908058984949062e+14,1.189713792331035750e+15
1.280959960937500000e+03,6.338965576114440000e+16,1.341256897041264500e+15,8.358167044184710830e+06,7.881808554271334229e+11,3.872192418761391602e+12,4.261225010985264844e+13,1.109908058984949062e+14,1.189713792331035750e+15
1.281022363281249909e+03,6.613312438682240000e+16,1.339034375336305000e+15,8.359975073905793950e+06,7.871448468370651855e+11,3.866858037346704102e+12,4.255072511309085938e+13,1.108198884360827812e+14,1.187718489589927250e+15
1.281157568359380093e+03,1.131008870625504960e+17,1.334218911642034250e+15,8.363892471634962596e+06,7.849001615584947510e+11,3.855300210947754883e+12,4.241742095343501562e+13,1.104495672675084375e+14,1.183395333650686500e+15
1.281219970703130002e+03,6.529060789860279200e+16,1.331996389937074750e+15,8.365700501356045716e+06,7.838641529684265137e+11,3.849965829533067383e+12,4.235589595667323438e+13,1.102786498050963125e+14,1.181400030909577750e+15
1.281219970703130002e+03,6.347940733385379200e+16,1.331996389937074750e+15,8.365700501356045716e+06,7.838641529684265137e+11,3.849965829533067383e+12,4.235589595667323438e+13,1.102786498050963125e+14,1.181400030909577750e+15
1.281219970703130002e+03,6.518207657299329600e+16,1.331996389937074750e+15,8.365700501356045716e+06,7.838641529684265137e+11,3.849965829533067383e+12,4.235589595667323438e+13,1.102786498050963125e+14,1.181400030909577750e+15
1.281219970703130002e+03,6.590538530744560000e+16,1.331996389937074750e+15,8.365700501356045716e+06,7.838641529684265137e+11,3.849965829533067383e+12,4.235589595667323438e+13,1.102786498050963125e+14,1.181400030909577750e+15
1.281469970703130002e+03,6.782467769062730400e+16,1.323174716646650250e+15,8.372948630620252341e+06,7.797442509410911865e+11,3.828760026446728027e+12,4.211140491073129688e+13,1.095998084498253125e+14,1.173481008498149500e+15
1.281729980468750000e+03,6.688911932462480000e+16,1.314166084800869500e+15,8.380496444455582649e+06,7.755212223283294678e+11,3.807038602975623535e+12,4.186115159759894531e+13,1.089056984241891875e+14,1.165395725481518500e+15
1.281729980468750000e+03,6.921485738876779200e+16,1.314166084800869500e+15,8.380496444455582649e+06,7.755212223283294678e+11,3.807038602975623535e+12,4.186115159759894531e+13,1.089056984241891875e+14,1.165395725481518500e+15
1.281729980468750000e+03,6.982770102840219200e+16,1.314166084800869500e+15,8.380496444455582649e+06,7.755212223283294678e+11,3.807038602975623535e+12,4.186115159759894531e+13,1.089056984241891875e+14,1.165395725481518500e+15
1.281729980468750000e+03,6.821142460048788800e+16,1.314166084800869500e+15,8.380496444455582649e+06,7.755212223283294678e+11,3.807038602975623535e+12,4.186115159759894531e+13,1.089056984241891875e+14,1.165395725481518500e+15
1.281729980468750000e+03,6.760435697629289600e+16,1.314166084800869500e+15,8.380496444455582649e+06,7.755212223283294678e+11,3.807038602975623535e+12,4.186115159759894531e+13,1.089056984241891875e+14,1.165395725481518500e+15
1.281729980468750000e+03,1.094868294882235040e+17,1.314166084800869500e+15,8.380496444455582649e+06,7.755212223283294678e+11,3.807038602975623535e+12,4.186115159759894531e+13,1.089056984241891875e+14,1.165395725481518500e+15
1.281849980468749891e+03,7.064798236685549600e+16,1.310008410880757500e+15,8.383979920001506805e+06,7.735722054045898438e+11,3.797013707140211914e+12,4.174565440654441406e+13,1.085853519830559219e+14,1.161664196553436750e+15
1.281979980468750000e+03,1.102779440678993920e+17,1.305504264133961500e+15,8.387753685176265426e+06,7.714607704038682861e+11,3.786153403318497559e+12,4.162053244956846094e+13,1.082383100051609375e+14,1.157621706881340750e+15
1.282239990234380002e+03,7.226463522536619200e+16,1.296495632287834250e+15,8.395301499011885375e+06,7.672377417909440918e+11,3.764431979846557129e+12,4.137027913642647656e+13,1.075441999794980938e+14,1.149536423864398750e+15
1.282239990234380002e+03,7.169143804731169600e+16,1.296495632287834250e+15,8.395301499011885375e+06,7.672377417909440918e+11,3.764431979846557129e+12,4.137027913642647656e+13,1.075441999794980938e+14,1.149536423864398750e+15
1.282239990234380002e+03,7.514626006357179200e+16,1.296495632287834250e+15,8.395301499011885375e+06,7.672377417909440918e+11,3.764431979846557129e+12,4.137027913642647656e+13,1.075441999794980938e+14,1.149536423864398750e+15
1.282239990234380002e+03,7.282517918108499200e+16,1.296495632287834250e+15,8.395301499011885375e+06,7.672377417909440918e+11,3.764431979846557129e+12,4.137027913642647656e+13,1.075441999794980938e+14,1.149536423864398750e+15
1.282239990234380002e+03,7.047100221431509600e+16,1.296495632287834250e+15,8.395301499011885375e+06,7.672377417909440918e+11,3.764431979846557129e+12,4.137027913642647656e+13,1.075441999794980938e+14,1.149536423864398750e+15
1.282239990234380002e+03,7.060106500797240000e+16,1.296495632287834250e+15,8.395301499011885375e+06,7.672377417909440918e+11,3.764431979846557129e+12,4.137027913642647656e+13,1.075441999794980938e+14,1.149536423864398750e+15
1.282489990234380002e+03,7.490048719941468800e+16,1.287932691557201250e+15,8.402564535908620805e+06,7.632142842268126221e+11,3.743746054953403809e+12,4.113206376582859375e+13,1.068839098988658125e+14,1.141852075944130750e+15
1.282489990234380002e+03,1.108857324573681920e+17,1.287932691557201250e+15,8.402564535908620805e+06,7.632142842268126221e+11,3.743746054953403809e+12,4.113206376582859375e+13,1.068839098988658125e+14,1.141852075944130750e+15
1.282489990234380002e+03,7.470528836970339200e+16,1.287932691557201250e+15,8.402564535908620805e+06,7.632142842268126221e+11,3.743746054953403809e+12,4.113206376582859375e+13,1.068839098988658125e+14,1.141852075944130750e+15
1.282750000000000000e+03,7.491710246971139200e+16,1.279168904337563250e+15,8.410126702125353739e+06,7.590828603486971436e+11,3.722518071880043945e+12,4.088776264086489844e+13,1.062073766443751875e+14,1.133988833767386250e+15
1.282750000000000000e+03,7.519400346779659200e+16,1.279168904337563250e+15,8.410126702125353739e+06,7.590828603486971436e+11,3.722518071880043945e+12,4.088776264086489844e+13,1.062073766443751875e+14,1.133988833767386250e+15
1.283000000000000000e+03,7.494485337003060800e+16,1.270742502353448500e+15,8.417397742694444954e+06,7.551104865916345215e+11,3.702107316323669434e+12,4.065286653573096094e+13,1.055568883320637031e+14,1.126428307955986000e+15
1.283000000000000000e+03,7.373934582671588800e+16,1.270742502353448500e+15,8.417397742694444954e+06,7.551104865916345215e+11,3.702107316323669434e+12,4.065286653573096094e+13,1.055568883320637031e+14,1.126428307955986000e+15
1.283000000000000000e+03,7.658449749652609600e+16,1.270742502353448500e+15,8.417397742694444954e+06,7.551104865916345215e+11,3.702107316323669434e+12,4.065286653573096094e+13,1.055568883320637031e+14,1.126428307955986000e+15
1.283000000000000000e+03,7.850229949417230400e+16,1.270742502353448500e+15,8.417397742694444954e+06,7.551104865916345215e+11,3.702107316323669434e+12,4.065286653573096094e+13,1.055568883320637031e+14,1.126428307955986000e+15
1.283010400390629911e+03,1.098263659172751840e+17,1.270391950864490750e+15,8.417700229343263432e+06,7.549452296364287109e+11,3.701258197000317383e+12,4.064309449072761719e+13,1.055298270018707812e+14,1.126113778268761750e+15
1.283160006009620020e+03,7.658475271317668800e+16,1.265349402525718750e+15,8.422051383443428203e+06,7.525680718972871094e+11,3.689043942124048828e+12,4.050252738189990625e+13,1.051405601754340156e+14,1.121589389693140750e+15
1.283249609375010095e+03,7.824349490551369600e+16,1.262329266622093750e+15,8.424657422262942418e+06,7.511443196684069824e+11,3.681728452572027344e+12,4.041833745575182031e+13,1.049074164077139375e+14,1.118879595465860875e+15
1.283260009765630002e+03,7.783614051141859200e+16,1.261978715133473000e+15,8.424959908911468461e+06,7.509790627133601074e+11,3.680879333249492188e+12,4.040856541075786719e+13,1.048803550775470469e+14,1.118565065778939000e+15
1.283510009765630002e+03,8.335592049039689600e+16,1.253666759279819750e+15,8.432237848640555516e+06,7.470497630235559082e+11,3.660700336340382324e+12,4.017646163120801562e+13,1.042380986720251719e+14,1.111108299117961500e+15
1.283510009765630002e+03,8.430458587609110400e+16,1.253666759279819750e+15,8.432237848640555516e+06,7.470497630235559082e+11,3.660700336340382324e+12,4.017646163120801562e+13,1.042380986720251719e+14,1.111108299117961500e+15
1.283510009765630002e+03,8.093039087612560000e+16,1.253666759279819750e+15,8.432237848640555516e+06,7.470497630235559082e+11,3.660700336340382324e+12,4.017646163120801562e+13,1.042380986720251719e+14,1.111108299117961500e+15
1.283510009765630002e+03,7.953862626060000000e+16,1.253666759279819750e+15,8.432237848640555516e+06,7.470497630235559082e+11,3.660700336340382324e+12,4.017646163120801562e+13,1.042380986720251719e+14,1.111108299117961500e+15
1.283510009765630002e+03,1.086526040214240960e+17,1.253666759279819750e+15,8.432237848640555516e+06,7.470497630235559082e+11,3.660700336340382324e+12,4.017646163120801562e+13,1.042380986720251719e+14,1.111108299117961500e+15
1.283582812500000045e+03,8.134857028680558400e+16,1.251279542059982750e+15,8.434359272635532543e+06,7.459180468261909180e+11,3.654891456610533203e+12,4.010968331716991406e+13,1.040534628878368281e+14,1.108967011367743500e+15
1.283770019531250000e+03,8.106929396104480000e+16,1.245140983494271500e+15,8.439814362908704206e+06,7.430079194613405762e+11,3.639954337304192871e+12,3.993796765248887500e+13,1.035786851570346094e+14,1.103460842866809375e+15
1.283770019531250000e+03,1.101882389862317920e+17,1.245140983494271500e+15,8.439814362908704206e+06,7.430079194613405762e+11,3.639954337304192871e+12,3.993796765248887500e+13,1.035786851570346094e+14,1.103460842866809375e+15
1.283770019531250000e+03,8.431319022892880000e+16,1.245140983494271500e+15,8.439814362908704206e+06,7.430079194613405762e+11,3.639954337304192871e+12,3.993796765248887500e+13,1.035786851570346094e+14,1.103460842866809375e+15
1.284030029296880002e+03,8.385805235797950400e+16,1.236615207708395250e+15,8.447390877177143469e+06,7.389660758989697266e+11,3.619208338267204590e+12,3.969947367376056250e+13,1.029192716420186875e+14,1.095813386615363125e+15
1.284030029296880002e+03,8.371535488614390400e+16,1.236615207708395250e+15,8.447390877177143469e+06,7.389660758989697266e+11,3.619208338267204590e+12,3.969947367376056250e+13,1.029192716420186875e+14,1.095813386615363125e+15
1.284178027343750045e+03,8.673047612227689600e+16,1.231762320120483750e+15,8.451703443326707929e+06,7.366654509530729980e+11,3.607399676656351074e+12,3.956372245319954688e+13,1.025439322309561719e+14,1.091460440155849250e+15
1.284280029296880002e+03,1.082381677661332960e+17,1.228417654276874750e+15,8.454675713431354612e+06,7.350798338259291992e+11,3.599261011493996094e+12,3.947016115337267969e+13,1.022852439994240312e+14,1.088460339477963750e+15
1.284280029296880002e+03,9.098968330591859200e+16,1.228417654276874750e+15,8.454675713431354612e+06,7.350798338259291992e+11,3.599261011493996094e+12,3.947016115337267969e+13,1.022852439994240312e+14,1.088460339477963750e+15
1.284280029296880002e+03,8.719741424002299200e+16,1.228417654276874750e+15,8.454675713431354612e+06,7.350798338259291992e+11,3.599261011493996094e+12,3.947016115337267969e+13,1.022852439994240312e+14,1.088460339477963750e+15
1.284363232421879957e+03,8.665398349724499200e+16,1.225689406025448250e+15,8.457100197997206822e+06,7.337864438859960938e+11,3.592622291802291016e+12,3.939384308018112500e+13,1.020742316746231094e+14,1.086013153477549375e+15
1.284521466936379966e+03,8.919021240730019200e+16,1.220622310378965250e+15,8.461718577209377661e+06,7.313726751177480469e+11,3.580243991183086914e+12,3.925167639044357812e+13,1.016816841028802188e+14,1.081469207691310125e+15
1.284540039062500000e+03,9.066625423506819200e+16,1.220029852833922750e+15,8.462260781348261982e+06,7.310902291293449707e+11,3.578795762034678223e+12,3.923504579418339844e+13,1.016357741847905938e+14,1.080937940001483750e+15
1.284540039062500000e+03,8.798896317775188800e+16,1.220029852833922750e+15,8.462260781348261982e+06,7.310902291293449707e+11,3.578795762034678223e+12,3.923504579418339844e+13,1.016357741847905938e+14,1.080937940001483750e+15
1.284790039062500000e+03,9.461607928393569600e+16,1.212054762351371250e+15,8.469559409079143777e+06,7.272882143980001221e+11,3.559301101877722168e+12,3.901118079142750781e+13,1.010177792687411719e+14,1.073786528170755000e+15
1.284790039062500000e+03,1.073735857492420800e+17,1.212054762351371250e+15,8.469559409079143777e+06,7.272882143980001221e+11,3.559301101877722168e+12,3.901118079142750781e+13,1.010177792687411719e+14,1.073786528170755000e+15
1.284790039062500000e+03,9.039173417040659200e+16,1.212054762351371250e+15,8.469559409079143777e+06,7.272882143980001221e+11,3.559301101877722168e+12,3.901118079142750781e+13,1.010177792687411719e+14,1.073786528170755000e+15
1.284790039062500000e+03,9.086939840549588800e+16,1.212054762351371250e+15,8.469559409079143777e+06,7.272882143980001221e+11,3.559301101877722168e+12,3.901118079142750781e+13,1.010177792687411719e+14,1.073786528170755000e+15
1.285050048828130002e+03,9.519756155349220800e+16,1.203760356722386250e+15,8.477150267022052780e+06,7.233339705611250000e+11,3.539025893803935059e+12,3.877835244383023438e+13,1.003750404156110156e+14,1.066348780514629375e+15
1.285050048828130002e+03,9.204900892390259200e+16,1.203760356722386250e+15,8.477150267022052780e+06,7.233339705611250000e+11,3.539025893803935059e+12,3.877835244383023438e+13,1.003750404156110156e+14,1.066348780514629375e+15
1.285050048828130002e+03,9.290943228215518400e+16,1.203760356722386250e+15,8.477150267022052780e+06,7.233339705611250000e+11,3.539025893803935059e+12,3.877835244383023438e+13,1.003750404156110156e+14,1.066348780514629375e+15
1.285300048828130002e+03,9.931933102120198400e+16,1.195785266239835000e+15,8.484448894752934575e+06,7.195319558297801514e+11,3.519531233646979004e+12,3.855448744107434375e+13,9.975704549956160938e+13,1.059197368683900625e+15
1.285300048828130002e+03,9.717989943026150400e+16,1.195785266239835000e+15,8.484448894752934575e+06,7.195319558297801514e+11,3.519531233646979004e+12,3.855448744107434375e+13,9.975704549956160938e+13,1.059197368683900625e+15
1.285300048828130002e+03,9.795257319951859200e+16,1.195785266239835000e+15,8.484448894752934575e+06,7.195319558297801514e+11,3.519531233646979004e+12,3.855448744107434375e+13,9.975704549956160938e+13,1.059197368683900625e+15
1.285404003906249955e+03,9.953609596213558400e+16,1.192485512819589000e+15,8.384143850813505240e+06,7.179572664994283447e+11,3.511458593396221680e+12,3.846180413064678125e+13,9.950125860058357812e+13,1.056238573305626250e+15
1.285528749999999945e+03,1.102059158839710880e+17,1.188613976675354250e+15,7.709941257495425642e+06,7.161012190630875244e+11,3.501951689616532715e+12,3.835275097591483594e+13,9.920068092614456250e+13,1.052767910492748750e+15
1.285559936523440001e+03,9.722579130724419200e+16,1.187646092639216000e+15,7.541390609152081423e+06,7.156372072039642334e+11,3.499574963671415039e+12,3.832548768722960938e+13,9.912553650752864062e+13,1.051900244789458125e+15
1.285559936523440001e+03,9.545296495420939200e+16,1.187646092639216000e+15,7.541390609152081423e+06,7.156372072039642334e+11,3.499574963671415039e+12,3.832548768722960938e+13,9.912553650752864062e+13,1.051900244789458125e+15
1.285656090369589947e+03,9.554310540089308800e+16,1.184661926325176750e+15,7.021717643987143412e+06,7.142065724299521484e+11,3.492247075992410156e+12,3.824142990275679688e+13,9.889385230327578125e+13,1.049225070215923375e+15
1.285809936523440001e+03,9.706760618441350400e+16,1.179887260222399000e+15,6.190240899668435566e+06,7.119175567913818359e+11,3.480522455705229492e+12,3.810693744759142969e+13,9.852315757644678125e+13,1.044944790897985500e+15
1.285809936523440001e+03,1.094062650132896800e+17,1.179887260222399000e+15,6.190240899668435566e+06,7.119175567913818359e+11,3.480522455705229492e+12,3.810693744759142969e+13,9.852315757644678125e+13,1.044944790897985500e+15
1.285809936523440001e+03,9.920976953063428800e+16,1.179887260222399000e+15,6.190240899668435566e+06,7.119175567913818359e+11,3.480522455705229492e+12,3.810693744759142969e+13,9.852315757644678125e+13,1.044944790897985500e+15
1.286069946289059999e+03,1.009665274768087840e+17,1.171817771429673250e+15,4.784992422546952032e+06,7.080489750635262451e+11,3.460707103182185059e+12,3.787963666125335156e+13,9.789665995770670312e+13,1.037710847153575500e+15
1.286069946289059999e+03,1.010625910849511840e+17,1.171817771429673250e+15,4.784992422546952032e+06,7.080489750635262451e+11,3.460707103182185059e+12,3.787963666125335156e+13,9.789665995770670312e+13,1.037710847153575500e+15
1.286329956054690001e+03,1.033039562137331040e+17,1.163748282636637000e+15,3.379743945371398702e+06,7.041803933355218506e+11,3.440891750658377930e+12,3.765233587490653906e+13,9.727016233894251562e+13,1.030476903408887125e+15
1.286329956054690001e+03,1.018072647813553120e+17,1.163748282636637000e+15,3.379743945371398702e+06,7.041803933355218506e+11,3.440891750658377930e+12,3.765233587490653906e+13,9.727016233894251562e+13,1.030476903408887125e+15
1.286329956054690001e+03,1.096348728939409920e+17,1.163748282636637000e+15,3.379743945371398702e+06,7.041803933355218506e+11,3.440891750658377930e+12,3.765233587490653906e+13,9.727016233894251562e+13,1.030476903408887125e+15
1.286329956054690001e+03,1.031056365508232000e+17,1.163748282636637000e+15,3.379743945371398702e+06,7.041803933355218506e+11,3.440891750658377930e+12,3.765233587490653906e+13,9.727016233894251562e+13,1.030476903408887125e+15
1.286339956054689992e+03,1.085368594365541920e+17,1.163437929339964500e+15,3.325697956992101856e+06,7.040316073190186768e+11,3.440129650339731445e+12,3.764359386532101562e+13,9.724606718169926562e+13,1.030198685253228375e+15
1.286483802208540055e+03,1.031030453301723040e+17,1.159056711918519250e+15,3.083377850270007737e+06,7.019232130745046387e+11,3.429337837608254395e+12,3.751989296670381250e+13,9.690547965982640625e+13,1.026271899177355750e+15
1.286579956054690001e+03,1.066110248716062080e+17,1.156153402097399750e+15,3.084397708141272422e+06,7.005235559172430420e+11,3.422176057692767090e+12,3.743782950694773438e+13,9.667964551686542188e+13,1.023669971505751750e+15
1.286579956054690001e+03,1.041119738829909920e+17,1.156153402097399750e+15,3.084397708141272422e+06,7.005235559172430420e+11,3.422176057692767090e+12,3.743782950694773438e+13,9.667964551686542188e+13,1.023669971505751750e+15
1.286579956054690001e+03,1.049720504366962080e+17,1.156153402097399750e+15,3.084397708141272422e+06,7.005235559172430420e+11,3.422176057692767090e+12,3.743782950694773438e+13,9.667964551686542188e+13,1.023669971505751750e+15
1.286839965820309999e+03,1.066948609298616000e+17,1.148302557473521750e+15,3.087155507404547185e+06,6.967387408112470703e+11,3.402809877432604004e+12,3.721592157719244531e+13,9.606896705800575000e+13,1.016634094823305125e+15
1.286839965820309999e+03,1.063804118231878880e+17,1.148302557473521750e+15,3.087155507404547185e+06,6.967387408112470703e+11,3.402809877432604004e+12,3.721592157719244531e+13,9.606896705800575000e+13,1.016634094823305125e+15
1.286839965820309999e+03,1.066280936325924000e+17,1.148302557473521750e+15,3.087155507404547185e+06,6.967387408112470703e+11,3.402809877432604004e+12,3.721592157719244531e+13,9.606896705800575000e+13,1.016634094823305125e+15
